2026-05-23 00:00:01.810 [com.alibaba.nacos.naming.failover.0] [none] DEBUG com.alibaba.nacos.client.naming - failover switch is not found, 00-00---000-VIPSRV_FAILOVER_SWITCH-000---00-00
2026-05-23 00:00:06.843 [com.alibaba.nacos.naming.failover.0] [none] DEBUG com.alibaba.nacos.client.naming - failover switch is not found, 00-00---000-VIPSRV_FAILOVER_SWITCH-000---00-00
2026-05-23 00:00:11.844 [com.alibaba.nacos.naming.failover.0] [none] DEBUG com.alibaba.nacos.client.naming - failover switch is not found, 00-00---000-VIPSRV_FAILOVER_SWITCH-000---00-00
2026-05-23 00:00:16.846 [com.alibaba.nacos.naming.failover.0] [none] DEBUG com.alibaba.nacos.client.naming - failover switch is not found, 00-00---000-VIPSRV_FAILOVER_SWITCH-000---00-00
2026-05-23 00:00:21.846 [com.alibaba.nacos.naming.failover.0] [none] DEBUG com.alibaba.nacos.client.naming - failover switch is not found, 00-00---000-VIPSRV_FAILOVER_SWITCH-000---00-00
2026-05-23 00:00:26.847 [com.alibaba.nacos.naming.failover.0] [none] DEBUG com.alibaba.nacos.client.naming - failover switch is not found, 00-00---000-VIPSRV_FAILOVER_SWITCH-000---00-00
2026-05-23 00:00:31.848 [com.alibaba.nacos.naming.failover.0] [none] DEBUG com.alibaba.nacos.client.naming - failover switch is not found, 00-00---000-VIPSRV_FAILOVER_SWITCH-000---00-00
2026-05-23 00:00:36.849 [com.alibaba.nacos.naming.failover.0] [none] DEBUG com.alibaba.nacos.client.naming - failover switch is not found, 00-00---000-VIPSRV_FAILOVER_SWITCH-000---00-00
2026-05-23 00:00:41.851 [com.alibaba.nacos.naming.failover.0] [none] DEBUG com.alibaba.nacos.client.naming - failover switch is not found, 00-00---000-VIPSRV_FAILOVER_SWITCH-000---00-00
2026-05-23 00:00:46.851 [com.alibaba.nacos.naming.failover.0] [none] DEBUG com.alibaba.nacos.client.naming - failover switch is not found, 00-00---000-VIPSRV_FAILOVER_SWITCH-000---00-00
2026-05-23 00:00:51.853 [com.alibaba.nacos.naming.failover.0] [none] DEBUG com.alibaba.nacos.client.naming - failover switch is not found, 00-00---000-VIPSRV_FAILOVER_SWITCH-000---00-00
2026-05-23 00:00:56.856 [com.alibaba.nacos.naming.failover.0] [none] DEBUG com.alibaba.nacos.client.naming - failover switch is not found, 00-00---000-VIPSRV_FAILOVER_SWITCH-000---00-00
2026-05-23 00:01:01.857 [com.alibaba.nacos.naming.failover.0] [none] DEBUG com.alibaba.nacos.client.naming - failover switch is not found, 00-00---000-VIPSRV_FAILOVER_SWITCH-000---00-00
2026-05-23 00:01:06.876 [com.alibaba.nacos.naming.failover.0] [none] DEBUG com.alibaba.nacos.client.naming - failover switch is not found, 00-00---000-VIPSRV_FAILOVER_SWITCH-000---00-00
2026-05-23 00:01:11.878 [com.alibaba.nacos.naming.failover.0] [none] DEBUG com.alibaba.nacos.client.naming - failover switch is not found, 00-00---000-VIPSRV_FAILOVER_SWITCH-000---00-00
2026-05-23 00:01:16.879 [com.alibaba.nacos.naming.failover.0] [none] DEBUG com.alibaba.nacos.client.naming - failover switch is not found, 00-00---000-VIPSRV_FAILOVER_SWITCH-000---00-00
2026-05-23 00:01:21.880 [com.alibaba.nacos.naming.failover.0] [none] DEBUG com.alibaba.nacos.client.naming - failover switch is not found, 00-00---000-VIPSRV_FAILOVER_SWITCH-000---00-00
2026-05-23 00:01:26.882 [com.alibaba.nacos.naming.failover.0] [none] DEBUG com.alibaba.nacos.client.naming - failover switch is not found, 00-00---000-VIPSRV_FAILOVER_SWITCH-000---00-00
2026-05-23 00:01:31.883 [com.alibaba.nacos.naming.failover.0] [none] DEBUG com.alibaba.nacos.client.naming - failover switch is not found, 00-00---000-VIPSRV_FAILOVER_SWITCH-000---00-00
2026-05-23 00:01:35.712 [reactor-http-nio-5] [none] INFO  c.c.g.filter.JwtAuthenticationFilter - [PUBLIC PATH] /api/seckill/activities matched public path, adding INTERNAL_CALL_HEADER
2026-05-23 00:01:35.715 [reactor-http-nio-7] [none] INFO  c.c.g.filter.JwtAuthenticationFilter - [PUBLIC PATH] /api/product/categories matched public path, adding INTERNAL_CALL_HEADER
2026-05-23 00:01:35.715 [reactor-http-nio-6] [none] INFO  c.c.g.filter.JwtAuthenticationFilter - [PUBLIC PATH] /api/marketing/group/activities matched public path, adding INTERNAL_CALL_HEADER
2026-05-23 00:01:35.716 [reactor-http-nio-1] [none] INFO  c.c.g.filter.JwtAuthenticationFilter - [PUBLIC PATH] /api/product/products/search matched public path, adding INTERNAL_CALL_HEADER
2026-05-23 00:01:36.886 [com.alibaba.nacos.naming.failover.0] [none] DEBUG com.alibaba.nacos.client.naming - failover switch is not found, 00-00---000-VIPSRV_FAILOVER_SWITCH-000---00-00
2026-05-23 00:01:37.452 [reactor-http-nio-8] [none] INFO  c.c.g.filter.JwtAuthenticationFilter - [PUBLIC PATH] /api/live/rooms matched public path, adding INTERNAL_CALL_HEADER
2026-05-23 00:01:41.891 [com.alibaba.nacos.naming.failover.0] [none] DEBUG com.alibaba.nacos.client.naming - failover switch is not found, 00-00---000-VIPSRV_FAILOVER_SWITCH-000---00-00
2026-05-23 00:01:46.892 [com.alibaba.nacos.naming.failover.0] [none] DEBUG com.alibaba.nacos.client.naming - failover switch is not found, 00-00---000-VIPSRV_FAILOVER_SWITCH-000---00-00
2026-05-23 00:01:51.894 [com.alibaba.nacos.naming.failover.0] [none] DEBUG com.alibaba.nacos.client.naming - failover switch is not found, 00-00---000-VIPSRV_FAILOVER_SWITCH-000---00-00
2026-05-23 00:01:56.894 [com.alibaba.nacos.naming.failover.0] [none] DEBUG com.alibaba.nacos.client.naming - failover switch is not found, 00-00---000-VIPSRV_FAILOVER_SWITCH-000---00-00
2026-05-23 00:02:01.896 [com.alibaba.nacos.naming.failover.0] [none] DEBUG com.alibaba.nacos.client.naming - failover switch is not found, 00-00---000-VIPSRV_FAILOVER_SWITCH-000---00-00
2026-05-23 00:02:06.915 [com.alibaba.nacos.naming.failover.0] [none] DEBUG com.alibaba.nacos.client.naming - failover switch is not found, 00-00---000-VIPSRV_FAILOVER_SWITCH-000---00-00
2026-05-23 00:02:11.917 [com.alibaba.nacos.naming.failover.0] [none] DEBUG com.alibaba.nacos.client.naming - failover switch is not found, 00-00---000-VIPSRV_FAILOVER_SWITCH-000---00-00
2026-05-23 00:02:16.918 [com.alibaba.nacos.naming.failover.0] [none] DEBUG com.alibaba.nacos.client.naming - failover switch is not found, 00-00---000-VIPSRV_FAILOVER_SWITCH-000---00-00
2026-05-23 00:02:21.918 [com.alibaba.nacos.naming.failover.0] [none] DEBUG com.alibaba.nacos.client.naming - failover switch is not found, 00-00---000-VIPSRV_FAILOVER_SWITCH-000---00-00
2026-05-23 00:02:26.920 [com.alibaba.nacos.naming.failover.0] [none] DEBUG com.alibaba.nacos.client.naming - failover switch is not found, 00-00---000-VIPSRV_FAILOVER_SWITCH-000---00-00
2026-05-23 00:02:31.921 [com.alibaba.nacos.naming.failover.0] [none] DEBUG com.alibaba.nacos.client.naming - failover switch is not found, 00-00---000-VIPSRV_FAILOVER_SWITCH-000---00-00
2026-05-23 00:02:36.922 [com.alibaba.nacos.naming.failover.0] [none] DEBUG com.alibaba.nacos.client.naming - failover switch is not found, 00-00---000-VIPSRV_FAILOVER_SWITCH-000---00-00
2026-05-23 00:02:41.924 [com.alibaba.nacos.naming.failover.0] [none] DEBUG com.alibaba.nacos.client.naming - failover switch is not found, 00-00---000-VIPSRV_FAILOVER_SWITCH-000---00-00
2026-05-23 00:02:46.926 [com.alibaba.nacos.naming.failover.0] [none] DEBUG com.alibaba.nacos.client.naming - failover switch is not found, 00-00---000-VIPSRV_FAILOVER_SWITCH-000---00-00
2026-05-23 00:02:51.927 [com.alibaba.nacos.naming.failover.0] [none] DEBUG com.alibaba.nacos.client.naming - failover switch is not found, 00-00---000-VIPSRV_FAILOVER_SWITCH-000---00-00
2026-05-23 00:02:56.927 [com.alibaba.nacos.naming.failover.0] [none] DEBUG com.alibaba.nacos.client.naming - failover switch is not found, 00-00---000-VIPSRV_FAILOVER_SWITCH-000---00-00
2026-05-23 00:03:01.928 [com.alibaba.nacos.naming.failover.0] [none] DEBUG com.alibaba.nacos.client.naming - failover switch is not found, 00-00---000-VIPSRV_FAILOVER_SWITCH-000---00-00
2026-05-23 00:03:06.929 [com.alibaba.nacos.naming.failover.0] [none] DEBUG com.alibaba.nacos.client.naming - failover switch is not found, 00-00---000-VIPSRV_FAILOVER_SWITCH-000---00-00
2026-05-23 00:03:11.930 [com.alibaba.nacos.naming.failover.0] [none] DEBUG com.alibaba.nacos.client.naming - failover switch is not found, 00-00---000-VIPSRV_FAILOVER_SWITCH-000---00-00
2026-05-23 00:03:16.931 [com.alibaba.nacos.naming.failover.0] [none] DEBUG com.alibaba.nacos.client.naming - failover switch is not found, 00-00---000-VIPSRV_FAILOVER_SWITCH-000---00-00
2026-05-23 00:03:21.935 [com.alibaba.nacos.naming.failover.0] [none] DEBUG com.alibaba.nacos.client.naming - failover switch is not found, 00-00---000-VIPSRV_FAILOVER_SWITCH-000---00-00
2026-05-23 00:03:26.938 [com.alibaba.nacos.naming.failover.0] [none] DEBUG com.alibaba.nacos.client.naming - failover switch is not found, 00-00---000-VIPSRV_FAILOVER_SWITCH-000---00-00
2026-05-23 00:03:31.940 [com.alibaba.nacos.naming.failover.0] [none] DEBUG com.alibaba.nacos.client.naming - failover switch is not found, 00-00---000-VIPSRV_FAILOVER_SWITCH-000---00-00
2026-05-23 00:03:36.940 [com.alibaba.nacos.naming.failover.0] [none] DEBUG com.alibaba.nacos.client.naming - failover switch is not found, 00-00---000-VIPSRV_FAILOVER_SWITCH-000---00-00
2026-05-23 00:03:41.941 [com.alibaba.nacos.naming.failover.0] [none] DEBUG com.alibaba.nacos.client.naming - failover switch is not found, 00-00---000-VIPSRV_FAILOVER_SWITCH-000---00-00
2026-05-23 00:03:46.942 [com.alibaba.nacos.naming.failover.0] [none] DEBUG com.alibaba.nacos.client.naming - failover switch is not found, 00-00---000-VIPSRV_FAILOVER_SWITCH-000---00-00
2026-05-23 00:03:51.947 [com.alibaba.nacos.naming.failover.0] [none] DEBUG com.alibaba.nacos.client.naming - failover switch is not found, 00-00---000-VIPSRV_FAILOVER_SWITCH-000---00-00
2026-05-23 00:03:56.959 [com.alibaba.nacos.naming.failover.0] [none] DEBUG com.alibaba.nacos.client.naming - failover switch is not found, 00-00---000-VIPSRV_FAILOVER_SWITCH-000---00-00
2026-05-23 00:04:01.960 [com.alibaba.nacos.naming.failover.0] [none] DEBUG com.alibaba.nacos.client.naming - failover switch is not found, 00-00---000-VIPSRV_FAILOVER_SWITCH-000---00-00
2026-05-23 00:04:06.991 [com.alibaba.nacos.naming.failover.0] [none] DEBUG com.alibaba.nacos.client.naming - failover switch is not found, 00-00---000-VIPSRV_FAILOVER_SWITCH-000---00-00
2026-05-23 00:04:11.991 [com.alibaba.nacos.naming.failover.0] [none] DEBUG com.alibaba.nacos.client.naming - failover switch is not found, 00-00---000-VIPSRV_FAILOVER_SWITCH-000---00-00
2026-05-23 00:04:16.993 [com.alibaba.nacos.naming.failover.0] [none] DEBUG com.alibaba.nacos.client.naming - failover switch is not found, 00-00---000-VIPSRV_FAILOVER_SWITCH-000---00-00
2026-05-23 00:04:21.995 [com.alibaba.nacos.naming.failover.0] [none] DEBUG com.alibaba.nacos.client.naming - failover switch is not found, 00-00---000-VIPSRV_FAILOVER_SWITCH-000---00-00
2026-05-23 00:04:26.996 [com.alibaba.nacos.naming.failover.0] [none] DEBUG com.alibaba.nacos.client.naming - failover switch is not found, 00-00---000-VIPSRV_FAILOVER_SWITCH-000---00-00
2026-05-23 00:04:31.997 [com.alibaba.nacos.naming.failover.0] [none] DEBUG com.alibaba.nacos.client.naming - failover switch is not found, 00-00---000-VIPSRV_FAILOVER_SWITCH-000---00-00
2026-05-23 00:04:37.023 [com.alibaba.nacos.naming.failover.0] [none] DEBUG com.alibaba.nacos.client.naming - failover switch is not found, 00-00---000-VIPSRV_FAILOVER_SWITCH-000---00-00
2026-05-23 00:04:42.025 [com.alibaba.nacos.naming.failover.0] [none] DEBUG com.alibaba.nacos.client.naming - failover switch is not found, 00-00---000-VIPSRV_FAILOVER_SWITCH-000---00-00
2026-05-23 00:04:47.027 [com.alibaba.nacos.naming.failover.0] [none] DEBUG com.alibaba.nacos.client.naming - failover switch is not found, 00-00---000-VIPSRV_FAILOVER_SWITCH-000---00-00
2026-05-23 00:04:52.099 [com.alibaba.nacos.naming.failover.0] [none] DEBUG com.alibaba.nacos.client.naming - failover switch is not found, 00-00---000-VIPSRV_FAILOVER_SWITCH-000---00-00
2026-05-23 00:04:57.101 [com.alibaba.nacos.naming.failover.0] [none] DEBUG com.alibaba.nacos.client.naming - failover switch is not found, 00-00---000-VIPSRV_FAILOVER_SWITCH-000---00-00
2026-05-23 00:05:02.104 [com.alibaba.nacos.naming.failover.0] [none] DEBUG com.alibaba.nacos.client.naming - failover switch is not found, 00-00---000-VIPSRV_FAILOVER_SWITCH-000---00-00
2026-05-23 00:05:07.120 [com.alibaba.nacos.naming.failover.0] [none] DEBUG com.alibaba.nacos.client.naming - failover switch is not found, 00-00---000-VIPSRV_FAILOVER_SWITCH-000---00-00
2026-05-23 00:05:12.122 [com.alibaba.nacos.naming.failover.0] [none] DEBUG com.alibaba.nacos.client.naming - failover switch is not found, 00-00---000-VIPSRV_FAILOVER_SWITCH-000---00-00
2026-05-23 00:05:17.123 [com.alibaba.nacos.naming.failover.0] [none] DEBUG com.alibaba.nacos.client.naming - failover switch is not found, 00-00---000-VIPSRV_FAILOVER_SWITCH-000---00-00
2026-05-23 00:05:22.150 [com.alibaba.nacos.naming.failover.0] [none] DEBUG com.alibaba.nacos.client.naming - failover switch is not found, 00-00---000-VIPSRV_FAILOVER_SWITCH-000---00-00
2026-05-23 00:05:27.151 [com.alibaba.nacos.naming.failover.0] [none] DEBUG com.alibaba.nacos.client.naming - failover switch is not found, 00-00---000-VIPSRV_FAILOVER_SWITCH-000---00-00
2026-05-23 00:05:32.152 [com.alibaba.nacos.naming.failover.0] [none] DEBUG com.alibaba.nacos.client.naming - failover switch is not found, 00-00---000-VIPSRV_FAILOVER_SWITCH-000---00-00
2026-05-23 00:05:37.153 [com.alibaba.nacos.naming.failover.0] [none] DEBUG com.alibaba.nacos.client.naming - failover switch is not found, 00-00---000-VIPSRV_FAILOVER_SWITCH-000---00-00
2026-05-23 00:05:42.154 [com.alibaba.nacos.naming.failover.0] [none] DEBUG com.alibaba.nacos.client.naming - failover switch is not found, 00-00---000-VIPSRV_FAILOVER_SWITCH-000---00-00
2026-05-23 00:05:47.154 [com.alibaba.nacos.naming.failover.0] [none] DEBUG com.alibaba.nacos.client.naming - failover switch is not found, 00-00---000-VIPSRV_FAILOVER_SWITCH-000---00-00
2026-05-23 00:05:52.176 [com.alibaba.nacos.naming.failover.0] [none] DEBUG com.alibaba.nacos.client.naming - failover switch is not found, 00-00---000-VIPSRV_FAILOVER_SWITCH-000---00-00
2026-05-23 00:05:57.179 [com.alibaba.nacos.naming.failover.0] [none] DEBUG com.alibaba.nacos.client.naming - failover switch is not found, 00-00---000-VIPSRV_FAILOVER_SWITCH-000---00-00
2026-05-23 00:06:02.180 [com.alibaba.nacos.naming.failover.0] [none] DEBUG com.alibaba.nacos.client.naming - failover switch is not found, 00-00---000-VIPSRV_FAILOVER_SWITCH-000---00-00
2026-05-23 00:06:07.184 [com.alibaba.nacos.naming.failover.0] [none] DEBUG com.alibaba.nacos.client.naming - failover switch is not found, 00-00---000-VIPSRV_FAILOVER_SWITCH-000---00-00
2026-05-23 00:06:12.185 [com.alibaba.nacos.naming.failover.0] [none] DEBUG com.alibaba.nacos.client.naming - failover switch is not found, 00-00---000-VIPSRV_FAILOVER_SWITCH-000---00-00
2026-05-23 00:06:17.186 [com.alibaba.nacos.naming.failover.0] [none] DEBUG com.alibaba.nacos.client.naming - failover switch is not found, 00-00---000-VIPSRV_FAILOVER_SWITCH-000---00-00
2026-05-23 00:06:22.187 [com.alibaba.nacos.naming.failover.0] [none] DEBUG com.alibaba.nacos.client.naming - failover switch is not found, 00-00---000-VIPSRV_FAILOVER_SWITCH-000---00-00
2026-05-23 00:06:27.190 [com.alibaba.nacos.naming.failover.0] [none] DEBUG com.alibaba.nacos.client.naming - failover switch is not found, 00-00---000-VIPSRV_FAILOVER_SWITCH-000---00-00
2026-05-23 00:06:32.191 [com.alibaba.nacos.naming.failover.0] [none] DEBUG com.alibaba.nacos.client.naming - failover switch is not found, 00-00---000-VIPSRV_FAILOVER_SWITCH-000---00-00
2026-05-23 00:06:37.198 [com.alibaba.nacos.naming.failover.0] [none] DEBUG com.alibaba.nacos.client.naming - failover switch is not found, 00-00---000-VIPSRV_FAILOVER_SWITCH-000---00-00
2026-05-23 00:06:42.202 [com.alibaba.nacos.naming.failover.0] [none] DEBUG com.alibaba.nacos.client.naming - failover switch is not found, 00-00---000-VIPSRV_FAILOVER_SWITCH-000---00-00
2026-05-23 00:06:47.203 [com.alibaba.nacos.naming.failover.0] [none] DEBUG com.alibaba.nacos.client.naming - failover switch is not found, 00-00---000-VIPSRV_FAILOVER_SWITCH-000---00-00
2026-05-23 00:06:52.205 [com.alibaba.nacos.naming.failover.0] [none] DEBUG com.alibaba.nacos.client.naming - failover switch is not found, 00-00---000-VIPSRV_FAILOVER_SWITCH-000---00-00
2026-05-23 00:06:57.208 [com.alibaba.nacos.naming.failover.0] [none] DEBUG com.alibaba.nacos.client.naming - failover switch is not found, 00-00---000-VIPSRV_FAILOVER_SWITCH-000---00-00
2026-05-23 00:07:02.208 [com.alibaba.nacos.naming.failover.0] [none] DEBUG com.alibaba.nacos.client.naming - failover switch is not found, 00-00---000-VIPSRV_FAILOVER_SWITCH-000---00-00
2026-05-23 00:07:07.209 [com.alibaba.nacos.naming.failover.0] [none] DEBUG com.alibaba.nacos.client.naming - failover switch is not found, 00-00---000-VIPSRV_FAILOVER_SWITCH-000---00-00
2026-05-23 00:07:12.209 [com.alibaba.nacos.naming.failover.0] [none] DEBUG com.alibaba.nacos.client.naming - failover switch is not found, 00-00---000-VIPSRV_FAILOVER_SWITCH-000---00-00
2026-05-23 00:07:17.211 [com.alibaba.nacos.naming.failover.0] [none] DEBUG com.alibaba.nacos.client.naming - failover switch is not found, 00-00---000-VIPSRV_FAILOVER_SWITCH-000---00-00
2026-05-23 00:07:22.212 [com.alibaba.nacos.naming.failover.0] [none] DEBUG com.alibaba.nacos.client.naming - failover switch is not found, 00-00---000-VIPSRV_FAILOVER_SWITCH-000---00-00
2026-05-23 00:07:27.212 [com.alibaba.nacos.naming.failover.0] [none] DEBUG com.alibaba.nacos.client.naming - failover switch is not found, 00-00---000-VIPSRV_FAILOVER_SWITCH-000---00-00
2026-05-23 00:07:32.213 [com.alibaba.nacos.naming.failover.0] [none] DEBUG com.alibaba.nacos.client.naming - failover switch is not found, 00-00---000-VIPSRV_FAILOVER_SWITCH-000---00-00
2026-05-23 00:07:37.213 [com.alibaba.nacos.naming.failover.0] [none] DEBUG com.alibaba.nacos.client.naming - failover switch is not found, 00-00---000-VIPSRV_FAILOVER_SWITCH-000---00-00
2026-05-23 00:07:42.215 [com.alibaba.nacos.naming.failover.0] [none] DEBUG com.alibaba.nacos.client.naming - failover switch is not found, 00-00---000-VIPSRV_FAILOVER_SWITCH-000---00-00
2026-05-23 00:07:47.216 [com.alibaba.nacos.naming.failover.0] [none] DEBUG com.alibaba.nacos.client.naming - failover switch is not found, 00-00---000-VIPSRV_FAILOVER_SWITCH-000---00-00
2026-05-23 00:07:52.218 [com.alibaba.nacos.naming.failover.0] [none] DEBUG com.alibaba.nacos.client.naming - failover switch is not found, 00-00---000-VIPSRV_FAILOVER_SWITCH-000---00-00
2026-05-23 00:07:57.220 [com.alibaba.nacos.naming.failover.0] [none] DEBUG com.alibaba.nacos.client.naming - failover switch is not found, 00-00---000-VIPSRV_FAILOVER_SWITCH-000---00-00
2026-05-23 00:08:02.221 [com.alibaba.nacos.naming.failover.0] [none] DEBUG com.alibaba.nacos.client.naming - failover switch is not found, 00-00---000-VIPSRV_FAILOVER_SWITCH-000---00-00
2026-05-23 00:08:07.222 [com.alibaba.nacos.naming.failover.0] [none] DEBUG com.alibaba.nacos.client.naming - failover switch is not found, 00-00---000-VIPSRV_FAILOVER_SWITCH-000---00-00
2026-05-23 00:08:12.224 [com.alibaba.nacos.naming.failover.0] [none] DEBUG com.alibaba.nacos.client.naming - failover switch is not found, 00-00---000-VIPSRV_FAILOVER_SWITCH-000---00-00
2026-05-23 00:08:17.226 [com.alibaba.nacos.naming.failover.0] [none] DEBUG com.alibaba.nacos.client.naming - failover switch is not found, 00-00---000-VIPSRV_FAILOVER_SWITCH-000---00-00
2026-05-23 00:08:22.227 [com.alibaba.nacos.naming.failover.0] [none] DEBUG com.alibaba.nacos.client.naming - failover switch is not found, 00-00---000-VIPSRV_FAILOVER_SWITCH-000---00-00
2026-05-23 00:08:27.228 [com.alibaba.nacos.naming.failover.0] [none] DEBUG com.alibaba.nacos.client.naming - failover switch is not found, 00-00---000-VIPSRV_FAILOVER_SWITCH-000---00-00
2026-05-23 00:08:32.228 [com.alibaba.nacos.naming.failover.0] [none] DEBUG com.alibaba.nacos.client.naming - failover switch is not found, 00-00---000-VIPSRV_FAILOVER_SWITCH-000---00-00
2026-05-23 00:08:37.230 [com.alibaba.nacos.naming.failover.0] [none] DEBUG com.alibaba.nacos.client.naming - failover switch is not found, 00-00---000-VIPSRV_FAILOVER_SWITCH-000---00-00
2026-05-23 00:08:42.231 [com.alibaba.nacos.naming.failover.0] [none] DEBUG com.alibaba.nacos.client.naming - failover switch is not found, 00-00---000-VIPSRV_FAILOVER_SWITCH-000---00-00
2026-05-23 00:08:47.233 [com.alibaba.nacos.naming.failover.0] [none] DEBUG com.alibaba.nacos.client.naming - failover switch is not found, 00-00---000-VIPSRV_FAILOVER_SWITCH-000---00-00
2026-05-23 00:08:52.234 [com.alibaba.nacos.naming.failover.0] [none] DEBUG com.alibaba.nacos.client.naming - failover switch is not found, 00-00---000-VIPSRV_FAILOVER_SWITCH-000---00-00
2026-05-23 00:08:57.235 [com.alibaba.nacos.naming.failover.0] [none] DEBUG com.alibaba.nacos.client.naming - failover switch is not found, 00-00---000-VIPSRV_FAILOVER_SWITCH-000---00-00
2026-05-23 00:09:02.237 [com.alibaba.nacos.naming.failover.0] [none] DEBUG com.alibaba.nacos.client.naming - failover switch is not found, 00-00---000-VIPSRV_FAILOVER_SWITCH-000---00-00
2026-05-23 00:09:07.237 [com.alibaba.nacos.naming.failover.0] [none] DEBUG com.alibaba.nacos.client.naming - failover switch is not found, 00-00---000-VIPSRV_FAILOVER_SWITCH-000---00-00
2026-05-23 00:09:12.238 [com.alibaba.nacos.naming.failover.0] [none] DEBUG com.alibaba.nacos.client.naming - failover switch is not found, 00-00---000-VIPSRV_FAILOVER_SWITCH-000---00-00
2026-05-23 00:09:17.238 [com.alibaba.nacos.naming.failover.0] [none] DEBUG com.alibaba.nacos.client.naming - failover switch is not found, 00-00---000-VIPSRV_FAILOVER_SWITCH-000---00-00
2026-05-23 00:09:22.239 [com.alibaba.nacos.naming.failover.0] [none] DEBUG com.alibaba.nacos.client.naming - failover switch is not found, 00-00---000-VIPSRV_FAILOVER_SWITCH-000---00-00
2026-05-23 00:09:27.240 [com.alibaba.nacos.naming.failover.0] [none] DEBUG com.alibaba.nacos.client.naming - failover switch is not found, 00-00---000-VIPSRV_FAILOVER_SWITCH-000---00-00
2026-05-23 00:09:32.244 [com.alibaba.nacos.naming.failover.0] [none] DEBUG com.alibaba.nacos.client.naming - failover switch is not found, 00-00---000-VIPSRV_FAILOVER_SWITCH-000---00-00
2026-05-23 00:09:37.246 [com.alibaba.nacos.naming.failover.0] [none] DEBUG com.alibaba.nacos.client.naming - failover switch is not found, 00-00---000-VIPSRV_FAILOVER_SWITCH-000---00-00
2026-05-23 00:09:42.247 [com.alibaba.nacos.naming.failover.0] [none] DEBUG com.alibaba.nacos.client.naming - failover switch is not found, 00-00---000-VIPSRV_FAILOVER_SWITCH-000---00-00
2026-05-23 00:09:47.248 [com.alibaba.nacos.naming.failover.0] [none] DEBUG com.alibaba.nacos.client.naming - failover switch is not found, 00-00---000-VIPSRV_FAILOVER_SWITCH-000---00-00
2026-05-23 00:09:52.249 [com.alibaba.nacos.naming.failover.0] [none] DEBUG com.alibaba.nacos.client.naming - failover switch is not found, 00-00---000-VIPSRV_FAILOVER_SWITCH-000---00-00
2026-05-23 00:09:57.251 [com.alibaba.nacos.naming.failover.0] [none] DEBUG com.alibaba.nacos.client.naming - failover switch is not found, 00-00---000-VIPSRV_FAILOVER_SWITCH-000---00-00
2026-05-23 00:10:02.252 [com.alibaba.nacos.naming.failover.0] [none] DEBUG com.alibaba.nacos.client.naming - failover switch is not found, 00-00---000-VIPSRV_FAILOVER_SWITCH-000---00-00
2026-05-23 00:10:07.253 [com.alibaba.nacos.naming.failover.0] [none] DEBUG com.alibaba.nacos.client.naming - failover switch is not found, 00-00---000-VIPSRV_FAILOVER_SWITCH-000---00-00
2026-05-23 00:10:12.254 [com.alibaba.nacos.naming.failover.0] [none] DEBUG com.alibaba.nacos.client.naming - failover switch is not found, 00-00---000-VIPSRV_FAILOVER_SWITCH-000---00-00
2026-05-23 00:10:17.254 [com.alibaba.nacos.naming.failover.0] [none] DEBUG com.alibaba.nacos.client.naming - failover switch is not found, 00-00---000-VIPSRV_FAILOVER_SWITCH-000---00-00
2026-05-23 00:10:22.255 [com.alibaba.nacos.naming.failover.0] [none] DEBUG com.alibaba.nacos.client.naming - failover switch is not found, 00-00---000-VIPSRV_FAILOVER_SWITCH-000---00-00
2026-05-23 00:10:27.256 [com.alibaba.nacos.naming.failover.0] [none] DEBUG com.alibaba.nacos.client.naming - failover switch is not found, 00-00---000-VIPSRV_FAILOVER_SWITCH-000---00-00
2026-05-23 00:10:32.257 [com.alibaba.nacos.naming.failover.0] [none] DEBUG com.alibaba.nacos.client.naming - failover switch is not found, 00-00---000-VIPSRV_FAILOVER_SWITCH-000---00-00
2026-05-23 00:10:37.258 [com.alibaba.nacos.naming.failover.0] [none] DEBUG com.alibaba.nacos.client.naming - failover switch is not found, 00-00---000-VIPSRV_FAILOVER_SWITCH-000---00-00
2026-05-23 00:10:42.260 [com.alibaba.nacos.naming.failover.0] [none] DEBUG com.alibaba.nacos.client.naming - failover switch is not found, 00-00---000-VIPSRV_FAILOVER_SWITCH-000---00-00
2026-05-23 00:10:47.260 [com.alibaba.nacos.naming.failover.0] [none] DEBUG com.alibaba.nacos.client.naming - failover switch is not found, 00-00---000-VIPSRV_FAILOVER_SWITCH-000---00-00
2026-05-23 00:10:52.262 [com.alibaba.nacos.naming.failover.0] [none] DEBUG com.alibaba.nacos.client.naming - failover switch is not found, 00-00---000-VIPSRV_FAILOVER_SWITCH-000---00-00
2026-05-23 00:10:57.262 [com.alibaba.nacos.naming.failover.0] [none] DEBUG com.alibaba.nacos.client.naming - failover switch is not found, 00-00---000-VIPSRV_FAILOVER_SWITCH-000---00-00
2026-05-23 00:11:02.265 [com.alibaba.nacos.naming.failover.0] [none] DEBUG com.alibaba.nacos.client.naming - failover switch is not found, 00-00---000-VIPSRV_FAILOVER_SWITCH-000---00-00
2026-05-23 00:11:07.267 [com.alibaba.nacos.naming.failover.0] [none] DEBUG com.alibaba.nacos.client.naming - failover switch is not found, 00-00---000-VIPSRV_FAILOVER_SWITCH-000---00-00
2026-05-23 00:11:12.267 [com.alibaba.nacos.naming.failover.0] [none] DEBUG com.alibaba.nacos.client.naming - failover switch is not found, 00-00---000-VIPSRV_FAILOVER_SWITCH-000---00-00
2026-05-23 00:11:17.268 [com.alibaba.nacos.naming.failover.0] [none] DEBUG com.alibaba.nacos.client.naming - failover switch is not found, 00-00---000-VIPSRV_FAILOVER_SWITCH-000---00-00
2026-05-23 00:11:22.269 [com.alibaba.nacos.naming.failover.0] [none] DEBUG com.alibaba.nacos.client.naming - failover switch is not found, 00-00---000-VIPSRV_FAILOVER_SWITCH-000---00-00
2026-05-23 00:11:27.269 [com.alibaba.nacos.naming.failover.0] [none] DEBUG com.alibaba.nacos.client.naming - failover switch is not found, 00-00---000-VIPSRV_FAILOVER_SWITCH-000---00-00
2026-05-23 00:11:32.270 [com.alibaba.nacos.naming.failover.0] [none] DEBUG com.alibaba.nacos.client.naming - failover switch is not found, 00-00---000-VIPSRV_FAILOVER_SWITCH-000---00-00
2026-05-23 00:11:37.270 [com.alibaba.nacos.naming.failover.0] [none] DEBUG com.alibaba.nacos.client.naming - failover switch is not found, 00-00---000-VIPSRV_FAILOVER_SWITCH-000---00-00
2026-05-23 00:11:42.270 [com.alibaba.nacos.naming.failover.0] [none] DEBUG com.alibaba.nacos.client.naming - failover switch is not found, 00-00---000-VIPSRV_FAILOVER_SWITCH-000---00-00
2026-05-23 00:11:47.271 [com.alibaba.nacos.naming.failover.0] [none] DEBUG com.alibaba.nacos.client.naming - failover switch is not found, 00-00---000-VIPSRV_FAILOVER_SWITCH-000---00-00
2026-05-23 00:11:52.272 [com.alibaba.nacos.naming.failover.0] [none] DEBUG com.alibaba.nacos.client.naming - failover switch is not found, 00-00---000-VIPSRV_FAILOVER_SWITCH-000---00-00
2026-05-23 00:11:57.273 [com.alibaba.nacos.naming.failover.0] [none] DEBUG com.alibaba.nacos.client.naming - failover switch is not found, 00-00---000-VIPSRV_FAILOVER_SWITCH-000---00-00
2026-05-23 00:12:02.274 [com.alibaba.nacos.naming.failover.0] [none] DEBUG com.alibaba.nacos.client.naming - failover switch is not found, 00-00---000-VIPSRV_FAILOVER_SWITCH-000---00-00
2026-05-23 00:12:07.275 [com.alibaba.nacos.naming.failover.0] [none] DEBUG com.alibaba.nacos.client.naming - failover switch is not found, 00-00---000-VIPSRV_FAILOVER_SWITCH-000---00-00
2026-05-23 00:12:12.276 [com.alibaba.nacos.naming.failover.0] [none] DEBUG com.alibaba.nacos.client.naming - failover switch is not found, 00-00---000-VIPSRV_FAILOVER_SWITCH-000---00-00
2026-05-23 00:12:17.276 [com.alibaba.nacos.naming.failover.0] [none] DEBUG com.alibaba.nacos.client.naming - failover switch is not found, 00-00---000-VIPSRV_FAILOVER_SWITCH-000---00-00
2026-05-23 00:12:22.278 [com.alibaba.nacos.naming.failover.0] [none] DEBUG com.alibaba.nacos.client.naming - failover switch is not found, 00-00---000-VIPSRV_FAILOVER_SWITCH-000---00-00
2026-05-23 00:12:27.280 [com.alibaba.nacos.naming.failover.0] [none] DEBUG com.alibaba.nacos.client.naming - failover switch is not found, 00-00---000-VIPSRV_FAILOVER_SWITCH-000---00-00
2026-05-23 00:12:32.280 [com.alibaba.nacos.naming.failover.0] [none] DEBUG com.alibaba.nacos.client.naming - failover switch is not found, 00-00---000-VIPSRV_FAILOVER_SWITCH-000---00-00
2026-05-23 00:12:37.281 [com.alibaba.nacos.naming.failover.0] [none] DEBUG com.alibaba.nacos.client.naming - failover switch is not found, 00-00---000-VIPSRV_FAILOVER_SWITCH-000---00-00
2026-05-23 00:12:42.283 [com.alibaba.nacos.naming.failover.0] [none] DEBUG com.alibaba.nacos.client.naming - failover switch is not found, 00-00---000-VIPSRV_FAILOVER_SWITCH-000---00-00
2026-05-23 00:12:47.285 [com.alibaba.nacos.naming.failover.0] [none] DEBUG com.alibaba.nacos.client.naming - failover switch is not found, 00-00---000-VIPSRV_FAILOVER_SWITCH-000---00-00
2026-05-23 00:12:52.285 [com.alibaba.nacos.naming.failover.0] [none] DEBUG com.alibaba.nacos.client.naming - failover switch is not found, 00-00---000-VIPSRV_FAILOVER_SWITCH-000---00-00
2026-05-23 00:12:57.286 [com.alibaba.nacos.naming.failover.0] [none] DEBUG com.alibaba.nacos.client.naming - failover switch is not found, 00-00---000-VIPSRV_FAILOVER_SWITCH-000---00-00
2026-05-23 00:13:02.286 [com.alibaba.nacos.naming.failover.0] [none] DEBUG com.alibaba.nacos.client.naming - failover switch is not found, 00-00---000-VIPSRV_FAILOVER_SWITCH-000---00-00
2026-05-23 00:13:07.287 [com.alibaba.nacos.naming.failover.0] [none] DEBUG com.alibaba.nacos.client.naming - failover switch is not found, 00-00---000-VIPSRV_FAILOVER_SWITCH-000---00-00
2026-05-23 00:13:12.288 [com.alibaba.nacos.naming.failover.0] [none] DEBUG com.alibaba.nacos.client.naming - failover switch is not found, 00-00---000-VIPSRV_FAILOVER_SWITCH-000---00-00
2026-05-23 00:13:17.289 [com.alibaba.nacos.naming.failover.0] [none] DEBUG com.alibaba.nacos.client.naming - failover switch is not found, 00-00---000-VIPSRV_FAILOVER_SWITCH-000---00-00
2026-05-23 00:13:22.290 [com.alibaba.nacos.naming.failover.0] [none] DEBUG com.alibaba.nacos.client.naming - failover switch is not found, 00-00---000-VIPSRV_FAILOVER_SWITCH-000---00-00
2026-05-23 00:13:27.292 [com.alibaba.nacos.naming.failover.0] [none] DEBUG com.alibaba.nacos.client.naming - failover switch is not found, 00-00---000-VIPSRV_FAILOVER_SWITCH-000---00-00
2026-05-23 00:13:32.292 [com.alibaba.nacos.naming.failover.0] [none] DEBUG com.alibaba.nacos.client.naming - failover switch is not found, 00-00---000-VIPSRV_FAILOVER_SWITCH-000---00-00
2026-05-23 00:13:37.294 [com.alibaba.nacos.naming.failover.0] [none] DEBUG com.alibaba.nacos.client.naming - failover switch is not found, 00-00---000-VIPSRV_FAILOVER_SWITCH-000---00-00
2026-05-23 00:13:42.296 [com.alibaba.nacos.naming.failover.0] [none] DEBUG com.alibaba.nacos.client.naming - failover switch is not found, 00-00---000-VIPSRV_FAILOVER_SWITCH-000---00-00
2026-05-23 00:13:47.297 [com.alibaba.nacos.naming.failover.0] [none] DEBUG com.alibaba.nacos.client.naming - failover switch is not found, 00-00---000-VIPSRV_FAILOVER_SWITCH-000---00-00
2026-05-23 00:13:52.299 [com.alibaba.nacos.naming.failover.0] [none] DEBUG com.alibaba.nacos.client.naming - failover switch is not found, 00-00---000-VIPSRV_FAILOVER_SWITCH-000---00-00
2026-05-23 00:13:57.300 [com.alibaba.nacos.naming.failover.0] [none] DEBUG com.alibaba.nacos.client.naming - failover switch is not found, 00-00---000-VIPSRV_FAILOVER_SWITCH-000---00-00
2026-05-23 00:14:02.301 [com.alibaba.nacos.naming.failover.0] [none] DEBUG com.alibaba.nacos.client.naming - failover switch is not found, 00-00---000-VIPSRV_FAILOVER_SWITCH-000---00-00
2026-05-23 00:14:07.302 [com.alibaba.nacos.naming.failover.0] [none] DEBUG com.alibaba.nacos.client.naming - failover switch is not found, 00-00---000-VIPSRV_FAILOVER_SWITCH-000---00-00
2026-05-23 00:14:12.304 [com.alibaba.nacos.naming.failover.0] [none] DEBUG com.alibaba.nacos.client.naming - failover switch is not found, 00-00---000-VIPSRV_FAILOVER_SWITCH-000---00-00
2026-05-23 00:14:17.304 [com.alibaba.nacos.naming.failover.0] [none] DEBUG com.alibaba.nacos.client.naming - failover switch is not found, 00-00---000-VIPSRV_FAILOVER_SWITCH-000---00-00
2026-05-23 00:14:22.305 [com.alibaba.nacos.naming.failover.0] [none] DEBUG com.alibaba.nacos.client.naming - failover switch is not found, 00-00---000-VIPSRV_FAILOVER_SWITCH-000---00-00
2026-05-23 00:14:27.308 [com.alibaba.nacos.naming.failover.0] [none] DEBUG com.alibaba.nacos.client.naming - failover switch is not found, 00-00---000-VIPSRV_FAILOVER_SWITCH-000---00-00
2026-05-23 00:14:32.309 [com.alibaba.nacos.naming.failover.0] [none] DEBUG com.alibaba.nacos.client.naming - failover switch is not found, 00-00---000-VIPSRV_FAILOVER_SWITCH-000---00-00
2026-05-23 00:14:37.310 [com.alibaba.nacos.naming.failover.0] [none] DEBUG com.alibaba.nacos.client.naming - failover switch is not found, 00-00---000-VIPSRV_FAILOVER_SWITCH-000---00-00
2026-05-23 00:14:42.311 [com.alibaba.nacos.naming.failover.0] [none] DEBUG com.alibaba.nacos.client.naming - failover switch is not found, 00-00---000-VIPSRV_FAILOVER_SWITCH-000---00-00
2026-05-23 00:14:47.312 [com.alibaba.nacos.naming.failover.0] [none] DEBUG com.alibaba.nacos.client.naming - failover switch is not found, 00-00---000-VIPSRV_FAILOVER_SWITCH-000---00-00
2026-05-23 00:14:52.313 [com.alibaba.nacos.naming.failover.0] [none] DEBUG com.alibaba.nacos.client.naming - failover switch is not found, 00-00---000-VIPSRV_FAILOVER_SWITCH-000---00-00
2026-05-23 00:14:57.315 [com.alibaba.nacos.naming.failover.0] [none] DEBUG com.alibaba.nacos.client.naming - failover switch is not found, 00-00---000-VIPSRV_FAILOVER_SWITCH-000---00-00
2026-05-23 00:15:02.315 [com.alibaba.nacos.naming.failover.0] [none] DEBUG com.alibaba.nacos.client.naming - failover switch is not found, 00-00---000-VIPSRV_FAILOVER_SWITCH-000---00-00
2026-05-23 00:15:07.316 [com.alibaba.nacos.naming.failover.0] [none] DEBUG com.alibaba.nacos.client.naming - failover switch is not found, 00-00---000-VIPSRV_FAILOVER_SWITCH-000---00-00
2026-05-23 00:15:12.317 [com.alibaba.nacos.naming.failover.0] [none] DEBUG com.alibaba.nacos.client.naming - failover switch is not found, 00-00---000-VIPSRV_FAILOVER_SWITCH-000---00-00
2026-05-23 00:15:17.319 [com.alibaba.nacos.naming.failover.0] [none] DEBUG com.alibaba.nacos.client.naming - failover switch is not found, 00-00---000-VIPSRV_FAILOVER_SWITCH-000---00-00
2026-05-23 00:15:22.320 [com.alibaba.nacos.naming.failover.0] [none] DEBUG com.alibaba.nacos.client.naming - failover switch is not found, 00-00---000-VIPSRV_FAILOVER_SWITCH-000---00-00
2026-05-23 00:15:27.321 [com.alibaba.nacos.naming.failover.0] [none] DEBUG com.alibaba.nacos.client.naming - failover switch is not found, 00-00---000-VIPSRV_FAILOVER_SWITCH-000---00-00
2026-05-23 00:15:32.323 [com.alibaba.nacos.naming.failover.0] [none] DEBUG com.alibaba.nacos.client.naming - failover switch is not found, 00-00---000-VIPSRV_FAILOVER_SWITCH-000---00-00
2026-05-23 00:15:37.325 [com.alibaba.nacos.naming.failover.0] [none] DEBUG com.alibaba.nacos.client.naming - failover switch is not found, 00-00---000-VIPSRV_FAILOVER_SWITCH-000---00-00
2026-05-23 00:15:42.326 [com.alibaba.nacos.naming.failover.0] [none] DEBUG com.alibaba.nacos.client.naming - failover switch is not found, 00-00---000-VIPSRV_FAILOVER_SWITCH-000---00-00
2026-05-23 00:15:47.326 [com.alibaba.nacos.naming.failover.0] [none] DEBUG com.alibaba.nacos.client.naming - failover switch is not found, 00-00---000-VIPSRV_FAILOVER_SWITCH-000---00-00
2026-05-23 00:15:52.327 [com.alibaba.nacos.naming.failover.0] [none] DEBUG com.alibaba.nacos.client.naming - failover switch is not found, 00-00---000-VIPSRV_FAILOVER_SWITCH-000---00-00
2026-05-23 00:15:57.329 [com.alibaba.nacos.naming.failover.0] [none] DEBUG com.alibaba.nacos.client.naming - failover switch is not found, 00-00---000-VIPSRV_FAILOVER_SWITCH-000---00-00
2026-05-23 00:16:02.331 [com.alibaba.nacos.naming.failover.0] [none] DEBUG com.alibaba.nacos.client.naming - failover switch is not found, 00-00---000-VIPSRV_FAILOVER_SWITCH-000---00-00
2026-05-23 00:16:07.331 [com.alibaba.nacos.naming.failover.0] [none] DEBUG com.alibaba.nacos.client.naming - failover switch is not found, 00-00---000-VIPSRV_FAILOVER_SWITCH-000---00-00
2026-05-23 00:16:12.333 [com.alibaba.nacos.naming.failover.0] [none] DEBUG com.alibaba.nacos.client.naming - failover switch is not found, 00-00---000-VIPSRV_FAILOVER_SWITCH-000---00-00
2026-05-23 00:16:17.334 [com.alibaba.nacos.naming.failover.0] [none] DEBUG com.alibaba.nacos.client.naming - failover switch is not found, 00-00---000-VIPSRV_FAILOVER_SWITCH-000---00-00
2026-05-23 00:16:22.334 [com.alibaba.nacos.naming.failover.0] [none] DEBUG com.alibaba.nacos.client.naming - failover switch is not found, 00-00---000-VIPSRV_FAILOVER_SWITCH-000---00-00
2026-05-23 00:16:27.335 [com.alibaba.nacos.naming.failover.0] [none] DEBUG com.alibaba.nacos.client.naming - failover switch is not found, 00-00---000-VIPSRV_FAILOVER_SWITCH-000---00-00
2026-05-23 00:16:32.336 [com.alibaba.nacos.naming.failover.0] [none] DEBUG com.alibaba.nacos.client.naming - failover switch is not found, 00-00---000-VIPSRV_FAILOVER_SWITCH-000---00-00
2026-05-23 00:16:37.338 [com.alibaba.nacos.naming.failover.0] [none] DEBUG com.alibaba.nacos.client.naming - failover switch is not found, 00-00---000-VIPSRV_FAILOVER_SWITCH-000---00-00
2026-05-23 00:16:42.339 [com.alibaba.nacos.naming.failover.0] [none] DEBUG com.alibaba.nacos.client.naming - failover switch is not found, 00-00---000-VIPSRV_FAILOVER_SWITCH-000---00-00
2026-05-23 00:16:47.340 [com.alibaba.nacos.naming.failover.0] [none] DEBUG com.alibaba.nacos.client.naming - failover switch is not found, 00-00---000-VIPSRV_FAILOVER_SWITCH-000---00-00
2026-05-23 00:16:52.343 [com.alibaba.nacos.naming.failover.0] [none] DEBUG com.alibaba.nacos.client.naming - failover switch is not found, 00-00---000-VIPSRV_FAILOVER_SWITCH-000---00-00
2026-05-23 00:16:57.343 [com.alibaba.nacos.naming.failover.0] [none] DEBUG com.alibaba.nacos.client.naming - failover switch is not found, 00-00---000-VIPSRV_FAILOVER_SWITCH-000---00-00
2026-05-23 00:17:02.345 [com.alibaba.nacos.naming.failover.0] [none] DEBUG com.alibaba.nacos.client.naming - failover switch is not found, 00-00---000-VIPSRV_FAILOVER_SWITCH-000---00-00
2026-05-23 00:17:07.346 [com.alibaba.nacos.naming.failover.0] [none] DEBUG com.alibaba.nacos.client.naming - failover switch is not found, 00-00---000-VIPSRV_FAILOVER_SWITCH-000---00-00
2026-05-23 00:17:12.347 [com.alibaba.nacos.naming.failover.0] [none] DEBUG com.alibaba.nacos.client.naming - failover switch is not found, 00-00---000-VIPSRV_FAILOVER_SWITCH-000---00-00
2026-05-23 00:17:17.348 [com.alibaba.nacos.naming.failover.0] [none] DEBUG com.alibaba.nacos.client.naming - failover switch is not found, 00-00---000-VIPSRV_FAILOVER_SWITCH-000---00-00
2026-05-23 00:17:22.349 [com.alibaba.nacos.naming.failover.0] [none] DEBUG com.alibaba.nacos.client.naming - failover switch is not found, 00-00---000-VIPSRV_FAILOVER_SWITCH-000---00-00
2026-05-23 00:17:27.350 [com.alibaba.nacos.naming.failover.0] [none] DEBUG com.alibaba.nacos.client.naming - failover switch is not found, 00-00---000-VIPSRV_FAILOVER_SWITCH-000---00-00
2026-05-23 00:17:32.350 [com.alibaba.nacos.naming.failover.0] [none] DEBUG com.alibaba.nacos.client.naming - failover switch is not found, 00-00---000-VIPSRV_FAILOVER_SWITCH-000---00-00
2026-05-23 00:17:37.353 [com.alibaba.nacos.naming.failover.0] [none] DEBUG com.alibaba.nacos.client.naming - failover switch is not found, 00-00---000-VIPSRV_FAILOVER_SWITCH-000---00-00
2026-05-23 00:17:42.355 [com.alibaba.nacos.naming.failover.0] [none] DEBUG com.alibaba.nacos.client.naming - failover switch is not found, 00-00---000-VIPSRV_FAILOVER_SWITCH-000---00-00
2026-05-23 00:17:47.356 [com.alibaba.nacos.naming.failover.0] [none] DEBUG com.alibaba.nacos.client.naming - failover switch is not found, 00-00---000-VIPSRV_FAILOVER_SWITCH-000---00-00
2026-05-23 00:17:52.357 [com.alibaba.nacos.naming.failover.0] [none] DEBUG com.alibaba.nacos.client.naming - failover switch is not found, 00-00---000-VIPSRV_FAILOVER_SWITCH-000---00-00
2026-05-23 00:17:57.357 [com.alibaba.nacos.naming.failover.0] [none] DEBUG com.alibaba.nacos.client.naming - failover switch is not found, 00-00---000-VIPSRV_FAILOVER_SWITCH-000---00-00
2026-05-23 00:18:02.358 [com.alibaba.nacos.naming.failover.0] [none] DEBUG com.alibaba.nacos.client.naming - failover switch is not found, 00-00---000-VIPSRV_FAILOVER_SWITCH-000---00-00
2026-05-23 00:18:07.360 [com.alibaba.nacos.naming.failover.0] [none] DEBUG com.alibaba.nacos.client.naming - failover switch is not found, 00-00---000-VIPSRV_FAILOVER_SWITCH-000---00-00
2026-05-23 00:18:12.360 [com.alibaba.nacos.naming.failover.0] [none] DEBUG com.alibaba.nacos.client.naming - failover switch is not found, 00-00---000-VIPSRV_FAILOVER_SWITCH-000---00-00
2026-05-23 00:18:17.361 [com.alibaba.nacos.naming.failover.0] [none] DEBUG com.alibaba.nacos.client.naming - failover switch is not found, 00-00---000-VIPSRV_FAILOVER_SWITCH-000---00-00
2026-05-23 00:18:22.363 [com.alibaba.nacos.naming.failover.0] [none] DEBUG com.alibaba.nacos.client.naming - failover switch is not found, 00-00---000-VIPSRV_FAILOVER_SWITCH-000---00-00
2026-05-23 00:18:27.363 [com.alibaba.nacos.naming.failover.0] [none] DEBUG com.alibaba.nacos.client.naming - failover switch is not found, 00-00---000-VIPSRV_FAILOVER_SWITCH-000---00-00
2026-05-23 00:18:32.364 [com.alibaba.nacos.naming.failover.0] [none] DEBUG com.alibaba.nacos.client.naming - failover switch is not found, 00-00---000-VIPSRV_FAILOVER_SWITCH-000---00-00
2026-05-23 00:18:37.372 [com.alibaba.nacos.naming.failover.0] [none] DEBUG com.alibaba.nacos.client.naming - failover switch is not found, 00-00---000-VIPSRV_FAILOVER_SWITCH-000---00-00
2026-05-23 00:18:42.378 [com.alibaba.nacos.naming.failover.0] [none] DEBUG com.alibaba.nacos.client.naming - failover switch is not found, 00-00---000-VIPSRV_FAILOVER_SWITCH-000---00-00
2026-05-23 00:18:47.378 [com.alibaba.nacos.naming.failover.0] [none] DEBUG com.alibaba.nacos.client.naming - failover switch is not found, 00-00---000-VIPSRV_FAILOVER_SWITCH-000---00-00
2026-05-23 00:18:52.380 [com.alibaba.nacos.naming.failover.0] [none] DEBUG com.alibaba.nacos.client.naming - failover switch is not found, 00-00---000-VIPSRV_FAILOVER_SWITCH-000---00-00
2026-05-23 00:18:57.382 [com.alibaba.nacos.naming.failover.0] [none] DEBUG com.alibaba.nacos.client.naming - failover switch is not found, 00-00---000-VIPSRV_FAILOVER_SWITCH-000---00-00
2026-05-23 00:19:02.385 [com.alibaba.nacos.naming.failover.0] [none] DEBUG com.alibaba.nacos.client.naming - failover switch is not found, 00-00---000-VIPSRV_FAILOVER_SWITCH-000---00-00
2026-05-23 00:19:07.385 [com.alibaba.nacos.naming.failover.0] [none] DEBUG com.alibaba.nacos.client.naming - failover switch is not found, 00-00---000-VIPSRV_FAILOVER_SWITCH-000---00-00
2026-05-23 00:19:12.387 [com.alibaba.nacos.naming.failover.0] [none] DEBUG com.alibaba.nacos.client.naming - failover switch is not found, 00-00---000-VIPSRV_FAILOVER_SWITCH-000---00-00
2026-05-23 00:19:17.387 [com.alibaba.nacos.naming.failover.0] [none] DEBUG com.alibaba.nacos.client.naming - failover switch is not found, 00-00---000-VIPSRV_FAILOVER_SWITCH-000---00-00
2026-05-23 00:19:22.388 [com.alibaba.nacos.naming.failover.0] [none] DEBUG com.alibaba.nacos.client.naming - failover switch is not found, 00-00---000-VIPSRV_FAILOVER_SWITCH-000---00-00
2026-05-23 00:19:27.389 [com.alibaba.nacos.naming.failover.0] [none] DEBUG com.alibaba.nacos.client.naming - failover switch is not found, 00-00---000-VIPSRV_FAILOVER_SWITCH-000---00-00
2026-05-23 00:19:32.389 [com.alibaba.nacos.naming.failover.0] [none] DEBUG com.alibaba.nacos.client.naming - failover switch is not found, 00-00---000-VIPSRV_FAILOVER_SWITCH-000---00-00
2026-05-23 00:19:37.390 [com.alibaba.nacos.naming.failover.0] [none] DEBUG com.alibaba.nacos.client.naming - failover switch is not found, 00-00---000-VIPSRV_FAILOVER_SWITCH-000---00-00
2026-05-23 00:19:42.392 [com.alibaba.nacos.naming.failover.0] [none] DEBUG com.alibaba.nacos.client.naming - failover switch is not found, 00-00---000-VIPSRV_FAILOVER_SWITCH-000---00-00
2026-05-23 00:19:47.394 [com.alibaba.nacos.naming.failover.0] [none] DEBUG com.alibaba.nacos.client.naming - failover switch is not found, 00-00---000-VIPSRV_FAILOVER_SWITCH-000---00-00
2026-05-23 00:19:52.395 [com.alibaba.nacos.naming.failover.0] [none] DEBUG com.alibaba.nacos.client.naming - failover switch is not found, 00-00---000-VIPSRV_FAILOVER_SWITCH-000---00-00
2026-05-23 00:19:57.395 [com.alibaba.nacos.naming.failover.0] [none] DEBUG com.alibaba.nacos.client.naming - failover switch is not found, 00-00---000-VIPSRV_FAILOVER_SWITCH-000---00-00
2026-05-23 00:20:02.398 [com.alibaba.nacos.naming.failover.0] [none] DEBUG com.alibaba.nacos.client.naming - failover switch is not found, 00-00---000-VIPSRV_FAILOVER_SWITCH-000---00-00
2026-05-23 00:20:07.399 [com.alibaba.nacos.naming.failover.0] [none] DEBUG com.alibaba.nacos.client.naming - failover switch is not found, 00-00---000-VIPSRV_FAILOVER_SWITCH-000---00-00
2026-05-23 00:20:12.403 [com.alibaba.nacos.naming.failover.0] [none] DEBUG com.alibaba.nacos.client.naming - failover switch is not found, 00-00---000-VIPSRV_FAILOVER_SWITCH-000---00-00
2026-05-23 00:20:17.405 [com.alibaba.nacos.naming.failover.0] [none] DEBUG com.alibaba.nacos.client.naming - failover switch is not found, 00-00---000-VIPSRV_FAILOVER_SWITCH-000---00-00
2026-05-23 00:20:22.407 [com.alibaba.nacos.naming.failover.0] [none] DEBUG com.alibaba.nacos.client.naming - failover switch is not found, 00-00---000-VIPSRV_FAILOVER_SWITCH-000---00-00
2026-05-23 00:20:27.408 [com.alibaba.nacos.naming.failover.0] [none] DEBUG com.alibaba.nacos.client.naming - failover switch is not found, 00-00---000-VIPSRV_FAILOVER_SWITCH-000---00-00
2026-05-23 00:20:32.409 [com.alibaba.nacos.naming.failover.0] [none] DEBUG com.alibaba.nacos.client.naming - failover switch is not found, 00-00---000-VIPSRV_FAILOVER_SWITCH-000---00-00
2026-05-23 00:20:37.410 [com.alibaba.nacos.naming.failover.0] [none] DEBUG com.alibaba.nacos.client.naming - failover switch is not found, 00-00---000-VIPSRV_FAILOVER_SWITCH-000---00-00
2026-05-23 00:20:42.410 [com.alibaba.nacos.naming.failover.0] [none] DEBUG com.alibaba.nacos.client.naming - failover switch is not found, 00-00---000-VIPSRV_FAILOVER_SWITCH-000---00-00
2026-05-23 00:20:47.413 [com.alibaba.nacos.naming.failover.0] [none] DEBUG com.alibaba.nacos.client.naming - failover switch is not found, 00-00---000-VIPSRV_FAILOVER_SWITCH-000---00-00
2026-05-23 00:20:56.938 [com.alibaba.nacos.naming.failover.0] [none] DEBUG com.alibaba.nacos.client.naming - failover switch is not found, 00-00---000-VIPSRV_FAILOVER_SWITCH-000---00-00
2026-05-23 00:21:01.939 [com.alibaba.nacos.naming.failover.0] [none] DEBUG com.alibaba.nacos.client.naming - failover switch is not found, 00-00---000-VIPSRV_FAILOVER_SWITCH-000---00-00
2026-05-23 00:21:06.940 [com.alibaba.nacos.naming.failover.0] [none] DEBUG com.alibaba.nacos.client.naming - failover switch is not found, 00-00---000-VIPSRV_FAILOVER_SWITCH-000---00-00
2026-05-23 00:21:11.941 [com.alibaba.nacos.naming.failover.0] [none] DEBUG com.alibaba.nacos.client.naming - failover switch is not found, 00-00---000-VIPSRV_FAILOVER_SWITCH-000---00-00
2026-05-23 00:21:16.941 [com.alibaba.nacos.naming.failover.0] [none] DEBUG com.alibaba.nacos.client.naming - failover switch is not found, 00-00---000-VIPSRV_FAILOVER_SWITCH-000---00-00
2026-05-23 00:21:21.943 [com.alibaba.nacos.naming.failover.0] [none] DEBUG com.alibaba.nacos.client.naming - failover switch is not found, 00-00---000-VIPSRV_FAILOVER_SWITCH-000---00-00
2026-05-23 00:21:26.944 [com.alibaba.nacos.naming.failover.0] [none] DEBUG com.alibaba.nacos.client.naming - failover switch is not found, 00-00---000-VIPSRV_FAILOVER_SWITCH-000---00-00
2026-05-23 00:21:31.945 [com.alibaba.nacos.naming.failover.0] [none] DEBUG com.alibaba.nacos.client.naming - failover switch is not found, 00-00---000-VIPSRV_FAILOVER_SWITCH-000---00-00
2026-05-23 00:21:36.946 [com.alibaba.nacos.naming.failover.0] [none] DEBUG com.alibaba.nacos.client.naming - failover switch is not found, 00-00---000-VIPSRV_FAILOVER_SWITCH-000---00-00
2026-05-23 00:21:41.947 [com.alibaba.nacos.naming.failover.0] [none] DEBUG com.alibaba.nacos.client.naming - failover switch is not found, 00-00---000-VIPSRV_FAILOVER_SWITCH-000---00-00
2026-05-23 00:21:46.949 [com.alibaba.nacos.naming.failover.0] [none] DEBUG com.alibaba.nacos.client.naming - failover switch is not found, 00-00---000-VIPSRV_FAILOVER_SWITCH-000---00-00
2026-05-23 00:21:51.951 [com.alibaba.nacos.naming.failover.0] [none] DEBUG com.alibaba.nacos.client.naming - failover switch is not found, 00-00---000-VIPSRV_FAILOVER_SWITCH-000---00-00
2026-05-23 00:21:56.953 [com.alibaba.nacos.naming.failover.0] [none] DEBUG com.alibaba.nacos.client.naming - failover switch is not found, 00-00---000-VIPSRV_FAILOVER_SWITCH-000---00-00
2026-05-23 00:22:01.955 [com.alibaba.nacos.naming.failover.0] [none] DEBUG com.alibaba.nacos.client.naming - failover switch is not found, 00-00---000-VIPSRV_FAILOVER_SWITCH-000---00-00
2026-05-23 00:22:06.955 [com.alibaba.nacos.naming.failover.0] [none] DEBUG com.alibaba.nacos.client.naming - failover switch is not found, 00-00---000-VIPSRV_FAILOVER_SWITCH-000---00-00
2026-05-23 00:22:11.958 [com.alibaba.nacos.naming.failover.0] [none] DEBUG com.alibaba.nacos.client.naming - failover switch is not found, 00-00---000-VIPSRV_FAILOVER_SWITCH-000---00-00
2026-05-23 00:22:16.960 [com.alibaba.nacos.naming.failover.0] [none] DEBUG com.alibaba.nacos.client.naming - failover switch is not found, 00-00---000-VIPSRV_FAILOVER_SWITCH-000---00-00
2026-05-23 00:22:21.961 [com.alibaba.nacos.naming.failover.0] [none] DEBUG com.alibaba.nacos.client.naming - failover switch is not found, 00-00---000-VIPSRV_FAILOVER_SWITCH-000---00-00
2026-05-23 00:22:26.962 [com.alibaba.nacos.naming.failover.0] [none] DEBUG com.alibaba.nacos.client.naming - failover switch is not found, 00-00---000-VIPSRV_FAILOVER_SWITCH-000---00-00
2026-05-23 00:22:31.963 [com.alibaba.nacos.naming.failover.0] [none] DEBUG com.alibaba.nacos.client.naming - failover switch is not found, 00-00---000-VIPSRV_FAILOVER_SWITCH-000---00-00
2026-05-23 00:22:36.963 [com.alibaba.nacos.naming.failover.0] [none] DEBUG com.alibaba.nacos.client.naming - failover switch is not found, 00-00---000-VIPSRV_FAILOVER_SWITCH-000---00-00
2026-05-23 00:22:41.965 [com.alibaba.nacos.naming.failover.0] [none] DEBUG com.alibaba.nacos.client.naming - failover switch is not found, 00-00---000-VIPSRV_FAILOVER_SWITCH-000---00-00
2026-05-23 00:22:46.966 [com.alibaba.nacos.naming.failover.0] [none] DEBUG com.alibaba.nacos.client.naming - failover switch is not found, 00-00---000-VIPSRV_FAILOVER_SWITCH-000---00-00
2026-05-23 00:22:51.967 [com.alibaba.nacos.naming.failover.0] [none] DEBUG com.alibaba.nacos.client.naming - failover switch is not found, 00-00---000-VIPSRV_FAILOVER_SWITCH-000---00-00
2026-05-23 00:22:56.968 [com.alibaba.nacos.naming.failover.0] [none] DEBUG com.alibaba.nacos.client.naming - failover switch is not found, 00-00---000-VIPSRV_FAILOVER_SWITCH-000---00-00
2026-05-23 00:23:01.969 [com.alibaba.nacos.naming.failover.0] [none] DEBUG com.alibaba.nacos.client.naming - failover switch is not found, 00-00---000-VIPSRV_FAILOVER_SWITCH-000---00-00
2026-05-23 00:23:06.971 [com.alibaba.nacos.naming.failover.0] [none] DEBUG com.alibaba.nacos.client.naming - failover switch is not found, 00-00---000-VIPSRV_FAILOVER_SWITCH-000---00-00
2026-05-23 00:23:11.972 [com.alibaba.nacos.naming.failover.0] [none] DEBUG com.alibaba.nacos.client.naming - failover switch is not found, 00-00---000-VIPSRV_FAILOVER_SWITCH-000---00-00
2026-05-23 00:23:16.974 [com.alibaba.nacos.naming.failover.0] [none] DEBUG com.alibaba.nacos.client.naming - failover switch is not found, 00-00---000-VIPSRV_FAILOVER_SWITCH-000---00-00
2026-05-23 00:23:21.975 [com.alibaba.nacos.naming.failover.0] [none] DEBUG com.alibaba.nacos.client.naming - failover switch is not found, 00-00---000-VIPSRV_FAILOVER_SWITCH-000---00-00
2026-05-23 00:23:26.977 [com.alibaba.nacos.naming.failover.0] [none] DEBUG com.alibaba.nacos.client.naming - failover switch is not found, 00-00---000-VIPSRV_FAILOVER_SWITCH-000---00-00
2026-05-23 00:23:31.978 [com.alibaba.nacos.naming.failover.0] [none] DEBUG com.alibaba.nacos.client.naming - failover switch is not found, 00-00---000-VIPSRV_FAILOVER_SWITCH-000---00-00
2026-05-23 00:23:36.979 [com.alibaba.nacos.naming.failover.0] [none] DEBUG com.alibaba.nacos.client.naming - failover switch is not found, 00-00---000-VIPSRV_FAILOVER_SWITCH-000---00-00
2026-05-23 00:23:41.981 [com.alibaba.nacos.naming.failover.0] [none] DEBUG com.alibaba.nacos.client.naming - failover switch is not found, 00-00---000-VIPSRV_FAILOVER_SWITCH-000---00-00
2026-05-23 00:23:46.982 [com.alibaba.nacos.naming.failover.0] [none] DEBUG com.alibaba.nacos.client.naming - failover switch is not found, 00-00---000-VIPSRV_FAILOVER_SWITCH-000---00-00
2026-05-23 00:23:51.983 [com.alibaba.nacos.naming.failover.0] [none] DEBUG com.alibaba.nacos.client.naming - failover switch is not found, 00-00---000-VIPSRV_FAILOVER_SWITCH-000---00-00
2026-05-23 00:23:56.984 [com.alibaba.nacos.naming.failover.0] [none] DEBUG com.alibaba.nacos.client.naming - failover switch is not found, 00-00---000-VIPSRV_FAILOVER_SWITCH-000---00-00
2026-05-23 00:24:01.985 [com.alibaba.nacos.naming.failover.0] [none] DEBUG com.alibaba.nacos.client.naming - failover switch is not found, 00-00---000-VIPSRV_FAILOVER_SWITCH-000---00-00
2026-05-23 00:24:06.985 [com.alibaba.nacos.naming.failover.0] [none] DEBUG com.alibaba.nacos.client.naming - failover switch is not found, 00-00---000-VIPSRV_FAILOVER_SWITCH-000---00-00
2026-05-23 00:24:11.985 [com.alibaba.nacos.naming.failover.0] [none] DEBUG com.alibaba.nacos.client.naming - failover switch is not found, 00-00---000-VIPSRV_FAILOVER_SWITCH-000---00-00
2026-05-23 00:24:16.986 [com.alibaba.nacos.naming.failover.0] [none] DEBUG com.alibaba.nacos.client.naming - failover switch is not found, 00-00---000-VIPSRV_FAILOVER_SWITCH-000---00-00
2026-05-23 00:24:21.987 [com.alibaba.nacos.naming.failover.0] [none] DEBUG com.alibaba.nacos.client.naming - failover switch is not found, 00-00---000-VIPSRV_FAILOVER_SWITCH-000---00-00
2026-05-23 00:24:26.987 [com.alibaba.nacos.naming.failover.0] [none] DEBUG com.alibaba.nacos.client.naming - failover switch is not found, 00-00---000-VIPSRV_FAILOVER_SWITCH-000---00-00
2026-05-23 00:24:31.989 [com.alibaba.nacos.naming.failover.0] [none] DEBUG com.alibaba.nacos.client.naming - failover switch is not found, 00-00---000-VIPSRV_FAILOVER_SWITCH-000---00-00
2026-05-23 00:24:36.989 [com.alibaba.nacos.naming.failover.0] [none] DEBUG com.alibaba.nacos.client.naming - failover switch is not found, 00-00---000-VIPSRV_FAILOVER_SWITCH-000---00-00
2026-05-23 00:24:41.992 [com.alibaba.nacos.naming.failover.0] [none] DEBUG com.alibaba.nacos.client.naming - failover switch is not found, 00-00---000-VIPSRV_FAILOVER_SWITCH-000---00-00
2026-05-23 00:24:46.993 [com.alibaba.nacos.naming.failover.0] [none] DEBUG com.alibaba.nacos.client.naming - failover switch is not found, 00-00---000-VIPSRV_FAILOVER_SWITCH-000---00-00
2026-05-23 00:24:51.994 [com.alibaba.nacos.naming.failover.0] [none] DEBUG com.alibaba.nacos.client.naming - failover switch is not found, 00-00---000-VIPSRV_FAILOVER_SWITCH-000---00-00
2026-05-23 00:24:56.996 [com.alibaba.nacos.naming.failover.0] [none] DEBUG com.alibaba.nacos.client.naming - failover switch is not found, 00-00---000-VIPSRV_FAILOVER_SWITCH-000---00-00
2026-05-23 00:25:01.996 [com.alibaba.nacos.naming.failover.0] [none] DEBUG com.alibaba.nacos.client.naming - failover switch is not found, 00-00---000-VIPSRV_FAILOVER_SWITCH-000---00-00
2026-05-23 00:25:06.998 [com.alibaba.nacos.naming.failover.0] [none] DEBUG com.alibaba.nacos.client.naming - failover switch is not found, 00-00---000-VIPSRV_FAILOVER_SWITCH-000---00-00
2026-05-23 00:25:11.999 [com.alibaba.nacos.naming.failover.0] [none] DEBUG com.alibaba.nacos.client.naming - failover switch is not found, 00-00---000-VIPSRV_FAILOVER_SWITCH-000---00-00
2026-05-23 00:25:16.999 [com.alibaba.nacos.naming.failover.0] [none] DEBUG com.alibaba.nacos.client.naming - failover switch is not found, 00-00---000-VIPSRV_FAILOVER_SWITCH-000---00-00
2026-05-23 00:25:22.001 [com.alibaba.nacos.naming.failover.0] [none] DEBUG com.alibaba.nacos.client.naming - failover switch is not found, 00-00---000-VIPSRV_FAILOVER_SWITCH-000---00-00
2026-05-23 00:25:27.001 [com.alibaba.nacos.naming.failover.0] [none] DEBUG com.alibaba.nacos.client.naming - failover switch is not found, 00-00---000-VIPSRV_FAILOVER_SWITCH-000---00-00
2026-05-23 00:25:32.001 [com.alibaba.nacos.naming.failover.0] [none] DEBUG com.alibaba.nacos.client.naming - failover switch is not found, 00-00---000-VIPSRV_FAILOVER_SWITCH-000---00-00
2026-05-23 00:25:37.002 [com.alibaba.nacos.naming.failover.0] [none] DEBUG com.alibaba.nacos.client.naming - failover switch is not found, 00-00---000-VIPSRV_FAILOVER_SWITCH-000---00-00
2026-05-23 00:25:42.003 [com.alibaba.nacos.naming.failover.0] [none] DEBUG com.alibaba.nacos.client.naming - failover switch is not found, 00-00---000-VIPSRV_FAILOVER_SWITCH-000---00-00
2026-05-23 00:25:47.004 [com.alibaba.nacos.naming.failover.0] [none] DEBUG com.alibaba.nacos.client.naming - failover switch is not found, 00-00---000-VIPSRV_FAILOVER_SWITCH-000---00-00
2026-05-23 00:25:52.005 [com.alibaba.nacos.naming.failover.0] [none] DEBUG com.alibaba.nacos.client.naming - failover switch is not found, 00-00---000-VIPSRV_FAILOVER_SWITCH-000---00-00
2026-05-23 00:25:57.006 [com.alibaba.nacos.naming.failover.0] [none] DEBUG com.alibaba.nacos.client.naming - failover switch is not found, 00-00---000-VIPSRV_FAILOVER_SWITCH-000---00-00
2026-05-23 00:26:02.007 [com.alibaba.nacos.naming.failover.0] [none] DEBUG com.alibaba.nacos.client.naming - failover switch is not found, 00-00---000-VIPSRV_FAILOVER_SWITCH-000---00-00
2026-05-23 00:26:07.007 [com.alibaba.nacos.naming.failover.0] [none] DEBUG com.alibaba.nacos.client.naming - failover switch is not found, 00-00---000-VIPSRV_FAILOVER_SWITCH-000---00-00
2026-05-23 00:26:12.009 [com.alibaba.nacos.naming.failover.0] [none] DEBUG com.alibaba.nacos.client.naming - failover switch is not found, 00-00---000-VIPSRV_FAILOVER_SWITCH-000---00-00
2026-05-23 00:26:17.011 [com.alibaba.nacos.naming.failover.0] [none] DEBUG com.alibaba.nacos.client.naming - failover switch is not found, 00-00---000-VIPSRV_FAILOVER_SWITCH-000---00-00
2026-05-23 00:26:22.011 [com.alibaba.nacos.naming.failover.0] [none] DEBUG com.alibaba.nacos.client.naming - failover switch is not found, 00-00---000-VIPSRV_FAILOVER_SWITCH-000---00-00
2026-05-23 00:26:27.012 [com.alibaba.nacos.naming.failover.0] [none] DEBUG com.alibaba.nacos.client.naming - failover switch is not found, 00-00---000-VIPSRV_FAILOVER_SWITCH-000---00-00
2026-05-23 00:26:32.013 [com.alibaba.nacos.naming.failover.0] [none] DEBUG com.alibaba.nacos.client.naming - failover switch is not found, 00-00---000-VIPSRV_FAILOVER_SWITCH-000---00-00
2026-05-23 00:26:37.015 [com.alibaba.nacos.naming.failover.0] [none] DEBUG com.alibaba.nacos.client.naming - failover switch is not found, 00-00---000-VIPSRV_FAILOVER_SWITCH-000---00-00
2026-05-23 00:26:42.016 [com.alibaba.nacos.naming.failover.0] [none] DEBUG com.alibaba.nacos.client.naming - failover switch is not found, 00-00---000-VIPSRV_FAILOVER_SWITCH-000---00-00
2026-05-23 00:26:47.017 [com.alibaba.nacos.naming.failover.0] [none] DEBUG com.alibaba.nacos.client.naming - failover switch is not found, 00-00---000-VIPSRV_FAILOVER_SWITCH-000---00-00
2026-05-23 00:26:52.018 [com.alibaba.nacos.naming.failover.0] [none] DEBUG com.alibaba.nacos.client.naming - failover switch is not found, 00-00---000-VIPSRV_FAILOVER_SWITCH-000---00-00
2026-05-23 00:26:57.020 [com.alibaba.nacos.naming.failover.0] [none] DEBUG com.alibaba.nacos.client.naming - failover switch is not found, 00-00---000-VIPSRV_FAILOVER_SWITCH-000---00-00
2026-05-23 00:27:02.020 [com.alibaba.nacos.naming.failover.0] [none] DEBUG com.alibaba.nacos.client.naming - failover switch is not found, 00-00---000-VIPSRV_FAILOVER_SWITCH-000---00-00
2026-05-23 00:27:07.021 [com.alibaba.nacos.naming.failover.0] [none] DEBUG com.alibaba.nacos.client.naming - failover switch is not found, 00-00---000-VIPSRV_FAILOVER_SWITCH-000---00-00
2026-05-23 00:27:12.022 [com.alibaba.nacos.naming.failover.0] [none] DEBUG com.alibaba.nacos.client.naming - failover switch is not found, 00-00---000-VIPSRV_FAILOVER_SWITCH-000---00-00
2026-05-23 00:27:17.024 [com.alibaba.nacos.naming.failover.0] [none] DEBUG com.alibaba.nacos.client.naming - failover switch is not found, 00-00---000-VIPSRV_FAILOVER_SWITCH-000---00-00
2026-05-23 00:27:22.025 [com.alibaba.nacos.naming.failover.0] [none] DEBUG com.alibaba.nacos.client.naming - failover switch is not found, 00-00---000-VIPSRV_FAILOVER_SWITCH-000---00-00
2026-05-23 00:27:27.026 [com.alibaba.nacos.naming.failover.0] [none] DEBUG com.alibaba.nacos.client.naming - failover switch is not found, 00-00---000-VIPSRV_FAILOVER_SWITCH-000---00-00
2026-05-23 00:27:32.028 [com.alibaba.nacos.naming.failover.0] [none] DEBUG com.alibaba.nacos.client.naming - failover switch is not found, 00-00---000-VIPSRV_FAILOVER_SWITCH-000---00-00
2026-05-23 00:27:37.029 [com.alibaba.nacos.naming.failover.0] [none] DEBUG com.alibaba.nacos.client.naming - failover switch is not found, 00-00---000-VIPSRV_FAILOVER_SWITCH-000---00-00
2026-05-23 00:27:42.030 [com.alibaba.nacos.naming.failover.0] [none] DEBUG com.alibaba.nacos.client.naming - failover switch is not found, 00-00---000-VIPSRV_FAILOVER_SWITCH-000---00-00
2026-05-23 00:27:47.031 [com.alibaba.nacos.naming.failover.0] [none] DEBUG com.alibaba.nacos.client.naming - failover switch is not found, 00-00---000-VIPSRV_FAILOVER_SWITCH-000---00-00
2026-05-23 00:27:52.032 [com.alibaba.nacos.naming.failover.0] [none] DEBUG com.alibaba.nacos.client.naming - failover switch is not found, 00-00---000-VIPSRV_FAILOVER_SWITCH-000---00-00
2026-05-23 00:27:57.033 [com.alibaba.nacos.naming.failover.0] [none] DEBUG com.alibaba.nacos.client.naming - failover switch is not found, 00-00---000-VIPSRV_FAILOVER_SWITCH-000---00-00
2026-05-23 00:28:02.034 [com.alibaba.nacos.naming.failover.0] [none] DEBUG com.alibaba.nacos.client.naming - failover switch is not found, 00-00---000-VIPSRV_FAILOVER_SWITCH-000---00-00
2026-05-23 00:28:07.036 [com.alibaba.nacos.naming.failover.0] [none] DEBUG com.alibaba.nacos.client.naming - failover switch is not found, 00-00---000-VIPSRV_FAILOVER_SWITCH-000---00-00
2026-05-23 00:28:12.037 [com.alibaba.nacos.naming.failover.0] [none] DEBUG com.alibaba.nacos.client.naming - failover switch is not found, 00-00---000-VIPSRV_FAILOVER_SWITCH-000---00-00
2026-05-23 00:28:17.039 [com.alibaba.nacos.naming.failover.0] [none] DEBUG com.alibaba.nacos.client.naming - failover switch is not found, 00-00---000-VIPSRV_FAILOVER_SWITCH-000---00-00
2026-05-23 00:28:22.040 [com.alibaba.nacos.naming.failover.0] [none] DEBUG com.alibaba.nacos.client.naming - failover switch is not found, 00-00---000-VIPSRV_FAILOVER_SWITCH-000---00-00
2026-05-23 00:28:27.042 [com.alibaba.nacos.naming.failover.0] [none] DEBUG com.alibaba.nacos.client.naming - failover switch is not found, 00-00---000-VIPSRV_FAILOVER_SWITCH-000---00-00
2026-05-23 00:28:32.042 [com.alibaba.nacos.naming.failover.0] [none] DEBUG com.alibaba.nacos.client.naming - failover switch is not found, 00-00---000-VIPSRV_FAILOVER_SWITCH-000---00-00
2026-05-23 00:28:37.043 [com.alibaba.nacos.naming.failover.0] [none] DEBUG com.alibaba.nacos.client.naming - failover switch is not found, 00-00---000-VIPSRV_FAILOVER_SWITCH-000---00-00
2026-05-23 00:28:42.044 [com.alibaba.nacos.naming.failover.0] [none] DEBUG com.alibaba.nacos.client.naming - failover switch is not found, 00-00---000-VIPSRV_FAILOVER_SWITCH-000---00-00
2026-05-23 00:28:47.046 [com.alibaba.nacos.naming.failover.0] [none] DEBUG com.alibaba.nacos.client.naming - failover switch is not found, 00-00---000-VIPSRV_FAILOVER_SWITCH-000---00-00
2026-05-23 00:28:52.046 [com.alibaba.nacos.naming.failover.0] [none] DEBUG com.alibaba.nacos.client.naming - failover switch is not found, 00-00---000-VIPSRV_FAILOVER_SWITCH-000---00-00
2026-05-23 00:28:57.048 [com.alibaba.nacos.naming.failover.0] [none] DEBUG com.alibaba.nacos.client.naming - failover switch is not found, 00-00---000-VIPSRV_FAILOVER_SWITCH-000---00-00
2026-05-23 00:29:02.048 [com.alibaba.nacos.naming.failover.0] [none] DEBUG com.alibaba.nacos.client.naming - failover switch is not found, 00-00---000-VIPSRV_FAILOVER_SWITCH-000---00-00
2026-05-23 00:29:07.049 [com.alibaba.nacos.naming.failover.0] [none] DEBUG com.alibaba.nacos.client.naming - failover switch is not found, 00-00---000-VIPSRV_FAILOVER_SWITCH-000---00-00
2026-05-23 00:29:12.049 [com.alibaba.nacos.naming.failover.0] [none] DEBUG com.alibaba.nacos.client.naming - failover switch is not found, 00-00---000-VIPSRV_FAILOVER_SWITCH-000---00-00
2026-05-23 00:29:17.052 [com.alibaba.nacos.naming.failover.0] [none] DEBUG com.alibaba.nacos.client.naming - failover switch is not found, 00-00---000-VIPSRV_FAILOVER_SWITCH-000---00-00
2026-05-23 00:29:22.052 [com.alibaba.nacos.naming.failover.0] [none] DEBUG com.alibaba.nacos.client.naming - failover switch is not found, 00-00---000-VIPSRV_FAILOVER_SWITCH-000---00-00
2026-05-23 00:29:27.053 [com.alibaba.nacos.naming.failover.0] [none] DEBUG com.alibaba.nacos.client.naming - failover switch is not found, 00-00---000-VIPSRV_FAILOVER_SWITCH-000---00-00
2026-05-23 00:29:32.054 [com.alibaba.nacos.naming.failover.0] [none] DEBUG com.alibaba.nacos.client.naming - failover switch is not found, 00-00---000-VIPSRV_FAILOVER_SWITCH-000---00-00
2026-05-23 00:29:37.056 [com.alibaba.nacos.naming.failover.0] [none] DEBUG com.alibaba.nacos.client.naming - failover switch is not found, 00-00---000-VIPSRV_FAILOVER_SWITCH-000---00-00
2026-05-23 00:29:42.057 [com.alibaba.nacos.naming.failover.0] [none] DEBUG com.alibaba.nacos.client.naming - failover switch is not found, 00-00---000-VIPSRV_FAILOVER_SWITCH-000---00-00
2026-05-23 00:29:47.057 [com.alibaba.nacos.naming.failover.0] [none] DEBUG com.alibaba.nacos.client.naming - failover switch is not found, 00-00---000-VIPSRV_FAILOVER_SWITCH-000---00-00
2026-05-23 00:29:52.058 [com.alibaba.nacos.naming.failover.0] [none] DEBUG com.alibaba.nacos.client.naming - failover switch is not found, 00-00---000-VIPSRV_FAILOVER_SWITCH-000---00-00
2026-05-23 00:29:57.059 [com.alibaba.nacos.naming.failover.0] [none] DEBUG com.alibaba.nacos.client.naming - failover switch is not found, 00-00---000-VIPSRV_FAILOVER_SWITCH-000---00-00
2026-05-23 00:30:02.061 [com.alibaba.nacos.naming.failover.0] [none] DEBUG com.alibaba.nacos.client.naming - failover switch is not found, 00-00---000-VIPSRV_FAILOVER_SWITCH-000---00-00
2026-05-23 00:30:07.061 [com.alibaba.nacos.naming.failover.0] [none] DEBUG com.alibaba.nacos.client.naming - failover switch is not found, 00-00---000-VIPSRV_FAILOVER_SWITCH-000---00-00
2026-05-23 00:30:12.063 [com.alibaba.nacos.naming.failover.0] [none] DEBUG com.alibaba.nacos.client.naming - failover switch is not found, 00-00---000-VIPSRV_FAILOVER_SWITCH-000---00-00
2026-05-23 00:30:17.064 [com.alibaba.nacos.naming.failover.0] [none] DEBUG com.alibaba.nacos.client.naming - failover switch is not found, 00-00---000-VIPSRV_FAILOVER_SWITCH-000---00-00
2026-05-23 00:30:22.064 [com.alibaba.nacos.naming.failover.0] [none] DEBUG com.alibaba.nacos.client.naming - failover switch is not found, 00-00---000-VIPSRV_FAILOVER_SWITCH-000---00-00
2026-05-23 00:30:27.066 [com.alibaba.nacos.naming.failover.0] [none] DEBUG com.alibaba.nacos.client.naming - failover switch is not found, 00-00---000-VIPSRV_FAILOVER_SWITCH-000---00-00
2026-05-23 00:30:32.067 [com.alibaba.nacos.naming.failover.0] [none] DEBUG com.alibaba.nacos.client.naming - failover switch is not found, 00-00---000-VIPSRV_FAILOVER_SWITCH-000---00-00
2026-05-23 00:30:37.068 [com.alibaba.nacos.naming.failover.0] [none] DEBUG com.alibaba.nacos.client.naming - failover switch is not found, 00-00---000-VIPSRV_FAILOVER_SWITCH-000---00-00
2026-05-23 00:30:42.069 [com.alibaba.nacos.naming.failover.0] [none] DEBUG com.alibaba.nacos.client.naming - failover switch is not found, 00-00---000-VIPSRV_FAILOVER_SWITCH-000---00-00
2026-05-23 00:30:47.070 [com.alibaba.nacos.naming.failover.0] [none] DEBUG com.alibaba.nacos.client.naming - failover switch is not found, 00-00---000-VIPSRV_FAILOVER_SWITCH-000---00-00
2026-05-23 00:30:52.071 [com.alibaba.nacos.naming.failover.0] [none] DEBUG com.alibaba.nacos.client.naming - failover switch is not found, 00-00---000-VIPSRV_FAILOVER_SWITCH-000---00-00
2026-05-23 00:30:57.071 [com.alibaba.nacos.naming.failover.0] [none] DEBUG com.alibaba.nacos.client.naming - failover switch is not found, 00-00---000-VIPSRV_FAILOVER_SWITCH-000---00-00
2026-05-23 00:31:02.072 [com.alibaba.nacos.naming.failover.0] [none] DEBUG com.alibaba.nacos.client.naming - failover switch is not found, 00-00---000-VIPSRV_FAILOVER_SWITCH-000---00-00
2026-05-23 00:31:07.080 [com.alibaba.nacos.naming.failover.0] [none] DEBUG com.alibaba.nacos.client.naming - failover switch is not found, 00-00---000-VIPSRV_FAILOVER_SWITCH-000---00-00
2026-05-23 00:31:12.082 [com.alibaba.nacos.naming.failover.0] [none] DEBUG com.alibaba.nacos.client.naming - failover switch is not found, 00-00---000-VIPSRV_FAILOVER_SWITCH-000---00-00
2026-05-23 00:31:17.083 [com.alibaba.nacos.naming.failover.0] [none] DEBUG com.alibaba.nacos.client.naming - failover switch is not found, 00-00---000-VIPSRV_FAILOVER_SWITCH-000---00-00
2026-05-23 00:31:22.083 [com.alibaba.nacos.naming.failover.0] [none] DEBUG com.alibaba.nacos.client.naming - failover switch is not found, 00-00---000-VIPSRV_FAILOVER_SWITCH-000---00-00
2026-05-23 00:31:27.085 [com.alibaba.nacos.naming.failover.0] [none] DEBUG com.alibaba.nacos.client.naming - failover switch is not found, 00-00---000-VIPSRV_FAILOVER_SWITCH-000---00-00
2026-05-23 00:31:32.086 [com.alibaba.nacos.naming.failover.0] [none] DEBUG com.alibaba.nacos.client.naming - failover switch is not found, 00-00---000-VIPSRV_FAILOVER_SWITCH-000---00-00
2026-05-23 00:31:37.086 [com.alibaba.nacos.naming.failover.0] [none] DEBUG com.alibaba.nacos.client.naming - failover switch is not found, 00-00---000-VIPSRV_FAILOVER_SWITCH-000---00-00
2026-05-23 00:31:42.087 [com.alibaba.nacos.naming.failover.0] [none] DEBUG com.alibaba.nacos.client.naming - failover switch is not found, 00-00---000-VIPSRV_FAILOVER_SWITCH-000---00-00
2026-05-23 00:31:47.089 [com.alibaba.nacos.naming.failover.0] [none] DEBUG com.alibaba.nacos.client.naming - failover switch is not found, 00-00---000-VIPSRV_FAILOVER_SWITCH-000---00-00
2026-05-23 00:31:52.089 [com.alibaba.nacos.naming.failover.0] [none] DEBUG com.alibaba.nacos.client.naming - failover switch is not found, 00-00---000-VIPSRV_FAILOVER_SWITCH-000---00-00
2026-05-23 00:31:57.091 [com.alibaba.nacos.naming.failover.0] [none] DEBUG com.alibaba.nacos.client.naming - failover switch is not found, 00-00---000-VIPSRV_FAILOVER_SWITCH-000---00-00
2026-05-23 00:32:02.117 [com.alibaba.nacos.naming.failover.0] [none] DEBUG com.alibaba.nacos.client.naming - failover switch is not found, 00-00---000-VIPSRV_FAILOVER_SWITCH-000---00-00
2026-05-23 00:32:07.117 [com.alibaba.nacos.naming.failover.0] [none] DEBUG com.alibaba.nacos.client.naming - failover switch is not found, 00-00---000-VIPSRV_FAILOVER_SWITCH-000---00-00
2026-05-23 00:32:12.118 [com.alibaba.nacos.naming.failover.0] [none] DEBUG com.alibaba.nacos.client.naming - failover switch is not found, 00-00---000-VIPSRV_FAILOVER_SWITCH-000---00-00
2026-05-23 00:32:17.124 [com.alibaba.nacos.naming.failover.0] [none] DEBUG com.alibaba.nacos.client.naming - failover switch is not found, 00-00---000-VIPSRV_FAILOVER_SWITCH-000---00-00
2026-05-23 00:32:22.126 [com.alibaba.nacos.naming.failover.0] [none] DEBUG com.alibaba.nacos.client.naming - failover switch is not found, 00-00---000-VIPSRV_FAILOVER_SWITCH-000---00-00
2026-05-23 00:32:27.127 [com.alibaba.nacos.naming.failover.0] [none] DEBUG com.alibaba.nacos.client.naming - failover switch is not found, 00-00---000-VIPSRV_FAILOVER_SWITCH-000---00-00
2026-05-23 00:32:32.128 [com.alibaba.nacos.naming.failover.0] [none] DEBUG com.alibaba.nacos.client.naming - failover switch is not found, 00-00---000-VIPSRV_FAILOVER_SWITCH-000---00-00
2026-05-23 00:32:37.131 [com.alibaba.nacos.naming.failover.0] [none] DEBUG com.alibaba.nacos.client.naming - failover switch is not found, 00-00---000-VIPSRV_FAILOVER_SWITCH-000---00-00
2026-05-23 00:32:42.131 [com.alibaba.nacos.naming.failover.0] [none] DEBUG com.alibaba.nacos.client.naming - failover switch is not found, 00-00---000-VIPSRV_FAILOVER_SWITCH-000---00-00
2026-05-23 00:32:47.132 [com.alibaba.nacos.naming.failover.0] [none] DEBUG com.alibaba.nacos.client.naming - failover switch is not found, 00-00---000-VIPSRV_FAILOVER_SWITCH-000---00-00
2026-05-23 00:32:52.135 [com.alibaba.nacos.naming.failover.0] [none] DEBUG com.alibaba.nacos.client.naming - failover switch is not found, 00-00---000-VIPSRV_FAILOVER_SWITCH-000---00-00
2026-05-23 00:32:57.136 [com.alibaba.nacos.naming.failover.0] [none] DEBUG com.alibaba.nacos.client.naming - failover switch is not found, 00-00---000-VIPSRV_FAILOVER_SWITCH-000---00-00
2026-05-23 00:33:02.137 [com.alibaba.nacos.naming.failover.0] [none] DEBUG com.alibaba.nacos.client.naming - failover switch is not found, 00-00---000-VIPSRV_FAILOVER_SWITCH-000---00-00
2026-05-23 00:33:07.138 [com.alibaba.nacos.naming.failover.0] [none] DEBUG com.alibaba.nacos.client.naming - failover switch is not found, 00-00---000-VIPSRV_FAILOVER_SWITCH-000---00-00
2026-05-23 00:33:12.139 [com.alibaba.nacos.naming.failover.0] [none] DEBUG com.alibaba.nacos.client.naming - failover switch is not found, 00-00---000-VIPSRV_FAILOVER_SWITCH-000---00-00
2026-05-23 00:33:17.139 [com.alibaba.nacos.naming.failover.0] [none] DEBUG com.alibaba.nacos.client.naming - failover switch is not found, 00-00---000-VIPSRV_FAILOVER_SWITCH-000---00-00
2026-05-23 00:33:22.140 [com.alibaba.nacos.naming.failover.0] [none] DEBUG com.alibaba.nacos.client.naming - failover switch is not found, 00-00---000-VIPSRV_FAILOVER_SWITCH-000---00-00
2026-05-23 00:33:27.142 [com.alibaba.nacos.naming.failover.0] [none] DEBUG com.alibaba.nacos.client.naming - failover switch is not found, 00-00---000-VIPSRV_FAILOVER_SWITCH-000---00-00
2026-05-23 00:33:32.143 [com.alibaba.nacos.naming.failover.0] [none] DEBUG com.alibaba.nacos.client.naming - failover switch is not found, 00-00---000-VIPSRV_FAILOVER_SWITCH-000---00-00
2026-05-23 00:33:37.145 [com.alibaba.nacos.naming.failover.0] [none] DEBUG com.alibaba.nacos.client.naming - failover switch is not found, 00-00---000-VIPSRV_FAILOVER_SWITCH-000---00-00
2026-05-23 00:33:42.145 [com.alibaba.nacos.naming.failover.0] [none] DEBUG com.alibaba.nacos.client.naming - failover switch is not found, 00-00---000-VIPSRV_FAILOVER_SWITCH-000---00-00
2026-05-23 00:33:47.146 [com.alibaba.nacos.naming.failover.0] [none] DEBUG com.alibaba.nacos.client.naming - failover switch is not found, 00-00---000-VIPSRV_FAILOVER_SWITCH-000---00-00
2026-05-23 00:33:52.147 [com.alibaba.nacos.naming.failover.0] [none] DEBUG com.alibaba.nacos.client.naming - failover switch is not found, 00-00---000-VIPSRV_FAILOVER_SWITCH-000---00-00
2026-05-23 00:33:57.149 [com.alibaba.nacos.naming.failover.0] [none] DEBUG com.alibaba.nacos.client.naming - failover switch is not found, 00-00---000-VIPSRV_FAILOVER_SWITCH-000---00-00
2026-05-23 00:34:02.150 [com.alibaba.nacos.naming.failover.0] [none] DEBUG com.alibaba.nacos.client.naming - failover switch is not found, 00-00---000-VIPSRV_FAILOVER_SWITCH-000---00-00
2026-05-23 00:34:07.151 [com.alibaba.nacos.naming.failover.0] [none] DEBUG com.alibaba.nacos.client.naming - failover switch is not found, 00-00---000-VIPSRV_FAILOVER_SWITCH-000---00-00
2026-05-23 00:34:12.152 [com.alibaba.nacos.naming.failover.0] [none] DEBUG com.alibaba.nacos.client.naming - failover switch is not found, 00-00---000-VIPSRV_FAILOVER_SWITCH-000---00-00
2026-05-23 00:34:17.152 [com.alibaba.nacos.naming.failover.0] [none] DEBUG com.alibaba.nacos.client.naming - failover switch is not found, 00-00---000-VIPSRV_FAILOVER_SWITCH-000---00-00
2026-05-23 00:34:22.153 [com.alibaba.nacos.naming.failover.0] [none] DEBUG com.alibaba.nacos.client.naming - failover switch is not found, 00-00---000-VIPSRV_FAILOVER_SWITCH-000---00-00
2026-05-23 00:34:27.154 [com.alibaba.nacos.naming.failover.0] [none] DEBUG com.alibaba.nacos.client.naming - failover switch is not found, 00-00---000-VIPSRV_FAILOVER_SWITCH-000---00-00
2026-05-23 00:34:32.154 [com.alibaba.nacos.naming.failover.0] [none] DEBUG com.alibaba.nacos.client.naming - failover switch is not found, 00-00---000-VIPSRV_FAILOVER_SWITCH-000---00-00
2026-05-23 00:34:37.155 [com.alibaba.nacos.naming.failover.0] [none] DEBUG com.alibaba.nacos.client.naming - failover switch is not found, 00-00---000-VIPSRV_FAILOVER_SWITCH-000---00-00
2026-05-23 00:34:42.157 [com.alibaba.nacos.naming.failover.0] [none] DEBUG com.alibaba.nacos.client.naming - failover switch is not found, 00-00---000-VIPSRV_FAILOVER_SWITCH-000---00-00
2026-05-23 00:34:47.157 [com.alibaba.nacos.naming.failover.0] [none] DEBUG com.alibaba.nacos.client.naming - failover switch is not found, 00-00---000-VIPSRV_FAILOVER_SWITCH-000---00-00
2026-05-23 00:34:50.933 [com.alibaba.nacos.client.login-executor.0] [none] DEBUG c.a.n.c.c.i.ConfigHttpClientManager - HTTP method: POST, url: http://127.0.0.1:8848/nacos/v3/auth/user/login?username=nacos, body: {password=nacos}
2026-05-23 00:34:50.935 [com.alibaba.nacos.client.login-executor.0] [none] DEBUG c.a.n.c.c.i.ConfigHttpClientManager - Execute via interceptors :[com.alibaba.nacos.client.config.impl.ConfigHttpClientManager$LimiterHttpClientRequestInterceptor@5205b3e2]
2026-05-23 00:34:52.159 [com.alibaba.nacos.naming.failover.0] [none] DEBUG com.alibaba.nacos.client.naming - failover switch is not found, 00-00---000-VIPSRV_FAILOVER_SWITCH-000---00-00
2026-05-23 00:34:57.160 [com.alibaba.nacos.naming.failover.0] [none] DEBUG com.alibaba.nacos.client.naming - failover switch is not found, 00-00---000-VIPSRV_FAILOVER_SWITCH-000---00-00
2026-05-23 00:35:02.162 [com.alibaba.nacos.naming.failover.0] [none] DEBUG com.alibaba.nacos.client.naming - failover switch is not found, 00-00---000-VIPSRV_FAILOVER_SWITCH-000---00-00
2026-05-23 00:35:07.162 [com.alibaba.nacos.naming.failover.0] [none] DEBUG com.alibaba.nacos.client.naming - failover switch is not found, 00-00---000-VIPSRV_FAILOVER_SWITCH-000---00-00
2026-05-23 00:35:12.163 [com.alibaba.nacos.naming.failover.0] [none] DEBUG com.alibaba.nacos.client.naming - failover switch is not found, 00-00---000-VIPSRV_FAILOVER_SWITCH-000---00-00
2026-05-23 00:35:17.165 [com.alibaba.nacos.naming.failover.0] [none] DEBUG com.alibaba.nacos.client.naming - failover switch is not found, 00-00---000-VIPSRV_FAILOVER_SWITCH-000---00-00
2026-05-23 00:35:22.167 [com.alibaba.nacos.naming.failover.0] [none] DEBUG com.alibaba.nacos.client.naming - failover switch is not found, 00-00---000-VIPSRV_FAILOVER_SWITCH-000---00-00
2026-05-23 00:35:27.167 [com.alibaba.nacos.naming.failover.0] [none] DEBUG com.alibaba.nacos.client.naming - failover switch is not found, 00-00---000-VIPSRV_FAILOVER_SWITCH-000---00-00
2026-05-23 00:35:32.169 [com.alibaba.nacos.naming.failover.0] [none] DEBUG com.alibaba.nacos.client.naming - failover switch is not found, 00-00---000-VIPSRV_FAILOVER_SWITCH-000---00-00
2026-05-23 00:35:37.169 [com.alibaba.nacos.naming.failover.0] [none] DEBUG com.alibaba.nacos.client.naming - failover switch is not found, 00-00---000-VIPSRV_FAILOVER_SWITCH-000---00-00
2026-05-23 00:35:42.172 [com.alibaba.nacos.naming.failover.0] [none] DEBUG com.alibaba.nacos.client.naming - failover switch is not found, 00-00---000-VIPSRV_FAILOVER_SWITCH-000---00-00
2026-05-23 00:35:47.195 [com.alibaba.nacos.naming.failover.0] [none] DEBUG com.alibaba.nacos.client.naming - failover switch is not found, 00-00---000-VIPSRV_FAILOVER_SWITCH-000---00-00
2026-05-23 00:35:52.197 [com.alibaba.nacos.naming.failover.0] [none] DEBUG com.alibaba.nacos.client.naming - failover switch is not found, 00-00---000-VIPSRV_FAILOVER_SWITCH-000---00-00
2026-05-23 00:35:57.198 [com.alibaba.nacos.naming.failover.0] [none] DEBUG com.alibaba.nacos.client.naming - failover switch is not found, 00-00---000-VIPSRV_FAILOVER_SWITCH-000---00-00
2026-05-23 00:36:02.200 [com.alibaba.nacos.naming.failover.0] [none] DEBUG com.alibaba.nacos.client.naming - failover switch is not found, 00-00---000-VIPSRV_FAILOVER_SWITCH-000---00-00
2026-05-23 00:36:07.201 [com.alibaba.nacos.naming.failover.0] [none] DEBUG com.alibaba.nacos.client.naming - failover switch is not found, 00-00---000-VIPSRV_FAILOVER_SWITCH-000---00-00
2026-05-23 00:36:12.201 [com.alibaba.nacos.naming.failover.0] [none] DEBUG com.alibaba.nacos.client.naming - failover switch is not found, 00-00---000-VIPSRV_FAILOVER_SWITCH-000---00-00
2026-05-23 00:36:17.203 [com.alibaba.nacos.naming.failover.0] [none] DEBUG com.alibaba.nacos.client.naming - failover switch is not found, 00-00---000-VIPSRV_FAILOVER_SWITCH-000---00-00
2026-05-23 00:36:22.203 [com.alibaba.nacos.naming.failover.0] [none] DEBUG com.alibaba.nacos.client.naming - failover switch is not found, 00-00---000-VIPSRV_FAILOVER_SWITCH-000---00-00
2026-05-23 00:36:27.205 [com.alibaba.nacos.naming.failover.0] [none] DEBUG com.alibaba.nacos.client.naming - failover switch is not found, 00-00---000-VIPSRV_FAILOVER_SWITCH-000---00-00
2026-05-23 00:36:32.206 [com.alibaba.nacos.naming.failover.0] [none] DEBUG com.alibaba.nacos.client.naming - failover switch is not found, 00-00---000-VIPSRV_FAILOVER_SWITCH-000---00-00
2026-05-23 00:36:37.207 [com.alibaba.nacos.naming.failover.0] [none] DEBUG com.alibaba.nacos.client.naming - failover switch is not found, 00-00---000-VIPSRV_FAILOVER_SWITCH-000---00-00
2026-05-23 00:36:42.208 [com.alibaba.nacos.naming.failover.0] [none] DEBUG com.alibaba.nacos.client.naming - failover switch is not found, 00-00---000-VIPSRV_FAILOVER_SWITCH-000---00-00
2026-05-23 00:36:47.209 [com.alibaba.nacos.naming.failover.0] [none] DEBUG com.alibaba.nacos.client.naming - failover switch is not found, 00-00---000-VIPSRV_FAILOVER_SWITCH-000---00-00
2026-05-23 00:36:48.802 [com.alibaba.nacos.client.login-executor.0] [none] DEBUG c.a.n.c.c.i.ConfigHttpClientManager - HTTP method: POST, url: http://127.0.0.1:8848/nacos/v3/auth/user/login?username=nacos, body: {password=nacos}
2026-05-23 00:36:48.802 [com.alibaba.nacos.client.login-executor.0] [none] DEBUG c.a.n.c.c.i.ConfigHttpClientManager - Execute via interceptors :[com.alibaba.nacos.client.config.impl.ConfigHttpClientManager$LimiterHttpClientRequestInterceptor@5205b3e2]
2026-05-23 00:36:52.210 [com.alibaba.nacos.naming.failover.0] [none] DEBUG com.alibaba.nacos.client.naming - failover switch is not found, 00-00---000-VIPSRV_FAILOVER_SWITCH-000---00-00
2026-05-23 00:36:57.212 [com.alibaba.nacos.naming.failover.0] [none] DEBUG com.alibaba.nacos.client.naming - failover switch is not found, 00-00---000-VIPSRV_FAILOVER_SWITCH-000---00-00
2026-05-23 00:37:02.228 [com.alibaba.nacos.naming.failover.0] [none] DEBUG com.alibaba.nacos.client.naming - failover switch is not found, 00-00---000-VIPSRV_FAILOVER_SWITCH-000---00-00
2026-05-23 00:37:07.231 [com.alibaba.nacos.naming.failover.0] [none] DEBUG com.alibaba.nacos.client.naming - failover switch is not found, 00-00---000-VIPSRV_FAILOVER_SWITCH-000---00-00
2026-05-23 00:37:12.234 [com.alibaba.nacos.naming.failover.0] [none] DEBUG com.alibaba.nacos.client.naming - failover switch is not found, 00-00---000-VIPSRV_FAILOVER_SWITCH-000---00-00
2026-05-23 00:37:17.234 [com.alibaba.nacos.naming.failover.0] [none] DEBUG com.alibaba.nacos.client.naming - failover switch is not found, 00-00---000-VIPSRV_FAILOVER_SWITCH-000---00-00
2026-05-23 00:37:22.235 [com.alibaba.nacos.naming.failover.0] [none] DEBUG com.alibaba.nacos.client.naming - failover switch is not found, 00-00---000-VIPSRV_FAILOVER_SWITCH-000---00-00
2026-05-23 00:37:27.236 [com.alibaba.nacos.naming.failover.0] [none] DEBUG com.alibaba.nacos.client.naming - failover switch is not found, 00-00---000-VIPSRV_FAILOVER_SWITCH-000---00-00
2026-05-23 00:37:32.238 [com.alibaba.nacos.naming.failover.0] [none] DEBUG com.alibaba.nacos.client.naming - failover switch is not found, 00-00---000-VIPSRV_FAILOVER_SWITCH-000---00-00
2026-05-23 00:37:37.239 [com.alibaba.nacos.naming.failover.0] [none] DEBUG com.alibaba.nacos.client.naming - failover switch is not found, 00-00---000-VIPSRV_FAILOVER_SWITCH-000---00-00
2026-05-23 00:37:42.240 [com.alibaba.nacos.naming.failover.0] [none] DEBUG com.alibaba.nacos.client.naming - failover switch is not found, 00-00---000-VIPSRV_FAILOVER_SWITCH-000---00-00
2026-05-23 00:37:47.241 [com.alibaba.nacos.naming.failover.0] [none] DEBUG com.alibaba.nacos.client.naming - failover switch is not found, 00-00---000-VIPSRV_FAILOVER_SWITCH-000---00-00
2026-05-23 00:37:52.242 [com.alibaba.nacos.naming.failover.0] [none] DEBUG com.alibaba.nacos.client.naming - failover switch is not found, 00-00---000-VIPSRV_FAILOVER_SWITCH-000---00-00
2026-05-23 00:37:57.243 [com.alibaba.nacos.naming.failover.0] [none] DEBUG com.alibaba.nacos.client.naming - failover switch is not found, 00-00---000-VIPSRV_FAILOVER_SWITCH-000---00-00
2026-05-23 00:38:02.243 [com.alibaba.nacos.naming.failover.0] [none] DEBUG com.alibaba.nacos.client.naming - failover switch is not found, 00-00---000-VIPSRV_FAILOVER_SWITCH-000---00-00
2026-05-23 00:38:07.245 [com.alibaba.nacos.naming.failover.0] [none] DEBUG com.alibaba.nacos.client.naming - failover switch is not found, 00-00---000-VIPSRV_FAILOVER_SWITCH-000---00-00
2026-05-23 00:38:12.247 [com.alibaba.nacos.naming.failover.0] [none] DEBUG com.alibaba.nacos.client.naming - failover switch is not found, 00-00---000-VIPSRV_FAILOVER_SWITCH-000---00-00
2026-05-23 00:38:17.248 [com.alibaba.nacos.naming.failover.0] [none] DEBUG com.alibaba.nacos.client.naming - failover switch is not found, 00-00---000-VIPSRV_FAILOVER_SWITCH-000---00-00
2026-05-23 00:38:22.250 [com.alibaba.nacos.naming.failover.0] [none] DEBUG com.alibaba.nacos.client.naming - failover switch is not found, 00-00---000-VIPSRV_FAILOVER_SWITCH-000---00-00
2026-05-23 00:38:27.251 [com.alibaba.nacos.naming.failover.0] [none] DEBUG com.alibaba.nacos.client.naming - failover switch is not found, 00-00---000-VIPSRV_FAILOVER_SWITCH-000---00-00
2026-05-23 00:38:32.253 [com.alibaba.nacos.naming.failover.0] [none] DEBUG com.alibaba.nacos.client.naming - failover switch is not found, 00-00---000-VIPSRV_FAILOVER_SWITCH-000---00-00
2026-05-23 00:38:37.253 [com.alibaba.nacos.naming.failover.0] [none] DEBUG com.alibaba.nacos.client.naming - failover switch is not found, 00-00---000-VIPSRV_FAILOVER_SWITCH-000---00-00
2026-05-23 00:38:42.255 [com.alibaba.nacos.naming.failover.0] [none] DEBUG com.alibaba.nacos.client.naming - failover switch is not found, 00-00---000-VIPSRV_FAILOVER_SWITCH-000---00-00
2026-05-23 00:38:47.256 [com.alibaba.nacos.naming.failover.0] [none] DEBUG com.alibaba.nacos.client.naming - failover switch is not found, 00-00---000-VIPSRV_FAILOVER_SWITCH-000---00-00
2026-05-23 00:38:52.257 [com.alibaba.nacos.naming.failover.0] [none] DEBUG com.alibaba.nacos.client.naming - failover switch is not found, 00-00---000-VIPSRV_FAILOVER_SWITCH-000---00-00
2026-05-23 00:38:57.258 [com.alibaba.nacos.naming.failover.0] [none] DEBUG com.alibaba.nacos.client.naming - failover switch is not found, 00-00---000-VIPSRV_FAILOVER_SWITCH-000---00-00
2026-05-23 00:39:02.259 [com.alibaba.nacos.naming.failover.0] [none] DEBUG com.alibaba.nacos.client.naming - failover switch is not found, 00-00---000-VIPSRV_FAILOVER_SWITCH-000---00-00
2026-05-23 00:39:07.260 [com.alibaba.nacos.naming.failover.0] [none] DEBUG com.alibaba.nacos.client.naming - failover switch is not found, 00-00---000-VIPSRV_FAILOVER_SWITCH-000---00-00
2026-05-23 00:39:12.261 [com.alibaba.nacos.naming.failover.0] [none] DEBUG com.alibaba.nacos.client.naming - failover switch is not found, 00-00---000-VIPSRV_FAILOVER_SWITCH-000---00-00
2026-05-23 00:39:17.262 [com.alibaba.nacos.naming.failover.0] [none] DEBUG com.alibaba.nacos.client.naming - failover switch is not found, 00-00---000-VIPSRV_FAILOVER_SWITCH-000---00-00
2026-05-23 00:39:22.263 [com.alibaba.nacos.naming.failover.0] [none] DEBUG com.alibaba.nacos.client.naming - failover switch is not found, 00-00---000-VIPSRV_FAILOVER_SWITCH-000---00-00
2026-05-23 00:39:27.264 [com.alibaba.nacos.naming.failover.0] [none] DEBUG com.alibaba.nacos.client.naming - failover switch is not found, 00-00---000-VIPSRV_FAILOVER_SWITCH-000---00-00
2026-05-23 00:39:32.264 [com.alibaba.nacos.naming.failover.0] [none] DEBUG com.alibaba.nacos.client.naming - failover switch is not found, 00-00---000-VIPSRV_FAILOVER_SWITCH-000---00-00
2026-05-23 00:39:37.266 [com.alibaba.nacos.naming.failover.0] [none] DEBUG com.alibaba.nacos.client.naming - failover switch is not found, 00-00---000-VIPSRV_FAILOVER_SWITCH-000---00-00
2026-05-23 00:39:41.539 [com.alibaba.nacos.client.login-executor.0] [none] DEBUG c.a.n.c.c.i.ConfigHttpClientManager - HTTP method: POST, url: http://127.0.0.1:8848/nacos/v3/auth/user/login?username=nacos, body: {password=nacos}
2026-05-23 00:39:41.540 [com.alibaba.nacos.client.login-executor.0] [none] DEBUG c.a.n.c.c.i.ConfigHttpClientManager - Execute via interceptors :[com.alibaba.nacos.client.config.impl.ConfigHttpClientManager$LimiterHttpClientRequestInterceptor@5205b3e2]
2026-05-23 00:39:42.268 [com.alibaba.nacos.naming.failover.0] [none] DEBUG com.alibaba.nacos.client.naming - failover switch is not found, 00-00---000-VIPSRV_FAILOVER_SWITCH-000---00-00
2026-05-23 00:39:47.268 [com.alibaba.nacos.naming.failover.0] [none] DEBUG com.alibaba.nacos.client.naming - failover switch is not found, 00-00---000-VIPSRV_FAILOVER_SWITCH-000---00-00
2026-05-23 00:39:52.269 [com.alibaba.nacos.naming.failover.0] [none] DEBUG com.alibaba.nacos.client.naming - failover switch is not found, 00-00---000-VIPSRV_FAILOVER_SWITCH-000---00-00
2026-05-23 00:39:57.271 [com.alibaba.nacos.naming.failover.0] [none] DEBUG com.alibaba.nacos.client.naming - failover switch is not found, 00-00---000-VIPSRV_FAILOVER_SWITCH-000---00-00
2026-05-23 00:40:02.271 [com.alibaba.nacos.naming.failover.0] [none] DEBUG com.alibaba.nacos.client.naming - failover switch is not found, 00-00---000-VIPSRV_FAILOVER_SWITCH-000---00-00
2026-05-23 00:40:07.272 [com.alibaba.nacos.naming.failover.0] [none] DEBUG com.alibaba.nacos.client.naming - failover switch is not found, 00-00---000-VIPSRV_FAILOVER_SWITCH-000---00-00
2026-05-23 00:40:12.274 [com.alibaba.nacos.naming.failover.0] [none] DEBUG com.alibaba.nacos.client.naming - failover switch is not found, 00-00---000-VIPSRV_FAILOVER_SWITCH-000---00-00
2026-05-23 00:40:17.275 [com.alibaba.nacos.naming.failover.0] [none] DEBUG com.alibaba.nacos.client.naming - failover switch is not found, 00-00---000-VIPSRV_FAILOVER_SWITCH-000---00-00
2026-05-23 00:40:22.275 [com.alibaba.nacos.naming.failover.0] [none] DEBUG com.alibaba.nacos.client.naming - failover switch is not found, 00-00---000-VIPSRV_FAILOVER_SWITCH-000---00-00
2026-05-23 00:40:27.276 [com.alibaba.nacos.naming.failover.0] [none] DEBUG com.alibaba.nacos.client.naming - failover switch is not found, 00-00---000-VIPSRV_FAILOVER_SWITCH-000---00-00
2026-05-23 00:40:32.276 [com.alibaba.nacos.naming.failover.0] [none] DEBUG com.alibaba.nacos.client.naming - failover switch is not found, 00-00---000-VIPSRV_FAILOVER_SWITCH-000---00-00
2026-05-23 00:40:37.277 [com.alibaba.nacos.naming.failover.0] [none] DEBUG com.alibaba.nacos.client.naming - failover switch is not found, 00-00---000-VIPSRV_FAILOVER_SWITCH-000---00-00
2026-05-23 00:40:42.278 [com.alibaba.nacos.naming.failover.0] [none] DEBUG com.alibaba.nacos.client.naming - failover switch is not found, 00-00---000-VIPSRV_FAILOVER_SWITCH-000---00-00
2026-05-23 00:40:47.279 [com.alibaba.nacos.naming.failover.0] [none] DEBUG com.alibaba.nacos.client.naming - failover switch is not found, 00-00---000-VIPSRV_FAILOVER_SWITCH-000---00-00
2026-05-23 00:40:52.280 [com.alibaba.nacos.naming.failover.0] [none] DEBUG com.alibaba.nacos.client.naming - failover switch is not found, 00-00---000-VIPSRV_FAILOVER_SWITCH-000---00-00
2026-05-23 00:40:57.282 [com.alibaba.nacos.naming.failover.0] [none] DEBUG com.alibaba.nacos.client.naming - failover switch is not found, 00-00---000-VIPSRV_FAILOVER_SWITCH-000---00-00
2026-05-23 00:41:02.283 [com.alibaba.nacos.naming.failover.0] [none] DEBUG com.alibaba.nacos.client.naming - failover switch is not found, 00-00---000-VIPSRV_FAILOVER_SWITCH-000---00-00
2026-05-23 00:41:07.284 [com.alibaba.nacos.naming.failover.0] [none] DEBUG com.alibaba.nacos.client.naming - failover switch is not found, 00-00---000-VIPSRV_FAILOVER_SWITCH-000---00-00
2026-05-23 00:41:12.285 [com.alibaba.nacos.naming.failover.0] [none] DEBUG com.alibaba.nacos.client.naming - failover switch is not found, 00-00---000-VIPSRV_FAILOVER_SWITCH-000---00-00
2026-05-23 00:41:17.285 [com.alibaba.nacos.naming.failover.0] [none] DEBUG com.alibaba.nacos.client.naming - failover switch is not found, 00-00---000-VIPSRV_FAILOVER_SWITCH-000---00-00
2026-05-23 00:41:22.286 [com.alibaba.nacos.naming.failover.0] [none] DEBUG com.alibaba.nacos.client.naming - failover switch is not found, 00-00---000-VIPSRV_FAILOVER_SWITCH-000---00-00
2026-05-23 00:41:27.287 [com.alibaba.nacos.naming.failover.0] [none] DEBUG com.alibaba.nacos.client.naming - failover switch is not found, 00-00---000-VIPSRV_FAILOVER_SWITCH-000---00-00
2026-05-23 00:41:32.287 [com.alibaba.nacos.naming.failover.0] [none] DEBUG com.alibaba.nacos.client.naming - failover switch is not found, 00-00---000-VIPSRV_FAILOVER_SWITCH-000---00-00
2026-05-23 00:41:37.288 [com.alibaba.nacos.naming.failover.0] [none] DEBUG com.alibaba.nacos.client.naming - failover switch is not found, 00-00---000-VIPSRV_FAILOVER_SWITCH-000---00-00
2026-05-23 00:41:42.289 [com.alibaba.nacos.naming.failover.0] [none] DEBUG com.alibaba.nacos.client.naming - failover switch is not found, 00-00---000-VIPSRV_FAILOVER_SWITCH-000---00-00
2026-05-23 00:41:47.292 [com.alibaba.nacos.naming.failover.0] [none] DEBUG com.alibaba.nacos.client.naming - failover switch is not found, 00-00---000-VIPSRV_FAILOVER_SWITCH-000---00-00
2026-05-23 00:41:52.293 [com.alibaba.nacos.naming.failover.0] [none] DEBUG com.alibaba.nacos.client.naming - failover switch is not found, 00-00---000-VIPSRV_FAILOVER_SWITCH-000---00-00
2026-05-23 00:41:57.294 [com.alibaba.nacos.naming.failover.0] [none] DEBUG com.alibaba.nacos.client.naming - failover switch is not found, 00-00---000-VIPSRV_FAILOVER_SWITCH-000---00-00
2026-05-23 00:42:02.296 [com.alibaba.nacos.naming.failover.0] [none] DEBUG com.alibaba.nacos.client.naming - failover switch is not found, 00-00---000-VIPSRV_FAILOVER_SWITCH-000---00-00
2026-05-23 00:42:07.298 [com.alibaba.nacos.naming.failover.0] [none] DEBUG com.alibaba.nacos.client.naming - failover switch is not found, 00-00---000-VIPSRV_FAILOVER_SWITCH-000---00-00
2026-05-23 00:42:12.299 [com.alibaba.nacos.naming.failover.0] [none] DEBUG com.alibaba.nacos.client.naming - failover switch is not found, 00-00---000-VIPSRV_FAILOVER_SWITCH-000---00-00
2026-05-23 00:42:17.299 [com.alibaba.nacos.naming.failover.0] [none] DEBUG com.alibaba.nacos.client.naming - failover switch is not found, 00-00---000-VIPSRV_FAILOVER_SWITCH-000---00-00
2026-05-23 00:42:22.301 [com.alibaba.nacos.naming.failover.0] [none] DEBUG com.alibaba.nacos.client.naming - failover switch is not found, 00-00---000-VIPSRV_FAILOVER_SWITCH-000---00-00
2026-05-23 00:42:27.302 [com.alibaba.nacos.naming.failover.0] [none] DEBUG com.alibaba.nacos.client.naming - failover switch is not found, 00-00---000-VIPSRV_FAILOVER_SWITCH-000---00-00
2026-05-23 00:42:32.302 [com.alibaba.nacos.naming.failover.0] [none] DEBUG com.alibaba.nacos.client.naming - failover switch is not found, 00-00---000-VIPSRV_FAILOVER_SWITCH-000---00-00
2026-05-23 00:42:37.303 [com.alibaba.nacos.naming.failover.0] [none] DEBUG com.alibaba.nacos.client.naming - failover switch is not found, 00-00---000-VIPSRV_FAILOVER_SWITCH-000---00-00
2026-05-23 00:42:42.305 [com.alibaba.nacos.naming.failover.0] [none] DEBUG com.alibaba.nacos.client.naming - failover switch is not found, 00-00---000-VIPSRV_FAILOVER_SWITCH-000---00-00
2026-05-23 00:42:47.306 [com.alibaba.nacos.naming.failover.0] [none] DEBUG com.alibaba.nacos.client.naming - failover switch is not found, 00-00---000-VIPSRV_FAILOVER_SWITCH-000---00-00
2026-05-23 00:42:52.308 [com.alibaba.nacos.naming.failover.0] [none] DEBUG com.alibaba.nacos.client.naming - failover switch is not found, 00-00---000-VIPSRV_FAILOVER_SWITCH-000---00-00
2026-05-23 00:42:57.308 [com.alibaba.nacos.naming.failover.0] [none] DEBUG com.alibaba.nacos.client.naming - failover switch is not found, 00-00---000-VIPSRV_FAILOVER_SWITCH-000---00-00
2026-05-23 00:43:02.309 [com.alibaba.nacos.naming.failover.0] [none] DEBUG com.alibaba.nacos.client.naming - failover switch is not found, 00-00---000-VIPSRV_FAILOVER_SWITCH-000---00-00
2026-05-23 00:43:07.310 [com.alibaba.nacos.naming.failover.0] [none] DEBUG com.alibaba.nacos.client.naming - failover switch is not found, 00-00---000-VIPSRV_FAILOVER_SWITCH-000---00-00
2026-05-23 00:43:12.316 [com.alibaba.nacos.naming.failover.0] [none] DEBUG com.alibaba.nacos.client.naming - failover switch is not found, 00-00---000-VIPSRV_FAILOVER_SWITCH-000---00-00
2026-05-23 00:43:17.317 [com.alibaba.nacos.naming.failover.0] [none] DEBUG com.alibaba.nacos.client.naming - failover switch is not found, 00-00---000-VIPSRV_FAILOVER_SWITCH-000---00-00
2026-05-23 00:43:22.318 [com.alibaba.nacos.naming.failover.0] [none] DEBUG com.alibaba.nacos.client.naming - failover switch is not found, 00-00---000-VIPSRV_FAILOVER_SWITCH-000---00-00
2026-05-23 00:43:27.319 [com.alibaba.nacos.naming.failover.0] [none] DEBUG com.alibaba.nacos.client.naming - failover switch is not found, 00-00---000-VIPSRV_FAILOVER_SWITCH-000---00-00
2026-05-23 00:43:32.319 [com.alibaba.nacos.naming.failover.0] [none] DEBUG com.alibaba.nacos.client.naming - failover switch is not found, 00-00---000-VIPSRV_FAILOVER_SWITCH-000---00-00
2026-05-23 00:43:37.321 [com.alibaba.nacos.naming.failover.0] [none] DEBUG com.alibaba.nacos.client.naming - failover switch is not found, 00-00---000-VIPSRV_FAILOVER_SWITCH-000---00-00
2026-05-23 00:43:42.322 [com.alibaba.nacos.naming.failover.0] [none] DEBUG com.alibaba.nacos.client.naming - failover switch is not found, 00-00---000-VIPSRV_FAILOVER_SWITCH-000---00-00
2026-05-23 00:43:47.322 [com.alibaba.nacos.naming.failover.0] [none] DEBUG com.alibaba.nacos.client.naming - failover switch is not found, 00-00---000-VIPSRV_FAILOVER_SWITCH-000---00-00
2026-05-23 00:43:52.324 [com.alibaba.nacos.naming.failover.0] [none] DEBUG com.alibaba.nacos.client.naming - failover switch is not found, 00-00---000-VIPSRV_FAILOVER_SWITCH-000---00-00
2026-05-23 00:43:57.325 [com.alibaba.nacos.naming.failover.0] [none] DEBUG com.alibaba.nacos.client.naming - failover switch is not found, 00-00---000-VIPSRV_FAILOVER_SWITCH-000---00-00
2026-05-23 00:44:02.326 [com.alibaba.nacos.naming.failover.0] [none] DEBUG com.alibaba.nacos.client.naming - failover switch is not found, 00-00---000-VIPSRV_FAILOVER_SWITCH-000---00-00
2026-05-23 00:44:07.326 [com.alibaba.nacos.naming.failover.0] [none] DEBUG com.alibaba.nacos.client.naming - failover switch is not found, 00-00---000-VIPSRV_FAILOVER_SWITCH-000---00-00
2026-05-23 00:44:12.327 [com.alibaba.nacos.naming.failover.0] [none] DEBUG com.alibaba.nacos.client.naming - failover switch is not found, 00-00---000-VIPSRV_FAILOVER_SWITCH-000---00-00
2026-05-23 00:44:17.328 [com.alibaba.nacos.naming.failover.0] [none] DEBUG com.alibaba.nacos.client.naming - failover switch is not found, 00-00---000-VIPSRV_FAILOVER_SWITCH-000---00-00
2026-05-23 00:44:22.329 [com.alibaba.nacos.naming.failover.0] [none] DEBUG com.alibaba.nacos.client.naming - failover switch is not found, 00-00---000-VIPSRV_FAILOVER_SWITCH-000---00-00
2026-05-23 00:44:27.330 [com.alibaba.nacos.naming.failover.0] [none] DEBUG com.alibaba.nacos.client.naming - failover switch is not found, 00-00---000-VIPSRV_FAILOVER_SWITCH-000---00-00
2026-05-23 00:44:32.330 [com.alibaba.nacos.naming.failover.0] [none] DEBUG com.alibaba.nacos.client.naming - failover switch is not found, 00-00---000-VIPSRV_FAILOVER_SWITCH-000---00-00
2026-05-23 00:44:37.332 [com.alibaba.nacos.naming.failover.0] [none] DEBUG com.alibaba.nacos.client.naming - failover switch is not found, 00-00---000-VIPSRV_FAILOVER_SWITCH-000---00-00
2026-05-23 00:44:42.334 [com.alibaba.nacos.naming.failover.0] [none] DEBUG com.alibaba.nacos.client.naming - failover switch is not found, 00-00---000-VIPSRV_FAILOVER_SWITCH-000---00-00
2026-05-23 00:44:47.335 [com.alibaba.nacos.naming.failover.0] [none] DEBUG com.alibaba.nacos.client.naming - failover switch is not found, 00-00---000-VIPSRV_FAILOVER_SWITCH-000---00-00
2026-05-23 00:44:52.336 [com.alibaba.nacos.naming.failover.0] [none] DEBUG com.alibaba.nacos.client.naming - failover switch is not found, 00-00---000-VIPSRV_FAILOVER_SWITCH-000---00-00
2026-05-23 00:44:57.337 [com.alibaba.nacos.naming.failover.0] [none] DEBUG com.alibaba.nacos.client.naming - failover switch is not found, 00-00---000-VIPSRV_FAILOVER_SWITCH-000---00-00
2026-05-23 00:45:02.338 [com.alibaba.nacos.naming.failover.0] [none] DEBUG com.alibaba.nacos.client.naming - failover switch is not found, 00-00---000-VIPSRV_FAILOVER_SWITCH-000---00-00
2026-05-23 00:45:07.340 [com.alibaba.nacos.naming.failover.0] [none] DEBUG com.alibaba.nacos.client.naming - failover switch is not found, 00-00---000-VIPSRV_FAILOVER_SWITCH-000---00-00
2026-05-23 00:45:12.340 [com.alibaba.nacos.naming.failover.0] [none] DEBUG com.alibaba.nacos.client.naming - failover switch is not found, 00-00---000-VIPSRV_FAILOVER_SWITCH-000---00-00
2026-05-23 00:45:17.341 [com.alibaba.nacos.naming.failover.0] [none] DEBUG com.alibaba.nacos.client.naming - failover switch is not found, 00-00---000-VIPSRV_FAILOVER_SWITCH-000---00-00
2026-05-23 00:45:22.342 [com.alibaba.nacos.naming.failover.0] [none] DEBUG com.alibaba.nacos.client.naming - failover switch is not found, 00-00---000-VIPSRV_FAILOVER_SWITCH-000---00-00
2026-05-23 00:45:27.343 [com.alibaba.nacos.naming.failover.0] [none] DEBUG com.alibaba.nacos.client.naming - failover switch is not found, 00-00---000-VIPSRV_FAILOVER_SWITCH-000---00-00
2026-05-23 00:45:32.344 [com.alibaba.nacos.naming.failover.0] [none] DEBUG com.alibaba.nacos.client.naming - failover switch is not found, 00-00---000-VIPSRV_FAILOVER_SWITCH-000---00-00
2026-05-23 00:45:37.345 [com.alibaba.nacos.naming.failover.0] [none] DEBUG com.alibaba.nacos.client.naming - failover switch is not found, 00-00---000-VIPSRV_FAILOVER_SWITCH-000---00-00
2026-05-23 00:45:42.346 [com.alibaba.nacos.naming.failover.0] [none] DEBUG com.alibaba.nacos.client.naming - failover switch is not found, 00-00---000-VIPSRV_FAILOVER_SWITCH-000---00-00
2026-05-23 00:45:47.347 [com.alibaba.nacos.naming.failover.0] [none] DEBUG com.alibaba.nacos.client.naming - failover switch is not found, 00-00---000-VIPSRV_FAILOVER_SWITCH-000---00-00
2026-05-23 00:45:52.348 [com.alibaba.nacos.naming.failover.0] [none] DEBUG com.alibaba.nacos.client.naming - failover switch is not found, 00-00---000-VIPSRV_FAILOVER_SWITCH-000---00-00
2026-05-23 00:45:57.350 [com.alibaba.nacos.naming.failover.0] [none] DEBUG com.alibaba.nacos.client.naming - failover switch is not found, 00-00---000-VIPSRV_FAILOVER_SWITCH-000---00-00
2026-05-23 00:46:02.350 [com.alibaba.nacos.naming.failover.0] [none] DEBUG com.alibaba.nacos.client.naming - failover switch is not found, 00-00---000-VIPSRV_FAILOVER_SWITCH-000---00-00
2026-05-23 00:46:07.351 [com.alibaba.nacos.naming.failover.0] [none] DEBUG com.alibaba.nacos.client.naming - failover switch is not found, 00-00---000-VIPSRV_FAILOVER_SWITCH-000---00-00
2026-05-23 00:46:12.351 [com.alibaba.nacos.naming.failover.0] [none] DEBUG com.alibaba.nacos.client.naming - failover switch is not found, 00-00---000-VIPSRV_FAILOVER_SWITCH-000---00-00
2026-05-23 00:46:17.352 [com.alibaba.nacos.naming.failover.0] [none] DEBUG com.alibaba.nacos.client.naming - failover switch is not found, 00-00---000-VIPSRV_FAILOVER_SWITCH-000---00-00
2026-05-23 00:46:22.353 [com.alibaba.nacos.naming.failover.0] [none] DEBUG com.alibaba.nacos.client.naming - failover switch is not found, 00-00---000-VIPSRV_FAILOVER_SWITCH-000---00-00
2026-05-23 00:46:27.354 [com.alibaba.nacos.naming.failover.0] [none] DEBUG com.alibaba.nacos.client.naming - failover switch is not found, 00-00---000-VIPSRV_FAILOVER_SWITCH-000---00-00
2026-05-23 00:46:32.355 [com.alibaba.nacos.naming.failover.0] [none] DEBUG com.alibaba.nacos.client.naming - failover switch is not found, 00-00---000-VIPSRV_FAILOVER_SWITCH-000---00-00
2026-05-23 00:46:37.359 [com.alibaba.nacos.naming.failover.0] [none] DEBUG com.alibaba.nacos.client.naming - failover switch is not found, 00-00---000-VIPSRV_FAILOVER_SWITCH-000---00-00
2026-05-23 00:46:42.361 [com.alibaba.nacos.naming.failover.0] [none] DEBUG com.alibaba.nacos.client.naming - failover switch is not found, 00-00---000-VIPSRV_FAILOVER_SWITCH-000---00-00
2026-05-23 00:46:47.364 [com.alibaba.nacos.naming.failover.0] [none] DEBUG com.alibaba.nacos.client.naming - failover switch is not found, 00-00---000-VIPSRV_FAILOVER_SWITCH-000---00-00
2026-05-23 00:46:52.367 [com.alibaba.nacos.naming.failover.0] [none] DEBUG com.alibaba.nacos.client.naming - failover switch is not found, 00-00---000-VIPSRV_FAILOVER_SWITCH-000---00-00
2026-05-23 00:46:57.368 [com.alibaba.nacos.naming.failover.0] [none] DEBUG com.alibaba.nacos.client.naming - failover switch is not found, 00-00---000-VIPSRV_FAILOVER_SWITCH-000---00-00
2026-05-23 00:47:02.368 [com.alibaba.nacos.naming.failover.0] [none] DEBUG com.alibaba.nacos.client.naming - failover switch is not found, 00-00---000-VIPSRV_FAILOVER_SWITCH-000---00-00
2026-05-23 00:47:07.369 [com.alibaba.nacos.naming.failover.0] [none] DEBUG com.alibaba.nacos.client.naming - failover switch is not found, 00-00---000-VIPSRV_FAILOVER_SWITCH-000---00-00
2026-05-23 00:47:11.043 [com.alibaba.nacos.client.naming.security.0] [none] DEBUG com.alibaba.nacos.client.naming - HTTP method: POST, url: http://127.0.0.1:8848/nacos/v3/auth/user/login?username=nacos, body: {password=nacos}
2026-05-23 00:47:12.370 [com.alibaba.nacos.naming.failover.0] [none] DEBUG com.alibaba.nacos.client.naming - failover switch is not found, 00-00---000-VIPSRV_FAILOVER_SWITCH-000---00-00
2026-05-23 00:47:17.370 [com.alibaba.nacos.naming.failover.0] [none] DEBUG com.alibaba.nacos.client.naming - failover switch is not found, 00-00---000-VIPSRV_FAILOVER_SWITCH-000---00-00
2026-05-23 00:47:22.371 [com.alibaba.nacos.naming.failover.0] [none] DEBUG com.alibaba.nacos.client.naming - failover switch is not found, 00-00---000-VIPSRV_FAILOVER_SWITCH-000---00-00
2026-05-23 00:47:27.371 [com.alibaba.nacos.naming.failover.0] [none] DEBUG com.alibaba.nacos.client.naming - failover switch is not found, 00-00---000-VIPSRV_FAILOVER_SWITCH-000---00-00
2026-05-23 00:47:32.373 [com.alibaba.nacos.naming.failover.0] [none] DEBUG com.alibaba.nacos.client.naming - failover switch is not found, 00-00---000-VIPSRV_FAILOVER_SWITCH-000---00-00
2026-05-23 00:47:37.374 [com.alibaba.nacos.naming.failover.0] [none] DEBUG com.alibaba.nacos.client.naming - failover switch is not found, 00-00---000-VIPSRV_FAILOVER_SWITCH-000---00-00
2026-05-23 00:47:42.375 [com.alibaba.nacos.naming.failover.0] [none] DEBUG com.alibaba.nacos.client.naming - failover switch is not found, 00-00---000-VIPSRV_FAILOVER_SWITCH-000---00-00
2026-05-23 00:47:47.376 [com.alibaba.nacos.naming.failover.0] [none] DEBUG com.alibaba.nacos.client.naming - failover switch is not found, 00-00---000-VIPSRV_FAILOVER_SWITCH-000---00-00
2026-05-23 00:47:52.377 [com.alibaba.nacos.naming.failover.0] [none] DEBUG com.alibaba.nacos.client.naming - failover switch is not found, 00-00---000-VIPSRV_FAILOVER_SWITCH-000---00-00
2026-05-23 00:47:57.378 [com.alibaba.nacos.naming.failover.0] [none] DEBUG com.alibaba.nacos.client.naming - failover switch is not found, 00-00---000-VIPSRV_FAILOVER_SWITCH-000---00-00
2026-05-23 00:48:02.379 [com.alibaba.nacos.naming.failover.0] [none] DEBUG com.alibaba.nacos.client.naming - failover switch is not found, 00-00---000-VIPSRV_FAILOVER_SWITCH-000---00-00
2026-05-23 00:48:07.380 [com.alibaba.nacos.naming.failover.0] [none] DEBUG com.alibaba.nacos.client.naming - failover switch is not found, 00-00---000-VIPSRV_FAILOVER_SWITCH-000---00-00
2026-05-23 00:48:12.381 [com.alibaba.nacos.naming.failover.0] [none] DEBUG com.alibaba.nacos.client.naming - failover switch is not found, 00-00---000-VIPSRV_FAILOVER_SWITCH-000---00-00
2026-05-23 00:48:17.382 [com.alibaba.nacos.naming.failover.0] [none] DEBUG com.alibaba.nacos.client.naming - failover switch is not found, 00-00---000-VIPSRV_FAILOVER_SWITCH-000---00-00
2026-05-23 00:48:22.382 [com.alibaba.nacos.naming.failover.0] [none] DEBUG com.alibaba.nacos.client.naming - failover switch is not found, 00-00---000-VIPSRV_FAILOVER_SWITCH-000---00-00
2026-05-23 00:48:27.384 [com.alibaba.nacos.naming.failover.0] [none] DEBUG com.alibaba.nacos.client.naming - failover switch is not found, 00-00---000-VIPSRV_FAILOVER_SWITCH-000---00-00
2026-05-23 00:48:32.385 [com.alibaba.nacos.naming.failover.0] [none] DEBUG com.alibaba.nacos.client.naming - failover switch is not found, 00-00---000-VIPSRV_FAILOVER_SWITCH-000---00-00
2026-05-23 00:48:37.386 [com.alibaba.nacos.naming.failover.0] [none] DEBUG com.alibaba.nacos.client.naming - failover switch is not found, 00-00---000-VIPSRV_FAILOVER_SWITCH-000---00-00
2026-05-23 00:48:42.388 [com.alibaba.nacos.naming.failover.0] [none] DEBUG com.alibaba.nacos.client.naming - failover switch is not found, 00-00---000-VIPSRV_FAILOVER_SWITCH-000---00-00
2026-05-23 00:48:47.388 [com.alibaba.nacos.naming.failover.0] [none] DEBUG com.alibaba.nacos.client.naming - failover switch is not found, 00-00---000-VIPSRV_FAILOVER_SWITCH-000---00-00
2026-05-23 00:48:52.389 [com.alibaba.nacos.naming.failover.0] [none] DEBUG com.alibaba.nacos.client.naming - failover switch is not found, 00-00---000-VIPSRV_FAILOVER_SWITCH-000---00-00
2026-05-23 00:48:57.390 [com.alibaba.nacos.naming.failover.0] [none] DEBUG com.alibaba.nacos.client.naming - failover switch is not found, 00-00---000-VIPSRV_FAILOVER_SWITCH-000---00-00
2026-05-23 00:49:02.390 [com.alibaba.nacos.naming.failover.0] [none] DEBUG com.alibaba.nacos.client.naming - failover switch is not found, 00-00---000-VIPSRV_FAILOVER_SWITCH-000---00-00
2026-05-23 00:49:07.391 [com.alibaba.nacos.naming.failover.0] [none] DEBUG com.alibaba.nacos.client.naming - failover switch is not found, 00-00---000-VIPSRV_FAILOVER_SWITCH-000---00-00
2026-05-23 00:49:12.393 [com.alibaba.nacos.naming.failover.0] [none] DEBUG com.alibaba.nacos.client.naming - failover switch is not found, 00-00---000-VIPSRV_FAILOVER_SWITCH-000---00-00
2026-05-23 00:49:17.396 [com.alibaba.nacos.naming.failover.0] [none] DEBUG com.alibaba.nacos.client.naming - failover switch is not found, 00-00---000-VIPSRV_FAILOVER_SWITCH-000---00-00
2026-05-23 00:49:22.398 [com.alibaba.nacos.naming.failover.0] [none] DEBUG com.alibaba.nacos.client.naming - failover switch is not found, 00-00---000-VIPSRV_FAILOVER_SWITCH-000---00-00
2026-05-23 00:49:27.399 [com.alibaba.nacos.naming.failover.0] [none] DEBUG com.alibaba.nacos.client.naming - failover switch is not found, 00-00---000-VIPSRV_FAILOVER_SWITCH-000---00-00
2026-05-23 00:49:32.399 [com.alibaba.nacos.naming.failover.0] [none] DEBUG com.alibaba.nacos.client.naming - failover switch is not found, 00-00---000-VIPSRV_FAILOVER_SWITCH-000---00-00
2026-05-23 00:49:37.400 [com.alibaba.nacos.naming.failover.0] [none] DEBUG com.alibaba.nacos.client.naming - failover switch is not found, 00-00---000-VIPSRV_FAILOVER_SWITCH-000---00-00
2026-05-23 00:49:42.401 [com.alibaba.nacos.naming.failover.0] [none] DEBUG com.alibaba.nacos.client.naming - failover switch is not found, 00-00---000-VIPSRV_FAILOVER_SWITCH-000---00-00
2026-05-23 00:49:47.402 [com.alibaba.nacos.naming.failover.0] [none] DEBUG com.alibaba.nacos.client.naming - failover switch is not found, 00-00---000-VIPSRV_FAILOVER_SWITCH-000---00-00
2026-05-23 00:49:52.403 [com.alibaba.nacos.naming.failover.0] [none] DEBUG com.alibaba.nacos.client.naming - failover switch is not found, 00-00---000-VIPSRV_FAILOVER_SWITCH-000---00-00
2026-05-23 00:49:57.404 [com.alibaba.nacos.naming.failover.0] [none] DEBUG com.alibaba.nacos.client.naming - failover switch is not found, 00-00---000-VIPSRV_FAILOVER_SWITCH-000---00-00
2026-05-23 00:50:02.405 [com.alibaba.nacos.naming.failover.0] [none] DEBUG com.alibaba.nacos.client.naming - failover switch is not found, 00-00---000-VIPSRV_FAILOVER_SWITCH-000---00-00
2026-05-23 00:50:07.406 [com.alibaba.nacos.naming.failover.0] [none] DEBUG com.alibaba.nacos.client.naming - failover switch is not found, 00-00---000-VIPSRV_FAILOVER_SWITCH-000---00-00
2026-05-23 00:50:12.407 [com.alibaba.nacos.naming.failover.0] [none] DEBUG com.alibaba.nacos.client.naming - failover switch is not found, 00-00---000-VIPSRV_FAILOVER_SWITCH-000---00-00
2026-05-23 00:50:17.408 [com.alibaba.nacos.naming.failover.0] [none] DEBUG com.alibaba.nacos.client.naming - failover switch is not found, 00-00---000-VIPSRV_FAILOVER_SWITCH-000---00-00
2026-05-23 00:50:22.408 [com.alibaba.nacos.naming.failover.0] [none] DEBUG com.alibaba.nacos.client.naming - failover switch is not found, 00-00---000-VIPSRV_FAILOVER_SWITCH-000---00-00
2026-05-23 00:50:27.410 [com.alibaba.nacos.naming.failover.0] [none] DEBUG com.alibaba.nacos.client.naming - failover switch is not found, 00-00---000-VIPSRV_FAILOVER_SWITCH-000---00-00
2026-05-23 00:50:32.411 [com.alibaba.nacos.naming.failover.0] [none] DEBUG com.alibaba.nacos.client.naming - failover switch is not found, 00-00---000-VIPSRV_FAILOVER_SWITCH-000---00-00
2026-05-23 00:50:37.412 [com.alibaba.nacos.naming.failover.0] [none] DEBUG com.alibaba.nacos.client.naming - failover switch is not found, 00-00---000-VIPSRV_FAILOVER_SWITCH-000---00-00
2026-05-23 00:50:42.414 [com.alibaba.nacos.naming.failover.0] [none] DEBUG com.alibaba.nacos.client.naming - failover switch is not found, 00-00---000-VIPSRV_FAILOVER_SWITCH-000---00-00
2026-05-23 00:50:47.415 [com.alibaba.nacos.naming.failover.0] [none] DEBUG com.alibaba.nacos.client.naming - failover switch is not found, 00-00---000-VIPSRV_FAILOVER_SWITCH-000---00-00
2026-05-23 00:50:52.415 [com.alibaba.nacos.naming.failover.0] [none] DEBUG com.alibaba.nacos.client.naming - failover switch is not found, 00-00---000-VIPSRV_FAILOVER_SWITCH-000---00-00
2026-05-23 00:50:57.416 [com.alibaba.nacos.naming.failover.0] [none] DEBUG com.alibaba.nacos.client.naming - failover switch is not found, 00-00---000-VIPSRV_FAILOVER_SWITCH-000---00-00
2026-05-23 00:51:02.417 [com.alibaba.nacos.naming.failover.0] [none] DEBUG com.alibaba.nacos.client.naming - failover switch is not found, 00-00---000-VIPSRV_FAILOVER_SWITCH-000---00-00
2026-05-23 00:51:07.419 [com.alibaba.nacos.naming.failover.0] [none] DEBUG com.alibaba.nacos.client.naming - failover switch is not found, 00-00---000-VIPSRV_FAILOVER_SWITCH-000---00-00
2026-05-23 00:51:12.420 [com.alibaba.nacos.naming.failover.0] [none] DEBUG com.alibaba.nacos.client.naming - failover switch is not found, 00-00---000-VIPSRV_FAILOVER_SWITCH-000---00-00
2026-05-23 00:51:17.420 [com.alibaba.nacos.naming.failover.0] [none] DEBUG com.alibaba.nacos.client.naming - failover switch is not found, 00-00---000-VIPSRV_FAILOVER_SWITCH-000---00-00
2026-05-23 00:51:22.422 [com.alibaba.nacos.naming.failover.0] [none] DEBUG com.alibaba.nacos.client.naming - failover switch is not found, 00-00---000-VIPSRV_FAILOVER_SWITCH-000---00-00
2026-05-23 00:51:27.424 [com.alibaba.nacos.naming.failover.0] [none] DEBUG com.alibaba.nacos.client.naming - failover switch is not found, 00-00---000-VIPSRV_FAILOVER_SWITCH-000---00-00
2026-05-23 00:51:32.424 [com.alibaba.nacos.naming.failover.0] [none] DEBUG com.alibaba.nacos.client.naming - failover switch is not found, 00-00---000-VIPSRV_FAILOVER_SWITCH-000---00-00
2026-05-23 00:51:37.425 [com.alibaba.nacos.naming.failover.0] [none] DEBUG com.alibaba.nacos.client.naming - failover switch is not found, 00-00---000-VIPSRV_FAILOVER_SWITCH-000---00-00
2026-05-23 00:51:42.426 [com.alibaba.nacos.naming.failover.0] [none] DEBUG com.alibaba.nacos.client.naming - failover switch is not found, 00-00---000-VIPSRV_FAILOVER_SWITCH-000---00-00
2026-05-23 00:51:47.428 [com.alibaba.nacos.naming.failover.0] [none] DEBUG com.alibaba.nacos.client.naming - failover switch is not found, 00-00---000-VIPSRV_FAILOVER_SWITCH-000---00-00
2026-05-23 00:51:52.430 [com.alibaba.nacos.naming.failover.0] [none] DEBUG com.alibaba.nacos.client.naming - failover switch is not found, 00-00---000-VIPSRV_FAILOVER_SWITCH-000---00-00
2026-05-23 00:51:57.431 [com.alibaba.nacos.naming.failover.0] [none] DEBUG com.alibaba.nacos.client.naming - failover switch is not found, 00-00---000-VIPSRV_FAILOVER_SWITCH-000---00-00
2026-05-23 00:52:02.432 [com.alibaba.nacos.naming.failover.0] [none] DEBUG com.alibaba.nacos.client.naming - failover switch is not found, 00-00---000-VIPSRV_FAILOVER_SWITCH-000---00-00
2026-05-23 00:52:07.433 [com.alibaba.nacos.naming.failover.0] [none] DEBUG com.alibaba.nacos.client.naming - failover switch is not found, 00-00---000-VIPSRV_FAILOVER_SWITCH-000---00-00
2026-05-23 00:52:12.434 [com.alibaba.nacos.naming.failover.0] [none] DEBUG com.alibaba.nacos.client.naming - failover switch is not found, 00-00---000-VIPSRV_FAILOVER_SWITCH-000---00-00
2026-05-23 00:52:17.435 [com.alibaba.nacos.naming.failover.0] [none] DEBUG com.alibaba.nacos.client.naming - failover switch is not found, 00-00---000-VIPSRV_FAILOVER_SWITCH-000---00-00
2026-05-23 00:52:22.436 [com.alibaba.nacos.naming.failover.0] [none] DEBUG com.alibaba.nacos.client.naming - failover switch is not found, 00-00---000-VIPSRV_FAILOVER_SWITCH-000---00-00
2026-05-23 00:52:27.438 [com.alibaba.nacos.naming.failover.0] [none] DEBUG com.alibaba.nacos.client.naming - failover switch is not found, 00-00---000-VIPSRV_FAILOVER_SWITCH-000---00-00
2026-05-23 00:52:32.439 [com.alibaba.nacos.naming.failover.0] [none] DEBUG com.alibaba.nacos.client.naming - failover switch is not found, 00-00---000-VIPSRV_FAILOVER_SWITCH-000---00-00
2026-05-23 00:52:37.440 [com.alibaba.nacos.naming.failover.0] [none] DEBUG com.alibaba.nacos.client.naming - failover switch is not found, 00-00---000-VIPSRV_FAILOVER_SWITCH-000---00-00
2026-05-23 00:52:42.441 [com.alibaba.nacos.naming.failover.0] [none] DEBUG com.alibaba.nacos.client.naming - failover switch is not found, 00-00---000-VIPSRV_FAILOVER_SWITCH-000---00-00
2026-05-23 00:52:47.443 [com.alibaba.nacos.naming.failover.0] [none] DEBUG com.alibaba.nacos.client.naming - failover switch is not found, 00-00---000-VIPSRV_FAILOVER_SWITCH-000---00-00
2026-05-23 00:52:52.444 [com.alibaba.nacos.naming.failover.0] [none] DEBUG com.alibaba.nacos.client.naming - failover switch is not found, 00-00---000-VIPSRV_FAILOVER_SWITCH-000---00-00
2026-05-23 00:52:57.444 [com.alibaba.nacos.naming.failover.0] [none] DEBUG com.alibaba.nacos.client.naming - failover switch is not found, 00-00---000-VIPSRV_FAILOVER_SWITCH-000---00-00
2026-05-23 00:53:02.445 [com.alibaba.nacos.naming.failover.0] [none] DEBUG com.alibaba.nacos.client.naming - failover switch is not found, 00-00---000-VIPSRV_FAILOVER_SWITCH-000---00-00
2026-05-23 00:53:07.446 [com.alibaba.nacos.naming.failover.0] [none] DEBUG com.alibaba.nacos.client.naming - failover switch is not found, 00-00---000-VIPSRV_FAILOVER_SWITCH-000---00-00
2026-05-23 00:53:12.446 [com.alibaba.nacos.naming.failover.0] [none] DEBUG com.alibaba.nacos.client.naming - failover switch is not found, 00-00---000-VIPSRV_FAILOVER_SWITCH-000---00-00
2026-05-23 00:53:17.447 [com.alibaba.nacos.naming.failover.0] [none] DEBUG com.alibaba.nacos.client.naming - failover switch is not found, 00-00---000-VIPSRV_FAILOVER_SWITCH-000---00-00
2026-05-23 00:53:22.448 [com.alibaba.nacos.naming.failover.0] [none] DEBUG com.alibaba.nacos.client.naming - failover switch is not found, 00-00---000-VIPSRV_FAILOVER_SWITCH-000---00-00
2026-05-23 00:53:27.449 [com.alibaba.nacos.naming.failover.0] [none] DEBUG com.alibaba.nacos.client.naming - failover switch is not found, 00-00---000-VIPSRV_FAILOVER_SWITCH-000---00-00
2026-05-23 00:53:32.450 [com.alibaba.nacos.naming.failover.0] [none] DEBUG com.alibaba.nacos.client.naming - failover switch is not found, 00-00---000-VIPSRV_FAILOVER_SWITCH-000---00-00
2026-05-23 00:53:37.450 [com.alibaba.nacos.naming.failover.0] [none] DEBUG com.alibaba.nacos.client.naming - failover switch is not found, 00-00---000-VIPSRV_FAILOVER_SWITCH-000---00-00
2026-05-23 00:53:42.451 [com.alibaba.nacos.naming.failover.0] [none] DEBUG com.alibaba.nacos.client.naming - failover switch is not found, 00-00---000-VIPSRV_FAILOVER_SWITCH-000---00-00
2026-05-23 00:53:47.453 [com.alibaba.nacos.naming.failover.0] [none] DEBUG com.alibaba.nacos.client.naming - failover switch is not found, 00-00---000-VIPSRV_FAILOVER_SWITCH-000---00-00
2026-05-23 00:53:52.453 [com.alibaba.nacos.naming.failover.0] [none] DEBUG com.alibaba.nacos.client.naming - failover switch is not found, 00-00---000-VIPSRV_FAILOVER_SWITCH-000---00-00
2026-05-23 00:53:57.454 [com.alibaba.nacos.naming.failover.0] [none] DEBUG com.alibaba.nacos.client.naming - failover switch is not found, 00-00---000-VIPSRV_FAILOVER_SWITCH-000---00-00
2026-05-23 00:54:02.455 [com.alibaba.nacos.naming.failover.0] [none] DEBUG com.alibaba.nacos.client.naming - failover switch is not found, 00-00---000-VIPSRV_FAILOVER_SWITCH-000---00-00
2026-05-23 00:54:07.456 [com.alibaba.nacos.naming.failover.0] [none] DEBUG com.alibaba.nacos.client.naming - failover switch is not found, 00-00---000-VIPSRV_FAILOVER_SWITCH-000---00-00
2026-05-23 00:54:12.457 [com.alibaba.nacos.naming.failover.0] [none] DEBUG com.alibaba.nacos.client.naming - failover switch is not found, 00-00---000-VIPSRV_FAILOVER_SWITCH-000---00-00
2026-05-23 00:54:17.458 [com.alibaba.nacos.naming.failover.0] [none] DEBUG com.alibaba.nacos.client.naming - failover switch is not found, 00-00---000-VIPSRV_FAILOVER_SWITCH-000---00-00
2026-05-23 00:54:22.460 [com.alibaba.nacos.naming.failover.0] [none] DEBUG com.alibaba.nacos.client.naming - failover switch is not found, 00-00---000-VIPSRV_FAILOVER_SWITCH-000---00-00
2026-05-23 00:54:27.462 [com.alibaba.nacos.naming.failover.0] [none] DEBUG com.alibaba.nacos.client.naming - failover switch is not found, 00-00---000-VIPSRV_FAILOVER_SWITCH-000---00-00
2026-05-23 00:54:32.463 [com.alibaba.nacos.naming.failover.0] [none] DEBUG com.alibaba.nacos.client.naming - failover switch is not found, 00-00---000-VIPSRV_FAILOVER_SWITCH-000---00-00
2026-05-23 00:54:37.463 [com.alibaba.nacos.naming.failover.0] [none] DEBUG com.alibaba.nacos.client.naming - failover switch is not found, 00-00---000-VIPSRV_FAILOVER_SWITCH-000---00-00
2026-05-23 00:54:42.464 [com.alibaba.nacos.naming.failover.0] [none] DEBUG com.alibaba.nacos.client.naming - failover switch is not found, 00-00---000-VIPSRV_FAILOVER_SWITCH-000---00-00
2026-05-23 00:54:47.465 [com.alibaba.nacos.naming.failover.0] [none] DEBUG com.alibaba.nacos.client.naming - failover switch is not found, 00-00---000-VIPSRV_FAILOVER_SWITCH-000---00-00
2026-05-23 00:54:52.467 [com.alibaba.nacos.naming.failover.0] [none] DEBUG com.alibaba.nacos.client.naming - failover switch is not found, 00-00---000-VIPSRV_FAILOVER_SWITCH-000---00-00
2026-05-23 00:54:57.468 [com.alibaba.nacos.naming.failover.0] [none] DEBUG com.alibaba.nacos.client.naming - failover switch is not found, 00-00---000-VIPSRV_FAILOVER_SWITCH-000---00-00
2026-05-23 00:55:02.469 [com.alibaba.nacos.naming.failover.0] [none] DEBUG com.alibaba.nacos.client.naming - failover switch is not found, 00-00---000-VIPSRV_FAILOVER_SWITCH-000---00-00
2026-05-23 00:55:07.470 [com.alibaba.nacos.naming.failover.0] [none] DEBUG com.alibaba.nacos.client.naming - failover switch is not found, 00-00---000-VIPSRV_FAILOVER_SWITCH-000---00-00
2026-05-23 00:55:12.471 [com.alibaba.nacos.naming.failover.0] [none] DEBUG com.alibaba.nacos.client.naming - failover switch is not found, 00-00---000-VIPSRV_FAILOVER_SWITCH-000---00-00
2026-05-23 00:55:17.473 [com.alibaba.nacos.naming.failover.0] [none] DEBUG com.alibaba.nacos.client.naming - failover switch is not found, 00-00---000-VIPSRV_FAILOVER_SWITCH-000---00-00
2026-05-23 00:55:22.473 [com.alibaba.nacos.naming.failover.0] [none] DEBUG com.alibaba.nacos.client.naming - failover switch is not found, 00-00---000-VIPSRV_FAILOVER_SWITCH-000---00-00
2026-05-23 00:55:27.474 [com.alibaba.nacos.naming.failover.0] [none] DEBUG com.alibaba.nacos.client.naming - failover switch is not found, 00-00---000-VIPSRV_FAILOVER_SWITCH-000---00-00
2026-05-23 00:55:32.475 [com.alibaba.nacos.naming.failover.0] [none] DEBUG com.alibaba.nacos.client.naming - failover switch is not found, 00-00---000-VIPSRV_FAILOVER_SWITCH-000---00-00
2026-05-23 00:55:37.477 [com.alibaba.nacos.naming.failover.0] [none] DEBUG com.alibaba.nacos.client.naming - failover switch is not found, 00-00---000-VIPSRV_FAILOVER_SWITCH-000---00-00
2026-05-23 00:55:42.478 [com.alibaba.nacos.naming.failover.0] [none] DEBUG com.alibaba.nacos.client.naming - failover switch is not found, 00-00---000-VIPSRV_FAILOVER_SWITCH-000---00-00
2026-05-23 00:55:47.479 [com.alibaba.nacos.naming.failover.0] [none] DEBUG com.alibaba.nacos.client.naming - failover switch is not found, 00-00---000-VIPSRV_FAILOVER_SWITCH-000---00-00
2026-05-23 00:55:52.479 [com.alibaba.nacos.naming.failover.0] [none] DEBUG com.alibaba.nacos.client.naming - failover switch is not found, 00-00---000-VIPSRV_FAILOVER_SWITCH-000---00-00
2026-05-23 00:55:57.480 [com.alibaba.nacos.naming.failover.0] [none] DEBUG com.alibaba.nacos.client.naming - failover switch is not found, 00-00---000-VIPSRV_FAILOVER_SWITCH-000---00-00
2026-05-23 00:56:02.481 [com.alibaba.nacos.naming.failover.0] [none] DEBUG com.alibaba.nacos.client.naming - failover switch is not found, 00-00---000-VIPSRV_FAILOVER_SWITCH-000---00-00
2026-05-23 00:56:07.482 [com.alibaba.nacos.naming.failover.0] [none] DEBUG com.alibaba.nacos.client.naming - failover switch is not found, 00-00---000-VIPSRV_FAILOVER_SWITCH-000---00-00
2026-05-23 00:56:12.484 [com.alibaba.nacos.naming.failover.0] [none] DEBUG com.alibaba.nacos.client.naming - failover switch is not found, 00-00---000-VIPSRV_FAILOVER_SWITCH-000---00-00
2026-05-23 00:56:17.485 [com.alibaba.nacos.naming.failover.0] [none] DEBUG com.alibaba.nacos.client.naming - failover switch is not found, 00-00---000-VIPSRV_FAILOVER_SWITCH-000---00-00
2026-05-23 00:56:22.485 [com.alibaba.nacos.naming.failover.0] [none] DEBUG com.alibaba.nacos.client.naming - failover switch is not found, 00-00---000-VIPSRV_FAILOVER_SWITCH-000---00-00
2026-05-23 00:56:27.486 [com.alibaba.nacos.naming.failover.0] [none] DEBUG com.alibaba.nacos.client.naming - failover switch is not found, 00-00---000-VIPSRV_FAILOVER_SWITCH-000---00-00
2026-05-23 00:56:32.486 [com.alibaba.nacos.naming.failover.0] [none] DEBUG com.alibaba.nacos.client.naming - failover switch is not found, 00-00---000-VIPSRV_FAILOVER_SWITCH-000---00-00
2026-05-23 00:56:37.487 [com.alibaba.nacos.naming.failover.0] [none] DEBUG com.alibaba.nacos.client.naming - failover switch is not found, 00-00---000-VIPSRV_FAILOVER_SWITCH-000---00-00
2026-05-23 00:56:42.489 [com.alibaba.nacos.naming.failover.0] [none] DEBUG com.alibaba.nacos.client.naming - failover switch is not found, 00-00---000-VIPSRV_FAILOVER_SWITCH-000---00-00
2026-05-23 00:56:47.489 [com.alibaba.nacos.naming.failover.0] [none] DEBUG com.alibaba.nacos.client.naming - failover switch is not found, 00-00---000-VIPSRV_FAILOVER_SWITCH-000---00-00
2026-05-23 00:56:52.490 [com.alibaba.nacos.naming.failover.0] [none] DEBUG com.alibaba.nacos.client.naming - failover switch is not found, 00-00---000-VIPSRV_FAILOVER_SWITCH-000---00-00
2026-05-23 00:56:57.492 [com.alibaba.nacos.naming.failover.0] [none] DEBUG com.alibaba.nacos.client.naming - failover switch is not found, 00-00---000-VIPSRV_FAILOVER_SWITCH-000---00-00
2026-05-23 00:57:02.494 [com.alibaba.nacos.naming.failover.0] [none] DEBUG com.alibaba.nacos.client.naming - failover switch is not found, 00-00---000-VIPSRV_FAILOVER_SWITCH-000---00-00
2026-05-23 00:57:07.495 [com.alibaba.nacos.naming.failover.0] [none] DEBUG com.alibaba.nacos.client.naming - failover switch is not found, 00-00---000-VIPSRV_FAILOVER_SWITCH-000---00-00
2026-05-23 00:57:12.496 [com.alibaba.nacos.naming.failover.0] [none] DEBUG com.alibaba.nacos.client.naming - failover switch is not found, 00-00---000-VIPSRV_FAILOVER_SWITCH-000---00-00
2026-05-23 00:57:17.497 [com.alibaba.nacos.naming.failover.0] [none] DEBUG com.alibaba.nacos.client.naming - failover switch is not found, 00-00---000-VIPSRV_FAILOVER_SWITCH-000---00-00
2026-05-23 00:57:22.498 [com.alibaba.nacos.naming.failover.0] [none] DEBUG com.alibaba.nacos.client.naming - failover switch is not found, 00-00---000-VIPSRV_FAILOVER_SWITCH-000---00-00
2026-05-23 00:57:27.499 [com.alibaba.nacos.naming.failover.0] [none] DEBUG com.alibaba.nacos.client.naming - failover switch is not found, 00-00---000-VIPSRV_FAILOVER_SWITCH-000---00-00
2026-05-23 00:57:32.500 [com.alibaba.nacos.naming.failover.0] [none] DEBUG com.alibaba.nacos.client.naming - failover switch is not found, 00-00---000-VIPSRV_FAILOVER_SWITCH-000---00-00
2026-05-23 00:57:37.501 [com.alibaba.nacos.naming.failover.0] [none] DEBUG com.alibaba.nacos.client.naming - failover switch is not found, 00-00---000-VIPSRV_FAILOVER_SWITCH-000---00-00
2026-05-23 00:57:42.503 [com.alibaba.nacos.naming.failover.0] [none] DEBUG com.alibaba.nacos.client.naming - failover switch is not found, 00-00---000-VIPSRV_FAILOVER_SWITCH-000---00-00
2026-05-23 00:57:47.503 [com.alibaba.nacos.naming.failover.0] [none] DEBUG com.alibaba.nacos.client.naming - failover switch is not found, 00-00---000-VIPSRV_FAILOVER_SWITCH-000---00-00
2026-05-23 00:57:52.503 [com.alibaba.nacos.naming.failover.0] [none] DEBUG com.alibaba.nacos.client.naming - failover switch is not found, 00-00---000-VIPSRV_FAILOVER_SWITCH-000---00-00
2026-05-23 00:57:57.505 [com.alibaba.nacos.naming.failover.0] [none] DEBUG com.alibaba.nacos.client.naming - failover switch is not found, 00-00---000-VIPSRV_FAILOVER_SWITCH-000---00-00
2026-05-23 00:58:02.505 [com.alibaba.nacos.naming.failover.0] [none] DEBUG com.alibaba.nacos.client.naming - failover switch is not found, 00-00---000-VIPSRV_FAILOVER_SWITCH-000---00-00
2026-05-23 00:58:07.505 [com.alibaba.nacos.naming.failover.0] [none] DEBUG com.alibaba.nacos.client.naming - failover switch is not found, 00-00---000-VIPSRV_FAILOVER_SWITCH-000---00-00
2026-05-23 00:58:12.506 [com.alibaba.nacos.naming.failover.0] [none] DEBUG com.alibaba.nacos.client.naming - failover switch is not found, 00-00---000-VIPSRV_FAILOVER_SWITCH-000---00-00
2026-05-23 00:58:17.507 [com.alibaba.nacos.naming.failover.0] [none] DEBUG com.alibaba.nacos.client.naming - failover switch is not found, 00-00---000-VIPSRV_FAILOVER_SWITCH-000---00-00
2026-05-23 00:58:22.521 [com.alibaba.nacos.naming.failover.0] [none] DEBUG com.alibaba.nacos.client.naming - failover switch is not found, 00-00---000-VIPSRV_FAILOVER_SWITCH-000---00-00
2026-05-23 00:58:27.526 [com.alibaba.nacos.naming.failover.0] [none] DEBUG com.alibaba.nacos.client.naming - failover switch is not found, 00-00---000-VIPSRV_FAILOVER_SWITCH-000---00-00
2026-05-23 00:58:32.527 [com.alibaba.nacos.naming.failover.0] [none] DEBUG com.alibaba.nacos.client.naming - failover switch is not found, 00-00---000-VIPSRV_FAILOVER_SWITCH-000---00-00
2026-05-23 00:58:37.543 [com.alibaba.nacos.naming.failover.0] [none] DEBUG com.alibaba.nacos.client.naming - failover switch is not found, 00-00---000-VIPSRV_FAILOVER_SWITCH-000---00-00
2026-05-23 00:58:42.543 [com.alibaba.nacos.naming.failover.0] [none] DEBUG com.alibaba.nacos.client.naming - failover switch is not found, 00-00---000-VIPSRV_FAILOVER_SWITCH-000---00-00
2026-05-23 00:58:47.544 [com.alibaba.nacos.naming.failover.0] [none] DEBUG com.alibaba.nacos.client.naming - failover switch is not found, 00-00---000-VIPSRV_FAILOVER_SWITCH-000---00-00
2026-05-23 00:58:52.551 [com.alibaba.nacos.naming.failover.0] [none] DEBUG com.alibaba.nacos.client.naming - failover switch is not found, 00-00---000-VIPSRV_FAILOVER_SWITCH-000---00-00
2026-05-23 00:58:57.552 [com.alibaba.nacos.naming.failover.0] [none] DEBUG com.alibaba.nacos.client.naming - failover switch is not found, 00-00---000-VIPSRV_FAILOVER_SWITCH-000---00-00
2026-05-23 00:59:02.553 [com.alibaba.nacos.naming.failover.0] [none] DEBUG com.alibaba.nacos.client.naming - failover switch is not found, 00-00---000-VIPSRV_FAILOVER_SWITCH-000---00-00
2026-05-23 00:59:07.555 [com.alibaba.nacos.naming.failover.0] [none] DEBUG com.alibaba.nacos.client.naming - failover switch is not found, 00-00---000-VIPSRV_FAILOVER_SWITCH-000---00-00
2026-05-23 00:59:12.556 [com.alibaba.nacos.naming.failover.0] [none] DEBUG com.alibaba.nacos.client.naming - failover switch is not found, 00-00---000-VIPSRV_FAILOVER_SWITCH-000---00-00
2026-05-23 00:59:17.556 [com.alibaba.nacos.naming.failover.0] [none] DEBUG com.alibaba.nacos.client.naming - failover switch is not found, 00-00---000-VIPSRV_FAILOVER_SWITCH-000---00-00
2026-05-23 00:59:22.557 [com.alibaba.nacos.naming.failover.0] [none] DEBUG com.alibaba.nacos.client.naming - failover switch is not found, 00-00---000-VIPSRV_FAILOVER_SWITCH-000---00-00
2026-05-23 00:59:27.558 [com.alibaba.nacos.naming.failover.0] [none] DEBUG com.alibaba.nacos.client.naming - failover switch is not found, 00-00---000-VIPSRV_FAILOVER_SWITCH-000---00-00
2026-05-23 00:59:32.559 [com.alibaba.nacos.naming.failover.0] [none] DEBUG com.alibaba.nacos.client.naming - failover switch is not found, 00-00---000-VIPSRV_FAILOVER_SWITCH-000---00-00
2026-05-23 00:59:37.560 [com.alibaba.nacos.naming.failover.0] [none] DEBUG com.alibaba.nacos.client.naming - failover switch is not found, 00-00---000-VIPSRV_FAILOVER_SWITCH-000---00-00
2026-05-23 00:59:42.561 [com.alibaba.nacos.naming.failover.0] [none] DEBUG com.alibaba.nacos.client.naming - failover switch is not found, 00-00---000-VIPSRV_FAILOVER_SWITCH-000---00-00
2026-05-23 00:59:47.563 [com.alibaba.nacos.naming.failover.0] [none] DEBUG com.alibaba.nacos.client.naming - failover switch is not found, 00-00---000-VIPSRV_FAILOVER_SWITCH-000---00-00
2026-05-23 00:59:52.562 [com.alibaba.nacos.naming.failover.0] [none] DEBUG com.alibaba.nacos.client.naming - failover switch is not found, 00-00---000-VIPSRV_FAILOVER_SWITCH-000---00-00
2026-05-23 00:59:57.564 [com.alibaba.nacos.naming.failover.0] [none] DEBUG com.alibaba.nacos.client.naming - failover switch is not found, 00-00---000-VIPSRV_FAILOVER_SWITCH-000---00-00
2026-05-23 01:00:02.566 [com.alibaba.nacos.naming.failover.0] [none] DEBUG com.alibaba.nacos.client.naming - failover switch is not found, 00-00---000-VIPSRV_FAILOVER_SWITCH-000---00-00
2026-05-23 01:00:07.568 [com.alibaba.nacos.naming.failover.0] [none] DEBUG com.alibaba.nacos.client.naming - failover switch is not found, 00-00---000-VIPSRV_FAILOVER_SWITCH-000---00-00
2026-05-23 01:00:12.569 [com.alibaba.nacos.naming.failover.0] [none] DEBUG com.alibaba.nacos.client.naming - failover switch is not found, 00-00---000-VIPSRV_FAILOVER_SWITCH-000---00-00
2026-05-23 01:00:17.570 [com.alibaba.nacos.naming.failover.0] [none] DEBUG com.alibaba.nacos.client.naming - failover switch is not found, 00-00---000-VIPSRV_FAILOVER_SWITCH-000---00-00
2026-05-23 01:00:22.581 [com.alibaba.nacos.naming.failover.0] [none] DEBUG com.alibaba.nacos.client.naming - failover switch is not found, 00-00---000-VIPSRV_FAILOVER_SWITCH-000---00-00
2026-05-23 01:00:27.583 [com.alibaba.nacos.naming.failover.0] [none] DEBUG com.alibaba.nacos.client.naming - failover switch is not found, 00-00---000-VIPSRV_FAILOVER_SWITCH-000---00-00
2026-05-23 01:00:32.584 [com.alibaba.nacos.naming.failover.0] [none] DEBUG com.alibaba.nacos.client.naming - failover switch is not found, 00-00---000-VIPSRV_FAILOVER_SWITCH-000---00-00
2026-05-23 01:00:37.585 [com.alibaba.nacos.naming.failover.0] [none] DEBUG com.alibaba.nacos.client.naming - failover switch is not found, 00-00---000-VIPSRV_FAILOVER_SWITCH-000---00-00
2026-05-23 01:00:42.586 [com.alibaba.nacos.naming.failover.0] [none] DEBUG com.alibaba.nacos.client.naming - failover switch is not found, 00-00---000-VIPSRV_FAILOVER_SWITCH-000---00-00
2026-05-23 01:00:47.587 [com.alibaba.nacos.naming.failover.0] [none] DEBUG com.alibaba.nacos.client.naming - failover switch is not found, 00-00---000-VIPSRV_FAILOVER_SWITCH-000---00-00
2026-05-23 01:00:52.588 [com.alibaba.nacos.naming.failover.0] [none] DEBUG com.alibaba.nacos.client.naming - failover switch is not found, 00-00---000-VIPSRV_FAILOVER_SWITCH-000---00-00
2026-05-23 01:00:57.588 [com.alibaba.nacos.naming.failover.0] [none] DEBUG com.alibaba.nacos.client.naming - failover switch is not found, 00-00---000-VIPSRV_FAILOVER_SWITCH-000---00-00
2026-05-23 01:01:02.589 [com.alibaba.nacos.naming.failover.0] [none] DEBUG com.alibaba.nacos.client.naming - failover switch is not found, 00-00---000-VIPSRV_FAILOVER_SWITCH-000---00-00
2026-05-23 01:01:07.590 [com.alibaba.nacos.naming.failover.0] [none] DEBUG com.alibaba.nacos.client.naming - failover switch is not found, 00-00---000-VIPSRV_FAILOVER_SWITCH-000---00-00
2026-05-23 01:01:12.590 [com.alibaba.nacos.naming.failover.0] [none] DEBUG com.alibaba.nacos.client.naming - failover switch is not found, 00-00---000-VIPSRV_FAILOVER_SWITCH-000---00-00
2026-05-23 01:01:17.591 [com.alibaba.nacos.naming.failover.0] [none] DEBUG com.alibaba.nacos.client.naming - failover switch is not found, 00-00---000-VIPSRV_FAILOVER_SWITCH-000---00-00
2026-05-23 01:01:22.592 [com.alibaba.nacos.naming.failover.0] [none] DEBUG com.alibaba.nacos.client.naming - failover switch is not found, 00-00---000-VIPSRV_FAILOVER_SWITCH-000---00-00
2026-05-23 01:01:27.593 [com.alibaba.nacos.naming.failover.0] [none] DEBUG com.alibaba.nacos.client.naming - failover switch is not found, 00-00---000-VIPSRV_FAILOVER_SWITCH-000---00-00
2026-05-23 01:01:32.594 [com.alibaba.nacos.naming.failover.0] [none] DEBUG com.alibaba.nacos.client.naming - failover switch is not found, 00-00---000-VIPSRV_FAILOVER_SWITCH-000---00-00
2026-05-23 01:01:37.595 [com.alibaba.nacos.naming.failover.0] [none] DEBUG com.alibaba.nacos.client.naming - failover switch is not found, 00-00---000-VIPSRV_FAILOVER_SWITCH-000---00-00
2026-05-23 01:01:42.596 [com.alibaba.nacos.naming.failover.0] [none] DEBUG com.alibaba.nacos.client.naming - failover switch is not found, 00-00---000-VIPSRV_FAILOVER_SWITCH-000---00-00
2026-05-23 01:01:47.597 [com.alibaba.nacos.naming.failover.0] [none] DEBUG com.alibaba.nacos.client.naming - failover switch is not found, 00-00---000-VIPSRV_FAILOVER_SWITCH-000---00-00
2026-05-23 01:01:52.598 [com.alibaba.nacos.naming.failover.0] [none] DEBUG com.alibaba.nacos.client.naming - failover switch is not found, 00-00---000-VIPSRV_FAILOVER_SWITCH-000---00-00
2026-05-23 01:01:57.599 [com.alibaba.nacos.naming.failover.0] [none] DEBUG com.alibaba.nacos.client.naming - failover switch is not found, 00-00---000-VIPSRV_FAILOVER_SWITCH-000---00-00
2026-05-23 01:02:02.601 [com.alibaba.nacos.naming.failover.0] [none] DEBUG com.alibaba.nacos.client.naming - failover switch is not found, 00-00---000-VIPSRV_FAILOVER_SWITCH-000---00-00
2026-05-23 01:02:07.602 [com.alibaba.nacos.naming.failover.0] [none] DEBUG com.alibaba.nacos.client.naming - failover switch is not found, 00-00---000-VIPSRV_FAILOVER_SWITCH-000---00-00
2026-05-23 01:02:12.604 [com.alibaba.nacos.naming.failover.0] [none] DEBUG com.alibaba.nacos.client.naming - failover switch is not found, 00-00---000-VIPSRV_FAILOVER_SWITCH-000---00-00
2026-05-23 01:02:17.606 [com.alibaba.nacos.naming.failover.0] [none] DEBUG com.alibaba.nacos.client.naming - failover switch is not found, 00-00---000-VIPSRV_FAILOVER_SWITCH-000---00-00
2026-05-23 01:02:22.632 [com.alibaba.nacos.naming.failover.0] [none] DEBUG com.alibaba.nacos.client.naming - failover switch is not found, 00-00---000-VIPSRV_FAILOVER_SWITCH-000---00-00
2026-05-23 01:02:27.634 [com.alibaba.nacos.naming.failover.0] [none] DEBUG com.alibaba.nacos.client.naming - failover switch is not found, 00-00---000-VIPSRV_FAILOVER_SWITCH-000---00-00
2026-05-23 01:02:32.635 [com.alibaba.nacos.naming.failover.0] [none] DEBUG com.alibaba.nacos.client.naming - failover switch is not found, 00-00---000-VIPSRV_FAILOVER_SWITCH-000---00-00
2026-05-23 01:02:37.636 [com.alibaba.nacos.naming.failover.0] [none] DEBUG com.alibaba.nacos.client.naming - failover switch is not found, 00-00---000-VIPSRV_FAILOVER_SWITCH-000---00-00
2026-05-23 01:02:42.637 [com.alibaba.nacos.naming.failover.0] [none] DEBUG com.alibaba.nacos.client.naming - failover switch is not found, 00-00---000-VIPSRV_FAILOVER_SWITCH-000---00-00
2026-05-23 01:02:47.638 [com.alibaba.nacos.naming.failover.0] [none] DEBUG com.alibaba.nacos.client.naming - failover switch is not found, 00-00---000-VIPSRV_FAILOVER_SWITCH-000---00-00
2026-05-23 01:02:52.640 [com.alibaba.nacos.naming.failover.0] [none] DEBUG com.alibaba.nacos.client.naming - failover switch is not found, 00-00---000-VIPSRV_FAILOVER_SWITCH-000---00-00
2026-05-23 01:02:57.641 [com.alibaba.nacos.naming.failover.0] [none] DEBUG com.alibaba.nacos.client.naming - failover switch is not found, 00-00---000-VIPSRV_FAILOVER_SWITCH-000---00-00
2026-05-23 01:03:02.642 [com.alibaba.nacos.naming.failover.0] [none] DEBUG com.alibaba.nacos.client.naming - failover switch is not found, 00-00---000-VIPSRV_FAILOVER_SWITCH-000---00-00
2026-05-23 01:03:07.642 [com.alibaba.nacos.naming.failover.0] [none] DEBUG com.alibaba.nacos.client.naming - failover switch is not found, 00-00---000-VIPSRV_FAILOVER_SWITCH-000---00-00
2026-05-23 01:03:12.644 [com.alibaba.nacos.naming.failover.0] [none] DEBUG com.alibaba.nacos.client.naming - failover switch is not found, 00-00---000-VIPSRV_FAILOVER_SWITCH-000---00-00
2026-05-23 01:03:17.645 [com.alibaba.nacos.naming.failover.0] [none] DEBUG com.alibaba.nacos.client.naming - failover switch is not found, 00-00---000-VIPSRV_FAILOVER_SWITCH-000---00-00
2026-05-23 01:03:22.645 [com.alibaba.nacos.naming.failover.0] [none] DEBUG com.alibaba.nacos.client.naming - failover switch is not found, 00-00---000-VIPSRV_FAILOVER_SWITCH-000---00-00
2026-05-23 01:03:27.646 [com.alibaba.nacos.naming.failover.0] [none] DEBUG com.alibaba.nacos.client.naming - failover switch is not found, 00-00---000-VIPSRV_FAILOVER_SWITCH-000---00-00
2026-05-23 01:03:32.648 [com.alibaba.nacos.naming.failover.0] [none] DEBUG com.alibaba.nacos.client.naming - failover switch is not found, 00-00---000-VIPSRV_FAILOVER_SWITCH-000---00-00
2026-05-23 01:03:37.649 [com.alibaba.nacos.naming.failover.0] [none] DEBUG com.alibaba.nacos.client.naming - failover switch is not found, 00-00---000-VIPSRV_FAILOVER_SWITCH-000---00-00
2026-05-23 01:03:42.651 [com.alibaba.nacos.naming.failover.0] [none] DEBUG com.alibaba.nacos.client.naming - failover switch is not found, 00-00---000-VIPSRV_FAILOVER_SWITCH-000---00-00
2026-05-23 01:03:47.651 [com.alibaba.nacos.naming.failover.0] [none] DEBUG com.alibaba.nacos.client.naming - failover switch is not found, 00-00---000-VIPSRV_FAILOVER_SWITCH-000---00-00
2026-05-23 01:03:52.653 [com.alibaba.nacos.naming.failover.0] [none] DEBUG com.alibaba.nacos.client.naming - failover switch is not found, 00-00---000-VIPSRV_FAILOVER_SWITCH-000---00-00
2026-05-23 01:03:57.654 [com.alibaba.nacos.naming.failover.0] [none] DEBUG com.alibaba.nacos.client.naming - failover switch is not found, 00-00---000-VIPSRV_FAILOVER_SWITCH-000---00-00
2026-05-23 01:04:02.654 [com.alibaba.nacos.naming.failover.0] [none] DEBUG com.alibaba.nacos.client.naming - failover switch is not found, 00-00---000-VIPSRV_FAILOVER_SWITCH-000---00-00
2026-05-23 01:04:07.655 [com.alibaba.nacos.naming.failover.0] [none] DEBUG com.alibaba.nacos.client.naming - failover switch is not found, 00-00---000-VIPSRV_FAILOVER_SWITCH-000---00-00
2026-05-23 01:04:12.657 [com.alibaba.nacos.naming.failover.0] [none] DEBUG com.alibaba.nacos.client.naming - failover switch is not found, 00-00---000-VIPSRV_FAILOVER_SWITCH-000---00-00
2026-05-23 01:04:17.658 [com.alibaba.nacos.naming.failover.0] [none] DEBUG com.alibaba.nacos.client.naming - failover switch is not found, 00-00---000-VIPSRV_FAILOVER_SWITCH-000---00-00
2026-05-23 01:04:22.658 [com.alibaba.nacos.naming.failover.0] [none] DEBUG com.alibaba.nacos.client.naming - failover switch is not found, 00-00---000-VIPSRV_FAILOVER_SWITCH-000---00-00
2026-05-23 01:04:27.660 [com.alibaba.nacos.naming.failover.0] [none] DEBUG com.alibaba.nacos.client.naming - failover switch is not found, 00-00---000-VIPSRV_FAILOVER_SWITCH-000---00-00
2026-05-23 01:04:32.661 [com.alibaba.nacos.naming.failover.0] [none] DEBUG com.alibaba.nacos.client.naming - failover switch is not found, 00-00---000-VIPSRV_FAILOVER_SWITCH-000---00-00
2026-05-23 01:04:37.663 [com.alibaba.nacos.naming.failover.0] [none] DEBUG com.alibaba.nacos.client.naming - failover switch is not found, 00-00---000-VIPSRV_FAILOVER_SWITCH-000---00-00
2026-05-23 01:04:42.664 [com.alibaba.nacos.naming.failover.0] [none] DEBUG com.alibaba.nacos.client.naming - failover switch is not found, 00-00---000-VIPSRV_FAILOVER_SWITCH-000---00-00
2026-05-23 01:04:47.666 [com.alibaba.nacos.naming.failover.0] [none] DEBUG com.alibaba.nacos.client.naming - failover switch is not found, 00-00---000-VIPSRV_FAILOVER_SWITCH-000---00-00
2026-05-23 01:04:52.666 [com.alibaba.nacos.naming.failover.0] [none] DEBUG com.alibaba.nacos.client.naming - failover switch is not found, 00-00---000-VIPSRV_FAILOVER_SWITCH-000---00-00
2026-05-23 01:04:57.667 [com.alibaba.nacos.naming.failover.0] [none] DEBUG com.alibaba.nacos.client.naming - failover switch is not found, 00-00---000-VIPSRV_FAILOVER_SWITCH-000---00-00
2026-05-23 01:05:02.669 [com.alibaba.nacos.naming.failover.0] [none] DEBUG com.alibaba.nacos.client.naming - failover switch is not found, 00-00---000-VIPSRV_FAILOVER_SWITCH-000---00-00
2026-05-23 01:05:07.670 [com.alibaba.nacos.naming.failover.0] [none] DEBUG com.alibaba.nacos.client.naming - failover switch is not found, 00-00---000-VIPSRV_FAILOVER_SWITCH-000---00-00
2026-05-23 01:05:12.671 [com.alibaba.nacos.naming.failover.0] [none] DEBUG com.alibaba.nacos.client.naming - failover switch is not found, 00-00---000-VIPSRV_FAILOVER_SWITCH-000---00-00
2026-05-23 01:05:17.672 [com.alibaba.nacos.naming.failover.0] [none] DEBUG com.alibaba.nacos.client.naming - failover switch is not found, 00-00---000-VIPSRV_FAILOVER_SWITCH-000---00-00
2026-05-23 01:05:22.672 [com.alibaba.nacos.naming.failover.0] [none] DEBUG com.alibaba.nacos.client.naming - failover switch is not found, 00-00---000-VIPSRV_FAILOVER_SWITCH-000---00-00
2026-05-23 01:05:27.674 [com.alibaba.nacos.naming.failover.0] [none] DEBUG com.alibaba.nacos.client.naming - failover switch is not found, 00-00---000-VIPSRV_FAILOVER_SWITCH-000---00-00
2026-05-23 01:05:32.675 [com.alibaba.nacos.naming.failover.0] [none] DEBUG com.alibaba.nacos.client.naming - failover switch is not found, 00-00---000-VIPSRV_FAILOVER_SWITCH-000---00-00
2026-05-23 01:05:37.676 [com.alibaba.nacos.naming.failover.0] [none] DEBUG com.alibaba.nacos.client.naming - failover switch is not found, 00-00---000-VIPSRV_FAILOVER_SWITCH-000---00-00
2026-05-23 01:05:42.676 [com.alibaba.nacos.naming.failover.0] [none] DEBUG com.alibaba.nacos.client.naming - failover switch is not found, 00-00---000-VIPSRV_FAILOVER_SWITCH-000---00-00
2026-05-23 01:05:47.677 [com.alibaba.nacos.naming.failover.0] [none] DEBUG com.alibaba.nacos.client.naming - failover switch is not found, 00-00---000-VIPSRV_FAILOVER_SWITCH-000---00-00
2026-05-23 01:05:52.678 [com.alibaba.nacos.naming.failover.0] [none] DEBUG com.alibaba.nacos.client.naming - failover switch is not found, 00-00---000-VIPSRV_FAILOVER_SWITCH-000---00-00
2026-05-23 01:05:57.679 [com.alibaba.nacos.naming.failover.0] [none] DEBUG com.alibaba.nacos.client.naming - failover switch is not found, 00-00---000-VIPSRV_FAILOVER_SWITCH-000---00-00
2026-05-23 01:06:02.680 [com.alibaba.nacos.naming.failover.0] [none] DEBUG com.alibaba.nacos.client.naming - failover switch is not found, 00-00---000-VIPSRV_FAILOVER_SWITCH-000---00-00
2026-05-23 01:06:07.681 [com.alibaba.nacos.naming.failover.0] [none] DEBUG com.alibaba.nacos.client.naming - failover switch is not found, 00-00---000-VIPSRV_FAILOVER_SWITCH-000---00-00
2026-05-23 01:06:12.682 [com.alibaba.nacos.naming.failover.0] [none] DEBUG com.alibaba.nacos.client.naming - failover switch is not found, 00-00---000-VIPSRV_FAILOVER_SWITCH-000---00-00
2026-05-23 01:06:17.683 [com.alibaba.nacos.naming.failover.0] [none] DEBUG com.alibaba.nacos.client.naming - failover switch is not found, 00-00---000-VIPSRV_FAILOVER_SWITCH-000---00-00
2026-05-23 01:06:22.684 [com.alibaba.nacos.naming.failover.0] [none] DEBUG com.alibaba.nacos.client.naming - failover switch is not found, 00-00---000-VIPSRV_FAILOVER_SWITCH-000---00-00
2026-05-23 01:06:27.685 [com.alibaba.nacos.naming.failover.0] [none] DEBUG com.alibaba.nacos.client.naming - failover switch is not found, 00-00---000-VIPSRV_FAILOVER_SWITCH-000---00-00
2026-05-23 01:06:32.686 [com.alibaba.nacos.naming.failover.0] [none] DEBUG com.alibaba.nacos.client.naming - failover switch is not found, 00-00---000-VIPSRV_FAILOVER_SWITCH-000---00-00
2026-05-23 01:06:37.687 [com.alibaba.nacos.naming.failover.0] [none] DEBUG com.alibaba.nacos.client.naming - failover switch is not found, 00-00---000-VIPSRV_FAILOVER_SWITCH-000---00-00
2026-05-23 01:06:42.688 [com.alibaba.nacos.naming.failover.0] [none] DEBUG com.alibaba.nacos.client.naming - failover switch is not found, 00-00---000-VIPSRV_FAILOVER_SWITCH-000---00-00
2026-05-23 01:06:47.690 [com.alibaba.nacos.naming.failover.0] [none] DEBUG com.alibaba.nacos.client.naming - failover switch is not found, 00-00---000-VIPSRV_FAILOVER_SWITCH-000---00-00
2026-05-23 01:06:52.692 [com.alibaba.nacos.naming.failover.0] [none] DEBUG com.alibaba.nacos.client.naming - failover switch is not found, 00-00---000-VIPSRV_FAILOVER_SWITCH-000---00-00
2026-05-23 01:06:57.693 [com.alibaba.nacos.naming.failover.0] [none] DEBUG com.alibaba.nacos.client.naming - failover switch is not found, 00-00---000-VIPSRV_FAILOVER_SWITCH-000---00-00
2026-05-23 01:07:02.694 [com.alibaba.nacos.naming.failover.0] [none] DEBUG com.alibaba.nacos.client.naming - failover switch is not found, 00-00---000-VIPSRV_FAILOVER_SWITCH-000---00-00
2026-05-23 01:07:07.695 [com.alibaba.nacos.naming.failover.0] [none] DEBUG com.alibaba.nacos.client.naming - failover switch is not found, 00-00---000-VIPSRV_FAILOVER_SWITCH-000---00-00
2026-05-23 01:07:12.697 [com.alibaba.nacos.naming.failover.0] [none] DEBUG com.alibaba.nacos.client.naming - failover switch is not found, 00-00---000-VIPSRV_FAILOVER_SWITCH-000---00-00
2026-05-23 01:07:17.699 [com.alibaba.nacos.naming.failover.0] [none] DEBUG com.alibaba.nacos.client.naming - failover switch is not found, 00-00---000-VIPSRV_FAILOVER_SWITCH-000---00-00
2026-05-23 01:07:22.701 [com.alibaba.nacos.naming.failover.0] [none] DEBUG com.alibaba.nacos.client.naming - failover switch is not found, 00-00---000-VIPSRV_FAILOVER_SWITCH-000---00-00
2026-05-23 01:07:27.701 [com.alibaba.nacos.naming.failover.0] [none] DEBUG com.alibaba.nacos.client.naming - failover switch is not found, 00-00---000-VIPSRV_FAILOVER_SWITCH-000---00-00
2026-05-23 01:07:32.702 [com.alibaba.nacos.naming.failover.0] [none] DEBUG com.alibaba.nacos.client.naming - failover switch is not found, 00-00---000-VIPSRV_FAILOVER_SWITCH-000---00-00
2026-05-23 01:07:37.703 [com.alibaba.nacos.naming.failover.0] [none] DEBUG com.alibaba.nacos.client.naming - failover switch is not found, 00-00---000-VIPSRV_FAILOVER_SWITCH-000---00-00
2026-05-23 01:07:42.704 [com.alibaba.nacos.naming.failover.0] [none] DEBUG com.alibaba.nacos.client.naming - failover switch is not found, 00-00---000-VIPSRV_FAILOVER_SWITCH-000---00-00
2026-05-23 01:07:47.705 [com.alibaba.nacos.naming.failover.0] [none] DEBUG com.alibaba.nacos.client.naming - failover switch is not found, 00-00---000-VIPSRV_FAILOVER_SWITCH-000---00-00
2026-05-23 01:07:52.708 [com.alibaba.nacos.naming.failover.0] [none] DEBUG com.alibaba.nacos.client.naming - failover switch is not found, 00-00---000-VIPSRV_FAILOVER_SWITCH-000---00-00
2026-05-23 01:07:57.708 [com.alibaba.nacos.naming.failover.0] [none] DEBUG com.alibaba.nacos.client.naming - failover switch is not found, 00-00---000-VIPSRV_FAILOVER_SWITCH-000---00-00
2026-05-23 01:08:02.709 [com.alibaba.nacos.naming.failover.0] [none] DEBUG com.alibaba.nacos.client.naming - failover switch is not found, 00-00---000-VIPSRV_FAILOVER_SWITCH-000---00-00
2026-05-23 01:08:07.711 [com.alibaba.nacos.naming.failover.0] [none] DEBUG com.alibaba.nacos.client.naming - failover switch is not found, 00-00---000-VIPSRV_FAILOVER_SWITCH-000---00-00
2026-05-23 01:08:12.713 [com.alibaba.nacos.naming.failover.0] [none] DEBUG com.alibaba.nacos.client.naming - failover switch is not found, 00-00---000-VIPSRV_FAILOVER_SWITCH-000---00-00
2026-05-23 01:08:17.714 [com.alibaba.nacos.naming.failover.0] [none] DEBUG com.alibaba.nacos.client.naming - failover switch is not found, 00-00---000-VIPSRV_FAILOVER_SWITCH-000---00-00
2026-05-23 01:08:22.716 [com.alibaba.nacos.naming.failover.0] [none] DEBUG com.alibaba.nacos.client.naming - failover switch is not found, 00-00---000-VIPSRV_FAILOVER_SWITCH-000---00-00
2026-05-23 01:08:27.717 [com.alibaba.nacos.naming.failover.0] [none] DEBUG com.alibaba.nacos.client.naming - failover switch is not found, 00-00---000-VIPSRV_FAILOVER_SWITCH-000---00-00
2026-05-23 01:08:32.717 [com.alibaba.nacos.naming.failover.0] [none] DEBUG com.alibaba.nacos.client.naming - failover switch is not found, 00-00---000-VIPSRV_FAILOVER_SWITCH-000---00-00
2026-05-23 01:08:37.718 [com.alibaba.nacos.naming.failover.0] [none] DEBUG com.alibaba.nacos.client.naming - failover switch is not found, 00-00---000-VIPSRV_FAILOVER_SWITCH-000---00-00
2026-05-23 01:08:42.719 [com.alibaba.nacos.naming.failover.0] [none] DEBUG com.alibaba.nacos.client.naming - failover switch is not found, 00-00---000-VIPSRV_FAILOVER_SWITCH-000---00-00
2026-05-23 01:08:47.720 [com.alibaba.nacos.naming.failover.0] [none] DEBUG com.alibaba.nacos.client.naming - failover switch is not found, 00-00---000-VIPSRV_FAILOVER_SWITCH-000---00-00
2026-05-23 01:08:52.720 [com.alibaba.nacos.naming.failover.0] [none] DEBUG com.alibaba.nacos.client.naming - failover switch is not found, 00-00---000-VIPSRV_FAILOVER_SWITCH-000---00-00
2026-05-23 01:08:57.721 [com.alibaba.nacos.naming.failover.0] [none] DEBUG com.alibaba.nacos.client.naming - failover switch is not found, 00-00---000-VIPSRV_FAILOVER_SWITCH-000---00-00
2026-05-23 01:09:02.722 [com.alibaba.nacos.naming.failover.0] [none] DEBUG com.alibaba.nacos.client.naming - failover switch is not found, 00-00---000-VIPSRV_FAILOVER_SWITCH-000---00-00
2026-05-23 01:09:07.722 [com.alibaba.nacos.naming.failover.0] [none] DEBUG com.alibaba.nacos.client.naming - failover switch is not found, 00-00---000-VIPSRV_FAILOVER_SWITCH-000---00-00
2026-05-23 01:09:12.723 [com.alibaba.nacos.naming.failover.0] [none] DEBUG com.alibaba.nacos.client.naming - failover switch is not found, 00-00---000-VIPSRV_FAILOVER_SWITCH-000---00-00
2026-05-23 01:09:17.725 [com.alibaba.nacos.naming.failover.0] [none] DEBUG com.alibaba.nacos.client.naming - failover switch is not found, 00-00---000-VIPSRV_FAILOVER_SWITCH-000---00-00
2026-05-23 01:09:22.726 [com.alibaba.nacos.naming.failover.0] [none] DEBUG com.alibaba.nacos.client.naming - failover switch is not found, 00-00---000-VIPSRV_FAILOVER_SWITCH-000---00-00
2026-05-23 01:09:27.727 [com.alibaba.nacos.naming.failover.0] [none] DEBUG com.alibaba.nacos.client.naming - failover switch is not found, 00-00---000-VIPSRV_FAILOVER_SWITCH-000---00-00
2026-05-23 01:09:32.728 [com.alibaba.nacos.naming.failover.0] [none] DEBUG com.alibaba.nacos.client.naming - failover switch is not found, 00-00---000-VIPSRV_FAILOVER_SWITCH-000---00-00
2026-05-23 01:09:37.729 [com.alibaba.nacos.naming.failover.0] [none] DEBUG com.alibaba.nacos.client.naming - failover switch is not found, 00-00---000-VIPSRV_FAILOVER_SWITCH-000---00-00
2026-05-23 01:09:42.730 [com.alibaba.nacos.naming.failover.0] [none] DEBUG com.alibaba.nacos.client.naming - failover switch is not found, 00-00---000-VIPSRV_FAILOVER_SWITCH-000---00-00
2026-05-23 01:09:47.731 [com.alibaba.nacos.naming.failover.0] [none] DEBUG com.alibaba.nacos.client.naming - failover switch is not found, 00-00---000-VIPSRV_FAILOVER_SWITCH-000---00-00
2026-05-23 01:09:52.732 [com.alibaba.nacos.naming.failover.0] [none] DEBUG com.alibaba.nacos.client.naming - failover switch is not found, 00-00---000-VIPSRV_FAILOVER_SWITCH-000---00-00
2026-05-23 01:09:57.733 [com.alibaba.nacos.naming.failover.0] [none] DEBUG com.alibaba.nacos.client.naming - failover switch is not found, 00-00---000-VIPSRV_FAILOVER_SWITCH-000---00-00
2026-05-23 01:10:02.734 [com.alibaba.nacos.naming.failover.0] [none] DEBUG com.alibaba.nacos.client.naming - failover switch is not found, 00-00---000-VIPSRV_FAILOVER_SWITCH-000---00-00
2026-05-23 01:10:07.736 [com.alibaba.nacos.naming.failover.0] [none] DEBUG com.alibaba.nacos.client.naming - failover switch is not found, 00-00---000-VIPSRV_FAILOVER_SWITCH-000---00-00
2026-05-23 01:10:12.739 [com.alibaba.nacos.naming.failover.0] [none] DEBUG com.alibaba.nacos.client.naming - failover switch is not found, 00-00---000-VIPSRV_FAILOVER_SWITCH-000---00-00
2026-05-23 01:10:17.739 [com.alibaba.nacos.naming.failover.0] [none] DEBUG com.alibaba.nacos.client.naming - failover switch is not found, 00-00---000-VIPSRV_FAILOVER_SWITCH-000---00-00
2026-05-23 01:10:22.741 [com.alibaba.nacos.naming.failover.0] [none] DEBUG com.alibaba.nacos.client.naming - failover switch is not found, 00-00---000-VIPSRV_FAILOVER_SWITCH-000---00-00
2026-05-23 01:10:27.742 [com.alibaba.nacos.naming.failover.0] [none] DEBUG com.alibaba.nacos.client.naming - failover switch is not found, 00-00---000-VIPSRV_FAILOVER_SWITCH-000---00-00
2026-05-23 01:10:32.743 [com.alibaba.nacos.naming.failover.0] [none] DEBUG com.alibaba.nacos.client.naming - failover switch is not found, 00-00---000-VIPSRV_FAILOVER_SWITCH-000---00-00
2026-05-23 01:10:37.744 [com.alibaba.nacos.naming.failover.0] [none] DEBUG com.alibaba.nacos.client.naming - failover switch is not found, 00-00---000-VIPSRV_FAILOVER_SWITCH-000---00-00
2026-05-23 01:10:42.744 [com.alibaba.nacos.naming.failover.0] [none] DEBUG com.alibaba.nacos.client.naming - failover switch is not found, 00-00---000-VIPSRV_FAILOVER_SWITCH-000---00-00
2026-05-23 01:10:47.745 [com.alibaba.nacos.naming.failover.0] [none] DEBUG com.alibaba.nacos.client.naming - failover switch is not found, 00-00---000-VIPSRV_FAILOVER_SWITCH-000---00-00
2026-05-23 01:10:52.746 [com.alibaba.nacos.naming.failover.0] [none] DEBUG com.alibaba.nacos.client.naming - failover switch is not found, 00-00---000-VIPSRV_FAILOVER_SWITCH-000---00-00
2026-05-23 01:10:57.748 [com.alibaba.nacos.naming.failover.0] [none] DEBUG com.alibaba.nacos.client.naming - failover switch is not found, 00-00---000-VIPSRV_FAILOVER_SWITCH-000---00-00
2026-05-23 01:11:02.749 [com.alibaba.nacos.naming.failover.0] [none] DEBUG com.alibaba.nacos.client.naming - failover switch is not found, 00-00---000-VIPSRV_FAILOVER_SWITCH-000---00-00
2026-05-23 01:11:07.750 [com.alibaba.nacos.naming.failover.0] [none] DEBUG com.alibaba.nacos.client.naming - failover switch is not found, 00-00---000-VIPSRV_FAILOVER_SWITCH-000---00-00
2026-05-23 01:11:12.751 [com.alibaba.nacos.naming.failover.0] [none] DEBUG com.alibaba.nacos.client.naming - failover switch is not found, 00-00---000-VIPSRV_FAILOVER_SWITCH-000---00-00
2026-05-23 01:11:17.751 [com.alibaba.nacos.naming.failover.0] [none] DEBUG com.alibaba.nacos.client.naming - failover switch is not found, 00-00---000-VIPSRV_FAILOVER_SWITCH-000---00-00
2026-05-23 01:11:22.752 [com.alibaba.nacos.naming.failover.0] [none] DEBUG com.alibaba.nacos.client.naming - failover switch is not found, 00-00---000-VIPSRV_FAILOVER_SWITCH-000---00-00
2026-05-23 01:11:27.753 [com.alibaba.nacos.naming.failover.0] [none] DEBUG com.alibaba.nacos.client.naming - failover switch is not found, 00-00---000-VIPSRV_FAILOVER_SWITCH-000---00-00
2026-05-23 01:11:32.754 [com.alibaba.nacos.naming.failover.0] [none] DEBUG com.alibaba.nacos.client.naming - failover switch is not found, 00-00---000-VIPSRV_FAILOVER_SWITCH-000---00-00
2026-05-23 01:11:37.755 [com.alibaba.nacos.naming.failover.0] [none] DEBUG com.alibaba.nacos.client.naming - failover switch is not found, 00-00---000-VIPSRV_FAILOVER_SWITCH-000---00-00
2026-05-23 01:11:42.756 [com.alibaba.nacos.naming.failover.0] [none] DEBUG com.alibaba.nacos.client.naming - failover switch is not found, 00-00---000-VIPSRV_FAILOVER_SWITCH-000---00-00
2026-05-23 01:11:47.757 [com.alibaba.nacos.naming.failover.0] [none] DEBUG com.alibaba.nacos.client.naming - failover switch is not found, 00-00---000-VIPSRV_FAILOVER_SWITCH-000---00-00
2026-05-23 01:11:52.764 [com.alibaba.nacos.naming.failover.0] [none] DEBUG com.alibaba.nacos.client.naming - failover switch is not found, 00-00---000-VIPSRV_FAILOVER_SWITCH-000---00-00
2026-05-23 01:11:57.767 [com.alibaba.nacos.naming.failover.0] [none] DEBUG com.alibaba.nacos.client.naming - failover switch is not found, 00-00---000-VIPSRV_FAILOVER_SWITCH-000---00-00
2026-05-23 01:12:02.778 [com.alibaba.nacos.naming.failover.0] [none] DEBUG com.alibaba.nacos.client.naming - failover switch is not found, 00-00---000-VIPSRV_FAILOVER_SWITCH-000---00-00
2026-05-23 01:12:07.779 [com.alibaba.nacos.naming.failover.0] [none] DEBUG com.alibaba.nacos.client.naming - failover switch is not found, 00-00---000-VIPSRV_FAILOVER_SWITCH-000---00-00
2026-05-23 01:12:12.780 [com.alibaba.nacos.naming.failover.0] [none] DEBUG com.alibaba.nacos.client.naming - failover switch is not found, 00-00---000-VIPSRV_FAILOVER_SWITCH-000---00-00
2026-05-23 01:12:17.782 [com.alibaba.nacos.naming.failover.0] [none] DEBUG com.alibaba.nacos.client.naming - failover switch is not found, 00-00---000-VIPSRV_FAILOVER_SWITCH-000---00-00
2026-05-23 01:12:22.783 [com.alibaba.nacos.naming.failover.0] [none] DEBUG com.alibaba.nacos.client.naming - failover switch is not found, 00-00---000-VIPSRV_FAILOVER_SWITCH-000---00-00
2026-05-23 01:12:27.784 [com.alibaba.nacos.naming.failover.0] [none] DEBUG com.alibaba.nacos.client.naming - failover switch is not found, 00-00---000-VIPSRV_FAILOVER_SWITCH-000---00-00
2026-05-23 01:12:32.785 [com.alibaba.nacos.naming.failover.0] [none] DEBUG com.alibaba.nacos.client.naming - failover switch is not found, 00-00---000-VIPSRV_FAILOVER_SWITCH-000---00-00
2026-05-23 01:12:37.788 [com.alibaba.nacos.naming.failover.0] [none] DEBUG com.alibaba.nacos.client.naming - failover switch is not found, 00-00---000-VIPSRV_FAILOVER_SWITCH-000---00-00
2026-05-23 01:12:42.790 [com.alibaba.nacos.naming.failover.0] [none] DEBUG com.alibaba.nacos.client.naming - failover switch is not found, 00-00---000-VIPSRV_FAILOVER_SWITCH-000---00-00
2026-05-23 01:12:47.791 [com.alibaba.nacos.naming.failover.0] [none] DEBUG com.alibaba.nacos.client.naming - failover switch is not found, 00-00---000-VIPSRV_FAILOVER_SWITCH-000---00-00
2026-05-23 01:12:52.793 [com.alibaba.nacos.naming.failover.0] [none] DEBUG com.alibaba.nacos.client.naming - failover switch is not found, 00-00---000-VIPSRV_FAILOVER_SWITCH-000---00-00
2026-05-23 01:12:57.793 [com.alibaba.nacos.naming.failover.0] [none] DEBUG com.alibaba.nacos.client.naming - failover switch is not found, 00-00---000-VIPSRV_FAILOVER_SWITCH-000---00-00
2026-05-23 01:13:02.794 [com.alibaba.nacos.naming.failover.0] [none] DEBUG com.alibaba.nacos.client.naming - failover switch is not found, 00-00---000-VIPSRV_FAILOVER_SWITCH-000---00-00
2026-05-23 01:13:07.796 [com.alibaba.nacos.naming.failover.0] [none] DEBUG com.alibaba.nacos.client.naming - failover switch is not found, 00-00---000-VIPSRV_FAILOVER_SWITCH-000---00-00
2026-05-23 01:13:12.797 [com.alibaba.nacos.naming.failover.0] [none] DEBUG com.alibaba.nacos.client.naming - failover switch is not found, 00-00---000-VIPSRV_FAILOVER_SWITCH-000---00-00
2026-05-23 01:13:17.798 [com.alibaba.nacos.naming.failover.0] [none] DEBUG com.alibaba.nacos.client.naming - failover switch is not found, 00-00---000-VIPSRV_FAILOVER_SWITCH-000---00-00
2026-05-23 01:13:22.799 [com.alibaba.nacos.naming.failover.0] [none] DEBUG com.alibaba.nacos.client.naming - failover switch is not found, 00-00---000-VIPSRV_FAILOVER_SWITCH-000---00-00
2026-05-23 01:13:27.801 [com.alibaba.nacos.naming.failover.0] [none] DEBUG com.alibaba.nacos.client.naming - failover switch is not found, 00-00---000-VIPSRV_FAILOVER_SWITCH-000---00-00
2026-05-23 01:13:32.803 [com.alibaba.nacos.naming.failover.0] [none] DEBUG com.alibaba.nacos.client.naming - failover switch is not found, 00-00---000-VIPSRV_FAILOVER_SWITCH-000---00-00
2026-05-23 01:13:37.803 [com.alibaba.nacos.naming.failover.0] [none] DEBUG com.alibaba.nacos.client.naming - failover switch is not found, 00-00---000-VIPSRV_FAILOVER_SWITCH-000---00-00
2026-05-23 01:13:42.804 [com.alibaba.nacos.naming.failover.0] [none] DEBUG com.alibaba.nacos.client.naming - failover switch is not found, 00-00---000-VIPSRV_FAILOVER_SWITCH-000---00-00
2026-05-23 01:13:47.806 [com.alibaba.nacos.naming.failover.0] [none] DEBUG com.alibaba.nacos.client.naming - failover switch is not found, 00-00---000-VIPSRV_FAILOVER_SWITCH-000---00-00
2026-05-23 01:13:52.812 [com.alibaba.nacos.naming.failover.0] [none] DEBUG com.alibaba.nacos.client.naming - failover switch is not found, 00-00---000-VIPSRV_FAILOVER_SWITCH-000---00-00
2026-05-23 01:13:57.814 [com.alibaba.nacos.naming.failover.0] [none] DEBUG com.alibaba.nacos.client.naming - failover switch is not found, 00-00---000-VIPSRV_FAILOVER_SWITCH-000---00-00
2026-05-23 01:14:02.814 [com.alibaba.nacos.naming.failover.0] [none] DEBUG com.alibaba.nacos.client.naming - failover switch is not found, 00-00---000-VIPSRV_FAILOVER_SWITCH-000---00-00
2026-05-23 01:14:07.815 [com.alibaba.nacos.naming.failover.0] [none] DEBUG com.alibaba.nacos.client.naming - failover switch is not found, 00-00---000-VIPSRV_FAILOVER_SWITCH-000---00-00
2026-05-23 01:14:12.816 [com.alibaba.nacos.naming.failover.0] [none] DEBUG com.alibaba.nacos.client.naming - failover switch is not found, 00-00---000-VIPSRV_FAILOVER_SWITCH-000---00-00
2026-05-23 01:14:17.817 [com.alibaba.nacos.naming.failover.0] [none] DEBUG com.alibaba.nacos.client.naming - failover switch is not found, 00-00---000-VIPSRV_FAILOVER_SWITCH-000---00-00
2026-05-23 01:14:22.818 [com.alibaba.nacos.naming.failover.0] [none] DEBUG com.alibaba.nacos.client.naming - failover switch is not found, 00-00---000-VIPSRV_FAILOVER_SWITCH-000---00-00
2026-05-23 01:14:27.818 [com.alibaba.nacos.naming.failover.0] [none] DEBUG com.alibaba.nacos.client.naming - failover switch is not found, 00-00---000-VIPSRV_FAILOVER_SWITCH-000---00-00
2026-05-23 01:14:32.820 [com.alibaba.nacos.naming.failover.0] [none] DEBUG com.alibaba.nacos.client.naming - failover switch is not found, 00-00---000-VIPSRV_FAILOVER_SWITCH-000---00-00
2026-05-23 01:14:37.820 [com.alibaba.nacos.naming.failover.0] [none] DEBUG com.alibaba.nacos.client.naming - failover switch is not found, 00-00---000-VIPSRV_FAILOVER_SWITCH-000---00-00
2026-05-23 01:14:42.821 [com.alibaba.nacos.naming.failover.0] [none] DEBUG com.alibaba.nacos.client.naming - failover switch is not found, 00-00---000-VIPSRV_FAILOVER_SWITCH-000---00-00
2026-05-23 01:14:47.822 [com.alibaba.nacos.naming.failover.0] [none] DEBUG com.alibaba.nacos.client.naming - failover switch is not found, 00-00---000-VIPSRV_FAILOVER_SWITCH-000---00-00
2026-05-23 01:14:52.822 [com.alibaba.nacos.naming.failover.0] [none] DEBUG com.alibaba.nacos.client.naming - failover switch is not found, 00-00---000-VIPSRV_FAILOVER_SWITCH-000---00-00
2026-05-23 01:14:57.823 [com.alibaba.nacos.naming.failover.0] [none] DEBUG com.alibaba.nacos.client.naming - failover switch is not found, 00-00---000-VIPSRV_FAILOVER_SWITCH-000---00-00
2026-05-23 01:15:02.824 [com.alibaba.nacos.naming.failover.0] [none] DEBUG com.alibaba.nacos.client.naming - failover switch is not found, 00-00---000-VIPSRV_FAILOVER_SWITCH-000---00-00
2026-05-23 01:15:07.825 [com.alibaba.nacos.naming.failover.0] [none] DEBUG com.alibaba.nacos.client.naming - failover switch is not found, 00-00---000-VIPSRV_FAILOVER_SWITCH-000---00-00
2026-05-23 01:15:12.827 [com.alibaba.nacos.naming.failover.0] [none] DEBUG com.alibaba.nacos.client.naming - failover switch is not found, 00-00---000-VIPSRV_FAILOVER_SWITCH-000---00-00
2026-05-23 01:15:17.829 [com.alibaba.nacos.naming.failover.0] [none] DEBUG com.alibaba.nacos.client.naming - failover switch is not found, 00-00---000-VIPSRV_FAILOVER_SWITCH-000---00-00
2026-05-23 01:15:22.830 [com.alibaba.nacos.naming.failover.0] [none] DEBUG com.alibaba.nacos.client.naming - failover switch is not found, 00-00---000-VIPSRV_FAILOVER_SWITCH-000---00-00
2026-05-23 01:15:27.830 [com.alibaba.nacos.naming.failover.0] [none] DEBUG com.alibaba.nacos.client.naming - failover switch is not found, 00-00---000-VIPSRV_FAILOVER_SWITCH-000---00-00
2026-05-23 01:15:32.833 [com.alibaba.nacos.naming.failover.0] [none] DEBUG com.alibaba.nacos.client.naming - failover switch is not found, 00-00---000-VIPSRV_FAILOVER_SWITCH-000---00-00
2026-05-23 01:15:37.835 [com.alibaba.nacos.naming.failover.0] [none] DEBUG com.alibaba.nacos.client.naming - failover switch is not found, 00-00---000-VIPSRV_FAILOVER_SWITCH-000---00-00
2026-05-23 01:15:42.836 [com.alibaba.nacos.naming.failover.0] [none] DEBUG com.alibaba.nacos.client.naming - failover switch is not found, 00-00---000-VIPSRV_FAILOVER_SWITCH-000---00-00
2026-05-23 01:15:47.837 [com.alibaba.nacos.naming.failover.0] [none] DEBUG com.alibaba.nacos.client.naming - failover switch is not found, 00-00---000-VIPSRV_FAILOVER_SWITCH-000---00-00
2026-05-23 01:15:52.837 [com.alibaba.nacos.naming.failover.0] [none] DEBUG com.alibaba.nacos.client.naming - failover switch is not found, 00-00---000-VIPSRV_FAILOVER_SWITCH-000---00-00
2026-05-23 01:15:57.839 [com.alibaba.nacos.naming.failover.0] [none] DEBUG com.alibaba.nacos.client.naming - failover switch is not found, 00-00---000-VIPSRV_FAILOVER_SWITCH-000---00-00
2026-05-23 01:16:02.841 [com.alibaba.nacos.naming.failover.0] [none] DEBUG com.alibaba.nacos.client.naming - failover switch is not found, 00-00---000-VIPSRV_FAILOVER_SWITCH-000---00-00
2026-05-23 01:16:07.841 [com.alibaba.nacos.naming.failover.0] [none] DEBUG com.alibaba.nacos.client.naming - failover switch is not found, 00-00---000-VIPSRV_FAILOVER_SWITCH-000---00-00
2026-05-23 01:16:12.843 [com.alibaba.nacos.naming.failover.0] [none] DEBUG com.alibaba.nacos.client.naming - failover switch is not found, 00-00---000-VIPSRV_FAILOVER_SWITCH-000---00-00
2026-05-23 01:16:17.844 [com.alibaba.nacos.naming.failover.0] [none] DEBUG com.alibaba.nacos.client.naming - failover switch is not found, 00-00---000-VIPSRV_FAILOVER_SWITCH-000---00-00
2026-05-23 01:16:22.844 [com.alibaba.nacos.naming.failover.0] [none] DEBUG com.alibaba.nacos.client.naming - failover switch is not found, 00-00---000-VIPSRV_FAILOVER_SWITCH-000---00-00
2026-05-23 01:16:27.845 [com.alibaba.nacos.naming.failover.0] [none] DEBUG com.alibaba.nacos.client.naming - failover switch is not found, 00-00---000-VIPSRV_FAILOVER_SWITCH-000---00-00
2026-05-23 01:16:32.846 [com.alibaba.nacos.naming.failover.0] [none] DEBUG com.alibaba.nacos.client.naming - failover switch is not found, 00-00---000-VIPSRV_FAILOVER_SWITCH-000---00-00
2026-05-23 01:16:37.846 [com.alibaba.nacos.naming.failover.0] [none] DEBUG com.alibaba.nacos.client.naming - failover switch is not found, 00-00---000-VIPSRV_FAILOVER_SWITCH-000---00-00
2026-05-23 01:16:42.849 [com.alibaba.nacos.naming.failover.0] [none] DEBUG com.alibaba.nacos.client.naming - failover switch is not found, 00-00---000-VIPSRV_FAILOVER_SWITCH-000---00-00
2026-05-23 01:16:47.849 [com.alibaba.nacos.naming.failover.0] [none] DEBUG com.alibaba.nacos.client.naming - failover switch is not found, 00-00---000-VIPSRV_FAILOVER_SWITCH-000---00-00
2026-05-23 01:16:52.850 [com.alibaba.nacos.naming.failover.0] [none] DEBUG com.alibaba.nacos.client.naming - failover switch is not found, 00-00---000-VIPSRV_FAILOVER_SWITCH-000---00-00
2026-05-23 01:16:57.850 [com.alibaba.nacos.naming.failover.0] [none] DEBUG com.alibaba.nacos.client.naming - failover switch is not found, 00-00---000-VIPSRV_FAILOVER_SWITCH-000---00-00
2026-05-23 01:17:02.851 [com.alibaba.nacos.naming.failover.0] [none] DEBUG com.alibaba.nacos.client.naming - failover switch is not found, 00-00---000-VIPSRV_FAILOVER_SWITCH-000---00-00
2026-05-23 01:17:07.852 [com.alibaba.nacos.naming.failover.0] [none] DEBUG com.alibaba.nacos.client.naming - failover switch is not found, 00-00---000-VIPSRV_FAILOVER_SWITCH-000---00-00
2026-05-23 01:17:12.853 [com.alibaba.nacos.naming.failover.0] [none] DEBUG com.alibaba.nacos.client.naming - failover switch is not found, 00-00---000-VIPSRV_FAILOVER_SWITCH-000---00-00
2026-05-23 01:17:17.854 [com.alibaba.nacos.naming.failover.0] [none] DEBUG com.alibaba.nacos.client.naming - failover switch is not found, 00-00---000-VIPSRV_FAILOVER_SWITCH-000---00-00
2026-05-23 01:17:22.856 [com.alibaba.nacos.naming.failover.0] [none] DEBUG com.alibaba.nacos.client.naming - failover switch is not found, 00-00---000-VIPSRV_FAILOVER_SWITCH-000---00-00
2026-05-23 01:17:27.857 [com.alibaba.nacos.naming.failover.0] [none] DEBUG com.alibaba.nacos.client.naming - failover switch is not found, 00-00---000-VIPSRV_FAILOVER_SWITCH-000---00-00
2026-05-23 01:17:32.858 [com.alibaba.nacos.naming.failover.0] [none] DEBUG com.alibaba.nacos.client.naming - failover switch is not found, 00-00---000-VIPSRV_FAILOVER_SWITCH-000---00-00
2026-05-23 01:17:37.858 [com.alibaba.nacos.naming.failover.0] [none] DEBUG com.alibaba.nacos.client.naming - failover switch is not found, 00-00---000-VIPSRV_FAILOVER_SWITCH-000---00-00
2026-05-23 01:17:42.861 [com.alibaba.nacos.naming.failover.0] [none] DEBUG com.alibaba.nacos.client.naming - failover switch is not found, 00-00---000-VIPSRV_FAILOVER_SWITCH-000---00-00
2026-05-23 01:17:47.861 [com.alibaba.nacos.naming.failover.0] [none] DEBUG com.alibaba.nacos.client.naming - failover switch is not found, 00-00---000-VIPSRV_FAILOVER_SWITCH-000---00-00
2026-05-23 01:17:52.862 [com.alibaba.nacos.naming.failover.0] [none] DEBUG com.alibaba.nacos.client.naming - failover switch is not found, 00-00---000-VIPSRV_FAILOVER_SWITCH-000---00-00
2026-05-23 01:17:57.865 [com.alibaba.nacos.naming.failover.0] [none] DEBUG com.alibaba.nacos.client.naming - failover switch is not found, 00-00---000-VIPSRV_FAILOVER_SWITCH-000---00-00
2026-05-23 01:18:02.866 [com.alibaba.nacos.naming.failover.0] [none] DEBUG com.alibaba.nacos.client.naming - failover switch is not found, 00-00---000-VIPSRV_FAILOVER_SWITCH-000---00-00
2026-05-23 01:18:07.868 [com.alibaba.nacos.naming.failover.0] [none] DEBUG com.alibaba.nacos.client.naming - failover switch is not found, 00-00---000-VIPSRV_FAILOVER_SWITCH-000---00-00
2026-05-23 01:18:12.895 [com.alibaba.nacos.naming.failover.0] [none] DEBUG com.alibaba.nacos.client.naming - failover switch is not found, 00-00---000-VIPSRV_FAILOVER_SWITCH-000---00-00
2026-05-23 01:18:17.897 [com.alibaba.nacos.naming.failover.0] [none] DEBUG com.alibaba.nacos.client.naming - failover switch is not found, 00-00---000-VIPSRV_FAILOVER_SWITCH-000---00-00
2026-05-23 01:18:22.897 [com.alibaba.nacos.naming.failover.0] [none] DEBUG com.alibaba.nacos.client.naming - failover switch is not found, 00-00---000-VIPSRV_FAILOVER_SWITCH-000---00-00
2026-05-23 01:18:27.899 [com.alibaba.nacos.naming.failover.0] [none] DEBUG com.alibaba.nacos.client.naming - failover switch is not found, 00-00---000-VIPSRV_FAILOVER_SWITCH-000---00-00
2026-05-23 01:18:32.900 [com.alibaba.nacos.naming.failover.0] [none] DEBUG com.alibaba.nacos.client.naming - failover switch is not found, 00-00---000-VIPSRV_FAILOVER_SWITCH-000---00-00
2026-05-23 01:18:37.901 [com.alibaba.nacos.naming.failover.0] [none] DEBUG com.alibaba.nacos.client.naming - failover switch is not found, 00-00---000-VIPSRV_FAILOVER_SWITCH-000---00-00
2026-05-23 01:18:42.902 [com.alibaba.nacos.naming.failover.0] [none] DEBUG com.alibaba.nacos.client.naming - failover switch is not found, 00-00---000-VIPSRV_FAILOVER_SWITCH-000---00-00
2026-05-23 01:18:47.904 [com.alibaba.nacos.naming.failover.0] [none] DEBUG com.alibaba.nacos.client.naming - failover switch is not found, 00-00---000-VIPSRV_FAILOVER_SWITCH-000---00-00
2026-05-23 01:18:52.905 [com.alibaba.nacos.naming.failover.0] [none] DEBUG com.alibaba.nacos.client.naming - failover switch is not found, 00-00---000-VIPSRV_FAILOVER_SWITCH-000---00-00
2026-05-23 01:18:57.906 [com.alibaba.nacos.naming.failover.0] [none] DEBUG com.alibaba.nacos.client.naming - failover switch is not found, 00-00---000-VIPSRV_FAILOVER_SWITCH-000---00-00
2026-05-23 01:19:02.906 [com.alibaba.nacos.naming.failover.0] [none] DEBUG com.alibaba.nacos.client.naming - failover switch is not found, 00-00---000-VIPSRV_FAILOVER_SWITCH-000---00-00
2026-05-23 01:19:07.907 [com.alibaba.nacos.naming.failover.0] [none] DEBUG com.alibaba.nacos.client.naming - failover switch is not found, 00-00---000-VIPSRV_FAILOVER_SWITCH-000---00-00
2026-05-23 01:19:12.909 [com.alibaba.nacos.naming.failover.0] [none] DEBUG com.alibaba.nacos.client.naming - failover switch is not found, 00-00---000-VIPSRV_FAILOVER_SWITCH-000---00-00
2026-05-23 01:19:17.910 [com.alibaba.nacos.naming.failover.0] [none] DEBUG com.alibaba.nacos.client.naming - failover switch is not found, 00-00---000-VIPSRV_FAILOVER_SWITCH-000---00-00
2026-05-23 01:19:22.911 [com.alibaba.nacos.naming.failover.0] [none] DEBUG com.alibaba.nacos.client.naming - failover switch is not found, 00-00---000-VIPSRV_FAILOVER_SWITCH-000---00-00
2026-05-23 01:19:27.912 [com.alibaba.nacos.naming.failover.0] [none] DEBUG com.alibaba.nacos.client.naming - failover switch is not found, 00-00---000-VIPSRV_FAILOVER_SWITCH-000---00-00
2026-05-23 01:19:32.912 [com.alibaba.nacos.naming.failover.0] [none] DEBUG com.alibaba.nacos.client.naming - failover switch is not found, 00-00---000-VIPSRV_FAILOVER_SWITCH-000---00-00
2026-05-23 01:19:37.914 [com.alibaba.nacos.naming.failover.0] [none] DEBUG com.alibaba.nacos.client.naming - failover switch is not found, 00-00---000-VIPSRV_FAILOVER_SWITCH-000---00-00
2026-05-23 01:19:42.915 [com.alibaba.nacos.naming.failover.0] [none] DEBUG com.alibaba.nacos.client.naming - failover switch is not found, 00-00---000-VIPSRV_FAILOVER_SWITCH-000---00-00
2026-05-23 01:19:47.916 [com.alibaba.nacos.naming.failover.0] [none] DEBUG com.alibaba.nacos.client.naming - failover switch is not found, 00-00---000-VIPSRV_FAILOVER_SWITCH-000---00-00
2026-05-23 01:19:52.917 [com.alibaba.nacos.naming.failover.0] [none] DEBUG com.alibaba.nacos.client.naming - failover switch is not found, 00-00---000-VIPSRV_FAILOVER_SWITCH-000---00-00
2026-05-23 01:19:57.917 [com.alibaba.nacos.naming.failover.0] [none] DEBUG com.alibaba.nacos.client.naming - failover switch is not found, 00-00---000-VIPSRV_FAILOVER_SWITCH-000---00-00
2026-05-23 01:20:02.918 [com.alibaba.nacos.naming.failover.0] [none] DEBUG com.alibaba.nacos.client.naming - failover switch is not found, 00-00---000-VIPSRV_FAILOVER_SWITCH-000---00-00
2026-05-23 01:20:07.919 [com.alibaba.nacos.naming.failover.0] [none] DEBUG com.alibaba.nacos.client.naming - failover switch is not found, 00-00---000-VIPSRV_FAILOVER_SWITCH-000---00-00
2026-05-23 01:20:12.920 [com.alibaba.nacos.naming.failover.0] [none] DEBUG com.alibaba.nacos.client.naming - failover switch is not found, 00-00---000-VIPSRV_FAILOVER_SWITCH-000---00-00
2026-05-23 01:20:17.921 [com.alibaba.nacos.naming.failover.0] [none] DEBUG com.alibaba.nacos.client.naming - failover switch is not found, 00-00---000-VIPSRV_FAILOVER_SWITCH-000---00-00
2026-05-23 01:20:22.922 [com.alibaba.nacos.naming.failover.0] [none] DEBUG com.alibaba.nacos.client.naming - failover switch is not found, 00-00---000-VIPSRV_FAILOVER_SWITCH-000---00-00
2026-05-23 01:20:27.923 [com.alibaba.nacos.naming.failover.0] [none] DEBUG com.alibaba.nacos.client.naming - failover switch is not found, 00-00---000-VIPSRV_FAILOVER_SWITCH-000---00-00
2026-05-23 01:20:32.924 [com.alibaba.nacos.naming.failover.0] [none] DEBUG com.alibaba.nacos.client.naming - failover switch is not found, 00-00---000-VIPSRV_FAILOVER_SWITCH-000---00-00
2026-05-23 01:20:37.925 [com.alibaba.nacos.naming.failover.0] [none] DEBUG com.alibaba.nacos.client.naming - failover switch is not found, 00-00---000-VIPSRV_FAILOVER_SWITCH-000---00-00
2026-05-23 01:20:42.925 [com.alibaba.nacos.naming.failover.0] [none] DEBUG com.alibaba.nacos.client.naming - failover switch is not found, 00-00---000-VIPSRV_FAILOVER_SWITCH-000---00-00
2026-05-23 01:20:47.926 [com.alibaba.nacos.naming.failover.0] [none] DEBUG com.alibaba.nacos.client.naming - failover switch is not found, 00-00---000-VIPSRV_FAILOVER_SWITCH-000---00-00
2026-05-23 01:20:52.926 [com.alibaba.nacos.naming.failover.0] [none] DEBUG com.alibaba.nacos.client.naming - failover switch is not found, 00-00---000-VIPSRV_FAILOVER_SWITCH-000---00-00
2026-05-23 01:20:57.928 [com.alibaba.nacos.naming.failover.0] [none] DEBUG com.alibaba.nacos.client.naming - failover switch is not found, 00-00---000-VIPSRV_FAILOVER_SWITCH-000---00-00
2026-05-23 01:21:02.929 [com.alibaba.nacos.naming.failover.0] [none] DEBUG com.alibaba.nacos.client.naming - failover switch is not found, 00-00---000-VIPSRV_FAILOVER_SWITCH-000---00-00
2026-05-23 01:21:07.930 [com.alibaba.nacos.naming.failover.0] [none] DEBUG com.alibaba.nacos.client.naming - failover switch is not found, 00-00---000-VIPSRV_FAILOVER_SWITCH-000---00-00
2026-05-23 01:21:12.931 [com.alibaba.nacos.naming.failover.0] [none] DEBUG com.alibaba.nacos.client.naming - failover switch is not found, 00-00---000-VIPSRV_FAILOVER_SWITCH-000---00-00
2026-05-23 01:21:17.932 [com.alibaba.nacos.naming.failover.0] [none] DEBUG com.alibaba.nacos.client.naming - failover switch is not found, 00-00---000-VIPSRV_FAILOVER_SWITCH-000---00-00
2026-05-23 01:21:22.933 [com.alibaba.nacos.naming.failover.0] [none] DEBUG com.alibaba.nacos.client.naming - failover switch is not found, 00-00---000-VIPSRV_FAILOVER_SWITCH-000---00-00
2026-05-23 01:21:27.933 [com.alibaba.nacos.naming.failover.0] [none] DEBUG com.alibaba.nacos.client.naming - failover switch is not found, 00-00---000-VIPSRV_FAILOVER_SWITCH-000---00-00
2026-05-23 01:21:32.934 [com.alibaba.nacos.naming.failover.0] [none] DEBUG com.alibaba.nacos.client.naming - failover switch is not found, 00-00---000-VIPSRV_FAILOVER_SWITCH-000---00-00
2026-05-23 01:21:37.943 [com.alibaba.nacos.naming.failover.0] [none] DEBUG com.alibaba.nacos.client.naming - failover switch is not found, 00-00---000-VIPSRV_FAILOVER_SWITCH-000---00-00
2026-05-23 01:21:42.945 [com.alibaba.nacos.naming.failover.0] [none] DEBUG com.alibaba.nacos.client.naming - failover switch is not found, 00-00---000-VIPSRV_FAILOVER_SWITCH-000---00-00
2026-05-23 01:21:47.947 [com.alibaba.nacos.naming.failover.0] [none] DEBUG com.alibaba.nacos.client.naming - failover switch is not found, 00-00---000-VIPSRV_FAILOVER_SWITCH-000---00-00
2026-05-23 01:21:52.948 [com.alibaba.nacos.naming.failover.0] [none] DEBUG com.alibaba.nacos.client.naming - failover switch is not found, 00-00---000-VIPSRV_FAILOVER_SWITCH-000---00-00
2026-05-23 01:21:57.949 [com.alibaba.nacos.naming.failover.0] [none] DEBUG com.alibaba.nacos.client.naming - failover switch is not found, 00-00---000-VIPSRV_FAILOVER_SWITCH-000---00-00
2026-05-23 01:22:02.950 [com.alibaba.nacos.naming.failover.0] [none] DEBUG com.alibaba.nacos.client.naming - failover switch is not found, 00-00---000-VIPSRV_FAILOVER_SWITCH-000---00-00
2026-05-23 01:22:07.951 [com.alibaba.nacos.naming.failover.0] [none] DEBUG com.alibaba.nacos.client.naming - failover switch is not found, 00-00---000-VIPSRV_FAILOVER_SWITCH-000---00-00
2026-05-23 01:22:12.952 [com.alibaba.nacos.naming.failover.0] [none] DEBUG com.alibaba.nacos.client.naming - failover switch is not found, 00-00---000-VIPSRV_FAILOVER_SWITCH-000---00-00
2026-05-23 01:22:17.953 [com.alibaba.nacos.naming.failover.0] [none] DEBUG com.alibaba.nacos.client.naming - failover switch is not found, 00-00---000-VIPSRV_FAILOVER_SWITCH-000---00-00
2026-05-23 01:22:22.954 [com.alibaba.nacos.naming.failover.0] [none] DEBUG com.alibaba.nacos.client.naming - failover switch is not found, 00-00---000-VIPSRV_FAILOVER_SWITCH-000---00-00
2026-05-23 01:22:27.956 [com.alibaba.nacos.naming.failover.0] [none] DEBUG com.alibaba.nacos.client.naming - failover switch is not found, 00-00---000-VIPSRV_FAILOVER_SWITCH-000---00-00
2026-05-23 01:22:32.957 [com.alibaba.nacos.naming.failover.0] [none] DEBUG com.alibaba.nacos.client.naming - failover switch is not found, 00-00---000-VIPSRV_FAILOVER_SWITCH-000---00-00
2026-05-23 01:22:37.958 [com.alibaba.nacos.naming.failover.0] [none] DEBUG com.alibaba.nacos.client.naming - failover switch is not found, 00-00---000-VIPSRV_FAILOVER_SWITCH-000---00-00
2026-05-23 01:22:42.960 [com.alibaba.nacos.naming.failover.0] [none] DEBUG com.alibaba.nacos.client.naming - failover switch is not found, 00-00---000-VIPSRV_FAILOVER_SWITCH-000---00-00
2026-05-23 01:22:47.961 [com.alibaba.nacos.naming.failover.0] [none] DEBUG com.alibaba.nacos.client.naming - failover switch is not found, 00-00---000-VIPSRV_FAILOVER_SWITCH-000---00-00
2026-05-23 01:22:52.962 [com.alibaba.nacos.naming.failover.0] [none] DEBUG com.alibaba.nacos.client.naming - failover switch is not found, 00-00---000-VIPSRV_FAILOVER_SWITCH-000---00-00
2026-05-23 01:22:57.962 [com.alibaba.nacos.naming.failover.0] [none] DEBUG com.alibaba.nacos.client.naming - failover switch is not found, 00-00---000-VIPSRV_FAILOVER_SWITCH-000---00-00
2026-05-23 01:23:02.964 [com.alibaba.nacos.naming.failover.0] [none] DEBUG com.alibaba.nacos.client.naming - failover switch is not found, 00-00---000-VIPSRV_FAILOVER_SWITCH-000---00-00
2026-05-23 01:23:07.964 [com.alibaba.nacos.naming.failover.0] [none] DEBUG com.alibaba.nacos.client.naming - failover switch is not found, 00-00---000-VIPSRV_FAILOVER_SWITCH-000---00-00
2026-05-23 01:23:12.966 [com.alibaba.nacos.naming.failover.0] [none] DEBUG com.alibaba.nacos.client.naming - failover switch is not found, 00-00---000-VIPSRV_FAILOVER_SWITCH-000---00-00
2026-05-23 01:23:17.967 [com.alibaba.nacos.naming.failover.0] [none] DEBUG com.alibaba.nacos.client.naming - failover switch is not found, 00-00---000-VIPSRV_FAILOVER_SWITCH-000---00-00
2026-05-23 01:23:22.968 [com.alibaba.nacos.naming.failover.0] [none] DEBUG com.alibaba.nacos.client.naming - failover switch is not found, 00-00---000-VIPSRV_FAILOVER_SWITCH-000---00-00
2026-05-23 01:23:27.968 [com.alibaba.nacos.naming.failover.0] [none] DEBUG com.alibaba.nacos.client.naming - failover switch is not found, 00-00---000-VIPSRV_FAILOVER_SWITCH-000---00-00
2026-05-23 01:23:32.970 [com.alibaba.nacos.naming.failover.0] [none] DEBUG com.alibaba.nacos.client.naming - failover switch is not found, 00-00---000-VIPSRV_FAILOVER_SWITCH-000---00-00
2026-05-23 01:23:37.972 [com.alibaba.nacos.naming.failover.0] [none] DEBUG com.alibaba.nacos.client.naming - failover switch is not found, 00-00---000-VIPSRV_FAILOVER_SWITCH-000---00-00
2026-05-23 01:23:42.972 [com.alibaba.nacos.naming.failover.0] [none] DEBUG com.alibaba.nacos.client.naming - failover switch is not found, 00-00---000-VIPSRV_FAILOVER_SWITCH-000---00-00
2026-05-23 01:23:47.974 [com.alibaba.nacos.naming.failover.0] [none] DEBUG com.alibaba.nacos.client.naming - failover switch is not found, 00-00---000-VIPSRV_FAILOVER_SWITCH-000---00-00
2026-05-23 01:23:52.976 [com.alibaba.nacos.naming.failover.0] [none] DEBUG com.alibaba.nacos.client.naming - failover switch is not found, 00-00---000-VIPSRV_FAILOVER_SWITCH-000---00-00
2026-05-23 01:23:57.977 [com.alibaba.nacos.naming.failover.0] [none] DEBUG com.alibaba.nacos.client.naming - failover switch is not found, 00-00---000-VIPSRV_FAILOVER_SWITCH-000---00-00
2026-05-23 01:24:02.978 [com.alibaba.nacos.naming.failover.0] [none] DEBUG com.alibaba.nacos.client.naming - failover switch is not found, 00-00---000-VIPSRV_FAILOVER_SWITCH-000---00-00
2026-05-23 01:24:07.979 [com.alibaba.nacos.naming.failover.0] [none] DEBUG com.alibaba.nacos.client.naming - failover switch is not found, 00-00---000-VIPSRV_FAILOVER_SWITCH-000---00-00
2026-05-23 01:24:12.979 [com.alibaba.nacos.naming.failover.0] [none] DEBUG com.alibaba.nacos.client.naming - failover switch is not found, 00-00---000-VIPSRV_FAILOVER_SWITCH-000---00-00
2026-05-23 01:24:17.980 [com.alibaba.nacos.naming.failover.0] [none] DEBUG com.alibaba.nacos.client.naming - failover switch is not found, 00-00---000-VIPSRV_FAILOVER_SWITCH-000---00-00
2026-05-23 01:24:22.980 [com.alibaba.nacos.naming.failover.0] [none] DEBUG com.alibaba.nacos.client.naming - failover switch is not found, 00-00---000-VIPSRV_FAILOVER_SWITCH-000---00-00
2026-05-23 01:24:27.982 [com.alibaba.nacos.naming.failover.0] [none] DEBUG com.alibaba.nacos.client.naming - failover switch is not found, 00-00---000-VIPSRV_FAILOVER_SWITCH-000---00-00
2026-05-23 01:24:32.982 [com.alibaba.nacos.naming.failover.0] [none] DEBUG com.alibaba.nacos.client.naming - failover switch is not found, 00-00---000-VIPSRV_FAILOVER_SWITCH-000---00-00
2026-05-23 01:24:37.984 [com.alibaba.nacos.naming.failover.0] [none] DEBUG com.alibaba.nacos.client.naming - failover switch is not found, 00-00---000-VIPSRV_FAILOVER_SWITCH-000---00-00
2026-05-23 01:24:42.985 [com.alibaba.nacos.naming.failover.0] [none] DEBUG com.alibaba.nacos.client.naming - failover switch is not found, 00-00---000-VIPSRV_FAILOVER_SWITCH-000---00-00
2026-05-23 01:24:47.986 [com.alibaba.nacos.naming.failover.0] [none] DEBUG com.alibaba.nacos.client.naming - failover switch is not found, 00-00---000-VIPSRV_FAILOVER_SWITCH-000---00-00
2026-05-23 01:24:52.987 [com.alibaba.nacos.naming.failover.0] [none] DEBUG com.alibaba.nacos.client.naming - failover switch is not found, 00-00---000-VIPSRV_FAILOVER_SWITCH-000---00-00
2026-05-23 01:24:57.988 [com.alibaba.nacos.naming.failover.0] [none] DEBUG com.alibaba.nacos.client.naming - failover switch is not found, 00-00---000-VIPSRV_FAILOVER_SWITCH-000---00-00
2026-05-23 01:25:02.992 [com.alibaba.nacos.naming.failover.0] [none] DEBUG com.alibaba.nacos.client.naming - failover switch is not found, 00-00---000-VIPSRV_FAILOVER_SWITCH-000---00-00
2026-05-23 01:25:07.994 [com.alibaba.nacos.naming.failover.0] [none] DEBUG com.alibaba.nacos.client.naming - failover switch is not found, 00-00---000-VIPSRV_FAILOVER_SWITCH-000---00-00
2026-05-23 01:25:12.997 [com.alibaba.nacos.naming.failover.0] [none] DEBUG com.alibaba.nacos.client.naming - failover switch is not found, 00-00---000-VIPSRV_FAILOVER_SWITCH-000---00-00
2026-05-23 01:25:17.998 [com.alibaba.nacos.naming.failover.0] [none] DEBUG com.alibaba.nacos.client.naming - failover switch is not found, 00-00---000-VIPSRV_FAILOVER_SWITCH-000---00-00
2026-05-23 01:25:22.999 [com.alibaba.nacos.naming.failover.0] [none] DEBUG com.alibaba.nacos.client.naming - failover switch is not found, 00-00---000-VIPSRV_FAILOVER_SWITCH-000---00-00
2026-05-23 01:25:28.004 [com.alibaba.nacos.naming.failover.0] [none] DEBUG com.alibaba.nacos.client.naming - failover switch is not found, 00-00---000-VIPSRV_FAILOVER_SWITCH-000---00-00
2026-05-23 01:25:33.005 [com.alibaba.nacos.naming.failover.0] [none] DEBUG com.alibaba.nacos.client.naming - failover switch is not found, 00-00---000-VIPSRV_FAILOVER_SWITCH-000---00-00
2026-05-23 01:25:38.007 [com.alibaba.nacos.naming.failover.0] [none] DEBUG com.alibaba.nacos.client.naming - failover switch is not found, 00-00---000-VIPSRV_FAILOVER_SWITCH-000---00-00
2026-05-23 01:25:43.008 [com.alibaba.nacos.naming.failover.0] [none] DEBUG com.alibaba.nacos.client.naming - failover switch is not found, 00-00---000-VIPSRV_FAILOVER_SWITCH-000---00-00
2026-05-23 01:25:48.009 [com.alibaba.nacos.naming.failover.0] [none] DEBUG com.alibaba.nacos.client.naming - failover switch is not found, 00-00---000-VIPSRV_FAILOVER_SWITCH-000---00-00
2026-05-23 01:25:53.010 [com.alibaba.nacos.naming.failover.0] [none] DEBUG com.alibaba.nacos.client.naming - failover switch is not found, 00-00---000-VIPSRV_FAILOVER_SWITCH-000---00-00
2026-05-23 01:25:58.027 [com.alibaba.nacos.naming.failover.0] [none] DEBUG com.alibaba.nacos.client.naming - failover switch is not found, 00-00---000-VIPSRV_FAILOVER_SWITCH-000---00-00
2026-05-23 01:26:03.035 [com.alibaba.nacos.naming.failover.0] [none] DEBUG com.alibaba.nacos.client.naming - failover switch is not found, 00-00---000-VIPSRV_FAILOVER_SWITCH-000---00-00
2026-05-23 01:26:08.036 [com.alibaba.nacos.naming.failover.0] [none] DEBUG com.alibaba.nacos.client.naming - failover switch is not found, 00-00---000-VIPSRV_FAILOVER_SWITCH-000---00-00
2026-05-23 01:26:13.037 [com.alibaba.nacos.naming.failover.0] [none] DEBUG com.alibaba.nacos.client.naming - failover switch is not found, 00-00---000-VIPSRV_FAILOVER_SWITCH-000---00-00
2026-05-23 01:26:18.038 [com.alibaba.nacos.naming.failover.0] [none] DEBUG com.alibaba.nacos.client.naming - failover switch is not found, 00-00---000-VIPSRV_FAILOVER_SWITCH-000---00-00
2026-05-23 01:26:23.039 [com.alibaba.nacos.naming.failover.0] [none] DEBUG com.alibaba.nacos.client.naming - failover switch is not found, 00-00---000-VIPSRV_FAILOVER_SWITCH-000---00-00
2026-05-23 01:26:28.046 [com.alibaba.nacos.naming.failover.0] [none] DEBUG com.alibaba.nacos.client.naming - failover switch is not found, 00-00---000-VIPSRV_FAILOVER_SWITCH-000---00-00
2026-05-23 01:26:33.047 [com.alibaba.nacos.naming.failover.0] [none] DEBUG com.alibaba.nacos.client.naming - failover switch is not found, 00-00---000-VIPSRV_FAILOVER_SWITCH-000---00-00
2026-05-23 01:26:38.048 [com.alibaba.nacos.naming.failover.0] [none] DEBUG com.alibaba.nacos.client.naming - failover switch is not found, 00-00---000-VIPSRV_FAILOVER_SWITCH-000---00-00
2026-05-23 01:26:43.051 [com.alibaba.nacos.naming.failover.0] [none] DEBUG com.alibaba.nacos.client.naming - failover switch is not found, 00-00---000-VIPSRV_FAILOVER_SWITCH-000---00-00
2026-05-23 01:26:48.053 [com.alibaba.nacos.naming.failover.0] [none] DEBUG com.alibaba.nacos.client.naming - failover switch is not found, 00-00---000-VIPSRV_FAILOVER_SWITCH-000---00-00
2026-05-23 01:26:53.053 [com.alibaba.nacos.naming.failover.0] [none] DEBUG com.alibaba.nacos.client.naming - failover switch is not found, 00-00---000-VIPSRV_FAILOVER_SWITCH-000---00-00
2026-05-23 01:26:58.053 [com.alibaba.nacos.naming.failover.0] [none] DEBUG com.alibaba.nacos.client.naming - failover switch is not found, 00-00---000-VIPSRV_FAILOVER_SWITCH-000---00-00
2026-05-23 01:27:03.054 [com.alibaba.nacos.naming.failover.0] [none] DEBUG com.alibaba.nacos.client.naming - failover switch is not found, 00-00---000-VIPSRV_FAILOVER_SWITCH-000---00-00
2026-05-23 01:27:08.054 [com.alibaba.nacos.naming.failover.0] [none] DEBUG com.alibaba.nacos.client.naming - failover switch is not found, 00-00---000-VIPSRV_FAILOVER_SWITCH-000---00-00
2026-05-23 01:27:13.068 [com.alibaba.nacos.naming.failover.0] [none] DEBUG com.alibaba.nacos.client.naming - failover switch is not found, 00-00---000-VIPSRV_FAILOVER_SWITCH-000---00-00
2026-05-23 01:27:18.069 [com.alibaba.nacos.naming.failover.0] [none] DEBUG com.alibaba.nacos.client.naming - failover switch is not found, 00-00---000-VIPSRV_FAILOVER_SWITCH-000---00-00
2026-05-23 01:27:23.070 [com.alibaba.nacos.naming.failover.0] [none] DEBUG com.alibaba.nacos.client.naming - failover switch is not found, 00-00---000-VIPSRV_FAILOVER_SWITCH-000---00-00
2026-05-23 01:27:28.084 [com.alibaba.nacos.naming.failover.0] [none] DEBUG com.alibaba.nacos.client.naming - failover switch is not found, 00-00---000-VIPSRV_FAILOVER_SWITCH-000---00-00
2026-05-23 01:27:33.084 [com.alibaba.nacos.naming.failover.0] [none] DEBUG com.alibaba.nacos.client.naming - failover switch is not found, 00-00---000-VIPSRV_FAILOVER_SWITCH-000---00-00
2026-05-23 01:27:38.085 [com.alibaba.nacos.naming.failover.0] [none] DEBUG com.alibaba.nacos.client.naming - failover switch is not found, 00-00---000-VIPSRV_FAILOVER_SWITCH-000---00-00
2026-05-23 01:27:43.086 [com.alibaba.nacos.naming.failover.0] [none] DEBUG com.alibaba.nacos.client.naming - failover switch is not found, 00-00---000-VIPSRV_FAILOVER_SWITCH-000---00-00
2026-05-23 01:27:48.087 [com.alibaba.nacos.naming.failover.0] [none] DEBUG com.alibaba.nacos.client.naming - failover switch is not found, 00-00---000-VIPSRV_FAILOVER_SWITCH-000---00-00
2026-05-23 01:27:53.089 [com.alibaba.nacos.naming.failover.0] [none] DEBUG com.alibaba.nacos.client.naming - failover switch is not found, 00-00---000-VIPSRV_FAILOVER_SWITCH-000---00-00
2026-05-23 01:27:58.098 [com.alibaba.nacos.naming.failover.0] [none] DEBUG com.alibaba.nacos.client.naming - failover switch is not found, 00-00---000-VIPSRV_FAILOVER_SWITCH-000---00-00
2026-05-23 01:28:03.099 [com.alibaba.nacos.naming.failover.0] [none] DEBUG com.alibaba.nacos.client.naming - failover switch is not found, 00-00---000-VIPSRV_FAILOVER_SWITCH-000---00-00
2026-05-23 01:28:08.100 [com.alibaba.nacos.naming.failover.0] [none] DEBUG com.alibaba.nacos.client.naming - failover switch is not found, 00-00---000-VIPSRV_FAILOVER_SWITCH-000---00-00
2026-05-23 01:28:13.101 [com.alibaba.nacos.naming.failover.0] [none] DEBUG com.alibaba.nacos.client.naming - failover switch is not found, 00-00---000-VIPSRV_FAILOVER_SWITCH-000---00-00
2026-05-23 01:28:18.103 [com.alibaba.nacos.naming.failover.0] [none] DEBUG com.alibaba.nacos.client.naming - failover switch is not found, 00-00---000-VIPSRV_FAILOVER_SWITCH-000---00-00
2026-05-23 01:28:23.104 [com.alibaba.nacos.naming.failover.0] [none] DEBUG com.alibaba.nacos.client.naming - failover switch is not found, 00-00---000-VIPSRV_FAILOVER_SWITCH-000---00-00
2026-05-23 01:28:28.104 [com.alibaba.nacos.naming.failover.0] [none] DEBUG com.alibaba.nacos.client.naming - failover switch is not found, 00-00---000-VIPSRV_FAILOVER_SWITCH-000---00-00
2026-05-23 01:28:33.106 [com.alibaba.nacos.naming.failover.0] [none] DEBUG com.alibaba.nacos.client.naming - failover switch is not found, 00-00---000-VIPSRV_FAILOVER_SWITCH-000---00-00
2026-05-23 01:28:38.106 [com.alibaba.nacos.naming.failover.0] [none] DEBUG com.alibaba.nacos.client.naming - failover switch is not found, 00-00---000-VIPSRV_FAILOVER_SWITCH-000---00-00
2026-05-23 01:28:43.107 [com.alibaba.nacos.naming.failover.0] [none] DEBUG com.alibaba.nacos.client.naming - failover switch is not found, 00-00---000-VIPSRV_FAILOVER_SWITCH-000---00-00
2026-05-23 01:28:48.108 [com.alibaba.nacos.naming.failover.0] [none] DEBUG com.alibaba.nacos.client.naming - failover switch is not found, 00-00---000-VIPSRV_FAILOVER_SWITCH-000---00-00
2026-05-23 01:28:53.109 [com.alibaba.nacos.naming.failover.0] [none] DEBUG com.alibaba.nacos.client.naming - failover switch is not found, 00-00---000-VIPSRV_FAILOVER_SWITCH-000---00-00
2026-05-23 01:28:58.110 [com.alibaba.nacos.naming.failover.0] [none] DEBUG com.alibaba.nacos.client.naming - failover switch is not found, 00-00---000-VIPSRV_FAILOVER_SWITCH-000---00-00
2026-05-23 01:29:03.112 [com.alibaba.nacos.naming.failover.0] [none] DEBUG com.alibaba.nacos.client.naming - failover switch is not found, 00-00---000-VIPSRV_FAILOVER_SWITCH-000---00-00
2026-05-23 01:29:08.114 [com.alibaba.nacos.naming.failover.0] [none] DEBUG com.alibaba.nacos.client.naming - failover switch is not found, 00-00---000-VIPSRV_FAILOVER_SWITCH-000---00-00
2026-05-23 01:29:13.115 [com.alibaba.nacos.naming.failover.0] [none] DEBUG com.alibaba.nacos.client.naming - failover switch is not found, 00-00---000-VIPSRV_FAILOVER_SWITCH-000---00-00
2026-05-23 01:29:18.117 [com.alibaba.nacos.naming.failover.0] [none] DEBUG com.alibaba.nacos.client.naming - failover switch is not found, 00-00---000-VIPSRV_FAILOVER_SWITCH-000---00-00
2026-05-23 01:29:23.118 [com.alibaba.nacos.naming.failover.0] [none] DEBUG com.alibaba.nacos.client.naming - failover switch is not found, 00-00---000-VIPSRV_FAILOVER_SWITCH-000---00-00
2026-05-23 01:29:28.118 [com.alibaba.nacos.naming.failover.0] [none] DEBUG com.alibaba.nacos.client.naming - failover switch is not found, 00-00---000-VIPSRV_FAILOVER_SWITCH-000---00-00
2026-05-23 01:29:33.120 [com.alibaba.nacos.naming.failover.0] [none] DEBUG com.alibaba.nacos.client.naming - failover switch is not found, 00-00---000-VIPSRV_FAILOVER_SWITCH-000---00-00
2026-05-23 01:29:38.121 [com.alibaba.nacos.naming.failover.0] [none] DEBUG com.alibaba.nacos.client.naming - failover switch is not found, 00-00---000-VIPSRV_FAILOVER_SWITCH-000---00-00
2026-05-23 01:29:43.122 [com.alibaba.nacos.naming.failover.0] [none] DEBUG com.alibaba.nacos.client.naming - failover switch is not found, 00-00---000-VIPSRV_FAILOVER_SWITCH-000---00-00
2026-05-23 01:29:48.123 [com.alibaba.nacos.naming.failover.0] [none] DEBUG com.alibaba.nacos.client.naming - failover switch is not found, 00-00---000-VIPSRV_FAILOVER_SWITCH-000---00-00
2026-05-23 01:29:53.125 [com.alibaba.nacos.naming.failover.0] [none] DEBUG com.alibaba.nacos.client.naming - failover switch is not found, 00-00---000-VIPSRV_FAILOVER_SWITCH-000---00-00
2026-05-23 01:29:58.126 [com.alibaba.nacos.naming.failover.0] [none] DEBUG com.alibaba.nacos.client.naming - failover switch is not found, 00-00---000-VIPSRV_FAILOVER_SWITCH-000---00-00
2026-05-23 01:30:03.127 [com.alibaba.nacos.naming.failover.0] [none] DEBUG com.alibaba.nacos.client.naming - failover switch is not found, 00-00---000-VIPSRV_FAILOVER_SWITCH-000---00-00
2026-05-23 01:30:08.128 [com.alibaba.nacos.naming.failover.0] [none] DEBUG com.alibaba.nacos.client.naming - failover switch is not found, 00-00---000-VIPSRV_FAILOVER_SWITCH-000---00-00
2026-05-23 01:30:13.135 [com.alibaba.nacos.naming.failover.0] [none] DEBUG com.alibaba.nacos.client.naming - failover switch is not found, 00-00---000-VIPSRV_FAILOVER_SWITCH-000---00-00
2026-05-23 01:30:18.137 [com.alibaba.nacos.naming.failover.0] [none] DEBUG com.alibaba.nacos.client.naming - failover switch is not found, 00-00---000-VIPSRV_FAILOVER_SWITCH-000---00-00
2026-05-23 01:30:23.137 [com.alibaba.nacos.naming.failover.0] [none] DEBUG com.alibaba.nacos.client.naming - failover switch is not found, 00-00---000-VIPSRV_FAILOVER_SWITCH-000---00-00
2026-05-23 01:30:28.139 [com.alibaba.nacos.naming.failover.0] [none] DEBUG com.alibaba.nacos.client.naming - failover switch is not found, 00-00---000-VIPSRV_FAILOVER_SWITCH-000---00-00
2026-05-23 01:30:33.140 [com.alibaba.nacos.naming.failover.0] [none] DEBUG com.alibaba.nacos.client.naming - failover switch is not found, 00-00---000-VIPSRV_FAILOVER_SWITCH-000---00-00
2026-05-23 01:30:38.141 [com.alibaba.nacos.naming.failover.0] [none] DEBUG com.alibaba.nacos.client.naming - failover switch is not found, 00-00---000-VIPSRV_FAILOVER_SWITCH-000---00-00
2026-05-23 01:30:43.141 [com.alibaba.nacos.naming.failover.0] [none] DEBUG com.alibaba.nacos.client.naming - failover switch is not found, 00-00---000-VIPSRV_FAILOVER_SWITCH-000---00-00
2026-05-23 01:30:48.142 [com.alibaba.nacos.naming.failover.0] [none] DEBUG com.alibaba.nacos.client.naming - failover switch is not found, 00-00---000-VIPSRV_FAILOVER_SWITCH-000---00-00
2026-05-23 01:30:53.143 [com.alibaba.nacos.naming.failover.0] [none] DEBUG com.alibaba.nacos.client.naming - failover switch is not found, 00-00---000-VIPSRV_FAILOVER_SWITCH-000---00-00
2026-05-23 01:30:58.144 [com.alibaba.nacos.naming.failover.0] [none] DEBUG com.alibaba.nacos.client.naming - failover switch is not found, 00-00---000-VIPSRV_FAILOVER_SWITCH-000---00-00
2026-05-23 01:31:03.145 [com.alibaba.nacos.naming.failover.0] [none] DEBUG com.alibaba.nacos.client.naming - failover switch is not found, 00-00---000-VIPSRV_FAILOVER_SWITCH-000---00-00
2026-05-23 01:31:08.146 [com.alibaba.nacos.naming.failover.0] [none] DEBUG com.alibaba.nacos.client.naming - failover switch is not found, 00-00---000-VIPSRV_FAILOVER_SWITCH-000---00-00
2026-05-23 01:31:13.147 [com.alibaba.nacos.naming.failover.0] [none] DEBUG com.alibaba.nacos.client.naming - failover switch is not found, 00-00---000-VIPSRV_FAILOVER_SWITCH-000---00-00
2026-05-23 01:31:18.148 [com.alibaba.nacos.naming.failover.0] [none] DEBUG com.alibaba.nacos.client.naming - failover switch is not found, 00-00---000-VIPSRV_FAILOVER_SWITCH-000---00-00
2026-05-23 01:31:23.149 [com.alibaba.nacos.naming.failover.0] [none] DEBUG com.alibaba.nacos.client.naming - failover switch is not found, 00-00---000-VIPSRV_FAILOVER_SWITCH-000---00-00
2026-05-23 01:31:28.149 [com.alibaba.nacos.naming.failover.0] [none] DEBUG com.alibaba.nacos.client.naming - failover switch is not found, 00-00---000-VIPSRV_FAILOVER_SWITCH-000---00-00
2026-05-23 01:31:33.151 [com.alibaba.nacos.naming.failover.0] [none] DEBUG com.alibaba.nacos.client.naming - failover switch is not found, 00-00---000-VIPSRV_FAILOVER_SWITCH-000---00-00
2026-05-23 01:31:38.152 [com.alibaba.nacos.naming.failover.0] [none] DEBUG com.alibaba.nacos.client.naming - failover switch is not found, 00-00---000-VIPSRV_FAILOVER_SWITCH-000---00-00
2026-05-23 01:31:43.152 [com.alibaba.nacos.naming.failover.0] [none] DEBUG com.alibaba.nacos.client.naming - failover switch is not found, 00-00---000-VIPSRV_FAILOVER_SWITCH-000---00-00
2026-05-23 01:31:48.153 [com.alibaba.nacos.naming.failover.0] [none] DEBUG com.alibaba.nacos.client.naming - failover switch is not found, 00-00---000-VIPSRV_FAILOVER_SWITCH-000---00-00
2026-05-23 01:31:53.154 [com.alibaba.nacos.naming.failover.0] [none] DEBUG com.alibaba.nacos.client.naming - failover switch is not found, 00-00---000-VIPSRV_FAILOVER_SWITCH-000---00-00
2026-05-23 01:31:58.154 [com.alibaba.nacos.naming.failover.0] [none] DEBUG com.alibaba.nacos.client.naming - failover switch is not found, 00-00---000-VIPSRV_FAILOVER_SWITCH-000---00-00
2026-05-23 01:32:03.155 [com.alibaba.nacos.naming.failover.0] [none] DEBUG com.alibaba.nacos.client.naming - failover switch is not found, 00-00---000-VIPSRV_FAILOVER_SWITCH-000---00-00
2026-05-23 01:32:08.156 [com.alibaba.nacos.naming.failover.0] [none] DEBUG com.alibaba.nacos.client.naming - failover switch is not found, 00-00---000-VIPSRV_FAILOVER_SWITCH-000---00-00
2026-05-23 01:32:13.156 [com.alibaba.nacos.naming.failover.0] [none] DEBUG com.alibaba.nacos.client.naming - failover switch is not found, 00-00---000-VIPSRV_FAILOVER_SWITCH-000---00-00
2026-05-23 01:32:18.157 [com.alibaba.nacos.naming.failover.0] [none] DEBUG com.alibaba.nacos.client.naming - failover switch is not found, 00-00---000-VIPSRV_FAILOVER_SWITCH-000---00-00
2026-05-23 01:32:23.157 [com.alibaba.nacos.naming.failover.0] [none] DEBUG com.alibaba.nacos.client.naming - failover switch is not found, 00-00---000-VIPSRV_FAILOVER_SWITCH-000---00-00
2026-05-23 01:32:28.158 [com.alibaba.nacos.naming.failover.0] [none] DEBUG com.alibaba.nacos.client.naming - failover switch is not found, 00-00---000-VIPSRV_FAILOVER_SWITCH-000---00-00
2026-05-23 01:32:33.159 [com.alibaba.nacos.naming.failover.0] [none] DEBUG com.alibaba.nacos.client.naming - failover switch is not found, 00-00---000-VIPSRV_FAILOVER_SWITCH-000---00-00
2026-05-23 01:32:38.159 [com.alibaba.nacos.naming.failover.0] [none] DEBUG com.alibaba.nacos.client.naming - failover switch is not found, 00-00---000-VIPSRV_FAILOVER_SWITCH-000---00-00
2026-05-23 01:32:43.161 [com.alibaba.nacos.naming.failover.0] [none] DEBUG com.alibaba.nacos.client.naming - failover switch is not found, 00-00---000-VIPSRV_FAILOVER_SWITCH-000---00-00
2026-05-23 01:32:48.161 [com.alibaba.nacos.naming.failover.0] [none] DEBUG com.alibaba.nacos.client.naming - failover switch is not found, 00-00---000-VIPSRV_FAILOVER_SWITCH-000---00-00
2026-05-23 01:32:53.162 [com.alibaba.nacos.naming.failover.0] [none] DEBUG com.alibaba.nacos.client.naming - failover switch is not found, 00-00---000-VIPSRV_FAILOVER_SWITCH-000---00-00
2026-05-23 01:32:58.163 [com.alibaba.nacos.naming.failover.0] [none] DEBUG com.alibaba.nacos.client.naming - failover switch is not found, 00-00---000-VIPSRV_FAILOVER_SWITCH-000---00-00
2026-05-23 01:33:03.163 [com.alibaba.nacos.naming.failover.0] [none] DEBUG com.alibaba.nacos.client.naming - failover switch is not found, 00-00---000-VIPSRV_FAILOVER_SWITCH-000---00-00
2026-05-23 01:33:08.164 [com.alibaba.nacos.naming.failover.0] [none] DEBUG com.alibaba.nacos.client.naming - failover switch is not found, 00-00---000-VIPSRV_FAILOVER_SWITCH-000---00-00
2026-05-23 01:33:13.165 [com.alibaba.nacos.naming.failover.0] [none] DEBUG com.alibaba.nacos.client.naming - failover switch is not found, 00-00---000-VIPSRV_FAILOVER_SWITCH-000---00-00
2026-05-23 01:33:18.166 [com.alibaba.nacos.naming.failover.0] [none] DEBUG com.alibaba.nacos.client.naming - failover switch is not found, 00-00---000-VIPSRV_FAILOVER_SWITCH-000---00-00
2026-05-23 01:33:23.168 [com.alibaba.nacos.naming.failover.0] [none] DEBUG com.alibaba.nacos.client.naming - failover switch is not found, 00-00---000-VIPSRV_FAILOVER_SWITCH-000---00-00
2026-05-23 01:33:28.168 [com.alibaba.nacos.naming.failover.0] [none] DEBUG com.alibaba.nacos.client.naming - failover switch is not found, 00-00---000-VIPSRV_FAILOVER_SWITCH-000---00-00
2026-05-23 01:33:33.169 [com.alibaba.nacos.naming.failover.0] [none] DEBUG com.alibaba.nacos.client.naming - failover switch is not found, 00-00---000-VIPSRV_FAILOVER_SWITCH-000---00-00
2026-05-23 01:33:38.170 [com.alibaba.nacos.naming.failover.0] [none] DEBUG com.alibaba.nacos.client.naming - failover switch is not found, 00-00---000-VIPSRV_FAILOVER_SWITCH-000---00-00
2026-05-23 01:33:43.170 [com.alibaba.nacos.naming.failover.0] [none] DEBUG com.alibaba.nacos.client.naming - failover switch is not found, 00-00---000-VIPSRV_FAILOVER_SWITCH-000---00-00
2026-05-23 01:33:48.171 [com.alibaba.nacos.naming.failover.0] [none] DEBUG com.alibaba.nacos.client.naming - failover switch is not found, 00-00---000-VIPSRV_FAILOVER_SWITCH-000---00-00
2026-05-23 01:33:53.172 [com.alibaba.nacos.naming.failover.0] [none] DEBUG com.alibaba.nacos.client.naming - failover switch is not found, 00-00---000-VIPSRV_FAILOVER_SWITCH-000---00-00
2026-05-23 01:33:58.172 [com.alibaba.nacos.naming.failover.0] [none] DEBUG com.alibaba.nacos.client.naming - failover switch is not found, 00-00---000-VIPSRV_FAILOVER_SWITCH-000---00-00
2026-05-23 01:34:03.173 [com.alibaba.nacos.naming.failover.0] [none] DEBUG com.alibaba.nacos.client.naming - failover switch is not found, 00-00---000-VIPSRV_FAILOVER_SWITCH-000---00-00
2026-05-23 01:34:08.173 [com.alibaba.nacos.naming.failover.0] [none] DEBUG com.alibaba.nacos.client.naming - failover switch is not found, 00-00---000-VIPSRV_FAILOVER_SWITCH-000---00-00
2026-05-23 01:34:13.175 [com.alibaba.nacos.naming.failover.0] [none] DEBUG com.alibaba.nacos.client.naming - failover switch is not found, 00-00---000-VIPSRV_FAILOVER_SWITCH-000---00-00
2026-05-23 01:34:18.175 [com.alibaba.nacos.naming.failover.0] [none] DEBUG com.alibaba.nacos.client.naming - failover switch is not found, 00-00---000-VIPSRV_FAILOVER_SWITCH-000---00-00
2026-05-23 01:34:23.175 [com.alibaba.nacos.naming.failover.0] [none] DEBUG com.alibaba.nacos.client.naming - failover switch is not found, 00-00---000-VIPSRV_FAILOVER_SWITCH-000---00-00
2026-05-23 01:34:28.176 [com.alibaba.nacos.naming.failover.0] [none] DEBUG com.alibaba.nacos.client.naming - failover switch is not found, 00-00---000-VIPSRV_FAILOVER_SWITCH-000---00-00
2026-05-23 01:34:33.176 [com.alibaba.nacos.naming.failover.0] [none] DEBUG com.alibaba.nacos.client.naming - failover switch is not found, 00-00---000-VIPSRV_FAILOVER_SWITCH-000---00-00
2026-05-23 01:34:38.177 [com.alibaba.nacos.naming.failover.0] [none] DEBUG com.alibaba.nacos.client.naming - failover switch is not found, 00-00---000-VIPSRV_FAILOVER_SWITCH-000---00-00
2026-05-23 01:34:43.177 [com.alibaba.nacos.naming.failover.0] [none] DEBUG com.alibaba.nacos.client.naming - failover switch is not found, 00-00---000-VIPSRV_FAILOVER_SWITCH-000---00-00
2026-05-23 01:34:48.178 [com.alibaba.nacos.naming.failover.0] [none] DEBUG com.alibaba.nacos.client.naming - failover switch is not found, 00-00---000-VIPSRV_FAILOVER_SWITCH-000---00-00
2026-05-23 01:34:53.179 [com.alibaba.nacos.naming.failover.0] [none] DEBUG com.alibaba.nacos.client.naming - failover switch is not found, 00-00---000-VIPSRV_FAILOVER_SWITCH-000---00-00
2026-05-23 01:34:58.179 [com.alibaba.nacos.naming.failover.0] [none] DEBUG com.alibaba.nacos.client.naming - failover switch is not found, 00-00---000-VIPSRV_FAILOVER_SWITCH-000---00-00
2026-05-23 01:35:03.180 [com.alibaba.nacos.naming.failover.0] [none] DEBUG com.alibaba.nacos.client.naming - failover switch is not found, 00-00---000-VIPSRV_FAILOVER_SWITCH-000---00-00
2026-05-23 01:35:08.181 [com.alibaba.nacos.naming.failover.0] [none] DEBUG com.alibaba.nacos.client.naming - failover switch is not found, 00-00---000-VIPSRV_FAILOVER_SWITCH-000---00-00
2026-05-23 01:35:13.181 [com.alibaba.nacos.naming.failover.0] [none] DEBUG com.alibaba.nacos.client.naming - failover switch is not found, 00-00---000-VIPSRV_FAILOVER_SWITCH-000---00-00
2026-05-23 01:35:18.182 [com.alibaba.nacos.naming.failover.0] [none] DEBUG com.alibaba.nacos.client.naming - failover switch is not found, 00-00---000-VIPSRV_FAILOVER_SWITCH-000---00-00
2026-05-23 01:35:23.183 [com.alibaba.nacos.naming.failover.0] [none] DEBUG com.alibaba.nacos.client.naming - failover switch is not found, 00-00---000-VIPSRV_FAILOVER_SWITCH-000---00-00
2026-05-23 01:35:28.183 [com.alibaba.nacos.naming.failover.0] [none] DEBUG com.alibaba.nacos.client.naming - failover switch is not found, 00-00---000-VIPSRV_FAILOVER_SWITCH-000---00-00
2026-05-23 01:35:33.183 [com.alibaba.nacos.naming.failover.0] [none] DEBUG com.alibaba.nacos.client.naming - failover switch is not found, 00-00---000-VIPSRV_FAILOVER_SWITCH-000---00-00
2026-05-23 01:35:38.184 [com.alibaba.nacos.naming.failover.0] [none] DEBUG com.alibaba.nacos.client.naming - failover switch is not found, 00-00---000-VIPSRV_FAILOVER_SWITCH-000---00-00
2026-05-23 01:35:43.185 [com.alibaba.nacos.naming.failover.0] [none] DEBUG com.alibaba.nacos.client.naming - failover switch is not found, 00-00---000-VIPSRV_FAILOVER_SWITCH-000---00-00
2026-05-23 01:35:48.185 [com.alibaba.nacos.naming.failover.0] [none] DEBUG com.alibaba.nacos.client.naming - failover switch is not found, 00-00---000-VIPSRV_FAILOVER_SWITCH-000---00-00
2026-05-23 01:35:53.186 [com.alibaba.nacos.naming.failover.0] [none] DEBUG com.alibaba.nacos.client.naming - failover switch is not found, 00-00---000-VIPSRV_FAILOVER_SWITCH-000---00-00
2026-05-23 01:35:58.187 [com.alibaba.nacos.naming.failover.0] [none] DEBUG com.alibaba.nacos.client.naming - failover switch is not found, 00-00---000-VIPSRV_FAILOVER_SWITCH-000---00-00
2026-05-23 01:36:03.188 [com.alibaba.nacos.naming.failover.0] [none] DEBUG com.alibaba.nacos.client.naming - failover switch is not found, 00-00---000-VIPSRV_FAILOVER_SWITCH-000---00-00
2026-05-23 01:36:08.189 [com.alibaba.nacos.naming.failover.0] [none] DEBUG com.alibaba.nacos.client.naming - failover switch is not found, 00-00---000-VIPSRV_FAILOVER_SWITCH-000---00-00
2026-05-23 01:36:13.189 [com.alibaba.nacos.naming.failover.0] [none] DEBUG com.alibaba.nacos.client.naming - failover switch is not found, 00-00---000-VIPSRV_FAILOVER_SWITCH-000---00-00
2026-05-23 01:36:18.191 [com.alibaba.nacos.naming.failover.0] [none] DEBUG com.alibaba.nacos.client.naming - failover switch is not found, 00-00---000-VIPSRV_FAILOVER_SWITCH-000---00-00
2026-05-23 01:36:23.192 [com.alibaba.nacos.naming.failover.0] [none] DEBUG com.alibaba.nacos.client.naming - failover switch is not found, 00-00---000-VIPSRV_FAILOVER_SWITCH-000---00-00
2026-05-23 01:36:28.193 [com.alibaba.nacos.naming.failover.0] [none] DEBUG com.alibaba.nacos.client.naming - failover switch is not found, 00-00---000-VIPSRV_FAILOVER_SWITCH-000---00-00
2026-05-23 01:36:33.194 [com.alibaba.nacos.naming.failover.0] [none] DEBUG com.alibaba.nacos.client.naming - failover switch is not found, 00-00---000-VIPSRV_FAILOVER_SWITCH-000---00-00
2026-05-23 01:36:38.194 [com.alibaba.nacos.naming.failover.0] [none] DEBUG com.alibaba.nacos.client.naming - failover switch is not found, 00-00---000-VIPSRV_FAILOVER_SWITCH-000---00-00
2026-05-23 01:36:43.196 [com.alibaba.nacos.naming.failover.0] [none] DEBUG com.alibaba.nacos.client.naming - failover switch is not found, 00-00---000-VIPSRV_FAILOVER_SWITCH-000---00-00
2026-05-23 01:36:48.197 [com.alibaba.nacos.naming.failover.0] [none] DEBUG com.alibaba.nacos.client.naming - failover switch is not found, 00-00---000-VIPSRV_FAILOVER_SWITCH-000---00-00
2026-05-23 01:36:53.199 [com.alibaba.nacos.naming.failover.0] [none] DEBUG com.alibaba.nacos.client.naming - failover switch is not found, 00-00---000-VIPSRV_FAILOVER_SWITCH-000---00-00
2026-05-23 01:36:58.200 [com.alibaba.nacos.naming.failover.0] [none] DEBUG com.alibaba.nacos.client.naming - failover switch is not found, 00-00---000-VIPSRV_FAILOVER_SWITCH-000---00-00
2026-05-23 01:37:03.200 [com.alibaba.nacos.naming.failover.0] [none] DEBUG com.alibaba.nacos.client.naming - failover switch is not found, 00-00---000-VIPSRV_FAILOVER_SWITCH-000---00-00
2026-05-23 01:37:08.201 [com.alibaba.nacos.naming.failover.0] [none] DEBUG com.alibaba.nacos.client.naming - failover switch is not found, 00-00---000-VIPSRV_FAILOVER_SWITCH-000---00-00
2026-05-23 01:37:13.202 [com.alibaba.nacos.naming.failover.0] [none] DEBUG com.alibaba.nacos.client.naming - failover switch is not found, 00-00---000-VIPSRV_FAILOVER_SWITCH-000---00-00
2026-05-23 01:37:18.203 [com.alibaba.nacos.naming.failover.0] [none] DEBUG com.alibaba.nacos.client.naming - failover switch is not found, 00-00---000-VIPSRV_FAILOVER_SWITCH-000---00-00
2026-05-23 01:37:23.203 [com.alibaba.nacos.naming.failover.0] [none] DEBUG com.alibaba.nacos.client.naming - failover switch is not found, 00-00---000-VIPSRV_FAILOVER_SWITCH-000---00-00
2026-05-23 01:37:28.204 [com.alibaba.nacos.naming.failover.0] [none] DEBUG com.alibaba.nacos.client.naming - failover switch is not found, 00-00---000-VIPSRV_FAILOVER_SWITCH-000---00-00
2026-05-23 01:37:33.204 [com.alibaba.nacos.naming.failover.0] [none] DEBUG com.alibaba.nacos.client.naming - failover switch is not found, 00-00---000-VIPSRV_FAILOVER_SWITCH-000---00-00
2026-05-23 01:37:38.204 [com.alibaba.nacos.naming.failover.0] [none] DEBUG com.alibaba.nacos.client.naming - failover switch is not found, 00-00---000-VIPSRV_FAILOVER_SWITCH-000---00-00
2026-05-23 01:37:43.206 [com.alibaba.nacos.naming.failover.0] [none] DEBUG com.alibaba.nacos.client.naming - failover switch is not found, 00-00---000-VIPSRV_FAILOVER_SWITCH-000---00-00
2026-05-23 01:37:48.207 [com.alibaba.nacos.naming.failover.0] [none] DEBUG com.alibaba.nacos.client.naming - failover switch is not found, 00-00---000-VIPSRV_FAILOVER_SWITCH-000---00-00
2026-05-23 01:37:53.208 [com.alibaba.nacos.naming.failover.0] [none] DEBUG com.alibaba.nacos.client.naming - failover switch is not found, 00-00---000-VIPSRV_FAILOVER_SWITCH-000---00-00
2026-05-23 01:37:58.209 [com.alibaba.nacos.naming.failover.0] [none] DEBUG com.alibaba.nacos.client.naming - failover switch is not found, 00-00---000-VIPSRV_FAILOVER_SWITCH-000---00-00
2026-05-23 01:38:03.209 [com.alibaba.nacos.naming.failover.0] [none] DEBUG com.alibaba.nacos.client.naming - failover switch is not found, 00-00---000-VIPSRV_FAILOVER_SWITCH-000---00-00
2026-05-23 01:38:08.210 [com.alibaba.nacos.naming.failover.0] [none] DEBUG com.alibaba.nacos.client.naming - failover switch is not found, 00-00---000-VIPSRV_FAILOVER_SWITCH-000---00-00
2026-05-23 01:38:13.210 [com.alibaba.nacos.naming.failover.0] [none] DEBUG com.alibaba.nacos.client.naming - failover switch is not found, 00-00---000-VIPSRV_FAILOVER_SWITCH-000---00-00
2026-05-23 01:38:18.211 [com.alibaba.nacos.naming.failover.0] [none] DEBUG com.alibaba.nacos.client.naming - failover switch is not found, 00-00---000-VIPSRV_FAILOVER_SWITCH-000---00-00
2026-05-23 01:38:23.211 [com.alibaba.nacos.naming.failover.0] [none] DEBUG com.alibaba.nacos.client.naming - failover switch is not found, 00-00---000-VIPSRV_FAILOVER_SWITCH-000---00-00
2026-05-23 01:38:28.211 [com.alibaba.nacos.naming.failover.0] [none] DEBUG com.alibaba.nacos.client.naming - failover switch is not found, 00-00---000-VIPSRV_FAILOVER_SWITCH-000---00-00
2026-05-23 01:38:33.212 [com.alibaba.nacos.naming.failover.0] [none] DEBUG com.alibaba.nacos.client.naming - failover switch is not found, 00-00---000-VIPSRV_FAILOVER_SWITCH-000---00-00
2026-05-23 01:38:38.213 [com.alibaba.nacos.naming.failover.0] [none] DEBUG com.alibaba.nacos.client.naming - failover switch is not found, 00-00---000-VIPSRV_FAILOVER_SWITCH-000---00-00
2026-05-23 01:38:43.214 [com.alibaba.nacos.naming.failover.0] [none] DEBUG com.alibaba.nacos.client.naming - failover switch is not found, 00-00---000-VIPSRV_FAILOVER_SWITCH-000---00-00
2026-05-23 01:38:48.215 [com.alibaba.nacos.naming.failover.0] [none] DEBUG com.alibaba.nacos.client.naming - failover switch is not found, 00-00---000-VIPSRV_FAILOVER_SWITCH-000---00-00
2026-05-23 01:38:53.216 [com.alibaba.nacos.naming.failover.0] [none] DEBUG com.alibaba.nacos.client.naming - failover switch is not found, 00-00---000-VIPSRV_FAILOVER_SWITCH-000---00-00
2026-05-23 01:38:58.217 [com.alibaba.nacos.naming.failover.0] [none] DEBUG com.alibaba.nacos.client.naming - failover switch is not found, 00-00---000-VIPSRV_FAILOVER_SWITCH-000---00-00
2026-05-23 01:39:03.218 [com.alibaba.nacos.naming.failover.0] [none] DEBUG com.alibaba.nacos.client.naming - failover switch is not found, 00-00---000-VIPSRV_FAILOVER_SWITCH-000---00-00
2026-05-23 01:39:08.219 [com.alibaba.nacos.naming.failover.0] [none] DEBUG com.alibaba.nacos.client.naming - failover switch is not found, 00-00---000-VIPSRV_FAILOVER_SWITCH-000---00-00
2026-05-23 01:39:13.219 [com.alibaba.nacos.naming.failover.0] [none] DEBUG com.alibaba.nacos.client.naming - failover switch is not found, 00-00---000-VIPSRV_FAILOVER_SWITCH-000---00-00
2026-05-23 01:39:18.221 [com.alibaba.nacos.naming.failover.0] [none] DEBUG com.alibaba.nacos.client.naming - failover switch is not found, 00-00---000-VIPSRV_FAILOVER_SWITCH-000---00-00
2026-05-23 01:39:23.222 [com.alibaba.nacos.naming.failover.0] [none] DEBUG com.alibaba.nacos.client.naming - failover switch is not found, 00-00---000-VIPSRV_FAILOVER_SWITCH-000---00-00
2026-05-23 01:39:28.224 [com.alibaba.nacos.naming.failover.0] [none] DEBUG com.alibaba.nacos.client.naming - failover switch is not found, 00-00---000-VIPSRV_FAILOVER_SWITCH-000---00-00
2026-05-23 01:39:33.225 [com.alibaba.nacos.naming.failover.0] [none] DEBUG com.alibaba.nacos.client.naming - failover switch is not found, 00-00---000-VIPSRV_FAILOVER_SWITCH-000---00-00
2026-05-23 01:39:38.226 [com.alibaba.nacos.naming.failover.0] [none] DEBUG com.alibaba.nacos.client.naming - failover switch is not found, 00-00---000-VIPSRV_FAILOVER_SWITCH-000---00-00
2026-05-23 01:39:43.227 [com.alibaba.nacos.naming.failover.0] [none] DEBUG com.alibaba.nacos.client.naming - failover switch is not found, 00-00---000-VIPSRV_FAILOVER_SWITCH-000---00-00
2026-05-23 01:39:48.228 [com.alibaba.nacos.naming.failover.0] [none] DEBUG com.alibaba.nacos.client.naming - failover switch is not found, 00-00---000-VIPSRV_FAILOVER_SWITCH-000---00-00
2026-05-23 01:39:53.229 [com.alibaba.nacos.naming.failover.0] [none] DEBUG com.alibaba.nacos.client.naming - failover switch is not found, 00-00---000-VIPSRV_FAILOVER_SWITCH-000---00-00
2026-05-23 01:39:58.238 [com.alibaba.nacos.naming.failover.0] [none] DEBUG com.alibaba.nacos.client.naming - failover switch is not found, 00-00---000-VIPSRV_FAILOVER_SWITCH-000---00-00
2026-05-23 01:40:03.238 [com.alibaba.nacos.naming.failover.0] [none] DEBUG com.alibaba.nacos.client.naming - failover switch is not found, 00-00---000-VIPSRV_FAILOVER_SWITCH-000---00-00
2026-05-23 01:40:08.239 [com.alibaba.nacos.naming.failover.0] [none] DEBUG com.alibaba.nacos.client.naming - failover switch is not found, 00-00---000-VIPSRV_FAILOVER_SWITCH-000---00-00
2026-05-23 01:40:13.240 [com.alibaba.nacos.naming.failover.0] [none] DEBUG com.alibaba.nacos.client.naming - failover switch is not found, 00-00---000-VIPSRV_FAILOVER_SWITCH-000---00-00
2026-05-23 01:40:18.240 [com.alibaba.nacos.naming.failover.0] [none] DEBUG com.alibaba.nacos.client.naming - failover switch is not found, 00-00---000-VIPSRV_FAILOVER_SWITCH-000---00-00
2026-05-23 01:40:23.241 [com.alibaba.nacos.naming.failover.0] [none] DEBUG com.alibaba.nacos.client.naming - failover switch is not found, 00-00---000-VIPSRV_FAILOVER_SWITCH-000---00-00
2026-05-23 01:40:28.241 [com.alibaba.nacos.naming.failover.0] [none] DEBUG com.alibaba.nacos.client.naming - failover switch is not found, 00-00---000-VIPSRV_FAILOVER_SWITCH-000---00-00
2026-05-23 01:40:33.242 [com.alibaba.nacos.naming.failover.0] [none] DEBUG com.alibaba.nacos.client.naming - failover switch is not found, 00-00---000-VIPSRV_FAILOVER_SWITCH-000---00-00
2026-05-23 01:40:38.243 [com.alibaba.nacos.naming.failover.0] [none] DEBUG com.alibaba.nacos.client.naming - failover switch is not found, 00-00---000-VIPSRV_FAILOVER_SWITCH-000---00-00
2026-05-23 01:40:43.243 [com.alibaba.nacos.naming.failover.0] [none] DEBUG com.alibaba.nacos.client.naming - failover switch is not found, 00-00---000-VIPSRV_FAILOVER_SWITCH-000---00-00
2026-05-23 01:40:48.244 [com.alibaba.nacos.naming.failover.0] [none] DEBUG com.alibaba.nacos.client.naming - failover switch is not found, 00-00---000-VIPSRV_FAILOVER_SWITCH-000---00-00
2026-05-23 01:40:53.245 [com.alibaba.nacos.naming.failover.0] [none] DEBUG com.alibaba.nacos.client.naming - failover switch is not found, 00-00---000-VIPSRV_FAILOVER_SWITCH-000---00-00
2026-05-23 01:40:58.246 [com.alibaba.nacos.naming.failover.0] [none] DEBUG com.alibaba.nacos.client.naming - failover switch is not found, 00-00---000-VIPSRV_FAILOVER_SWITCH-000---00-00
2026-05-23 01:41:03.247 [com.alibaba.nacos.naming.failover.0] [none] DEBUG com.alibaba.nacos.client.naming - failover switch is not found, 00-00---000-VIPSRV_FAILOVER_SWITCH-000---00-00
2026-05-23 01:41:08.247 [com.alibaba.nacos.naming.failover.0] [none] DEBUG com.alibaba.nacos.client.naming - failover switch is not found, 00-00---000-VIPSRV_FAILOVER_SWITCH-000---00-00
2026-05-23 01:41:13.248 [com.alibaba.nacos.naming.failover.0] [none] DEBUG com.alibaba.nacos.client.naming - failover switch is not found, 00-00---000-VIPSRV_FAILOVER_SWITCH-000---00-00
2026-05-23 01:41:18.249 [com.alibaba.nacos.naming.failover.0] [none] DEBUG com.alibaba.nacos.client.naming - failover switch is not found, 00-00---000-VIPSRV_FAILOVER_SWITCH-000---00-00
2026-05-23 01:41:23.250 [com.alibaba.nacos.naming.failover.0] [none] DEBUG com.alibaba.nacos.client.naming - failover switch is not found, 00-00---000-VIPSRV_FAILOVER_SWITCH-000---00-00
2026-05-23 01:41:28.250 [com.alibaba.nacos.naming.failover.0] [none] DEBUG com.alibaba.nacos.client.naming - failover switch is not found, 00-00---000-VIPSRV_FAILOVER_SWITCH-000---00-00
2026-05-23 01:41:33.251 [com.alibaba.nacos.naming.failover.0] [none] DEBUG com.alibaba.nacos.client.naming - failover switch is not found, 00-00---000-VIPSRV_FAILOVER_SWITCH-000---00-00
2026-05-23 01:41:38.252 [com.alibaba.nacos.naming.failover.0] [none] DEBUG com.alibaba.nacos.client.naming - failover switch is not found, 00-00---000-VIPSRV_FAILOVER_SWITCH-000---00-00
2026-05-23 01:41:43.253 [com.alibaba.nacos.naming.failover.0] [none] DEBUG com.alibaba.nacos.client.naming - failover switch is not found, 00-00---000-VIPSRV_FAILOVER_SWITCH-000---00-00
2026-05-23 01:41:48.254 [com.alibaba.nacos.naming.failover.0] [none] DEBUG com.alibaba.nacos.client.naming - failover switch is not found, 00-00---000-VIPSRV_FAILOVER_SWITCH-000---00-00
2026-05-23 01:41:53.255 [com.alibaba.nacos.naming.failover.0] [none] DEBUG com.alibaba.nacos.client.naming - failover switch is not found, 00-00---000-VIPSRV_FAILOVER_SWITCH-000---00-00
2026-05-23 01:41:58.256 [com.alibaba.nacos.naming.failover.0] [none] DEBUG com.alibaba.nacos.client.naming - failover switch is not found, 00-00---000-VIPSRV_FAILOVER_SWITCH-000---00-00
2026-05-23 01:42:03.256 [com.alibaba.nacos.naming.failover.0] [none] DEBUG com.alibaba.nacos.client.naming - failover switch is not found, 00-00---000-VIPSRV_FAILOVER_SWITCH-000---00-00
2026-05-23 01:42:08.256 [com.alibaba.nacos.naming.failover.0] [none] DEBUG com.alibaba.nacos.client.naming - failover switch is not found, 00-00---000-VIPSRV_FAILOVER_SWITCH-000---00-00
2026-05-23 01:42:13.257 [com.alibaba.nacos.naming.failover.0] [none] DEBUG com.alibaba.nacos.client.naming - failover switch is not found, 00-00---000-VIPSRV_FAILOVER_SWITCH-000---00-00
2026-05-23 01:42:18.259 [com.alibaba.nacos.naming.failover.0] [none] DEBUG com.alibaba.nacos.client.naming - failover switch is not found, 00-00---000-VIPSRV_FAILOVER_SWITCH-000---00-00
2026-05-23 01:42:23.259 [com.alibaba.nacos.naming.failover.0] [none] DEBUG com.alibaba.nacos.client.naming - failover switch is not found, 00-00---000-VIPSRV_FAILOVER_SWITCH-000---00-00
2026-05-23 01:42:28.260 [com.alibaba.nacos.naming.failover.0] [none] DEBUG com.alibaba.nacos.client.naming - failover switch is not found, 00-00---000-VIPSRV_FAILOVER_SWITCH-000---00-00
2026-05-23 01:42:33.261 [com.alibaba.nacos.naming.failover.0] [none] DEBUG com.alibaba.nacos.client.naming - failover switch is not found, 00-00---000-VIPSRV_FAILOVER_SWITCH-000---00-00
2026-05-23 01:42:38.262 [com.alibaba.nacos.naming.failover.0] [none] DEBUG com.alibaba.nacos.client.naming - failover switch is not found, 00-00---000-VIPSRV_FAILOVER_SWITCH-000---00-00
2026-05-23 01:42:43.263 [com.alibaba.nacos.naming.failover.0] [none] DEBUG com.alibaba.nacos.client.naming - failover switch is not found, 00-00---000-VIPSRV_FAILOVER_SWITCH-000---00-00
2026-05-23 01:42:48.263 [com.alibaba.nacos.naming.failover.0] [none] DEBUG com.alibaba.nacos.client.naming - failover switch is not found, 00-00---000-VIPSRV_FAILOVER_SWITCH-000---00-00
2026-05-23 01:42:53.265 [com.alibaba.nacos.naming.failover.0] [none] DEBUG com.alibaba.nacos.client.naming - failover switch is not found, 00-00---000-VIPSRV_FAILOVER_SWITCH-000---00-00
2026-05-23 01:42:58.265 [com.alibaba.nacos.naming.failover.0] [none] DEBUG com.alibaba.nacos.client.naming - failover switch is not found, 00-00---000-VIPSRV_FAILOVER_SWITCH-000---00-00
2026-05-23 01:43:03.266 [com.alibaba.nacos.naming.failover.0] [none] DEBUG com.alibaba.nacos.client.naming - failover switch is not found, 00-00---000-VIPSRV_FAILOVER_SWITCH-000---00-00
2026-05-23 01:43:08.267 [com.alibaba.nacos.naming.failover.0] [none] DEBUG com.alibaba.nacos.client.naming - failover switch is not found, 00-00---000-VIPSRV_FAILOVER_SWITCH-000---00-00
2026-05-23 01:43:13.267 [com.alibaba.nacos.naming.failover.0] [none] DEBUG com.alibaba.nacos.client.naming - failover switch is not found, 00-00---000-VIPSRV_FAILOVER_SWITCH-000---00-00
2026-05-23 01:43:18.268 [com.alibaba.nacos.naming.failover.0] [none] DEBUG com.alibaba.nacos.client.naming - failover switch is not found, 00-00---000-VIPSRV_FAILOVER_SWITCH-000---00-00
2026-05-23 01:43:23.268 [com.alibaba.nacos.naming.failover.0] [none] DEBUG com.alibaba.nacos.client.naming - failover switch is not found, 00-00---000-VIPSRV_FAILOVER_SWITCH-000---00-00
2026-05-23 01:43:28.269 [com.alibaba.nacos.naming.failover.0] [none] DEBUG com.alibaba.nacos.client.naming - failover switch is not found, 00-00---000-VIPSRV_FAILOVER_SWITCH-000---00-00
2026-05-23 01:43:33.270 [com.alibaba.nacos.naming.failover.0] [none] DEBUG com.alibaba.nacos.client.naming - failover switch is not found, 00-00---000-VIPSRV_FAILOVER_SWITCH-000---00-00
2026-05-23 01:43:38.271 [com.alibaba.nacos.naming.failover.0] [none] DEBUG com.alibaba.nacos.client.naming - failover switch is not found, 00-00---000-VIPSRV_FAILOVER_SWITCH-000---00-00
2026-05-23 01:43:43.272 [com.alibaba.nacos.naming.failover.0] [none] DEBUG com.alibaba.nacos.client.naming - failover switch is not found, 00-00---000-VIPSRV_FAILOVER_SWITCH-000---00-00
2026-05-23 01:43:48.273 [com.alibaba.nacos.naming.failover.0] [none] DEBUG com.alibaba.nacos.client.naming - failover switch is not found, 00-00---000-VIPSRV_FAILOVER_SWITCH-000---00-00
2026-05-23 01:43:53.274 [com.alibaba.nacos.naming.failover.0] [none] DEBUG com.alibaba.nacos.client.naming - failover switch is not found, 00-00---000-VIPSRV_FAILOVER_SWITCH-000---00-00
2026-05-23 01:43:58.276 [com.alibaba.nacos.naming.failover.0] [none] DEBUG com.alibaba.nacos.client.naming - failover switch is not found, 00-00---000-VIPSRV_FAILOVER_SWITCH-000---00-00
2026-05-23 01:44:03.276 [com.alibaba.nacos.naming.failover.0] [none] DEBUG com.alibaba.nacos.client.naming - failover switch is not found, 00-00---000-VIPSRV_FAILOVER_SWITCH-000---00-00
2026-05-23 01:44:08.277 [com.alibaba.nacos.naming.failover.0] [none] DEBUG com.alibaba.nacos.client.naming - failover switch is not found, 00-00---000-VIPSRV_FAILOVER_SWITCH-000---00-00
2026-05-23 01:44:13.284 [com.alibaba.nacos.naming.failover.0] [none] DEBUG com.alibaba.nacos.client.naming - failover switch is not found, 00-00---000-VIPSRV_FAILOVER_SWITCH-000---00-00
2026-05-23 01:44:18.285 [com.alibaba.nacos.naming.failover.0] [none] DEBUG com.alibaba.nacos.client.naming - failover switch is not found, 00-00---000-VIPSRV_FAILOVER_SWITCH-000---00-00
2026-05-23 01:44:23.286 [com.alibaba.nacos.naming.failover.0] [none] DEBUG com.alibaba.nacos.client.naming - failover switch is not found, 00-00---000-VIPSRV_FAILOVER_SWITCH-000---00-00
2026-05-23 01:44:28.287 [com.alibaba.nacos.naming.failover.0] [none] DEBUG com.alibaba.nacos.client.naming - failover switch is not found, 00-00---000-VIPSRV_FAILOVER_SWITCH-000---00-00
2026-05-23 01:44:33.288 [com.alibaba.nacos.naming.failover.0] [none] DEBUG com.alibaba.nacos.client.naming - failover switch is not found, 00-00---000-VIPSRV_FAILOVER_SWITCH-000---00-00
2026-05-23 01:44:38.288 [com.alibaba.nacos.naming.failover.0] [none] DEBUG com.alibaba.nacos.client.naming - failover switch is not found, 00-00---000-VIPSRV_FAILOVER_SWITCH-000---00-00
2026-05-23 01:44:43.290 [com.alibaba.nacos.naming.failover.0] [none] DEBUG com.alibaba.nacos.client.naming - failover switch is not found, 00-00---000-VIPSRV_FAILOVER_SWITCH-000---00-00
2026-05-23 01:44:48.290 [com.alibaba.nacos.naming.failover.0] [none] DEBUG com.alibaba.nacos.client.naming - failover switch is not found, 00-00---000-VIPSRV_FAILOVER_SWITCH-000---00-00
2026-05-23 01:44:53.291 [com.alibaba.nacos.naming.failover.0] [none] DEBUG com.alibaba.nacos.client.naming - failover switch is not found, 00-00---000-VIPSRV_FAILOVER_SWITCH-000---00-00
2026-05-23 01:44:58.292 [com.alibaba.nacos.naming.failover.0] [none] DEBUG com.alibaba.nacos.client.naming - failover switch is not found, 00-00---000-VIPSRV_FAILOVER_SWITCH-000---00-00
2026-05-23 01:45:03.292 [com.alibaba.nacos.naming.failover.0] [none] DEBUG com.alibaba.nacos.client.naming - failover switch is not found, 00-00---000-VIPSRV_FAILOVER_SWITCH-000---00-00
2026-05-23 01:45:08.293 [com.alibaba.nacos.naming.failover.0] [none] DEBUG com.alibaba.nacos.client.naming - failover switch is not found, 00-00---000-VIPSRV_FAILOVER_SWITCH-000---00-00
2026-05-23 01:45:13.294 [com.alibaba.nacos.naming.failover.0] [none] DEBUG com.alibaba.nacos.client.naming - failover switch is not found, 00-00---000-VIPSRV_FAILOVER_SWITCH-000---00-00
2026-05-23 01:45:18.295 [com.alibaba.nacos.naming.failover.0] [none] DEBUG com.alibaba.nacos.client.naming - failover switch is not found, 00-00---000-VIPSRV_FAILOVER_SWITCH-000---00-00
2026-05-23 01:45:23.295 [com.alibaba.nacos.naming.failover.0] [none] DEBUG com.alibaba.nacos.client.naming - failover switch is not found, 00-00---000-VIPSRV_FAILOVER_SWITCH-000---00-00
2026-05-23 01:45:28.296 [com.alibaba.nacos.naming.failover.0] [none] DEBUG com.alibaba.nacos.client.naming - failover switch is not found, 00-00---000-VIPSRV_FAILOVER_SWITCH-000---00-00
2026-05-23 01:45:33.296 [com.alibaba.nacos.naming.failover.0] [none] DEBUG com.alibaba.nacos.client.naming - failover switch is not found, 00-00---000-VIPSRV_FAILOVER_SWITCH-000---00-00
2026-05-23 01:45:38.302 [com.alibaba.nacos.naming.failover.0] [none] DEBUG com.alibaba.nacos.client.naming - failover switch is not found, 00-00---000-VIPSRV_FAILOVER_SWITCH-000---00-00
2026-05-23 01:45:43.304 [com.alibaba.nacos.naming.failover.0] [none] DEBUG com.alibaba.nacos.client.naming - failover switch is not found, 00-00---000-VIPSRV_FAILOVER_SWITCH-000---00-00
2026-05-23 01:45:48.304 [com.alibaba.nacos.naming.failover.0] [none] DEBUG com.alibaba.nacos.client.naming - failover switch is not found, 00-00---000-VIPSRV_FAILOVER_SWITCH-000---00-00
2026-05-23 01:45:53.305 [com.alibaba.nacos.naming.failover.0] [none] DEBUG com.alibaba.nacos.client.naming - failover switch is not found, 00-00---000-VIPSRV_FAILOVER_SWITCH-000---00-00
2026-05-23 01:45:58.306 [com.alibaba.nacos.naming.failover.0] [none] DEBUG com.alibaba.nacos.client.naming - failover switch is not found, 00-00---000-VIPSRV_FAILOVER_SWITCH-000---00-00
2026-05-23 01:46:03.308 [com.alibaba.nacos.naming.failover.0] [none] DEBUG com.alibaba.nacos.client.naming - failover switch is not found, 00-00---000-VIPSRV_FAILOVER_SWITCH-000---00-00
2026-05-23 01:46:08.309 [com.alibaba.nacos.naming.failover.0] [none] DEBUG com.alibaba.nacos.client.naming - failover switch is not found, 00-00---000-VIPSRV_FAILOVER_SWITCH-000---00-00
2026-05-23 01:46:13.309 [com.alibaba.nacos.naming.failover.0] [none] DEBUG com.alibaba.nacos.client.naming - failover switch is not found, 00-00---000-VIPSRV_FAILOVER_SWITCH-000---00-00
2026-05-23 01:46:18.314 [com.alibaba.nacos.naming.failover.0] [none] DEBUG com.alibaba.nacos.client.naming - failover switch is not found, 00-00---000-VIPSRV_FAILOVER_SWITCH-000---00-00
2026-05-23 01:46:23.316 [com.alibaba.nacos.naming.failover.0] [none] DEBUG com.alibaba.nacos.client.naming - failover switch is not found, 00-00---000-VIPSRV_FAILOVER_SWITCH-000---00-00
2026-05-23 01:46:28.316 [com.alibaba.nacos.naming.failover.0] [none] DEBUG com.alibaba.nacos.client.naming - failover switch is not found, 00-00---000-VIPSRV_FAILOVER_SWITCH-000---00-00
2026-05-23 01:46:33.317 [com.alibaba.nacos.naming.failover.0] [none] DEBUG com.alibaba.nacos.client.naming - failover switch is not found, 00-00---000-VIPSRV_FAILOVER_SWITCH-000---00-00
2026-05-23 01:46:38.318 [com.alibaba.nacos.naming.failover.0] [none] DEBUG com.alibaba.nacos.client.naming - failover switch is not found, 00-00---000-VIPSRV_FAILOVER_SWITCH-000---00-00
2026-05-23 01:46:43.319 [com.alibaba.nacos.naming.failover.0] [none] DEBUG com.alibaba.nacos.client.naming - failover switch is not found, 00-00---000-VIPSRV_FAILOVER_SWITCH-000---00-00
2026-05-23 01:46:48.319 [com.alibaba.nacos.naming.failover.0] [none] DEBUG com.alibaba.nacos.client.naming - failover switch is not found, 00-00---000-VIPSRV_FAILOVER_SWITCH-000---00-00
2026-05-23 01:46:53.321 [com.alibaba.nacos.naming.failover.0] [none] DEBUG com.alibaba.nacos.client.naming - failover switch is not found, 00-00---000-VIPSRV_FAILOVER_SWITCH-000---00-00
2026-05-23 01:46:58.321 [com.alibaba.nacos.naming.failover.0] [none] DEBUG com.alibaba.nacos.client.naming - failover switch is not found, 00-00---000-VIPSRV_FAILOVER_SWITCH-000---00-00
2026-05-23 01:47:03.322 [com.alibaba.nacos.naming.failover.0] [none] DEBUG com.alibaba.nacos.client.naming - failover switch is not found, 00-00---000-VIPSRV_FAILOVER_SWITCH-000---00-00
2026-05-23 01:47:08.323 [com.alibaba.nacos.naming.failover.0] [none] DEBUG com.alibaba.nacos.client.naming - failover switch is not found, 00-00---000-VIPSRV_FAILOVER_SWITCH-000---00-00
2026-05-23 01:47:13.324 [com.alibaba.nacos.naming.failover.0] [none] DEBUG com.alibaba.nacos.client.naming - failover switch is not found, 00-00---000-VIPSRV_FAILOVER_SWITCH-000---00-00
2026-05-23 01:47:18.324 [com.alibaba.nacos.naming.failover.0] [none] DEBUG com.alibaba.nacos.client.naming - failover switch is not found, 00-00---000-VIPSRV_FAILOVER_SWITCH-000---00-00
2026-05-23 01:47:23.326 [com.alibaba.nacos.naming.failover.0] [none] DEBUG com.alibaba.nacos.client.naming - failover switch is not found, 00-00---000-VIPSRV_FAILOVER_SWITCH-000---00-00
2026-05-23 01:47:28.327 [com.alibaba.nacos.naming.failover.0] [none] DEBUG com.alibaba.nacos.client.naming - failover switch is not found, 00-00---000-VIPSRV_FAILOVER_SWITCH-000---00-00
2026-05-23 01:47:33.329 [com.alibaba.nacos.naming.failover.0] [none] DEBUG com.alibaba.nacos.client.naming - failover switch is not found, 00-00---000-VIPSRV_FAILOVER_SWITCH-000---00-00
2026-05-23 01:47:38.331 [com.alibaba.nacos.naming.failover.0] [none] DEBUG com.alibaba.nacos.client.naming - failover switch is not found, 00-00---000-VIPSRV_FAILOVER_SWITCH-000---00-00
2026-05-23 01:47:43.331 [com.alibaba.nacos.naming.failover.0] [none] DEBUG com.alibaba.nacos.client.naming - failover switch is not found, 00-00---000-VIPSRV_FAILOVER_SWITCH-000---00-00
2026-05-23 01:47:48.332 [com.alibaba.nacos.naming.failover.0] [none] DEBUG com.alibaba.nacos.client.naming - failover switch is not found, 00-00---000-VIPSRV_FAILOVER_SWITCH-000---00-00
2026-05-23 01:47:53.334 [com.alibaba.nacos.naming.failover.0] [none] DEBUG com.alibaba.nacos.client.naming - failover switch is not found, 00-00---000-VIPSRV_FAILOVER_SWITCH-000---00-00
2026-05-23 01:47:58.334 [com.alibaba.nacos.naming.failover.0] [none] DEBUG com.alibaba.nacos.client.naming - failover switch is not found, 00-00---000-VIPSRV_FAILOVER_SWITCH-000---00-00
2026-05-23 01:48:03.334 [com.alibaba.nacos.naming.failover.0] [none] DEBUG com.alibaba.nacos.client.naming - failover switch is not found, 00-00---000-VIPSRV_FAILOVER_SWITCH-000---00-00
2026-05-23 01:48:08.335 [com.alibaba.nacos.naming.failover.0] [none] DEBUG com.alibaba.nacos.client.naming - failover switch is not found, 00-00---000-VIPSRV_FAILOVER_SWITCH-000---00-00
2026-05-23 01:48:13.336 [com.alibaba.nacos.naming.failover.0] [none] DEBUG com.alibaba.nacos.client.naming - failover switch is not found, 00-00---000-VIPSRV_FAILOVER_SWITCH-000---00-00
2026-05-23 01:48:18.337 [com.alibaba.nacos.naming.failover.0] [none] DEBUG com.alibaba.nacos.client.naming - failover switch is not found, 00-00---000-VIPSRV_FAILOVER_SWITCH-000---00-00
2026-05-23 01:48:23.337 [com.alibaba.nacos.naming.failover.0] [none] DEBUG com.alibaba.nacos.client.naming - failover switch is not found, 00-00---000-VIPSRV_FAILOVER_SWITCH-000---00-00
2026-05-23 01:48:28.339 [com.alibaba.nacos.naming.failover.0] [none] DEBUG com.alibaba.nacos.client.naming - failover switch is not found, 00-00---000-VIPSRV_FAILOVER_SWITCH-000---00-00
2026-05-23 01:48:33.340 [com.alibaba.nacos.naming.failover.0] [none] DEBUG com.alibaba.nacos.client.naming - failover switch is not found, 00-00---000-VIPSRV_FAILOVER_SWITCH-000---00-00
2026-05-23 01:48:38.341 [com.alibaba.nacos.naming.failover.0] [none] DEBUG com.alibaba.nacos.client.naming - failover switch is not found, 00-00---000-VIPSRV_FAILOVER_SWITCH-000---00-00
2026-05-23 01:48:43.341 [com.alibaba.nacos.naming.failover.0] [none] DEBUG com.alibaba.nacos.client.naming - failover switch is not found, 00-00---000-VIPSRV_FAILOVER_SWITCH-000---00-00
2026-05-23 01:48:48.383 [com.alibaba.nacos.naming.failover.0] [none] DEBUG com.alibaba.nacos.client.naming - failover switch is not found, 00-00---000-VIPSRV_FAILOVER_SWITCH-000---00-00
2026-05-23 01:48:53.384 [com.alibaba.nacos.naming.failover.0] [none] DEBUG com.alibaba.nacos.client.naming - failover switch is not found, 00-00---000-VIPSRV_FAILOVER_SWITCH-000---00-00
2026-05-23 01:48:58.385 [com.alibaba.nacos.naming.failover.0] [none] DEBUG com.alibaba.nacos.client.naming - failover switch is not found, 00-00---000-VIPSRV_FAILOVER_SWITCH-000---00-00
2026-05-23 01:49:03.386 [com.alibaba.nacos.naming.failover.0] [none] DEBUG com.alibaba.nacos.client.naming - failover switch is not found, 00-00---000-VIPSRV_FAILOVER_SWITCH-000---00-00
2026-05-23 01:49:08.388 [com.alibaba.nacos.naming.failover.0] [none] DEBUG com.alibaba.nacos.client.naming - failover switch is not found, 00-00---000-VIPSRV_FAILOVER_SWITCH-000---00-00
2026-05-23 01:49:13.389 [com.alibaba.nacos.naming.failover.0] [none] DEBUG com.alibaba.nacos.client.naming - failover switch is not found, 00-00---000-VIPSRV_FAILOVER_SWITCH-000---00-00
2026-05-23 01:49:18.391 [com.alibaba.nacos.naming.failover.0] [none] DEBUG com.alibaba.nacos.client.naming - failover switch is not found, 00-00---000-VIPSRV_FAILOVER_SWITCH-000---00-00
2026-05-23 01:49:23.392 [com.alibaba.nacos.naming.failover.0] [none] DEBUG com.alibaba.nacos.client.naming - failover switch is not found, 00-00---000-VIPSRV_FAILOVER_SWITCH-000---00-00
2026-05-23 01:49:28.394 [com.alibaba.nacos.naming.failover.0] [none] DEBUG com.alibaba.nacos.client.naming - failover switch is not found, 00-00---000-VIPSRV_FAILOVER_SWITCH-000---00-00
2026-05-23 01:49:33.394 [com.alibaba.nacos.naming.failover.0] [none] DEBUG com.alibaba.nacos.client.naming - failover switch is not found, 00-00---000-VIPSRV_FAILOVER_SWITCH-000---00-00
2026-05-23 01:49:38.395 [com.alibaba.nacos.naming.failover.0] [none] DEBUG com.alibaba.nacos.client.naming - failover switch is not found, 00-00---000-VIPSRV_FAILOVER_SWITCH-000---00-00
2026-05-23 01:49:43.397 [com.alibaba.nacos.naming.failover.0] [none] DEBUG com.alibaba.nacos.client.naming - failover switch is not found, 00-00---000-VIPSRV_FAILOVER_SWITCH-000---00-00
2026-05-23 01:49:48.397 [com.alibaba.nacos.naming.failover.0] [none] DEBUG com.alibaba.nacos.client.naming - failover switch is not found, 00-00---000-VIPSRV_FAILOVER_SWITCH-000---00-00
2026-05-23 01:49:53.398 [com.alibaba.nacos.naming.failover.0] [none] DEBUG com.alibaba.nacos.client.naming - failover switch is not found, 00-00---000-VIPSRV_FAILOVER_SWITCH-000---00-00
2026-05-23 01:49:58.399 [com.alibaba.nacos.naming.failover.0] [none] DEBUG com.alibaba.nacos.client.naming - failover switch is not found, 00-00---000-VIPSRV_FAILOVER_SWITCH-000---00-00
2026-05-23 01:50:03.400 [com.alibaba.nacos.naming.failover.0] [none] DEBUG com.alibaba.nacos.client.naming - failover switch is not found, 00-00---000-VIPSRV_FAILOVER_SWITCH-000---00-00
2026-05-23 01:50:08.401 [com.alibaba.nacos.naming.failover.0] [none] DEBUG com.alibaba.nacos.client.naming - failover switch is not found, 00-00---000-VIPSRV_FAILOVER_SWITCH-000---00-00
2026-05-23 01:50:13.402 [com.alibaba.nacos.naming.failover.0] [none] DEBUG com.alibaba.nacos.client.naming - failover switch is not found, 00-00---000-VIPSRV_FAILOVER_SWITCH-000---00-00
2026-05-23 01:50:18.457 [com.alibaba.nacos.naming.failover.0] [none] DEBUG com.alibaba.nacos.client.naming - failover switch is not found, 00-00---000-VIPSRV_FAILOVER_SWITCH-000---00-00
2026-05-23 01:50:23.459 [com.alibaba.nacos.naming.failover.0] [none] DEBUG com.alibaba.nacos.client.naming - failover switch is not found, 00-00---000-VIPSRV_FAILOVER_SWITCH-000---00-00
2026-05-23 01:50:28.461 [com.alibaba.nacos.naming.failover.0] [none] DEBUG com.alibaba.nacos.client.naming - failover switch is not found, 00-00---000-VIPSRV_FAILOVER_SWITCH-000---00-00
2026-05-23 01:50:33.464 [com.alibaba.nacos.naming.failover.0] [none] DEBUG com.alibaba.nacos.client.naming - failover switch is not found, 00-00---000-VIPSRV_FAILOVER_SWITCH-000---00-00
2026-05-23 01:50:38.467 [com.alibaba.nacos.naming.failover.0] [none] DEBUG com.alibaba.nacos.client.naming - failover switch is not found, 00-00---000-VIPSRV_FAILOVER_SWITCH-000---00-00
2026-05-23 01:50:43.468 [com.alibaba.nacos.naming.failover.0] [none] DEBUG com.alibaba.nacos.client.naming - failover switch is not found, 00-00---000-VIPSRV_FAILOVER_SWITCH-000---00-00
2026-05-23 01:50:48.469 [com.alibaba.nacos.naming.failover.0] [none] DEBUG com.alibaba.nacos.client.naming - failover switch is not found, 00-00---000-VIPSRV_FAILOVER_SWITCH-000---00-00
2026-05-23 01:50:53.471 [com.alibaba.nacos.naming.failover.0] [none] DEBUG com.alibaba.nacos.client.naming - failover switch is not found, 00-00---000-VIPSRV_FAILOVER_SWITCH-000---00-00
2026-05-23 01:50:58.471 [com.alibaba.nacos.naming.failover.0] [none] DEBUG com.alibaba.nacos.client.naming - failover switch is not found, 00-00---000-VIPSRV_FAILOVER_SWITCH-000---00-00
2026-05-23 01:51:03.472 [com.alibaba.nacos.naming.failover.0] [none] DEBUG com.alibaba.nacos.client.naming - failover switch is not found, 00-00---000-VIPSRV_FAILOVER_SWITCH-000---00-00
2026-05-23 01:51:08.473 [com.alibaba.nacos.naming.failover.0] [none] DEBUG com.alibaba.nacos.client.naming - failover switch is not found, 00-00---000-VIPSRV_FAILOVER_SWITCH-000---00-00
2026-05-23 01:51:13.474 [com.alibaba.nacos.naming.failover.0] [none] DEBUG com.alibaba.nacos.client.naming - failover switch is not found, 00-00---000-VIPSRV_FAILOVER_SWITCH-000---00-00
2026-05-23 01:51:18.476 [com.alibaba.nacos.naming.failover.0] [none] DEBUG com.alibaba.nacos.client.naming - failover switch is not found, 00-00---000-VIPSRV_FAILOVER_SWITCH-000---00-00
2026-05-23 01:51:23.478 [com.alibaba.nacos.naming.failover.0] [none] DEBUG com.alibaba.nacos.client.naming - failover switch is not found, 00-00---000-VIPSRV_FAILOVER_SWITCH-000---00-00
2026-05-23 01:51:28.479 [com.alibaba.nacos.naming.failover.0] [none] DEBUG com.alibaba.nacos.client.naming - failover switch is not found, 00-00---000-VIPSRV_FAILOVER_SWITCH-000---00-00
2026-05-23 01:51:33.479 [com.alibaba.nacos.naming.failover.0] [none] DEBUG com.alibaba.nacos.client.naming - failover switch is not found, 00-00---000-VIPSRV_FAILOVER_SWITCH-000---00-00
2026-05-23 01:51:38.481 [com.alibaba.nacos.naming.failover.0] [none] DEBUG com.alibaba.nacos.client.naming - failover switch is not found, 00-00---000-VIPSRV_FAILOVER_SWITCH-000---00-00
2026-05-23 01:51:43.483 [com.alibaba.nacos.naming.failover.0] [none] DEBUG com.alibaba.nacos.client.naming - failover switch is not found, 00-00---000-VIPSRV_FAILOVER_SWITCH-000---00-00
2026-05-23 01:51:48.484 [com.alibaba.nacos.naming.failover.0] [none] DEBUG com.alibaba.nacos.client.naming - failover switch is not found, 00-00---000-VIPSRV_FAILOVER_SWITCH-000---00-00
2026-05-23 01:51:53.486 [com.alibaba.nacos.naming.failover.0] [none] DEBUG com.alibaba.nacos.client.naming - failover switch is not found, 00-00---000-VIPSRV_FAILOVER_SWITCH-000---00-00
2026-05-23 01:51:58.486 [com.alibaba.nacos.naming.failover.0] [none] DEBUG com.alibaba.nacos.client.naming - failover switch is not found, 00-00---000-VIPSRV_FAILOVER_SWITCH-000---00-00
2026-05-23 01:52:03.487 [com.alibaba.nacos.naming.failover.0] [none] DEBUG com.alibaba.nacos.client.naming - failover switch is not found, 00-00---000-VIPSRV_FAILOVER_SWITCH-000---00-00
2026-05-23 01:52:08.488 [com.alibaba.nacos.naming.failover.0] [none] DEBUG com.alibaba.nacos.client.naming - failover switch is not found, 00-00---000-VIPSRV_FAILOVER_SWITCH-000---00-00
2026-05-23 01:52:13.489 [com.alibaba.nacos.naming.failover.0] [none] DEBUG com.alibaba.nacos.client.naming - failover switch is not found, 00-00---000-VIPSRV_FAILOVER_SWITCH-000---00-00
2026-05-23 01:52:18.489 [com.alibaba.nacos.naming.failover.0] [none] DEBUG com.alibaba.nacos.client.naming - failover switch is not found, 00-00---000-VIPSRV_FAILOVER_SWITCH-000---00-00
2026-05-23 01:52:23.490 [com.alibaba.nacos.naming.failover.0] [none] DEBUG com.alibaba.nacos.client.naming - failover switch is not found, 00-00---000-VIPSRV_FAILOVER_SWITCH-000---00-00
2026-05-23 01:52:28.491 [com.alibaba.nacos.naming.failover.0] [none] DEBUG com.alibaba.nacos.client.naming - failover switch is not found, 00-00---000-VIPSRV_FAILOVER_SWITCH-000---00-00
2026-05-23 01:52:33.631 [com.alibaba.nacos.naming.failover.0] [none] DEBUG com.alibaba.nacos.client.naming - failover switch is not found, 00-00---000-VIPSRV_FAILOVER_SWITCH-000---00-00
2026-05-23 01:52:38.636 [com.alibaba.nacos.naming.failover.0] [none] DEBUG com.alibaba.nacos.client.naming - failover switch is not found, 00-00---000-VIPSRV_FAILOVER_SWITCH-000---00-00
2026-05-23 01:52:43.637 [com.alibaba.nacos.naming.failover.0] [none] DEBUG com.alibaba.nacos.client.naming - failover switch is not found, 00-00---000-VIPSRV_FAILOVER_SWITCH-000---00-00
2026-05-23 01:52:48.639 [com.alibaba.nacos.naming.failover.0] [none] DEBUG com.alibaba.nacos.client.naming - failover switch is not found, 00-00---000-VIPSRV_FAILOVER_SWITCH-000---00-00
2026-05-23 01:52:53.640 [com.alibaba.nacos.naming.failover.0] [none] DEBUG com.alibaba.nacos.client.naming - failover switch is not found, 00-00---000-VIPSRV_FAILOVER_SWITCH-000---00-00
2026-05-23 01:52:58.642 [com.alibaba.nacos.naming.failover.0] [none] DEBUG com.alibaba.nacos.client.naming - failover switch is not found, 00-00---000-VIPSRV_FAILOVER_SWITCH-000---00-00
2026-05-23 01:53:03.643 [com.alibaba.nacos.naming.failover.0] [none] DEBUG com.alibaba.nacos.client.naming - failover switch is not found, 00-00---000-VIPSRV_FAILOVER_SWITCH-000---00-00
2026-05-23 01:53:08.645 [com.alibaba.nacos.naming.failover.0] [none] DEBUG com.alibaba.nacos.client.naming - failover switch is not found, 00-00---000-VIPSRV_FAILOVER_SWITCH-000---00-00
2026-05-23 01:53:13.646 [com.alibaba.nacos.naming.failover.0] [none] DEBUG com.alibaba.nacos.client.naming - failover switch is not found, 00-00---000-VIPSRV_FAILOVER_SWITCH-000---00-00
2026-05-23 01:53:18.647 [com.alibaba.nacos.naming.failover.0] [none] DEBUG com.alibaba.nacos.client.naming - failover switch is not found, 00-00---000-VIPSRV_FAILOVER_SWITCH-000---00-00
2026-05-23 01:53:23.647 [com.alibaba.nacos.naming.failover.0] [none] DEBUG com.alibaba.nacos.client.naming - failover switch is not found, 00-00---000-VIPSRV_FAILOVER_SWITCH-000---00-00
2026-05-23 01:53:28.648 [com.alibaba.nacos.naming.failover.0] [none] DEBUG com.alibaba.nacos.client.naming - failover switch is not found, 00-00---000-VIPSRV_FAILOVER_SWITCH-000---00-00
2026-05-23 01:53:33.648 [com.alibaba.nacos.naming.failover.0] [none] DEBUG com.alibaba.nacos.client.naming - failover switch is not found, 00-00---000-VIPSRV_FAILOVER_SWITCH-000---00-00
2026-05-23 01:53:38.649 [com.alibaba.nacos.naming.failover.0] [none] DEBUG com.alibaba.nacos.client.naming - failover switch is not found, 00-00---000-VIPSRV_FAILOVER_SWITCH-000---00-00
2026-05-23 01:53:43.649 [com.alibaba.nacos.naming.failover.0] [none] DEBUG com.alibaba.nacos.client.naming - failover switch is not found, 00-00---000-VIPSRV_FAILOVER_SWITCH-000---00-00
2026-05-23 01:53:48.652 [com.alibaba.nacos.naming.failover.0] [none] DEBUG com.alibaba.nacos.client.naming - failover switch is not found, 00-00---000-VIPSRV_FAILOVER_SWITCH-000---00-00
2026-05-23 01:53:53.653 [com.alibaba.nacos.naming.failover.0] [none] DEBUG com.alibaba.nacos.client.naming - failover switch is not found, 00-00---000-VIPSRV_FAILOVER_SWITCH-000---00-00
2026-05-23 01:53:58.654 [com.alibaba.nacos.naming.failover.0] [none] DEBUG com.alibaba.nacos.client.naming - failover switch is not found, 00-00---000-VIPSRV_FAILOVER_SWITCH-000---00-00
2026-05-23 01:54:03.655 [com.alibaba.nacos.naming.failover.0] [none] DEBUG com.alibaba.nacos.client.naming - failover switch is not found, 00-00---000-VIPSRV_FAILOVER_SWITCH-000---00-00
2026-05-23 01:54:08.657 [com.alibaba.nacos.naming.failover.0] [none] DEBUG com.alibaba.nacos.client.naming - failover switch is not found, 00-00---000-VIPSRV_FAILOVER_SWITCH-000---00-00
2026-05-23 01:54:13.658 [com.alibaba.nacos.naming.failover.0] [none] DEBUG com.alibaba.nacos.client.naming - failover switch is not found, 00-00---000-VIPSRV_FAILOVER_SWITCH-000---00-00
2026-05-23 01:54:18.659 [com.alibaba.nacos.naming.failover.0] [none] DEBUG com.alibaba.nacos.client.naming - failover switch is not found, 00-00---000-VIPSRV_FAILOVER_SWITCH-000---00-00
2026-05-23 01:54:23.660 [com.alibaba.nacos.naming.failover.0] [none] DEBUG com.alibaba.nacos.client.naming - failover switch is not found, 00-00---000-VIPSRV_FAILOVER_SWITCH-000---00-00
2026-05-23 01:54:28.661 [com.alibaba.nacos.naming.failover.0] [none] DEBUG com.alibaba.nacos.client.naming - failover switch is not found, 00-00---000-VIPSRV_FAILOVER_SWITCH-000---00-00
2026-05-23 01:54:33.662 [com.alibaba.nacos.naming.failover.0] [none] DEBUG com.alibaba.nacos.client.naming - failover switch is not found, 00-00---000-VIPSRV_FAILOVER_SWITCH-000---00-00
2026-05-23 01:54:38.663 [com.alibaba.nacos.naming.failover.0] [none] DEBUG com.alibaba.nacos.client.naming - failover switch is not found, 00-00---000-VIPSRV_FAILOVER_SWITCH-000---00-00
2026-05-23 01:54:43.666 [com.alibaba.nacos.naming.failover.0] [none] DEBUG com.alibaba.nacos.client.naming - failover switch is not found, 00-00---000-VIPSRV_FAILOVER_SWITCH-000---00-00
2026-05-23 01:54:48.668 [com.alibaba.nacos.naming.failover.0] [none] DEBUG com.alibaba.nacos.client.naming - failover switch is not found, 00-00---000-VIPSRV_FAILOVER_SWITCH-000---00-00
2026-05-23 01:54:53.669 [com.alibaba.nacos.naming.failover.0] [none] DEBUG com.alibaba.nacos.client.naming - failover switch is not found, 00-00---000-VIPSRV_FAILOVER_SWITCH-000---00-00
2026-05-23 01:54:58.670 [com.alibaba.nacos.naming.failover.0] [none] DEBUG com.alibaba.nacos.client.naming - failover switch is not found, 00-00---000-VIPSRV_FAILOVER_SWITCH-000---00-00
2026-05-23 01:55:03.672 [com.alibaba.nacos.naming.failover.0] [none] DEBUG com.alibaba.nacos.client.naming - failover switch is not found, 00-00---000-VIPSRV_FAILOVER_SWITCH-000---00-00
2026-05-23 01:55:08.672 [com.alibaba.nacos.naming.failover.0] [none] DEBUG com.alibaba.nacos.client.naming - failover switch is not found, 00-00---000-VIPSRV_FAILOVER_SWITCH-000---00-00
2026-05-23 01:55:13.673 [com.alibaba.nacos.naming.failover.0] [none] DEBUG com.alibaba.nacos.client.naming - failover switch is not found, 00-00---000-VIPSRV_FAILOVER_SWITCH-000---00-00
2026-05-23 01:55:18.674 [com.alibaba.nacos.naming.failover.0] [none] DEBUG com.alibaba.nacos.client.naming - failover switch is not found, 00-00---000-VIPSRV_FAILOVER_SWITCH-000---00-00
2026-05-23 01:55:23.676 [com.alibaba.nacos.naming.failover.0] [none] DEBUG com.alibaba.nacos.client.naming - failover switch is not found, 00-00---000-VIPSRV_FAILOVER_SWITCH-000---00-00
2026-05-23 01:55:28.677 [com.alibaba.nacos.naming.failover.0] [none] DEBUG com.alibaba.nacos.client.naming - failover switch is not found, 00-00---000-VIPSRV_FAILOVER_SWITCH-000---00-00
2026-05-23 01:55:33.679 [com.alibaba.nacos.naming.failover.0] [none] DEBUG com.alibaba.nacos.client.naming - failover switch is not found, 00-00---000-VIPSRV_FAILOVER_SWITCH-000---00-00
2026-05-23 01:55:38.680 [com.alibaba.nacos.naming.failover.0] [none] DEBUG com.alibaba.nacos.client.naming - failover switch is not found, 00-00---000-VIPSRV_FAILOVER_SWITCH-000---00-00
2026-05-23 01:55:43.681 [com.alibaba.nacos.naming.failover.0] [none] DEBUG com.alibaba.nacos.client.naming - failover switch is not found, 00-00---000-VIPSRV_FAILOVER_SWITCH-000---00-00
2026-05-23 01:55:48.682 [com.alibaba.nacos.naming.failover.0] [none] DEBUG com.alibaba.nacos.client.naming - failover switch is not found, 00-00---000-VIPSRV_FAILOVER_SWITCH-000---00-00
2026-05-23 01:55:53.684 [com.alibaba.nacos.naming.failover.0] [none] DEBUG com.alibaba.nacos.client.naming - failover switch is not found, 00-00---000-VIPSRV_FAILOVER_SWITCH-000---00-00
2026-05-23 01:55:58.685 [com.alibaba.nacos.naming.failover.0] [none] DEBUG com.alibaba.nacos.client.naming - failover switch is not found, 00-00---000-VIPSRV_FAILOVER_SWITCH-000---00-00
2026-05-23 01:56:03.685 [com.alibaba.nacos.naming.failover.0] [none] DEBUG com.alibaba.nacos.client.naming - failover switch is not found, 00-00---000-VIPSRV_FAILOVER_SWITCH-000---00-00
2026-05-23 01:56:08.686 [com.alibaba.nacos.naming.failover.0] [none] DEBUG com.alibaba.nacos.client.naming - failover switch is not found, 00-00---000-VIPSRV_FAILOVER_SWITCH-000---00-00
2026-05-23 01:56:13.687 [com.alibaba.nacos.naming.failover.0] [none] DEBUG com.alibaba.nacos.client.naming - failover switch is not found, 00-00---000-VIPSRV_FAILOVER_SWITCH-000---00-00
2026-05-23 01:56:18.688 [com.alibaba.nacos.naming.failover.0] [none] DEBUG com.alibaba.nacos.client.naming - failover switch is not found, 00-00---000-VIPSRV_FAILOVER_SWITCH-000---00-00
2026-05-23 01:56:23.688 [com.alibaba.nacos.naming.failover.0] [none] DEBUG com.alibaba.nacos.client.naming - failover switch is not found, 00-00---000-VIPSRV_FAILOVER_SWITCH-000---00-00
2026-05-23 01:56:28.690 [com.alibaba.nacos.naming.failover.0] [none] DEBUG com.alibaba.nacos.client.naming - failover switch is not found, 00-00---000-VIPSRV_FAILOVER_SWITCH-000---00-00
2026-05-23 01:56:33.691 [com.alibaba.nacos.naming.failover.0] [none] DEBUG com.alibaba.nacos.client.naming - failover switch is not found, 00-00---000-VIPSRV_FAILOVER_SWITCH-000---00-00
2026-05-23 01:56:38.692 [com.alibaba.nacos.naming.failover.0] [none] DEBUG com.alibaba.nacos.client.naming - failover switch is not found, 00-00---000-VIPSRV_FAILOVER_SWITCH-000---00-00
2026-05-23 01:56:43.693 [com.alibaba.nacos.naming.failover.0] [none] DEBUG com.alibaba.nacos.client.naming - failover switch is not found, 00-00---000-VIPSRV_FAILOVER_SWITCH-000---00-00
2026-05-23 01:56:48.694 [com.alibaba.nacos.naming.failover.0] [none] DEBUG com.alibaba.nacos.client.naming - failover switch is not found, 00-00---000-VIPSRV_FAILOVER_SWITCH-000---00-00
2026-05-23 01:56:53.700 [com.alibaba.nacos.naming.failover.0] [none] DEBUG com.alibaba.nacos.client.naming - failover switch is not found, 00-00---000-VIPSRV_FAILOVER_SWITCH-000---00-00
2026-05-23 01:56:58.702 [com.alibaba.nacos.naming.failover.0] [none] DEBUG com.alibaba.nacos.client.naming - failover switch is not found, 00-00---000-VIPSRV_FAILOVER_SWITCH-000---00-00
2026-05-23 01:57:03.704 [com.alibaba.nacos.naming.failover.0] [none] DEBUG com.alibaba.nacos.client.naming - failover switch is not found, 00-00---000-VIPSRV_FAILOVER_SWITCH-000---00-00
2026-05-23 01:57:08.705 [com.alibaba.nacos.naming.failover.0] [none] DEBUG com.alibaba.nacos.client.naming - failover switch is not found, 00-00---000-VIPSRV_FAILOVER_SWITCH-000---00-00
2026-05-23 01:57:13.706 [com.alibaba.nacos.naming.failover.0] [none] DEBUG com.alibaba.nacos.client.naming - failover switch is not found, 00-00---000-VIPSRV_FAILOVER_SWITCH-000---00-00
2026-05-23 01:57:18.707 [com.alibaba.nacos.naming.failover.0] [none] DEBUG com.alibaba.nacos.client.naming - failover switch is not found, 00-00---000-VIPSRV_FAILOVER_SWITCH-000---00-00
2026-05-23 01:57:23.735 [com.alibaba.nacos.naming.failover.0] [none] DEBUG com.alibaba.nacos.client.naming - failover switch is not found, 00-00---000-VIPSRV_FAILOVER_SWITCH-000---00-00
2026-05-23 01:57:28.738 [com.alibaba.nacos.naming.failover.0] [none] DEBUG com.alibaba.nacos.client.naming - failover switch is not found, 00-00---000-VIPSRV_FAILOVER_SWITCH-000---00-00
2026-05-23 01:57:33.739 [com.alibaba.nacos.naming.failover.0] [none] DEBUG com.alibaba.nacos.client.naming - failover switch is not found, 00-00---000-VIPSRV_FAILOVER_SWITCH-000---00-00
2026-05-23 01:57:38.740 [com.alibaba.nacos.naming.failover.0] [none] DEBUG com.alibaba.nacos.client.naming - failover switch is not found, 00-00---000-VIPSRV_FAILOVER_SWITCH-000---00-00
2026-05-23 01:57:43.742 [com.alibaba.nacos.naming.failover.0] [none] DEBUG com.alibaba.nacos.client.naming - failover switch is not found, 00-00---000-VIPSRV_FAILOVER_SWITCH-000---00-00
2026-05-23 01:57:48.742 [com.alibaba.nacos.naming.failover.0] [none] DEBUG com.alibaba.nacos.client.naming - failover switch is not found, 00-00---000-VIPSRV_FAILOVER_SWITCH-000---00-00
2026-05-23 01:57:53.743 [com.alibaba.nacos.naming.failover.0] [none] DEBUG com.alibaba.nacos.client.naming - failover switch is not found, 00-00---000-VIPSRV_FAILOVER_SWITCH-000---00-00
2026-05-23 01:57:58.745 [com.alibaba.nacos.naming.failover.0] [none] DEBUG com.alibaba.nacos.client.naming - failover switch is not found, 00-00---000-VIPSRV_FAILOVER_SWITCH-000---00-00
2026-05-23 01:58:03.745 [com.alibaba.nacos.naming.failover.0] [none] DEBUG com.alibaba.nacos.client.naming - failover switch is not found, 00-00---000-VIPSRV_FAILOVER_SWITCH-000---00-00
2026-05-23 01:58:08.746 [com.alibaba.nacos.naming.failover.0] [none] DEBUG com.alibaba.nacos.client.naming - failover switch is not found, 00-00---000-VIPSRV_FAILOVER_SWITCH-000---00-00
2026-05-23 01:58:13.746 [com.alibaba.nacos.naming.failover.0] [none] DEBUG com.alibaba.nacos.client.naming - failover switch is not found, 00-00---000-VIPSRV_FAILOVER_SWITCH-000---00-00
2026-05-23 01:58:18.747 [com.alibaba.nacos.naming.failover.0] [none] DEBUG com.alibaba.nacos.client.naming - failover switch is not found, 00-00---000-VIPSRV_FAILOVER_SWITCH-000---00-00
2026-05-23 01:58:23.749 [com.alibaba.nacos.naming.failover.0] [none] DEBUG com.alibaba.nacos.client.naming - failover switch is not found, 00-00---000-VIPSRV_FAILOVER_SWITCH-000---00-00
2026-05-23 01:58:28.750 [com.alibaba.nacos.naming.failover.0] [none] DEBUG com.alibaba.nacos.client.naming - failover switch is not found, 00-00---000-VIPSRV_FAILOVER_SWITCH-000---00-00
2026-05-23 01:58:33.751 [com.alibaba.nacos.naming.failover.0] [none] DEBUG com.alibaba.nacos.client.naming - failover switch is not found, 00-00---000-VIPSRV_FAILOVER_SWITCH-000---00-00
2026-05-23 01:58:38.754 [com.alibaba.nacos.naming.failover.0] [none] DEBUG com.alibaba.nacos.client.naming - failover switch is not found, 00-00---000-VIPSRV_FAILOVER_SWITCH-000---00-00
2026-05-23 01:58:43.756 [com.alibaba.nacos.naming.failover.0] [none] DEBUG com.alibaba.nacos.client.naming - failover switch is not found, 00-00---000-VIPSRV_FAILOVER_SWITCH-000---00-00
2026-05-23 01:58:48.758 [com.alibaba.nacos.naming.failover.0] [none] DEBUG com.alibaba.nacos.client.naming - failover switch is not found, 00-00---000-VIPSRV_FAILOVER_SWITCH-000---00-00
2026-05-23 01:58:53.759 [com.alibaba.nacos.naming.failover.0] [none] DEBUG com.alibaba.nacos.client.naming - failover switch is not found, 00-00---000-VIPSRV_FAILOVER_SWITCH-000---00-00
2026-05-23 01:58:58.761 [com.alibaba.nacos.naming.failover.0] [none] DEBUG com.alibaba.nacos.client.naming - failover switch is not found, 00-00---000-VIPSRV_FAILOVER_SWITCH-000---00-00
2026-05-23 01:59:03.762 [com.alibaba.nacos.naming.failover.0] [none] DEBUG com.alibaba.nacos.client.naming - failover switch is not found, 00-00---000-VIPSRV_FAILOVER_SWITCH-000---00-00
2026-05-23 01:59:08.763 [com.alibaba.nacos.naming.failover.0] [none] DEBUG com.alibaba.nacos.client.naming - failover switch is not found, 00-00---000-VIPSRV_FAILOVER_SWITCH-000---00-00
2026-05-23 01:59:13.764 [com.alibaba.nacos.naming.failover.0] [none] DEBUG com.alibaba.nacos.client.naming - failover switch is not found, 00-00---000-VIPSRV_FAILOVER_SWITCH-000---00-00
2026-05-23 01:59:18.766 [com.alibaba.nacos.naming.failover.0] [none] DEBUG com.alibaba.nacos.client.naming - failover switch is not found, 00-00---000-VIPSRV_FAILOVER_SWITCH-000---00-00
2026-05-23 01:59:23.766 [com.alibaba.nacos.naming.failover.0] [none] DEBUG com.alibaba.nacos.client.naming - failover switch is not found, 00-00---000-VIPSRV_FAILOVER_SWITCH-000---00-00
2026-05-23 01:59:28.768 [com.alibaba.nacos.naming.failover.0] [none] DEBUG com.alibaba.nacos.client.naming - failover switch is not found, 00-00---000-VIPSRV_FAILOVER_SWITCH-000---00-00
2026-05-23 01:59:33.770 [com.alibaba.nacos.naming.failover.0] [none] DEBUG com.alibaba.nacos.client.naming - failover switch is not found, 00-00---000-VIPSRV_FAILOVER_SWITCH-000---00-00
2026-05-23 01:59:38.771 [com.alibaba.nacos.naming.failover.0] [none] DEBUG com.alibaba.nacos.client.naming - failover switch is not found, 00-00---000-VIPSRV_FAILOVER_SWITCH-000---00-00
2026-05-23 01:59:43.772 [com.alibaba.nacos.naming.failover.0] [none] DEBUG com.alibaba.nacos.client.naming - failover switch is not found, 00-00---000-VIPSRV_FAILOVER_SWITCH-000---00-00
2026-05-23 01:59:48.772 [com.alibaba.nacos.naming.failover.0] [none] DEBUG com.alibaba.nacos.client.naming - failover switch is not found, 00-00---000-VIPSRV_FAILOVER_SWITCH-000---00-00
2026-05-23 01:59:53.773 [com.alibaba.nacos.naming.failover.0] [none] DEBUG com.alibaba.nacos.client.naming - failover switch is not found, 00-00---000-VIPSRV_FAILOVER_SWITCH-000---00-00
2026-05-23 01:59:58.773 [com.alibaba.nacos.naming.failover.0] [none] DEBUG com.alibaba.nacos.client.naming - failover switch is not found, 00-00---000-VIPSRV_FAILOVER_SWITCH-000---00-00
2026-05-23 02:00:03.787 [com.alibaba.nacos.naming.failover.0] [none] DEBUG com.alibaba.nacos.client.naming - failover switch is not found, 00-00---000-VIPSRV_FAILOVER_SWITCH-000---00-00
2026-05-23 02:00:08.789 [com.alibaba.nacos.naming.failover.0] [none] DEBUG com.alibaba.nacos.client.naming - failover switch is not found, 00-00---000-VIPSRV_FAILOVER_SWITCH-000---00-00
2026-05-23 02:00:13.792 [com.alibaba.nacos.naming.failover.0] [none] DEBUG com.alibaba.nacos.client.naming - failover switch is not found, 00-00---000-VIPSRV_FAILOVER_SWITCH-000---00-00
2026-05-23 02:00:18.793 [com.alibaba.nacos.naming.failover.0] [none] DEBUG com.alibaba.nacos.client.naming - failover switch is not found, 00-00---000-VIPSRV_FAILOVER_SWITCH-000---00-00
2026-05-23 02:00:23.793 [com.alibaba.nacos.naming.failover.0] [none] DEBUG com.alibaba.nacos.client.naming - failover switch is not found, 00-00---000-VIPSRV_FAILOVER_SWITCH-000---00-00
2026-05-23 02:00:28.794 [com.alibaba.nacos.naming.failover.0] [none] DEBUG com.alibaba.nacos.client.naming - failover switch is not found, 00-00---000-VIPSRV_FAILOVER_SWITCH-000---00-00
2026-05-23 02:00:33.795 [com.alibaba.nacos.naming.failover.0] [none] DEBUG com.alibaba.nacos.client.naming - failover switch is not found, 00-00---000-VIPSRV_FAILOVER_SWITCH-000---00-00
2026-05-23 02:00:38.795 [com.alibaba.nacos.naming.failover.0] [none] DEBUG com.alibaba.nacos.client.naming - failover switch is not found, 00-00---000-VIPSRV_FAILOVER_SWITCH-000---00-00
2026-05-23 02:00:43.797 [com.alibaba.nacos.naming.failover.0] [none] DEBUG com.alibaba.nacos.client.naming - failover switch is not found, 00-00---000-VIPSRV_FAILOVER_SWITCH-000---00-00
2026-05-23 02:00:48.798 [com.alibaba.nacos.naming.failover.0] [none] DEBUG com.alibaba.nacos.client.naming - failover switch is not found, 00-00---000-VIPSRV_FAILOVER_SWITCH-000---00-00
2026-05-23 02:00:53.799 [com.alibaba.nacos.naming.failover.0] [none] DEBUG com.alibaba.nacos.client.naming - failover switch is not found, 00-00---000-VIPSRV_FAILOVER_SWITCH-000---00-00
2026-05-23 02:00:58.800 [com.alibaba.nacos.naming.failover.0] [none] DEBUG com.alibaba.nacos.client.naming - failover switch is not found, 00-00---000-VIPSRV_FAILOVER_SWITCH-000---00-00
2026-05-23 02:01:03.802 [com.alibaba.nacos.naming.failover.0] [none] DEBUG com.alibaba.nacos.client.naming - failover switch is not found, 00-00---000-VIPSRV_FAILOVER_SWITCH-000---00-00
2026-05-23 02:01:08.806 [com.alibaba.nacos.naming.failover.0] [none] DEBUG com.alibaba.nacos.client.naming - failover switch is not found, 00-00---000-VIPSRV_FAILOVER_SWITCH-000---00-00
2026-05-23 02:01:13.807 [com.alibaba.nacos.naming.failover.0] [none] DEBUG com.alibaba.nacos.client.naming - failover switch is not found, 00-00---000-VIPSRV_FAILOVER_SWITCH-000---00-00
2026-05-23 02:01:18.808 [com.alibaba.nacos.naming.failover.0] [none] DEBUG com.alibaba.nacos.client.naming - failover switch is not found, 00-00---000-VIPSRV_FAILOVER_SWITCH-000---00-00
2026-05-23 02:01:23.848 [com.alibaba.nacos.naming.failover.0] [none] DEBUG com.alibaba.nacos.client.naming - failover switch is not found, 00-00---000-VIPSRV_FAILOVER_SWITCH-000---00-00
2026-05-23 02:01:28.849 [com.alibaba.nacos.naming.failover.0] [none] DEBUG com.alibaba.nacos.client.naming - failover switch is not found, 00-00---000-VIPSRV_FAILOVER_SWITCH-000---00-00
2026-05-23 02:01:33.850 [com.alibaba.nacos.naming.failover.0] [none] DEBUG com.alibaba.nacos.client.naming - failover switch is not found, 00-00---000-VIPSRV_FAILOVER_SWITCH-000---00-00
2026-05-23 02:01:38.851 [com.alibaba.nacos.naming.failover.0] [none] DEBUG com.alibaba.nacos.client.naming - failover switch is not found, 00-00---000-VIPSRV_FAILOVER_SWITCH-000---00-00
2026-05-23 02:01:43.852 [com.alibaba.nacos.naming.failover.0] [none] DEBUG com.alibaba.nacos.client.naming - failover switch is not found, 00-00---000-VIPSRV_FAILOVER_SWITCH-000---00-00
2026-05-23 02:01:48.853 [com.alibaba.nacos.naming.failover.0] [none] DEBUG com.alibaba.nacos.client.naming - failover switch is not found, 00-00---000-VIPSRV_FAILOVER_SWITCH-000---00-00
2026-05-23 02:01:53.855 [com.alibaba.nacos.naming.failover.0] [none] DEBUG com.alibaba.nacos.client.naming - failover switch is not found, 00-00---000-VIPSRV_FAILOVER_SWITCH-000---00-00
2026-05-23 02:01:58.857 [com.alibaba.nacos.naming.failover.0] [none] DEBUG com.alibaba.nacos.client.naming - failover switch is not found, 00-00---000-VIPSRV_FAILOVER_SWITCH-000---00-00
2026-05-23 02:02:03.857 [com.alibaba.nacos.naming.failover.0] [none] DEBUG com.alibaba.nacos.client.naming - failover switch is not found, 00-00---000-VIPSRV_FAILOVER_SWITCH-000---00-00
2026-05-23 02:02:08.858 [com.alibaba.nacos.naming.failover.0] [none] DEBUG com.alibaba.nacos.client.naming - failover switch is not found, 00-00---000-VIPSRV_FAILOVER_SWITCH-000---00-00
2026-05-23 02:02:13.860 [com.alibaba.nacos.naming.failover.0] [none] DEBUG com.alibaba.nacos.client.naming - failover switch is not found, 00-00---000-VIPSRV_FAILOVER_SWITCH-000---00-00
2026-05-23 02:02:18.861 [com.alibaba.nacos.naming.failover.0] [none] DEBUG com.alibaba.nacos.client.naming - failover switch is not found, 00-00---000-VIPSRV_FAILOVER_SWITCH-000---00-00
2026-05-23 02:02:23.885 [com.alibaba.nacos.naming.failover.0] [none] DEBUG com.alibaba.nacos.client.naming - failover switch is not found, 00-00---000-VIPSRV_FAILOVER_SWITCH-000---00-00
2026-05-23 02:02:28.889 [com.alibaba.nacos.naming.failover.0] [none] DEBUG com.alibaba.nacos.client.naming - failover switch is not found, 00-00---000-VIPSRV_FAILOVER_SWITCH-000---00-00
2026-05-23 02:02:33.891 [com.alibaba.nacos.naming.failover.0] [none] DEBUG com.alibaba.nacos.client.naming - failover switch is not found, 00-00---000-VIPSRV_FAILOVER_SWITCH-000---00-00
2026-05-23 02:02:38.894 [com.alibaba.nacos.naming.failover.0] [none] DEBUG com.alibaba.nacos.client.naming - failover switch is not found, 00-00---000-VIPSRV_FAILOVER_SWITCH-000---00-00
2026-05-23 02:02:43.899 [com.alibaba.nacos.naming.failover.0] [none] DEBUG com.alibaba.nacos.client.naming - failover switch is not found, 00-00---000-VIPSRV_FAILOVER_SWITCH-000---00-00
2026-05-23 02:02:48.901 [com.alibaba.nacos.naming.failover.0] [none] DEBUG com.alibaba.nacos.client.naming - failover switch is not found, 00-00---000-VIPSRV_FAILOVER_SWITCH-000---00-00
2026-05-23 02:02:53.903 [com.alibaba.nacos.naming.failover.0] [none] DEBUG com.alibaba.nacos.client.naming - failover switch is not found, 00-00---000-VIPSRV_FAILOVER_SWITCH-000---00-00
2026-05-23 02:02:58.906 [com.alibaba.nacos.naming.failover.0] [none] DEBUG com.alibaba.nacos.client.naming - failover switch is not found, 00-00---000-VIPSRV_FAILOVER_SWITCH-000---00-00
2026-05-23 02:03:03.908 [com.alibaba.nacos.naming.failover.0] [none] DEBUG com.alibaba.nacos.client.naming - failover switch is not found, 00-00---000-VIPSRV_FAILOVER_SWITCH-000---00-00
2026-05-23 02:03:08.908 [com.alibaba.nacos.naming.failover.0] [none] DEBUG com.alibaba.nacos.client.naming - failover switch is not found, 00-00---000-VIPSRV_FAILOVER_SWITCH-000---00-00
2026-05-23 02:03:13.911 [com.alibaba.nacos.naming.failover.0] [none] DEBUG com.alibaba.nacos.client.naming - failover switch is not found, 00-00---000-VIPSRV_FAILOVER_SWITCH-000---00-00
2026-05-23 02:03:18.912 [com.alibaba.nacos.naming.failover.0] [none] DEBUG com.alibaba.nacos.client.naming - failover switch is not found, 00-00---000-VIPSRV_FAILOVER_SWITCH-000---00-00
2026-05-23 02:03:23.914 [com.alibaba.nacos.naming.failover.0] [none] DEBUG com.alibaba.nacos.client.naming - failover switch is not found, 00-00---000-VIPSRV_FAILOVER_SWITCH-000---00-00
2026-05-23 02:03:28.915 [com.alibaba.nacos.naming.failover.0] [none] DEBUG com.alibaba.nacos.client.naming - failover switch is not found, 00-00---000-VIPSRV_FAILOVER_SWITCH-000---00-00
2026-05-23 02:03:33.916 [com.alibaba.nacos.naming.failover.0] [none] DEBUG com.alibaba.nacos.client.naming - failover switch is not found, 00-00---000-VIPSRV_FAILOVER_SWITCH-000---00-00
2026-05-23 02:03:38.917 [com.alibaba.nacos.naming.failover.0] [none] DEBUG com.alibaba.nacos.client.naming - failover switch is not found, 00-00---000-VIPSRV_FAILOVER_SWITCH-000---00-00
2026-05-23 02:03:43.918 [com.alibaba.nacos.naming.failover.0] [none] DEBUG com.alibaba.nacos.client.naming - failover switch is not found, 00-00---000-VIPSRV_FAILOVER_SWITCH-000---00-00
2026-05-23 02:03:48.919 [com.alibaba.nacos.naming.failover.0] [none] DEBUG com.alibaba.nacos.client.naming - failover switch is not found, 00-00---000-VIPSRV_FAILOVER_SWITCH-000---00-00
2026-05-23 02:03:53.922 [com.alibaba.nacos.naming.failover.0] [none] DEBUG com.alibaba.nacos.client.naming - failover switch is not found, 00-00---000-VIPSRV_FAILOVER_SWITCH-000---00-00
2026-05-23 02:03:58.923 [com.alibaba.nacos.naming.failover.0] [none] DEBUG com.alibaba.nacos.client.naming - failover switch is not found, 00-00---000-VIPSRV_FAILOVER_SWITCH-000---00-00
2026-05-23 02:04:03.925 [com.alibaba.nacos.naming.failover.0] [none] DEBUG com.alibaba.nacos.client.naming - failover switch is not found, 00-00---000-VIPSRV_FAILOVER_SWITCH-000---00-00
2026-05-23 02:04:08.925 [com.alibaba.nacos.naming.failover.0] [none] DEBUG com.alibaba.nacos.client.naming - failover switch is not found, 00-00---000-VIPSRV_FAILOVER_SWITCH-000---00-00
2026-05-23 02:04:13.926 [com.alibaba.nacos.naming.failover.0] [none] DEBUG com.alibaba.nacos.client.naming - failover switch is not found, 00-00---000-VIPSRV_FAILOVER_SWITCH-000---00-00
2026-05-23 02:04:18.927 [com.alibaba.nacos.naming.failover.0] [none] DEBUG com.alibaba.nacos.client.naming - failover switch is not found, 00-00---000-VIPSRV_FAILOVER_SWITCH-000---00-00
2026-05-23 02:04:23.929 [com.alibaba.nacos.naming.failover.0] [none] DEBUG com.alibaba.nacos.client.naming - failover switch is not found, 00-00---000-VIPSRV_FAILOVER_SWITCH-000---00-00
2026-05-23 02:04:28.930 [com.alibaba.nacos.naming.failover.0] [none] DEBUG com.alibaba.nacos.client.naming - failover switch is not found, 00-00---000-VIPSRV_FAILOVER_SWITCH-000---00-00
2026-05-23 02:04:33.931 [com.alibaba.nacos.naming.failover.0] [none] DEBUG com.alibaba.nacos.client.naming - failover switch is not found, 00-00---000-VIPSRV_FAILOVER_SWITCH-000---00-00
2026-05-23 02:04:38.933 [com.alibaba.nacos.naming.failover.0] [none] DEBUG com.alibaba.nacos.client.naming - failover switch is not found, 00-00---000-VIPSRV_FAILOVER_SWITCH-000---00-00
2026-05-23 02:04:43.934 [com.alibaba.nacos.naming.failover.0] [none] DEBUG com.alibaba.nacos.client.naming - failover switch is not found, 00-00---000-VIPSRV_FAILOVER_SWITCH-000---00-00
2026-05-23 02:04:48.935 [com.alibaba.nacos.naming.failover.0] [none] DEBUG com.alibaba.nacos.client.naming - failover switch is not found, 00-00---000-VIPSRV_FAILOVER_SWITCH-000---00-00
2026-05-23 02:04:53.937 [com.alibaba.nacos.naming.failover.0] [none] DEBUG com.alibaba.nacos.client.naming - failover switch is not found, 00-00---000-VIPSRV_FAILOVER_SWITCH-000---00-00
2026-05-23 02:04:58.942 [com.alibaba.nacos.naming.failover.0] [none] DEBUG com.alibaba.nacos.client.naming - failover switch is not found, 00-00---000-VIPSRV_FAILOVER_SWITCH-000---00-00
2026-05-23 02:05:03.943 [com.alibaba.nacos.naming.failover.0] [none] DEBUG com.alibaba.nacos.client.naming - failover switch is not found, 00-00---000-VIPSRV_FAILOVER_SWITCH-000---00-00
2026-05-23 02:05:08.946 [com.alibaba.nacos.naming.failover.0] [none] DEBUG com.alibaba.nacos.client.naming - failover switch is not found, 00-00---000-VIPSRV_FAILOVER_SWITCH-000---00-00
2026-05-23 02:05:13.948 [com.alibaba.nacos.naming.failover.0] [none] DEBUG com.alibaba.nacos.client.naming - failover switch is not found, 00-00---000-VIPSRV_FAILOVER_SWITCH-000---00-00
2026-05-23 02:05:18.949 [com.alibaba.nacos.naming.failover.0] [none] DEBUG com.alibaba.nacos.client.naming - failover switch is not found, 00-00---000-VIPSRV_FAILOVER_SWITCH-000---00-00
2026-05-23 02:05:23.949 [com.alibaba.nacos.naming.failover.0] [none] DEBUG com.alibaba.nacos.client.naming - failover switch is not found, 00-00---000-VIPSRV_FAILOVER_SWITCH-000---00-00
2026-05-23 02:05:28.950 [com.alibaba.nacos.naming.failover.0] [none] DEBUG com.alibaba.nacos.client.naming - failover switch is not found, 00-00---000-VIPSRV_FAILOVER_SWITCH-000---00-00
2026-05-23 02:05:33.952 [com.alibaba.nacos.naming.failover.0] [none] DEBUG com.alibaba.nacos.client.naming - failover switch is not found, 00-00---000-VIPSRV_FAILOVER_SWITCH-000---00-00
2026-05-23 02:05:38.954 [com.alibaba.nacos.naming.failover.0] [none] DEBUG com.alibaba.nacos.client.naming - failover switch is not found, 00-00---000-VIPSRV_FAILOVER_SWITCH-000---00-00
2026-05-23 02:05:43.955 [com.alibaba.nacos.naming.failover.0] [none] DEBUG com.alibaba.nacos.client.naming - failover switch is not found, 00-00---000-VIPSRV_FAILOVER_SWITCH-000---00-00
2026-05-23 02:05:48.957 [com.alibaba.nacos.naming.failover.0] [none] DEBUG com.alibaba.nacos.client.naming - failover switch is not found, 00-00---000-VIPSRV_FAILOVER_SWITCH-000---00-00
2026-05-23 02:05:53.958 [com.alibaba.nacos.naming.failover.0] [none] DEBUG com.alibaba.nacos.client.naming - failover switch is not found, 00-00---000-VIPSRV_FAILOVER_SWITCH-000---00-00
2026-05-23 02:05:58.960 [com.alibaba.nacos.naming.failover.0] [none] DEBUG com.alibaba.nacos.client.naming - failover switch is not found, 00-00---000-VIPSRV_FAILOVER_SWITCH-000---00-00
2026-05-23 02:06:03.961 [com.alibaba.nacos.naming.failover.0] [none] DEBUG com.alibaba.nacos.client.naming - failover switch is not found, 00-00---000-VIPSRV_FAILOVER_SWITCH-000---00-00
2026-05-23 02:06:08.962 [com.alibaba.nacos.naming.failover.0] [none] DEBUG com.alibaba.nacos.client.naming - failover switch is not found, 00-00---000-VIPSRV_FAILOVER_SWITCH-000---00-00
2026-05-23 02:06:13.964 [com.alibaba.nacos.naming.failover.0] [none] DEBUG com.alibaba.nacos.client.naming - failover switch is not found, 00-00---000-VIPSRV_FAILOVER_SWITCH-000---00-00
2026-05-23 02:06:18.965 [com.alibaba.nacos.naming.failover.0] [none] DEBUG com.alibaba.nacos.client.naming - failover switch is not found, 00-00---000-VIPSRV_FAILOVER_SWITCH-000---00-00
2026-05-23 02:06:23.966 [com.alibaba.nacos.naming.failover.0] [none] DEBUG com.alibaba.nacos.client.naming - failover switch is not found, 00-00---000-VIPSRV_FAILOVER_SWITCH-000---00-00
2026-05-23 02:06:28.967 [com.alibaba.nacos.naming.failover.0] [none] DEBUG com.alibaba.nacos.client.naming - failover switch is not found, 00-00---000-VIPSRV_FAILOVER_SWITCH-000---00-00
2026-05-23 02:06:33.969 [com.alibaba.nacos.naming.failover.0] [none] DEBUG com.alibaba.nacos.client.naming - failover switch is not found, 00-00---000-VIPSRV_FAILOVER_SWITCH-000---00-00
2026-05-23 02:06:38.971 [com.alibaba.nacos.naming.failover.0] [none] DEBUG com.alibaba.nacos.client.naming - failover switch is not found, 00-00---000-VIPSRV_FAILOVER_SWITCH-000---00-00
2026-05-23 02:06:43.973 [com.alibaba.nacos.naming.failover.0] [none] DEBUG com.alibaba.nacos.client.naming - failover switch is not found, 00-00---000-VIPSRV_FAILOVER_SWITCH-000---00-00
2026-05-23 02:06:48.974 [com.alibaba.nacos.naming.failover.0] [none] DEBUG com.alibaba.nacos.client.naming - failover switch is not found, 00-00---000-VIPSRV_FAILOVER_SWITCH-000---00-00
2026-05-23 02:06:53.975 [com.alibaba.nacos.naming.failover.0] [none] DEBUG com.alibaba.nacos.client.naming - failover switch is not found, 00-00---000-VIPSRV_FAILOVER_SWITCH-000---00-00
2026-05-23 02:06:58.977 [com.alibaba.nacos.naming.failover.0] [none] DEBUG com.alibaba.nacos.client.naming - failover switch is not found, 00-00---000-VIPSRV_FAILOVER_SWITCH-000---00-00
2026-05-23 02:07:03.978 [com.alibaba.nacos.naming.failover.0] [none] DEBUG com.alibaba.nacos.client.naming - failover switch is not found, 00-00---000-VIPSRV_FAILOVER_SWITCH-000---00-00
2026-05-23 02:07:08.978 [com.alibaba.nacos.naming.failover.0] [none] DEBUG com.alibaba.nacos.client.naming - failover switch is not found, 00-00---000-VIPSRV_FAILOVER_SWITCH-000---00-00
2026-05-23 02:07:13.988 [com.alibaba.nacos.naming.failover.0] [none] DEBUG com.alibaba.nacos.client.naming - failover switch is not found, 00-00---000-VIPSRV_FAILOVER_SWITCH-000---00-00
2026-05-23 02:07:18.990 [com.alibaba.nacos.naming.failover.0] [none] DEBUG com.alibaba.nacos.client.naming - failover switch is not found, 00-00---000-VIPSRV_FAILOVER_SWITCH-000---00-00
2026-05-23 02:07:23.992 [com.alibaba.nacos.naming.failover.0] [none] DEBUG com.alibaba.nacos.client.naming - failover switch is not found, 00-00---000-VIPSRV_FAILOVER_SWITCH-000---00-00
2026-05-23 02:07:28.996 [com.alibaba.nacos.naming.failover.0] [none] DEBUG com.alibaba.nacos.client.naming - failover switch is not found, 00-00---000-VIPSRV_FAILOVER_SWITCH-000---00-00
2026-05-23 02:07:34.005 [com.alibaba.nacos.naming.failover.0] [none] DEBUG com.alibaba.nacos.client.naming - failover switch is not found, 00-00---000-VIPSRV_FAILOVER_SWITCH-000---00-00
2026-05-23 02:07:39.045 [com.alibaba.nacos.naming.failover.0] [none] DEBUG com.alibaba.nacos.client.naming - failover switch is not found, 00-00---000-VIPSRV_FAILOVER_SWITCH-000---00-00
2026-05-23 02:07:44.047 [com.alibaba.nacos.naming.failover.0] [none] DEBUG com.alibaba.nacos.client.naming - failover switch is not found, 00-00---000-VIPSRV_FAILOVER_SWITCH-000---00-00
2026-05-23 02:07:49.090 [com.alibaba.nacos.naming.failover.0] [none] DEBUG com.alibaba.nacos.client.naming - failover switch is not found, 00-00---000-VIPSRV_FAILOVER_SWITCH-000---00-00
2026-05-23 02:07:54.122 [com.alibaba.nacos.naming.failover.0] [none] DEBUG com.alibaba.nacos.client.naming - failover switch is not found, 00-00---000-VIPSRV_FAILOVER_SWITCH-000---00-00
2026-05-23 02:07:59.129 [com.alibaba.nacos.naming.failover.0] [none] DEBUG com.alibaba.nacos.client.naming - failover switch is not found, 00-00---000-VIPSRV_FAILOVER_SWITCH-000---00-00
2026-05-23 02:08:04.131 [com.alibaba.nacos.naming.failover.0] [none] DEBUG com.alibaba.nacos.client.naming - failover switch is not found, 00-00---000-VIPSRV_FAILOVER_SWITCH-000---00-00
2026-05-23 02:08:09.144 [com.alibaba.nacos.naming.failover.0] [none] DEBUG com.alibaba.nacos.client.naming - failover switch is not found, 00-00---000-VIPSRV_FAILOVER_SWITCH-000---00-00
2026-05-23 02:08:14.220 [com.alibaba.nacos.naming.failover.0] [none] DEBUG com.alibaba.nacos.client.naming - failover switch is not found, 00-00---000-VIPSRV_FAILOVER_SWITCH-000---00-00
2026-05-23 02:08:19.237 [com.alibaba.nacos.naming.failover.0] [none] DEBUG com.alibaba.nacos.client.naming - failover switch is not found, 00-00---000-VIPSRV_FAILOVER_SWITCH-000---00-00
2026-05-23 02:08:24.248 [com.alibaba.nacos.naming.failover.0] [none] DEBUG com.alibaba.nacos.client.naming - failover switch is not found, 00-00---000-VIPSRV_FAILOVER_SWITCH-000---00-00
2026-05-23 02:08:29.250 [com.alibaba.nacos.naming.failover.0] [none] DEBUG com.alibaba.nacos.client.naming - failover switch is not found, 00-00---000-VIPSRV_FAILOVER_SWITCH-000---00-00
2026-05-23 02:08:34.251 [com.alibaba.nacos.naming.failover.0] [none] DEBUG com.alibaba.nacos.client.naming - failover switch is not found, 00-00---000-VIPSRV_FAILOVER_SWITCH-000---00-00
2026-05-23 02:08:39.253 [com.alibaba.nacos.naming.failover.0] [none] DEBUG com.alibaba.nacos.client.naming - failover switch is not found, 00-00---000-VIPSRV_FAILOVER_SWITCH-000---00-00
2026-05-23 02:08:44.254 [com.alibaba.nacos.naming.failover.0] [none] DEBUG com.alibaba.nacos.client.naming - failover switch is not found, 00-00---000-VIPSRV_FAILOVER_SWITCH-000---00-00
2026-05-23 02:08:49.256 [com.alibaba.nacos.naming.failover.0] [none] DEBUG com.alibaba.nacos.client.naming - failover switch is not found, 00-00---000-VIPSRV_FAILOVER_SWITCH-000---00-00
2026-05-23 02:08:54.353 [com.alibaba.nacos.naming.failover.0] [none] DEBUG com.alibaba.nacos.client.naming - failover switch is not found, 00-00---000-VIPSRV_FAILOVER_SWITCH-000---00-00
2026-05-23 02:08:59.357 [com.alibaba.nacos.naming.failover.0] [none] DEBUG com.alibaba.nacos.client.naming - failover switch is not found, 00-00---000-VIPSRV_FAILOVER_SWITCH-000---00-00
2026-05-23 02:09:04.360 [com.alibaba.nacos.naming.failover.0] [none] DEBUG com.alibaba.nacos.client.naming - failover switch is not found, 00-00---000-VIPSRV_FAILOVER_SWITCH-000---00-00
2026-05-23 02:09:09.362 [com.alibaba.nacos.naming.failover.0] [none] DEBUG com.alibaba.nacos.client.naming - failover switch is not found, 00-00---000-VIPSRV_FAILOVER_SWITCH-000---00-00
2026-05-23 02:09:14.408 [com.alibaba.nacos.naming.failover.0] [none] DEBUG com.alibaba.nacos.client.naming - failover switch is not found, 00-00---000-VIPSRV_FAILOVER_SWITCH-000---00-00
2026-05-23 02:09:19.410 [com.alibaba.nacos.naming.failover.0] [none] DEBUG com.alibaba.nacos.client.naming - failover switch is not found, 00-00---000-VIPSRV_FAILOVER_SWITCH-000---00-00
2026-05-23 02:09:24.410 [com.alibaba.nacos.naming.failover.0] [none] DEBUG com.alibaba.nacos.client.naming - failover switch is not found, 00-00---000-VIPSRV_FAILOVER_SWITCH-000---00-00
2026-05-23 02:09:29.486 [com.alibaba.nacos.naming.failover.0] [none] DEBUG com.alibaba.nacos.client.naming - failover switch is not found, 00-00---000-VIPSRV_FAILOVER_SWITCH-000---00-00
2026-05-23 02:09:34.491 [com.alibaba.nacos.naming.failover.0] [none] DEBUG com.alibaba.nacos.client.naming - failover switch is not found, 00-00---000-VIPSRV_FAILOVER_SWITCH-000---00-00
2026-05-23 02:09:39.753 [com.alibaba.nacos.naming.failover.0] [none] DEBUG com.alibaba.nacos.client.naming - failover switch is not found, 00-00---000-VIPSRV_FAILOVER_SWITCH-000---00-00
2026-05-23 02:09:44.756 [com.alibaba.nacos.naming.failover.0] [none] DEBUG com.alibaba.nacos.client.naming - failover switch is not found, 00-00---000-VIPSRV_FAILOVER_SWITCH-000---00-00
2026-05-23 02:09:49.758 [com.alibaba.nacos.naming.failover.0] [none] DEBUG com.alibaba.nacos.client.naming - failover switch is not found, 00-00---000-VIPSRV_FAILOVER_SWITCH-000---00-00
2026-05-23 02:09:54.760 [com.alibaba.nacos.naming.failover.0] [none] DEBUG com.alibaba.nacos.client.naming - failover switch is not found, 00-00---000-VIPSRV_FAILOVER_SWITCH-000---00-00
2026-05-23 02:09:59.763 [com.alibaba.nacos.naming.failover.0] [none] DEBUG com.alibaba.nacos.client.naming - failover switch is not found, 00-00---000-VIPSRV_FAILOVER_SWITCH-000---00-00
2026-05-23 02:10:04.764 [com.alibaba.nacos.naming.failover.0] [none] DEBUG com.alibaba.nacos.client.naming - failover switch is not found, 00-00---000-VIPSRV_FAILOVER_SWITCH-000---00-00
2026-05-23 02:10:09.765 [com.alibaba.nacos.naming.failover.0] [none] DEBUG com.alibaba.nacos.client.naming - failover switch is not found, 00-00---000-VIPSRV_FAILOVER_SWITCH-000---00-00
2026-05-23 02:10:14.768 [com.alibaba.nacos.naming.failover.0] [none] DEBUG com.alibaba.nacos.client.naming - failover switch is not found, 00-00---000-VIPSRV_FAILOVER_SWITCH-000---00-00
2026-05-23 02:10:19.769 [com.alibaba.nacos.naming.failover.0] [none] DEBUG com.alibaba.nacos.client.naming - failover switch is not found, 00-00---000-VIPSRV_FAILOVER_SWITCH-000---00-00
2026-05-23 02:10:24.770 [com.alibaba.nacos.naming.failover.0] [none] DEBUG com.alibaba.nacos.client.naming - failover switch is not found, 00-00---000-VIPSRV_FAILOVER_SWITCH-000---00-00
2026-05-23 02:10:29.771 [com.alibaba.nacos.naming.failover.0] [none] DEBUG com.alibaba.nacos.client.naming - failover switch is not found, 00-00---000-VIPSRV_FAILOVER_SWITCH-000---00-00
2026-05-23 02:10:34.773 [com.alibaba.nacos.naming.failover.0] [none] DEBUG com.alibaba.nacos.client.naming - failover switch is not found, 00-00---000-VIPSRV_FAILOVER_SWITCH-000---00-00
2026-05-23 02:10:39.774 [com.alibaba.nacos.naming.failover.0] [none] DEBUG com.alibaba.nacos.client.naming - failover switch is not found, 00-00---000-VIPSRV_FAILOVER_SWITCH-000---00-00
2026-05-23 02:10:44.775 [com.alibaba.nacos.naming.failover.0] [none] DEBUG com.alibaba.nacos.client.naming - failover switch is not found, 00-00---000-VIPSRV_FAILOVER_SWITCH-000---00-00
2026-05-23 02:10:49.777 [com.alibaba.nacos.naming.failover.0] [none] DEBUG com.alibaba.nacos.client.naming - failover switch is not found, 00-00---000-VIPSRV_FAILOVER_SWITCH-000---00-00
2026-05-23 02:10:54.779 [com.alibaba.nacos.naming.failover.0] [none] DEBUG com.alibaba.nacos.client.naming - failover switch is not found, 00-00---000-VIPSRV_FAILOVER_SWITCH-000---00-00
2026-05-23 02:10:59.781 [com.alibaba.nacos.naming.failover.0] [none] DEBUG com.alibaba.nacos.client.naming - failover switch is not found, 00-00---000-VIPSRV_FAILOVER_SWITCH-000---00-00
2026-05-23 02:11:04.782 [com.alibaba.nacos.naming.failover.0] [none] DEBUG com.alibaba.nacos.client.naming - failover switch is not found, 00-00---000-VIPSRV_FAILOVER_SWITCH-000---00-00
2026-05-23 02:11:09.783 [com.alibaba.nacos.naming.failover.0] [none] DEBUG com.alibaba.nacos.client.naming - failover switch is not found, 00-00---000-VIPSRV_FAILOVER_SWITCH-000---00-00
2026-05-23 02:11:14.789 [com.alibaba.nacos.naming.failover.0] [none] DEBUG com.alibaba.nacos.client.naming - failover switch is not found, 00-00---000-VIPSRV_FAILOVER_SWITCH-000---00-00
2026-05-23 02:11:19.791 [com.alibaba.nacos.naming.failover.0] [none] DEBUG com.alibaba.nacos.client.naming - failover switch is not found, 00-00---000-VIPSRV_FAILOVER_SWITCH-000---00-00
2026-05-23 02:11:24.794 [com.alibaba.nacos.naming.failover.0] [none] DEBUG com.alibaba.nacos.client.naming - failover switch is not found, 00-00---000-VIPSRV_FAILOVER_SWITCH-000---00-00
2026-05-23 02:11:29.795 [com.alibaba.nacos.naming.failover.0] [none] DEBUG com.alibaba.nacos.client.naming - failover switch is not found, 00-00---000-VIPSRV_FAILOVER_SWITCH-000---00-00
2026-05-23 02:11:34.796 [com.alibaba.nacos.naming.failover.0] [none] DEBUG com.alibaba.nacos.client.naming - failover switch is not found, 00-00---000-VIPSRV_FAILOVER_SWITCH-000---00-00
2026-05-23 02:11:39.796 [com.alibaba.nacos.naming.failover.0] [none] DEBUG com.alibaba.nacos.client.naming - failover switch is not found, 00-00---000-VIPSRV_FAILOVER_SWITCH-000---00-00
2026-05-23 02:11:44.798 [com.alibaba.nacos.naming.failover.0] [none] DEBUG com.alibaba.nacos.client.naming - failover switch is not found, 00-00---000-VIPSRV_FAILOVER_SWITCH-000---00-00
2026-05-23 02:11:49.800 [com.alibaba.nacos.naming.failover.0] [none] DEBUG com.alibaba.nacos.client.naming - failover switch is not found, 00-00---000-VIPSRV_FAILOVER_SWITCH-000---00-00
2026-05-23 02:11:54.810 [com.alibaba.nacos.naming.failover.0] [none] DEBUG com.alibaba.nacos.client.naming - failover switch is not found, 00-00---000-VIPSRV_FAILOVER_SWITCH-000---00-00
2026-05-23 02:11:59.813 [com.alibaba.nacos.naming.failover.0] [none] DEBUG com.alibaba.nacos.client.naming - failover switch is not found, 00-00---000-VIPSRV_FAILOVER_SWITCH-000---00-00
2026-05-23 02:12:04.814 [com.alibaba.nacos.naming.failover.0] [none] DEBUG com.alibaba.nacos.client.naming - failover switch is not found, 00-00---000-VIPSRV_FAILOVER_SWITCH-000---00-00
2026-05-23 02:12:09.815 [com.alibaba.nacos.naming.failover.0] [none] DEBUG com.alibaba.nacos.client.naming - failover switch is not found, 00-00---000-VIPSRV_FAILOVER_SWITCH-000---00-00
2026-05-23 02:12:14.815 [com.alibaba.nacos.naming.failover.0] [none] DEBUG com.alibaba.nacos.client.naming - failover switch is not found, 00-00---000-VIPSRV_FAILOVER_SWITCH-000---00-00
2026-05-23 02:12:19.818 [com.alibaba.nacos.naming.failover.0] [none] DEBUG com.alibaba.nacos.client.naming - failover switch is not found, 00-00---000-VIPSRV_FAILOVER_SWITCH-000---00-00
2026-05-23 02:12:24.841 [com.alibaba.nacos.naming.failover.0] [none] DEBUG com.alibaba.nacos.client.naming - failover switch is not found, 00-00---000-VIPSRV_FAILOVER_SWITCH-000---00-00
2026-05-23 02:12:29.842 [com.alibaba.nacos.naming.failover.0] [none] DEBUG com.alibaba.nacos.client.naming - failover switch is not found, 00-00---000-VIPSRV_FAILOVER_SWITCH-000---00-00
2026-05-23 02:12:34.842 [com.alibaba.nacos.naming.failover.0] [none] DEBUG com.alibaba.nacos.client.naming - failover switch is not found, 00-00---000-VIPSRV_FAILOVER_SWITCH-000---00-00
2026-05-23 02:12:39.848 [com.alibaba.nacos.naming.failover.0] [none] DEBUG com.alibaba.nacos.client.naming - failover switch is not found, 00-00---000-VIPSRV_FAILOVER_SWITCH-000---00-00
2026-05-23 02:12:44.849 [com.alibaba.nacos.naming.failover.0] [none] DEBUG com.alibaba.nacos.client.naming - failover switch is not found, 00-00---000-VIPSRV_FAILOVER_SWITCH-000---00-00
2026-05-23 02:12:49.850 [com.alibaba.nacos.naming.failover.0] [none] DEBUG com.alibaba.nacos.client.naming - failover switch is not found, 00-00---000-VIPSRV_FAILOVER_SWITCH-000---00-00
2026-05-23 02:12:54.852 [com.alibaba.nacos.naming.failover.0] [none] DEBUG com.alibaba.nacos.client.naming - failover switch is not found, 00-00---000-VIPSRV_FAILOVER_SWITCH-000---00-00
2026-05-23 02:12:59.853 [com.alibaba.nacos.naming.failover.0] [none] DEBUG com.alibaba.nacos.client.naming - failover switch is not found, 00-00---000-VIPSRV_FAILOVER_SWITCH-000---00-00
2026-05-23 02:13:04.853 [com.alibaba.nacos.naming.failover.0] [none] DEBUG com.alibaba.nacos.client.naming - failover switch is not found, 00-00---000-VIPSRV_FAILOVER_SWITCH-000---00-00
2026-05-23 02:13:09.865 [com.alibaba.nacos.naming.failover.0] [none] DEBUG com.alibaba.nacos.client.naming - failover switch is not found, 00-00---000-VIPSRV_FAILOVER_SWITCH-000---00-00
2026-05-23 02:13:14.866 [com.alibaba.nacos.naming.failover.0] [none] DEBUG com.alibaba.nacos.client.naming - failover switch is not found, 00-00---000-VIPSRV_FAILOVER_SWITCH-000---00-00
2026-05-23 02:13:19.867 [com.alibaba.nacos.naming.failover.0] [none] DEBUG com.alibaba.nacos.client.naming - failover switch is not found, 00-00---000-VIPSRV_FAILOVER_SWITCH-000---00-00
2026-05-23 02:13:24.870 [com.alibaba.nacos.naming.failover.0] [none] DEBUG com.alibaba.nacos.client.naming - failover switch is not found, 00-00---000-VIPSRV_FAILOVER_SWITCH-000---00-00
2026-05-23 02:13:29.872 [com.alibaba.nacos.naming.failover.0] [none] DEBUG com.alibaba.nacos.client.naming - failover switch is not found, 00-00---000-VIPSRV_FAILOVER_SWITCH-000---00-00
2026-05-23 02:13:34.873 [com.alibaba.nacos.naming.failover.0] [none] DEBUG com.alibaba.nacos.client.naming - failover switch is not found, 00-00---000-VIPSRV_FAILOVER_SWITCH-000---00-00
2026-05-23 02:13:39.875 [com.alibaba.nacos.naming.failover.0] [none] DEBUG com.alibaba.nacos.client.naming - failover switch is not found, 00-00---000-VIPSRV_FAILOVER_SWITCH-000---00-00
2026-05-23 02:13:44.877 [com.alibaba.nacos.naming.failover.0] [none] DEBUG com.alibaba.nacos.client.naming - failover switch is not found, 00-00---000-VIPSRV_FAILOVER_SWITCH-000---00-00
2026-05-23 02:13:49.879 [com.alibaba.nacos.naming.failover.0] [none] DEBUG com.alibaba.nacos.client.naming - failover switch is not found, 00-00---000-VIPSRV_FAILOVER_SWITCH-000---00-00
2026-05-23 02:13:54.888 [com.alibaba.nacos.naming.failover.0] [none] DEBUG com.alibaba.nacos.client.naming - failover switch is not found, 00-00---000-VIPSRV_FAILOVER_SWITCH-000---00-00
2026-05-23 02:13:59.889 [com.alibaba.nacos.naming.failover.0] [none] DEBUG com.alibaba.nacos.client.naming - failover switch is not found, 00-00---000-VIPSRV_FAILOVER_SWITCH-000---00-00
2026-05-23 02:14:04.890 [com.alibaba.nacos.naming.failover.0] [none] DEBUG com.alibaba.nacos.client.naming - failover switch is not found, 00-00---000-VIPSRV_FAILOVER_SWITCH-000---00-00
2026-05-23 02:14:09.907 [com.alibaba.nacos.naming.failover.0] [none] DEBUG com.alibaba.nacos.client.naming - failover switch is not found, 00-00---000-VIPSRV_FAILOVER_SWITCH-000---00-00
2026-05-23 02:14:14.907 [com.alibaba.nacos.naming.failover.0] [none] DEBUG com.alibaba.nacos.client.naming - failover switch is not found, 00-00---000-VIPSRV_FAILOVER_SWITCH-000---00-00
2026-05-23 02:14:19.908 [com.alibaba.nacos.naming.failover.0] [none] DEBUG com.alibaba.nacos.client.naming - failover switch is not found, 00-00---000-VIPSRV_FAILOVER_SWITCH-000---00-00
2026-05-23 02:14:24.909 [com.alibaba.nacos.naming.failover.0] [none] DEBUG com.alibaba.nacos.client.naming - failover switch is not found, 00-00---000-VIPSRV_FAILOVER_SWITCH-000---00-00
2026-05-23 02:14:29.911 [com.alibaba.nacos.naming.failover.0] [none] DEBUG com.alibaba.nacos.client.naming - failover switch is not found, 00-00---000-VIPSRV_FAILOVER_SWITCH-000---00-00
2026-05-23 02:14:34.911 [com.alibaba.nacos.naming.failover.0] [none] DEBUG com.alibaba.nacos.client.naming - failover switch is not found, 00-00---000-VIPSRV_FAILOVER_SWITCH-000---00-00
2026-05-23 02:14:39.912 [com.alibaba.nacos.naming.failover.0] [none] DEBUG com.alibaba.nacos.client.naming - failover switch is not found, 00-00---000-VIPSRV_FAILOVER_SWITCH-000---00-00
2026-05-23 02:14:44.913 [com.alibaba.nacos.naming.failover.0] [none] DEBUG com.alibaba.nacos.client.naming - failover switch is not found, 00-00---000-VIPSRV_FAILOVER_SWITCH-000---00-00
2026-05-23 02:14:49.914 [com.alibaba.nacos.naming.failover.0] [none] DEBUG com.alibaba.nacos.client.naming - failover switch is not found, 00-00---000-VIPSRV_FAILOVER_SWITCH-000---00-00
2026-05-23 02:14:54.965 [com.alibaba.nacos.naming.failover.0] [none] DEBUG com.alibaba.nacos.client.naming - failover switch is not found, 00-00---000-VIPSRV_FAILOVER_SWITCH-000---00-00
2026-05-23 02:14:59.967 [com.alibaba.nacos.naming.failover.0] [none] DEBUG com.alibaba.nacos.client.naming - failover switch is not found, 00-00---000-VIPSRV_FAILOVER_SWITCH-000---00-00
2026-05-23 02:15:04.969 [com.alibaba.nacos.naming.failover.0] [none] DEBUG com.alibaba.nacos.client.naming - failover switch is not found, 00-00---000-VIPSRV_FAILOVER_SWITCH-000---00-00
2026-05-23 02:15:09.972 [com.alibaba.nacos.naming.failover.0] [none] DEBUG com.alibaba.nacos.client.naming - failover switch is not found, 00-00---000-VIPSRV_FAILOVER_SWITCH-000---00-00
2026-05-23 02:15:14.973 [com.alibaba.nacos.naming.failover.0] [none] DEBUG com.alibaba.nacos.client.naming - failover switch is not found, 00-00---000-VIPSRV_FAILOVER_SWITCH-000---00-00
2026-05-23 02:15:19.988 [com.alibaba.nacos.naming.failover.0] [none] DEBUG com.alibaba.nacos.client.naming - failover switch is not found, 00-00---000-VIPSRV_FAILOVER_SWITCH-000---00-00
2026-05-23 02:15:25.051 [com.alibaba.nacos.naming.failover.0] [none] DEBUG com.alibaba.nacos.client.naming - failover switch is not found, 00-00---000-VIPSRV_FAILOVER_SWITCH-000---00-00
2026-05-23 02:15:30.052 [com.alibaba.nacos.naming.failover.0] [none] DEBUG com.alibaba.nacos.client.naming - failover switch is not found, 00-00---000-VIPSRV_FAILOVER_SWITCH-000---00-00
2026-05-23 02:15:35.056 [com.alibaba.nacos.naming.failover.0] [none] DEBUG com.alibaba.nacos.client.naming - failover switch is not found, 00-00---000-VIPSRV_FAILOVER_SWITCH-000---00-00
2026-05-23 02:15:40.058 [com.alibaba.nacos.naming.failover.0] [none] DEBUG com.alibaba.nacos.client.naming - failover switch is not found, 00-00---000-VIPSRV_FAILOVER_SWITCH-000---00-00
2026-05-23 02:15:45.062 [com.alibaba.nacos.naming.failover.0] [none] DEBUG com.alibaba.nacos.client.naming - failover switch is not found, 00-00---000-VIPSRV_FAILOVER_SWITCH-000---00-00
2026-05-23 02:15:50.068 [com.alibaba.nacos.naming.failover.0] [none] DEBUG com.alibaba.nacos.client.naming - failover switch is not found, 00-00---000-VIPSRV_FAILOVER_SWITCH-000---00-00
2026-05-23 02:15:55.073 [com.alibaba.nacos.naming.failover.0] [none] DEBUG com.alibaba.nacos.client.naming - failover switch is not found, 00-00---000-VIPSRV_FAILOVER_SWITCH-000---00-00
2026-05-23 02:16:00.074 [com.alibaba.nacos.naming.failover.0] [none] DEBUG com.alibaba.nacos.client.naming - failover switch is not found, 00-00---000-VIPSRV_FAILOVER_SWITCH-000---00-00
2026-05-23 02:16:05.076 [com.alibaba.nacos.naming.failover.0] [none] DEBUG com.alibaba.nacos.client.naming - failover switch is not found, 00-00---000-VIPSRV_FAILOVER_SWITCH-000---00-00
2026-05-23 02:16:10.085 [com.alibaba.nacos.naming.failover.0] [none] DEBUG com.alibaba.nacos.client.naming - failover switch is not found, 00-00---000-VIPSRV_FAILOVER_SWITCH-000---00-00
2026-05-23 02:16:15.087 [com.alibaba.nacos.naming.failover.0] [none] DEBUG com.alibaba.nacos.client.naming - failover switch is not found, 00-00---000-VIPSRV_FAILOVER_SWITCH-000---00-00
2026-05-23 02:16:20.089 [com.alibaba.nacos.naming.failover.0] [none] DEBUG com.alibaba.nacos.client.naming - failover switch is not found, 00-00---000-VIPSRV_FAILOVER_SWITCH-000---00-00
2026-05-23 02:16:25.091 [com.alibaba.nacos.naming.failover.0] [none] DEBUG com.alibaba.nacos.client.naming - failover switch is not found, 00-00---000-VIPSRV_FAILOVER_SWITCH-000---00-00
2026-05-23 02:16:30.098 [com.alibaba.nacos.naming.failover.0] [none] DEBUG com.alibaba.nacos.client.naming - failover switch is not found, 00-00---000-VIPSRV_FAILOVER_SWITCH-000---00-00
2026-05-23 02:16:35.099 [com.alibaba.nacos.naming.failover.0] [none] DEBUG com.alibaba.nacos.client.naming - failover switch is not found, 00-00---000-VIPSRV_FAILOVER_SWITCH-000---00-00
2026-05-23 02:16:40.101 [com.alibaba.nacos.naming.failover.0] [none] DEBUG com.alibaba.nacos.client.naming - failover switch is not found, 00-00---000-VIPSRV_FAILOVER_SWITCH-000---00-00
2026-05-23 02:16:45.102 [com.alibaba.nacos.naming.failover.0] [none] DEBUG com.alibaba.nacos.client.naming - failover switch is not found, 00-00---000-VIPSRV_FAILOVER_SWITCH-000---00-00
2026-05-23 02:16:50.103 [com.alibaba.nacos.naming.failover.0] [none] DEBUG com.alibaba.nacos.client.naming - failover switch is not found, 00-00---000-VIPSRV_FAILOVER_SWITCH-000---00-00
2026-05-23 02:16:55.106 [com.alibaba.nacos.naming.failover.0] [none] DEBUG com.alibaba.nacos.client.naming - failover switch is not found, 00-00---000-VIPSRV_FAILOVER_SWITCH-000---00-00
2026-05-23 02:17:00.107 [com.alibaba.nacos.naming.failover.0] [none] DEBUG com.alibaba.nacos.client.naming - failover switch is not found, 00-00---000-VIPSRV_FAILOVER_SWITCH-000---00-00
2026-05-23 02:17:05.108 [com.alibaba.nacos.naming.failover.0] [none] DEBUG com.alibaba.nacos.client.naming - failover switch is not found, 00-00---000-VIPSRV_FAILOVER_SWITCH-000---00-00
2026-05-23 02:17:10.109 [com.alibaba.nacos.naming.failover.0] [none] DEBUG com.alibaba.nacos.client.naming - failover switch is not found, 00-00---000-VIPSRV_FAILOVER_SWITCH-000---00-00
2026-05-23 02:17:15.110 [com.alibaba.nacos.naming.failover.0] [none] DEBUG com.alibaba.nacos.client.naming - failover switch is not found, 00-00---000-VIPSRV_FAILOVER_SWITCH-000---00-00
2026-05-23 02:17:20.111 [com.alibaba.nacos.naming.failover.0] [none] DEBUG com.alibaba.nacos.client.naming - failover switch is not found, 00-00---000-VIPSRV_FAILOVER_SWITCH-000---00-00
2026-05-23 02:17:25.112 [com.alibaba.nacos.naming.failover.0] [none] DEBUG com.alibaba.nacos.client.naming - failover switch is not found, 00-00---000-VIPSRV_FAILOVER_SWITCH-000---00-00
2026-05-23 02:17:30.112 [com.alibaba.nacos.naming.failover.0] [none] DEBUG com.alibaba.nacos.client.naming - failover switch is not found, 00-00---000-VIPSRV_FAILOVER_SWITCH-000---00-00
2026-05-23 02:17:35.113 [com.alibaba.nacos.naming.failover.0] [none] DEBUG com.alibaba.nacos.client.naming - failover switch is not found, 00-00---000-VIPSRV_FAILOVER_SWITCH-000---00-00
2026-05-23 02:17:40.114 [com.alibaba.nacos.naming.failover.0] [none] DEBUG com.alibaba.nacos.client.naming - failover switch is not found, 00-00---000-VIPSRV_FAILOVER_SWITCH-000---00-00
2026-05-23 02:17:45.116 [com.alibaba.nacos.naming.failover.0] [none] DEBUG com.alibaba.nacos.client.naming - failover switch is not found, 00-00---000-VIPSRV_FAILOVER_SWITCH-000---00-00
2026-05-23 02:17:50.118 [com.alibaba.nacos.naming.failover.0] [none] DEBUG com.alibaba.nacos.client.naming - failover switch is not found, 00-00---000-VIPSRV_FAILOVER_SWITCH-000---00-00
2026-05-23 02:17:55.120 [com.alibaba.nacos.naming.failover.0] [none] DEBUG com.alibaba.nacos.client.naming - failover switch is not found, 00-00---000-VIPSRV_FAILOVER_SWITCH-000---00-00
2026-05-23 02:18:00.121 [com.alibaba.nacos.naming.failover.0] [none] DEBUG com.alibaba.nacos.client.naming - failover switch is not found, 00-00---000-VIPSRV_FAILOVER_SWITCH-000---00-00
2026-05-23 02:18:05.122 [com.alibaba.nacos.naming.failover.0] [none] DEBUG com.alibaba.nacos.client.naming - failover switch is not found, 00-00---000-VIPSRV_FAILOVER_SWITCH-000---00-00
2026-05-23 02:18:10.123 [com.alibaba.nacos.naming.failover.0] [none] DEBUG com.alibaba.nacos.client.naming - failover switch is not found, 00-00---000-VIPSRV_FAILOVER_SWITCH-000---00-00
2026-05-23 02:18:15.124 [com.alibaba.nacos.naming.failover.0] [none] DEBUG com.alibaba.nacos.client.naming - failover switch is not found, 00-00---000-VIPSRV_FAILOVER_SWITCH-000---00-00
2026-05-23 02:18:20.125 [com.alibaba.nacos.naming.failover.0] [none] DEBUG com.alibaba.nacos.client.naming - failover switch is not found, 00-00---000-VIPSRV_FAILOVER_SWITCH-000---00-00
2026-05-23 02:18:25.126 [com.alibaba.nacos.naming.failover.0] [none] DEBUG com.alibaba.nacos.client.naming - failover switch is not found, 00-00---000-VIPSRV_FAILOVER_SWITCH-000---00-00
2026-05-23 02:18:30.128 [com.alibaba.nacos.naming.failover.0] [none] DEBUG com.alibaba.nacos.client.naming - failover switch is not found, 00-00---000-VIPSRV_FAILOVER_SWITCH-000---00-00
2026-05-23 02:18:35.129 [com.alibaba.nacos.naming.failover.0] [none] DEBUG com.alibaba.nacos.client.naming - failover switch is not found, 00-00---000-VIPSRV_FAILOVER_SWITCH-000---00-00
2026-05-23 02:18:40.130 [com.alibaba.nacos.naming.failover.0] [none] DEBUG com.alibaba.nacos.client.naming - failover switch is not found, 00-00---000-VIPSRV_FAILOVER_SWITCH-000---00-00
2026-05-23 02:18:45.131 [com.alibaba.nacos.naming.failover.0] [none] DEBUG com.alibaba.nacos.client.naming - failover switch is not found, 00-00---000-VIPSRV_FAILOVER_SWITCH-000---00-00
2026-05-23 02:18:50.132 [com.alibaba.nacos.naming.failover.0] [none] DEBUG com.alibaba.nacos.client.naming - failover switch is not found, 00-00---000-VIPSRV_FAILOVER_SWITCH-000---00-00
2026-05-23 02:18:55.133 [com.alibaba.nacos.naming.failover.0] [none] DEBUG com.alibaba.nacos.client.naming - failover switch is not found, 00-00---000-VIPSRV_FAILOVER_SWITCH-000---00-00
2026-05-23 02:19:00.134 [com.alibaba.nacos.naming.failover.0] [none] DEBUG com.alibaba.nacos.client.naming - failover switch is not found, 00-00---000-VIPSRV_FAILOVER_SWITCH-000---00-00
2026-05-23 02:19:05.136 [com.alibaba.nacos.naming.failover.0] [none] DEBUG com.alibaba.nacos.client.naming - failover switch is not found, 00-00---000-VIPSRV_FAILOVER_SWITCH-000---00-00
2026-05-23 02:19:10.139 [com.alibaba.nacos.naming.failover.0] [none] DEBUG com.alibaba.nacos.client.naming - failover switch is not found, 00-00---000-VIPSRV_FAILOVER_SWITCH-000---00-00
2026-05-23 02:19:15.140 [com.alibaba.nacos.naming.failover.0] [none] DEBUG com.alibaba.nacos.client.naming - failover switch is not found, 00-00---000-VIPSRV_FAILOVER_SWITCH-000---00-00
2026-05-23 02:19:20.142 [com.alibaba.nacos.naming.failover.0] [none] DEBUG com.alibaba.nacos.client.naming - failover switch is not found, 00-00---000-VIPSRV_FAILOVER_SWITCH-000---00-00
2026-05-23 02:19:25.144 [com.alibaba.nacos.naming.failover.0] [none] DEBUG com.alibaba.nacos.client.naming - failover switch is not found, 00-00---000-VIPSRV_FAILOVER_SWITCH-000---00-00
2026-05-23 02:19:30.145 [com.alibaba.nacos.naming.failover.0] [none] DEBUG com.alibaba.nacos.client.naming - failover switch is not found, 00-00---000-VIPSRV_FAILOVER_SWITCH-000---00-00
2026-05-23 02:19:35.145 [com.alibaba.nacos.naming.failover.0] [none] DEBUG com.alibaba.nacos.client.naming - failover switch is not found, 00-00---000-VIPSRV_FAILOVER_SWITCH-000---00-00
2026-05-23 02:19:40.148 [com.alibaba.nacos.naming.failover.0] [none] DEBUG com.alibaba.nacos.client.naming - failover switch is not found, 00-00---000-VIPSRV_FAILOVER_SWITCH-000---00-00
2026-05-23 02:19:45.149 [com.alibaba.nacos.naming.failover.0] [none] DEBUG com.alibaba.nacos.client.naming - failover switch is not found, 00-00---000-VIPSRV_FAILOVER_SWITCH-000---00-00
2026-05-23 02:19:50.154 [com.alibaba.nacos.naming.failover.0] [none] DEBUG com.alibaba.nacos.client.naming - failover switch is not found, 00-00---000-VIPSRV_FAILOVER_SWITCH-000---00-00
2026-05-23 02:19:55.156 [com.alibaba.nacos.naming.failover.0] [none] DEBUG com.alibaba.nacos.client.naming - failover switch is not found, 00-00---000-VIPSRV_FAILOVER_SWITCH-000---00-00
2026-05-23 02:20:00.157 [com.alibaba.nacos.naming.failover.0] [none] DEBUG com.alibaba.nacos.client.naming - failover switch is not found, 00-00---000-VIPSRV_FAILOVER_SWITCH-000---00-00
2026-05-23 02:20:05.158 [com.alibaba.nacos.naming.failover.0] [none] DEBUG com.alibaba.nacos.client.naming - failover switch is not found, 00-00---000-VIPSRV_FAILOVER_SWITCH-000---00-00
2026-05-23 02:20:10.159 [com.alibaba.nacos.naming.failover.0] [none] DEBUG com.alibaba.nacos.client.naming - failover switch is not found, 00-00---000-VIPSRV_FAILOVER_SWITCH-000---00-00
2026-05-23 02:20:15.160 [com.alibaba.nacos.naming.failover.0] [none] DEBUG com.alibaba.nacos.client.naming - failover switch is not found, 00-00---000-VIPSRV_FAILOVER_SWITCH-000---00-00
2026-05-23 02:20:20.161 [com.alibaba.nacos.naming.failover.0] [none] DEBUG com.alibaba.nacos.client.naming - failover switch is not found, 00-00---000-VIPSRV_FAILOVER_SWITCH-000---00-00
2026-05-23 02:20:25.163 [com.alibaba.nacos.naming.failover.0] [none] DEBUG com.alibaba.nacos.client.naming - failover switch is not found, 00-00---000-VIPSRV_FAILOVER_SWITCH-000---00-00
2026-05-23 02:20:30.163 [com.alibaba.nacos.naming.failover.0] [none] DEBUG com.alibaba.nacos.client.naming - failover switch is not found, 00-00---000-VIPSRV_FAILOVER_SWITCH-000---00-00
2026-05-23 02:20:35.164 [com.alibaba.nacos.naming.failover.0] [none] DEBUG com.alibaba.nacos.client.naming - failover switch is not found, 00-00---000-VIPSRV_FAILOVER_SWITCH-000---00-00
2026-05-23 02:20:40.165 [com.alibaba.nacos.naming.failover.0] [none] DEBUG com.alibaba.nacos.client.naming - failover switch is not found, 00-00---000-VIPSRV_FAILOVER_SWITCH-000---00-00
2026-05-23 02:20:45.166 [com.alibaba.nacos.naming.failover.0] [none] DEBUG com.alibaba.nacos.client.naming - failover switch is not found, 00-00---000-VIPSRV_FAILOVER_SWITCH-000---00-00
2026-05-23 02:20:50.167 [com.alibaba.nacos.naming.failover.0] [none] DEBUG com.alibaba.nacos.client.naming - failover switch is not found, 00-00---000-VIPSRV_FAILOVER_SWITCH-000---00-00
2026-05-23 02:20:55.168 [com.alibaba.nacos.naming.failover.0] [none] DEBUG com.alibaba.nacos.client.naming - failover switch is not found, 00-00---000-VIPSRV_FAILOVER_SWITCH-000---00-00
2026-05-23 02:21:00.169 [com.alibaba.nacos.naming.failover.0] [none] DEBUG com.alibaba.nacos.client.naming - failover switch is not found, 00-00---000-VIPSRV_FAILOVER_SWITCH-000---00-00
2026-05-23 02:21:05.172 [com.alibaba.nacos.naming.failover.0] [none] DEBUG com.alibaba.nacos.client.naming - failover switch is not found, 00-00---000-VIPSRV_FAILOVER_SWITCH-000---00-00
2026-05-23 02:21:10.174 [com.alibaba.nacos.naming.failover.0] [none] DEBUG com.alibaba.nacos.client.naming - failover switch is not found, 00-00---000-VIPSRV_FAILOVER_SWITCH-000---00-00
2026-05-23 02:21:15.175 [com.alibaba.nacos.naming.failover.0] [none] DEBUG com.alibaba.nacos.client.naming - failover switch is not found, 00-00---000-VIPSRV_FAILOVER_SWITCH-000---00-00
2026-05-23 02:21:20.176 [com.alibaba.nacos.naming.failover.0] [none] DEBUG com.alibaba.nacos.client.naming - failover switch is not found, 00-00---000-VIPSRV_FAILOVER_SWITCH-000---00-00
2026-05-23 02:21:25.188 [com.alibaba.nacos.naming.failover.0] [none] DEBUG com.alibaba.nacos.client.naming - failover switch is not found, 00-00---000-VIPSRV_FAILOVER_SWITCH-000---00-00
2026-05-23 02:21:30.212 [com.alibaba.nacos.naming.failover.0] [none] DEBUG com.alibaba.nacos.client.naming - failover switch is not found, 00-00---000-VIPSRV_FAILOVER_SWITCH-000---00-00
2026-05-23 02:21:35.215 [com.alibaba.nacos.naming.failover.0] [none] DEBUG com.alibaba.nacos.client.naming - failover switch is not found, 00-00---000-VIPSRV_FAILOVER_SWITCH-000---00-00
2026-05-23 02:21:40.216 [com.alibaba.nacos.naming.failover.0] [none] DEBUG com.alibaba.nacos.client.naming - failover switch is not found, 00-00---000-VIPSRV_FAILOVER_SWITCH-000---00-00
2026-05-23 02:21:45.216 [com.alibaba.nacos.naming.failover.0] [none] DEBUG com.alibaba.nacos.client.naming - failover switch is not found, 00-00---000-VIPSRV_FAILOVER_SWITCH-000---00-00
2026-05-23 02:21:50.217 [com.alibaba.nacos.naming.failover.0] [none] DEBUG com.alibaba.nacos.client.naming - failover switch is not found, 00-00---000-VIPSRV_FAILOVER_SWITCH-000---00-00
2026-05-23 02:21:55.219 [com.alibaba.nacos.naming.failover.0] [none] DEBUG com.alibaba.nacos.client.naming - failover switch is not found, 00-00---000-VIPSRV_FAILOVER_SWITCH-000---00-00
2026-05-23 02:22:00.219 [com.alibaba.nacos.naming.failover.0] [none] DEBUG com.alibaba.nacos.client.naming - failover switch is not found, 00-00---000-VIPSRV_FAILOVER_SWITCH-000---00-00
2026-05-23 02:22:05.221 [com.alibaba.nacos.naming.failover.0] [none] DEBUG com.alibaba.nacos.client.naming - failover switch is not found, 00-00---000-VIPSRV_FAILOVER_SWITCH-000---00-00
2026-05-23 02:22:10.222 [com.alibaba.nacos.naming.failover.0] [none] DEBUG com.alibaba.nacos.client.naming - failover switch is not found, 00-00---000-VIPSRV_FAILOVER_SWITCH-000---00-00
2026-05-23 02:22:15.225 [com.alibaba.nacos.naming.failover.0] [none] DEBUG com.alibaba.nacos.client.naming - failover switch is not found, 00-00---000-VIPSRV_FAILOVER_SWITCH-000---00-00
2026-05-23 02:22:20.225 [com.alibaba.nacos.naming.failover.0] [none] DEBUG com.alibaba.nacos.client.naming - failover switch is not found, 00-00---000-VIPSRV_FAILOVER_SWITCH-000---00-00
2026-05-23 02:22:25.226 [com.alibaba.nacos.naming.failover.0] [none] DEBUG com.alibaba.nacos.client.naming - failover switch is not found, 00-00---000-VIPSRV_FAILOVER_SWITCH-000---00-00
2026-05-23 02:22:30.228 [com.alibaba.nacos.naming.failover.0] [none] DEBUG com.alibaba.nacos.client.naming - failover switch is not found, 00-00---000-VIPSRV_FAILOVER_SWITCH-000---00-00
2026-05-23 02:22:35.229 [com.alibaba.nacos.naming.failover.0] [none] DEBUG com.alibaba.nacos.client.naming - failover switch is not found, 00-00---000-VIPSRV_FAILOVER_SWITCH-000---00-00
2026-05-23 02:22:40.230 [com.alibaba.nacos.naming.failover.0] [none] DEBUG com.alibaba.nacos.client.naming - failover switch is not found, 00-00---000-VIPSRV_FAILOVER_SWITCH-000---00-00
2026-05-23 02:22:45.231 [com.alibaba.nacos.naming.failover.0] [none] DEBUG com.alibaba.nacos.client.naming - failover switch is not found, 00-00---000-VIPSRV_FAILOVER_SWITCH-000---00-00
2026-05-23 02:22:50.233 [com.alibaba.nacos.naming.failover.0] [none] DEBUG com.alibaba.nacos.client.naming - failover switch is not found, 00-00---000-VIPSRV_FAILOVER_SWITCH-000---00-00
2026-05-23 02:22:55.235 [com.alibaba.nacos.naming.failover.0] [none] DEBUG com.alibaba.nacos.client.naming - failover switch is not found, 00-00---000-VIPSRV_FAILOVER_SWITCH-000---00-00
2026-05-23 02:23:00.239 [com.alibaba.nacos.naming.failover.0] [none] DEBUG com.alibaba.nacos.client.naming - failover switch is not found, 00-00---000-VIPSRV_FAILOVER_SWITCH-000---00-00
2026-05-23 02:23:05.241 [com.alibaba.nacos.naming.failover.0] [none] DEBUG com.alibaba.nacos.client.naming - failover switch is not found, 00-00---000-VIPSRV_FAILOVER_SWITCH-000---00-00
2026-05-23 02:23:10.243 [com.alibaba.nacos.naming.failover.0] [none] DEBUG com.alibaba.nacos.client.naming - failover switch is not found, 00-00---000-VIPSRV_FAILOVER_SWITCH-000---00-00
2026-05-23 02:23:15.244 [com.alibaba.nacos.naming.failover.0] [none] DEBUG com.alibaba.nacos.client.naming - failover switch is not found, 00-00---000-VIPSRV_FAILOVER_SWITCH-000---00-00
2026-05-23 02:23:20.244 [com.alibaba.nacos.naming.failover.0] [none] DEBUG com.alibaba.nacos.client.naming - failover switch is not found, 00-00---000-VIPSRV_FAILOVER_SWITCH-000---00-00
2026-05-23 02:23:25.247 [com.alibaba.nacos.naming.failover.0] [none] DEBUG com.alibaba.nacos.client.naming - failover switch is not found, 00-00---000-VIPSRV_FAILOVER_SWITCH-000---00-00
2026-05-23 02:23:30.247 [com.alibaba.nacos.naming.failover.0] [none] DEBUG com.alibaba.nacos.client.naming - failover switch is not found, 00-00---000-VIPSRV_FAILOVER_SWITCH-000---00-00
2026-05-23 02:23:35.247 [com.alibaba.nacos.naming.failover.0] [none] DEBUG com.alibaba.nacos.client.naming - failover switch is not found, 00-00---000-VIPSRV_FAILOVER_SWITCH-000---00-00
2026-05-23 02:23:40.250 [com.alibaba.nacos.naming.failover.0] [none] DEBUG com.alibaba.nacos.client.naming - failover switch is not found, 00-00---000-VIPSRV_FAILOVER_SWITCH-000---00-00
2026-05-23 02:23:45.251 [com.alibaba.nacos.naming.failover.0] [none] DEBUG com.alibaba.nacos.client.naming - failover switch is not found, 00-00---000-VIPSRV_FAILOVER_SWITCH-000---00-00
2026-05-23 02:23:50.251 [com.alibaba.nacos.naming.failover.0] [none] DEBUG com.alibaba.nacos.client.naming - failover switch is not found, 00-00---000-VIPSRV_FAILOVER_SWITCH-000---00-00
2026-05-23 02:23:55.253 [com.alibaba.nacos.naming.failover.0] [none] DEBUG com.alibaba.nacos.client.naming - failover switch is not found, 00-00---000-VIPSRV_FAILOVER_SWITCH-000---00-00
2026-05-23 02:24:00.254 [com.alibaba.nacos.naming.failover.0] [none] DEBUG com.alibaba.nacos.client.naming - failover switch is not found, 00-00---000-VIPSRV_FAILOVER_SWITCH-000---00-00
2026-05-23 02:24:05.255 [com.alibaba.nacos.naming.failover.0] [none] DEBUG com.alibaba.nacos.client.naming - failover switch is not found, 00-00---000-VIPSRV_FAILOVER_SWITCH-000---00-00
2026-05-23 02:24:10.256 [com.alibaba.nacos.naming.failover.0] [none] DEBUG com.alibaba.nacos.client.naming - failover switch is not found, 00-00---000-VIPSRV_FAILOVER_SWITCH-000---00-00
2026-05-23 02:24:15.256 [com.alibaba.nacos.naming.failover.0] [none] DEBUG com.alibaba.nacos.client.naming - failover switch is not found, 00-00---000-VIPSRV_FAILOVER_SWITCH-000---00-00
2026-05-23 02:24:20.257 [com.alibaba.nacos.naming.failover.0] [none] DEBUG com.alibaba.nacos.client.naming - failover switch is not found, 00-00---000-VIPSRV_FAILOVER_SWITCH-000---00-00
2026-05-23 02:24:25.258 [com.alibaba.nacos.naming.failover.0] [none] DEBUG com.alibaba.nacos.client.naming - failover switch is not found, 00-00---000-VIPSRV_FAILOVER_SWITCH-000---00-00
2026-05-23 02:24:30.262 [com.alibaba.nacos.naming.failover.0] [none] DEBUG com.alibaba.nacos.client.naming - failover switch is not found, 00-00---000-VIPSRV_FAILOVER_SWITCH-000---00-00
2026-05-23 02:24:35.264 [com.alibaba.nacos.naming.failover.0] [none] DEBUG com.alibaba.nacos.client.naming - failover switch is not found, 00-00---000-VIPSRV_FAILOVER_SWITCH-000---00-00
2026-05-23 02:24:40.265 [com.alibaba.nacos.naming.failover.0] [none] DEBUG com.alibaba.nacos.client.naming - failover switch is not found, 00-00---000-VIPSRV_FAILOVER_SWITCH-000---00-00
2026-05-23 02:24:45.269 [com.alibaba.nacos.naming.failover.0] [none] DEBUG com.alibaba.nacos.client.naming - failover switch is not found, 00-00---000-VIPSRV_FAILOVER_SWITCH-000---00-00
2026-05-23 02:24:50.282 [com.alibaba.nacos.naming.failover.0] [none] DEBUG com.alibaba.nacos.client.naming - failover switch is not found, 00-00---000-VIPSRV_FAILOVER_SWITCH-000---00-00
2026-05-23 02:24:55.283 [com.alibaba.nacos.naming.failover.0] [none] DEBUG com.alibaba.nacos.client.naming - failover switch is not found, 00-00---000-VIPSRV_FAILOVER_SWITCH-000---00-00
2026-05-23 02:25:00.284 [com.alibaba.nacos.naming.failover.0] [none] DEBUG com.alibaba.nacos.client.naming - failover switch is not found, 00-00---000-VIPSRV_FAILOVER_SWITCH-000---00-00
2026-05-23 02:25:05.286 [com.alibaba.nacos.naming.failover.0] [none] DEBUG com.alibaba.nacos.client.naming - failover switch is not found, 00-00---000-VIPSRV_FAILOVER_SWITCH-000---00-00
2026-05-23 02:25:10.287 [com.alibaba.nacos.naming.failover.0] [none] DEBUG com.alibaba.nacos.client.naming - failover switch is not found, 00-00---000-VIPSRV_FAILOVER_SWITCH-000---00-00
2026-05-23 02:25:15.288 [com.alibaba.nacos.naming.failover.0] [none] DEBUG com.alibaba.nacos.client.naming - failover switch is not found, 00-00---000-VIPSRV_FAILOVER_SWITCH-000---00-00
2026-05-23 02:25:20.288 [com.alibaba.nacos.naming.failover.0] [none] DEBUG com.alibaba.nacos.client.naming - failover switch is not found, 00-00---000-VIPSRV_FAILOVER_SWITCH-000---00-00
2026-05-23 02:25:25.290 [com.alibaba.nacos.naming.failover.0] [none] DEBUG com.alibaba.nacos.client.naming - failover switch is not found, 00-00---000-VIPSRV_FAILOVER_SWITCH-000---00-00
2026-05-23 02:25:30.333 [com.alibaba.nacos.naming.failover.0] [none] DEBUG com.alibaba.nacos.client.naming - failover switch is not found, 00-00---000-VIPSRV_FAILOVER_SWITCH-000---00-00
2026-05-23 02:25:35.334 [com.alibaba.nacos.naming.failover.0] [none] DEBUG com.alibaba.nacos.client.naming - failover switch is not found, 00-00---000-VIPSRV_FAILOVER_SWITCH-000---00-00
2026-05-23 02:25:40.336 [com.alibaba.nacos.naming.failover.0] [none] DEBUG com.alibaba.nacos.client.naming - failover switch is not found, 00-00---000-VIPSRV_FAILOVER_SWITCH-000---00-00
2026-05-23 02:25:45.353 [com.alibaba.nacos.naming.failover.0] [none] DEBUG com.alibaba.nacos.client.naming - failover switch is not found, 00-00---000-VIPSRV_FAILOVER_SWITCH-000---00-00
2026-05-23 02:25:50.355 [com.alibaba.nacos.naming.failover.0] [none] DEBUG com.alibaba.nacos.client.naming - failover switch is not found, 00-00---000-VIPSRV_FAILOVER_SWITCH-000---00-00
2026-05-23 02:25:55.357 [com.alibaba.nacos.naming.failover.0] [none] DEBUG com.alibaba.nacos.client.naming - failover switch is not found, 00-00---000-VIPSRV_FAILOVER_SWITCH-000---00-00
2026-05-23 02:26:00.358 [com.alibaba.nacos.naming.failover.0] [none] DEBUG com.alibaba.nacos.client.naming - failover switch is not found, 00-00---000-VIPSRV_FAILOVER_SWITCH-000---00-00
2026-05-23 02:26:05.359 [com.alibaba.nacos.naming.failover.0] [none] DEBUG com.alibaba.nacos.client.naming - failover switch is not found, 00-00---000-VIPSRV_FAILOVER_SWITCH-000---00-00
2026-05-23 02:26:10.361 [com.alibaba.nacos.naming.failover.0] [none] DEBUG com.alibaba.nacos.client.naming - failover switch is not found, 00-00---000-VIPSRV_FAILOVER_SWITCH-000---00-00
2026-05-23 02:26:15.481 [com.alibaba.nacos.naming.failover.0] [none] DEBUG com.alibaba.nacos.client.naming - failover switch is not found, 00-00---000-VIPSRV_FAILOVER_SWITCH-000---00-00
2026-05-23 02:26:20.482 [com.alibaba.nacos.naming.failover.0] [none] DEBUG com.alibaba.nacos.client.naming - failover switch is not found, 00-00---000-VIPSRV_FAILOVER_SWITCH-000---00-00
2026-05-23 02:26:25.483 [com.alibaba.nacos.naming.failover.0] [none] DEBUG com.alibaba.nacos.client.naming - failover switch is not found, 00-00---000-VIPSRV_FAILOVER_SWITCH-000---00-00
2026-05-23 02:26:30.493 [com.alibaba.nacos.naming.failover.0] [none] DEBUG com.alibaba.nacos.client.naming - failover switch is not found, 00-00---000-VIPSRV_FAILOVER_SWITCH-000---00-00
2026-05-23 02:26:35.494 [com.alibaba.nacos.naming.failover.0] [none] DEBUG com.alibaba.nacos.client.naming - failover switch is not found, 00-00---000-VIPSRV_FAILOVER_SWITCH-000---00-00
2026-05-23 02:26:40.495 [com.alibaba.nacos.naming.failover.0] [none] DEBUG com.alibaba.nacos.client.naming - failover switch is not found, 00-00---000-VIPSRV_FAILOVER_SWITCH-000---00-00
2026-05-23 02:26:45.502 [com.alibaba.nacos.naming.failover.0] [none] DEBUG com.alibaba.nacos.client.naming - failover switch is not found, 00-00---000-VIPSRV_FAILOVER_SWITCH-000---00-00
2026-05-23 02:26:50.503 [com.alibaba.nacos.naming.failover.0] [none] DEBUG com.alibaba.nacos.client.naming - failover switch is not found, 00-00---000-VIPSRV_FAILOVER_SWITCH-000---00-00
2026-05-23 02:26:55.504 [com.alibaba.nacos.naming.failover.0] [none] DEBUG com.alibaba.nacos.client.naming - failover switch is not found, 00-00---000-VIPSRV_FAILOVER_SWITCH-000---00-00
2026-05-23 02:27:00.506 [com.alibaba.nacos.naming.failover.0] [none] DEBUG com.alibaba.nacos.client.naming - failover switch is not found, 00-00---000-VIPSRV_FAILOVER_SWITCH-000---00-00
2026-05-23 02:27:05.509 [com.alibaba.nacos.naming.failover.0] [none] DEBUG com.alibaba.nacos.client.naming - failover switch is not found, 00-00---000-VIPSRV_FAILOVER_SWITCH-000---00-00
2026-05-23 02:27:10.509 [com.alibaba.nacos.naming.failover.0] [none] DEBUG com.alibaba.nacos.client.naming - failover switch is not found, 00-00---000-VIPSRV_FAILOVER_SWITCH-000---00-00
2026-05-23 02:27:15.538 [com.alibaba.nacos.naming.failover.0] [none] DEBUG com.alibaba.nacos.client.naming - failover switch is not found, 00-00---000-VIPSRV_FAILOVER_SWITCH-000---00-00
2026-05-23 02:27:20.540 [com.alibaba.nacos.naming.failover.0] [none] DEBUG com.alibaba.nacos.client.naming - failover switch is not found, 00-00---000-VIPSRV_FAILOVER_SWITCH-000---00-00
2026-05-23 02:27:25.540 [com.alibaba.nacos.naming.failover.0] [none] DEBUG com.alibaba.nacos.client.naming - failover switch is not found, 00-00---000-VIPSRV_FAILOVER_SWITCH-000---00-00
2026-05-23 02:27:30.747 [com.alibaba.nacos.naming.failover.0] [none] DEBUG com.alibaba.nacos.client.naming - failover switch is not found, 00-00---000-VIPSRV_FAILOVER_SWITCH-000---00-00
2026-05-23 02:27:35.749 [com.alibaba.nacos.naming.failover.0] [none] DEBUG com.alibaba.nacos.client.naming - failover switch is not found, 00-00---000-VIPSRV_FAILOVER_SWITCH-000---00-00
2026-05-23 02:27:40.750 [com.alibaba.nacos.naming.failover.0] [none] DEBUG com.alibaba.nacos.client.naming - failover switch is not found, 00-00---000-VIPSRV_FAILOVER_SWITCH-000---00-00
2026-05-23 02:27:45.751 [com.alibaba.nacos.naming.failover.0] [none] DEBUG com.alibaba.nacos.client.naming - failover switch is not found, 00-00---000-VIPSRV_FAILOVER_SWITCH-000---00-00
2026-05-23 02:27:50.751 [com.alibaba.nacos.naming.failover.0] [none] DEBUG com.alibaba.nacos.client.naming - failover switch is not found, 00-00---000-VIPSRV_FAILOVER_SWITCH-000---00-00
2026-05-23 02:27:55.753 [com.alibaba.nacos.naming.failover.0] [none] DEBUG com.alibaba.nacos.client.naming - failover switch is not found, 00-00---000-VIPSRV_FAILOVER_SWITCH-000---00-00
2026-05-23 02:28:00.758 [com.alibaba.nacos.naming.failover.0] [none] DEBUG com.alibaba.nacos.client.naming - failover switch is not found, 00-00---000-VIPSRV_FAILOVER_SWITCH-000---00-00
2026-05-23 02:28:05.759 [com.alibaba.nacos.naming.failover.0] [none] DEBUG com.alibaba.nacos.client.naming - failover switch is not found, 00-00---000-VIPSRV_FAILOVER_SWITCH-000---00-00
2026-05-23 02:28:10.761 [com.alibaba.nacos.naming.failover.0] [none] DEBUG com.alibaba.nacos.client.naming - failover switch is not found, 00-00---000-VIPSRV_FAILOVER_SWITCH-000---00-00
2026-05-23 02:28:15.762 [com.alibaba.nacos.naming.failover.0] [none] DEBUG com.alibaba.nacos.client.naming - failover switch is not found, 00-00---000-VIPSRV_FAILOVER_SWITCH-000---00-00
2026-05-23 02:28:20.764 [com.alibaba.nacos.naming.failover.0] [none] DEBUG com.alibaba.nacos.client.naming - failover switch is not found, 00-00---000-VIPSRV_FAILOVER_SWITCH-000---00-00
2026-05-23 02:28:25.765 [com.alibaba.nacos.naming.failover.0] [none] DEBUG com.alibaba.nacos.client.naming - failover switch is not found, 00-00---000-VIPSRV_FAILOVER_SWITCH-000---00-00
2026-05-23 02:28:30.815 [com.alibaba.nacos.naming.failover.0] [none] DEBUG com.alibaba.nacos.client.naming - failover switch is not found, 00-00---000-VIPSRV_FAILOVER_SWITCH-000---00-00
2026-05-23 02:28:35.816 [com.alibaba.nacos.naming.failover.0] [none] DEBUG com.alibaba.nacos.client.naming - failover switch is not found, 00-00---000-VIPSRV_FAILOVER_SWITCH-000---00-00
2026-05-23 02:28:40.817 [com.alibaba.nacos.naming.failover.0] [none] DEBUG com.alibaba.nacos.client.naming - failover switch is not found, 00-00---000-VIPSRV_FAILOVER_SWITCH-000---00-00
2026-05-23 02:28:45.818 [com.alibaba.nacos.naming.failover.0] [none] DEBUG com.alibaba.nacos.client.naming - failover switch is not found, 00-00---000-VIPSRV_FAILOVER_SWITCH-000---00-00
2026-05-23 02:28:50.820 [com.alibaba.nacos.naming.failover.0] [none] DEBUG com.alibaba.nacos.client.naming - failover switch is not found, 00-00---000-VIPSRV_FAILOVER_SWITCH-000---00-00
2026-05-23 02:28:55.822 [com.alibaba.nacos.naming.failover.0] [none] DEBUG com.alibaba.nacos.client.naming - failover switch is not found, 00-00---000-VIPSRV_FAILOVER_SWITCH-000---00-00
2026-05-23 02:29:00.824 [com.alibaba.nacos.naming.failover.0] [none] DEBUG com.alibaba.nacos.client.naming - failover switch is not found, 00-00---000-VIPSRV_FAILOVER_SWITCH-000---00-00
2026-05-23 02:29:05.826 [com.alibaba.nacos.naming.failover.0] [none] DEBUG com.alibaba.nacos.client.naming - failover switch is not found, 00-00---000-VIPSRV_FAILOVER_SWITCH-000---00-00
2026-05-23 02:29:10.827 [com.alibaba.nacos.naming.failover.0] [none] DEBUG com.alibaba.nacos.client.naming - failover switch is not found, 00-00---000-VIPSRV_FAILOVER_SWITCH-000---00-00
2026-05-23 02:29:15.829 [com.alibaba.nacos.naming.failover.0] [none] DEBUG com.alibaba.nacos.client.naming - failover switch is not found, 00-00---000-VIPSRV_FAILOVER_SWITCH-000---00-00
2026-05-23 02:29:20.830 [com.alibaba.nacos.naming.failover.0] [none] DEBUG com.alibaba.nacos.client.naming - failover switch is not found, 00-00---000-VIPSRV_FAILOVER_SWITCH-000---00-00
2026-05-23 02:29:25.832 [com.alibaba.nacos.naming.failover.0] [none] DEBUG com.alibaba.nacos.client.naming - failover switch is not found, 00-00---000-VIPSRV_FAILOVER_SWITCH-000---00-00
2026-05-23 02:29:30.835 [com.alibaba.nacos.naming.failover.0] [none] DEBUG com.alibaba.nacos.client.naming - failover switch is not found, 00-00---000-VIPSRV_FAILOVER_SWITCH-000---00-00
2026-05-23 02:29:35.836 [com.alibaba.nacos.naming.failover.0] [none] DEBUG com.alibaba.nacos.client.naming - failover switch is not found, 00-00---000-VIPSRV_FAILOVER_SWITCH-000---00-00
2026-05-23 02:29:40.837 [com.alibaba.nacos.naming.failover.0] [none] DEBUG com.alibaba.nacos.client.naming - failover switch is not found, 00-00---000-VIPSRV_FAILOVER_SWITCH-000---00-00
2026-05-23 02:29:45.839 [com.alibaba.nacos.naming.failover.0] [none] DEBUG com.alibaba.nacos.client.naming - failover switch is not found, 00-00---000-VIPSRV_FAILOVER_SWITCH-000---00-00
2026-05-23 02:29:50.842 [com.alibaba.nacos.naming.failover.0] [none] DEBUG com.alibaba.nacos.client.naming - failover switch is not found, 00-00---000-VIPSRV_FAILOVER_SWITCH-000---00-00
2026-05-23 02:29:55.843 [com.alibaba.nacos.naming.failover.0] [none] DEBUG com.alibaba.nacos.client.naming - failover switch is not found, 00-00---000-VIPSRV_FAILOVER_SWITCH-000---00-00
2026-05-23 02:30:00.844 [com.alibaba.nacos.naming.failover.0] [none] DEBUG com.alibaba.nacos.client.naming - failover switch is not found, 00-00---000-VIPSRV_FAILOVER_SWITCH-000---00-00
2026-05-23 02:30:05.846 [com.alibaba.nacos.naming.failover.0] [none] DEBUG com.alibaba.nacos.client.naming - failover switch is not found, 00-00---000-VIPSRV_FAILOVER_SWITCH-000---00-00
2026-05-23 02:30:10.847 [com.alibaba.nacos.naming.failover.0] [none] DEBUG com.alibaba.nacos.client.naming - failover switch is not found, 00-00---000-VIPSRV_FAILOVER_SWITCH-000---00-00
2026-05-23 02:30:15.847 [com.alibaba.nacos.naming.failover.0] [none] DEBUG com.alibaba.nacos.client.naming - failover switch is not found, 00-00---000-VIPSRV_FAILOVER_SWITCH-000---00-00
2026-05-23 02:30:20.850 [com.alibaba.nacos.naming.failover.0] [none] DEBUG com.alibaba.nacos.client.naming - failover switch is not found, 00-00---000-VIPSRV_FAILOVER_SWITCH-000---00-00
2026-05-23 02:30:25.851 [com.alibaba.nacos.naming.failover.0] [none] DEBUG com.alibaba.nacos.client.naming - failover switch is not found, 00-00---000-VIPSRV_FAILOVER_SWITCH-000---00-00
2026-05-23 02:30:30.852 [com.alibaba.nacos.naming.failover.0] [none] DEBUG com.alibaba.nacos.client.naming - failover switch is not found, 00-00---000-VIPSRV_FAILOVER_SWITCH-000---00-00
2026-05-23 02:30:35.853 [com.alibaba.nacos.naming.failover.0] [none] DEBUG com.alibaba.nacos.client.naming - failover switch is not found, 00-00---000-VIPSRV_FAILOVER_SWITCH-000---00-00
2026-05-23 02:30:40.853 [com.alibaba.nacos.naming.failover.0] [none] DEBUG com.alibaba.nacos.client.naming - failover switch is not found, 00-00---000-VIPSRV_FAILOVER_SWITCH-000---00-00
2026-05-23 02:30:45.855 [com.alibaba.nacos.naming.failover.0] [none] DEBUG com.alibaba.nacos.client.naming - failover switch is not found, 00-00---000-VIPSRV_FAILOVER_SWITCH-000---00-00
2026-05-23 02:30:50.855 [com.alibaba.nacos.naming.failover.0] [none] DEBUG com.alibaba.nacos.client.naming - failover switch is not found, 00-00---000-VIPSRV_FAILOVER_SWITCH-000---00-00
2026-05-23 02:30:55.855 [com.alibaba.nacos.naming.failover.0] [none] DEBUG com.alibaba.nacos.client.naming - failover switch is not found, 00-00---000-VIPSRV_FAILOVER_SWITCH-000---00-00
2026-05-23 02:31:00.856 [com.alibaba.nacos.naming.failover.0] [none] DEBUG com.alibaba.nacos.client.naming - failover switch is not found, 00-00---000-VIPSRV_FAILOVER_SWITCH-000---00-00
2026-05-23 02:31:05.856 [com.alibaba.nacos.naming.failover.0] [none] DEBUG com.alibaba.nacos.client.naming - failover switch is not found, 00-00---000-VIPSRV_FAILOVER_SWITCH-000---00-00
2026-05-23 02:31:10.856 [com.alibaba.nacos.naming.failover.0] [none] DEBUG com.alibaba.nacos.client.naming - failover switch is not found, 00-00---000-VIPSRV_FAILOVER_SWITCH-000---00-00
2026-05-23 02:31:15.857 [com.alibaba.nacos.naming.failover.0] [none] DEBUG com.alibaba.nacos.client.naming - failover switch is not found, 00-00---000-VIPSRV_FAILOVER_SWITCH-000---00-00
2026-05-23 02:31:20.857 [com.alibaba.nacos.naming.failover.0] [none] DEBUG com.alibaba.nacos.client.naming - failover switch is not found, 00-00---000-VIPSRV_FAILOVER_SWITCH-000---00-00
2026-05-23 02:31:25.858 [com.alibaba.nacos.naming.failover.0] [none] DEBUG com.alibaba.nacos.client.naming - failover switch is not found, 00-00---000-VIPSRV_FAILOVER_SWITCH-000---00-00
2026-05-23 02:31:30.859 [com.alibaba.nacos.naming.failover.0] [none] DEBUG com.alibaba.nacos.client.naming - failover switch is not found, 00-00---000-VIPSRV_FAILOVER_SWITCH-000---00-00
2026-05-23 02:31:35.859 [com.alibaba.nacos.naming.failover.0] [none] DEBUG com.alibaba.nacos.client.naming - failover switch is not found, 00-00---000-VIPSRV_FAILOVER_SWITCH-000---00-00
2026-05-23 02:31:40.861 [com.alibaba.nacos.naming.failover.0] [none] DEBUG com.alibaba.nacos.client.naming - failover switch is not found, 00-00---000-VIPSRV_FAILOVER_SWITCH-000---00-00
2026-05-23 02:31:45.862 [com.alibaba.nacos.naming.failover.0] [none] DEBUG com.alibaba.nacos.client.naming - failover switch is not found, 00-00---000-VIPSRV_FAILOVER_SWITCH-000---00-00
2026-05-23 02:31:50.862 [com.alibaba.nacos.naming.failover.0] [none] DEBUG com.alibaba.nacos.client.naming - failover switch is not found, 00-00---000-VIPSRV_FAILOVER_SWITCH-000---00-00
2026-05-23 02:31:55.863 [com.alibaba.nacos.naming.failover.0] [none] DEBUG com.alibaba.nacos.client.naming - failover switch is not found, 00-00---000-VIPSRV_FAILOVER_SWITCH-000---00-00
2026-05-23 02:32:00.864 [com.alibaba.nacos.naming.failover.0] [none] DEBUG com.alibaba.nacos.client.naming - failover switch is not found, 00-00---000-VIPSRV_FAILOVER_SWITCH-000---00-00
2026-05-23 02:32:05.865 [com.alibaba.nacos.naming.failover.0] [none] DEBUG com.alibaba.nacos.client.naming - failover switch is not found, 00-00---000-VIPSRV_FAILOVER_SWITCH-000---00-00
2026-05-23 02:32:10.872 [com.alibaba.nacos.naming.failover.0] [none] DEBUG com.alibaba.nacos.client.naming - failover switch is not found, 00-00---000-VIPSRV_FAILOVER_SWITCH-000---00-00
2026-05-23 02:32:15.873 [com.alibaba.nacos.naming.failover.0] [none] DEBUG com.alibaba.nacos.client.naming - failover switch is not found, 00-00---000-VIPSRV_FAILOVER_SWITCH-000---00-00
2026-05-23 02:32:20.874 [com.alibaba.nacos.naming.failover.0] [none] DEBUG com.alibaba.nacos.client.naming - failover switch is not found, 00-00---000-VIPSRV_FAILOVER_SWITCH-000---00-00
2026-05-23 02:32:25.874 [com.alibaba.nacos.naming.failover.0] [none] DEBUG com.alibaba.nacos.client.naming - failover switch is not found, 00-00---000-VIPSRV_FAILOVER_SWITCH-000---00-00
2026-05-23 02:32:30.875 [com.alibaba.nacos.naming.failover.0] [none] DEBUG com.alibaba.nacos.client.naming - failover switch is not found, 00-00---000-VIPSRV_FAILOVER_SWITCH-000---00-00
2026-05-23 02:32:35.876 [com.alibaba.nacos.naming.failover.0] [none] DEBUG com.alibaba.nacos.client.naming - failover switch is not found, 00-00---000-VIPSRV_FAILOVER_SWITCH-000---00-00
2026-05-23 02:32:40.878 [com.alibaba.nacos.naming.failover.0] [none] DEBUG com.alibaba.nacos.client.naming - failover switch is not found, 00-00---000-VIPSRV_FAILOVER_SWITCH-000---00-00
2026-05-23 02:32:45.879 [com.alibaba.nacos.naming.failover.0] [none] DEBUG com.alibaba.nacos.client.naming - failover switch is not found, 00-00---000-VIPSRV_FAILOVER_SWITCH-000---00-00
2026-05-23 02:32:50.879 [com.alibaba.nacos.naming.failover.0] [none] DEBUG com.alibaba.nacos.client.naming - failover switch is not found, 00-00---000-VIPSRV_FAILOVER_SWITCH-000---00-00
2026-05-23 02:32:55.881 [com.alibaba.nacos.naming.failover.0] [none] DEBUG com.alibaba.nacos.client.naming - failover switch is not found, 00-00---000-VIPSRV_FAILOVER_SWITCH-000---00-00
2026-05-23 02:33:00.881 [com.alibaba.nacos.naming.failover.0] [none] DEBUG com.alibaba.nacos.client.naming - failover switch is not found, 00-00---000-VIPSRV_FAILOVER_SWITCH-000---00-00
2026-05-23 02:33:05.882 [com.alibaba.nacos.naming.failover.0] [none] DEBUG com.alibaba.nacos.client.naming - failover switch is not found, 00-00---000-VIPSRV_FAILOVER_SWITCH-000---00-00
2026-05-23 02:33:10.882 [com.alibaba.nacos.naming.failover.0] [none] DEBUG com.alibaba.nacos.client.naming - failover switch is not found, 00-00---000-VIPSRV_FAILOVER_SWITCH-000---00-00
2026-05-23 02:33:15.883 [com.alibaba.nacos.naming.failover.0] [none] DEBUG com.alibaba.nacos.client.naming - failover switch is not found, 00-00---000-VIPSRV_FAILOVER_SWITCH-000---00-00
2026-05-23 02:33:20.883 [com.alibaba.nacos.naming.failover.0] [none] DEBUG com.alibaba.nacos.client.naming - failover switch is not found, 00-00---000-VIPSRV_FAILOVER_SWITCH-000---00-00
2026-05-23 02:33:25.885 [com.alibaba.nacos.naming.failover.0] [none] DEBUG com.alibaba.nacos.client.naming - failover switch is not found, 00-00---000-VIPSRV_FAILOVER_SWITCH-000---00-00
2026-05-23 02:33:30.886 [com.alibaba.nacos.naming.failover.0] [none] DEBUG com.alibaba.nacos.client.naming - failover switch is not found, 00-00---000-VIPSRV_FAILOVER_SWITCH-000---00-00
2026-05-23 02:33:35.887 [com.alibaba.nacos.naming.failover.0] [none] DEBUG com.alibaba.nacos.client.naming - failover switch is not found, 00-00---000-VIPSRV_FAILOVER_SWITCH-000---00-00
2026-05-23 02:33:40.889 [com.alibaba.nacos.naming.failover.0] [none] DEBUG com.alibaba.nacos.client.naming - failover switch is not found, 00-00---000-VIPSRV_FAILOVER_SWITCH-000---00-00
2026-05-23 02:33:45.890 [com.alibaba.nacos.naming.failover.0] [none] DEBUG com.alibaba.nacos.client.naming - failover switch is not found, 00-00---000-VIPSRV_FAILOVER_SWITCH-000---00-00
2026-05-23 02:33:50.892 [com.alibaba.nacos.naming.failover.0] [none] DEBUG com.alibaba.nacos.client.naming - failover switch is not found, 00-00---000-VIPSRV_FAILOVER_SWITCH-000---00-00
2026-05-23 02:33:55.892 [com.alibaba.nacos.naming.failover.0] [none] DEBUG com.alibaba.nacos.client.naming - failover switch is not found, 00-00---000-VIPSRV_FAILOVER_SWITCH-000---00-00
2026-05-23 02:34:00.892 [com.alibaba.nacos.naming.failover.0] [none] DEBUG com.alibaba.nacos.client.naming - failover switch is not found, 00-00---000-VIPSRV_FAILOVER_SWITCH-000---00-00
2026-05-23 02:34:05.893 [com.alibaba.nacos.naming.failover.0] [none] DEBUG com.alibaba.nacos.client.naming - failover switch is not found, 00-00---000-VIPSRV_FAILOVER_SWITCH-000---00-00
2026-05-23 02:34:10.894 [com.alibaba.nacos.naming.failover.0] [none] DEBUG com.alibaba.nacos.client.naming - failover switch is not found, 00-00---000-VIPSRV_FAILOVER_SWITCH-000---00-00
2026-05-23 02:34:15.894 [com.alibaba.nacos.naming.failover.0] [none] DEBUG com.alibaba.nacos.client.naming - failover switch is not found, 00-00---000-VIPSRV_FAILOVER_SWITCH-000---00-00
2026-05-23 02:34:20.895 [com.alibaba.nacos.naming.failover.0] [none] DEBUG com.alibaba.nacos.client.naming - failover switch is not found, 00-00---000-VIPSRV_FAILOVER_SWITCH-000---00-00
2026-05-23 02:34:25.895 [com.alibaba.nacos.naming.failover.0] [none] DEBUG com.alibaba.nacos.client.naming - failover switch is not found, 00-00---000-VIPSRV_FAILOVER_SWITCH-000---00-00
2026-05-23 02:34:30.896 [com.alibaba.nacos.naming.failover.0] [none] DEBUG com.alibaba.nacos.client.naming - failover switch is not found, 00-00---000-VIPSRV_FAILOVER_SWITCH-000---00-00
2026-05-23 02:34:35.896 [com.alibaba.nacos.naming.failover.0] [none] DEBUG com.alibaba.nacos.client.naming - failover switch is not found, 00-00---000-VIPSRV_FAILOVER_SWITCH-000---00-00
2026-05-23 02:34:40.897 [com.alibaba.nacos.naming.failover.0] [none] DEBUG com.alibaba.nacos.client.naming - failover switch is not found, 00-00---000-VIPSRV_FAILOVER_SWITCH-000---00-00
2026-05-23 02:34:45.898 [com.alibaba.nacos.naming.failover.0] [none] DEBUG com.alibaba.nacos.client.naming - failover switch is not found, 00-00---000-VIPSRV_FAILOVER_SWITCH-000---00-00
2026-05-23 02:34:50.899 [com.alibaba.nacos.naming.failover.0] [none] DEBUG com.alibaba.nacos.client.naming - failover switch is not found, 00-00---000-VIPSRV_FAILOVER_SWITCH-000---00-00
2026-05-23 02:34:55.899 [com.alibaba.nacos.naming.failover.0] [none] DEBUG com.alibaba.nacos.client.naming - failover switch is not found, 00-00---000-VIPSRV_FAILOVER_SWITCH-000---00-00
2026-05-23 02:35:00.901 [com.alibaba.nacos.naming.failover.0] [none] DEBUG com.alibaba.nacos.client.naming - failover switch is not found, 00-00---000-VIPSRV_FAILOVER_SWITCH-000---00-00
2026-05-23 02:35:05.901 [com.alibaba.nacos.naming.failover.0] [none] DEBUG com.alibaba.nacos.client.naming - failover switch is not found, 00-00---000-VIPSRV_FAILOVER_SWITCH-000---00-00
2026-05-23 02:35:10.903 [com.alibaba.nacos.naming.failover.0] [none] DEBUG com.alibaba.nacos.client.naming - failover switch is not found, 00-00---000-VIPSRV_FAILOVER_SWITCH-000---00-00
2026-05-23 02:35:15.903 [com.alibaba.nacos.naming.failover.0] [none] DEBUG com.alibaba.nacos.client.naming - failover switch is not found, 00-00---000-VIPSRV_FAILOVER_SWITCH-000---00-00
2026-05-23 02:35:20.904 [com.alibaba.nacos.naming.failover.0] [none] DEBUG com.alibaba.nacos.client.naming - failover switch is not found, 00-00---000-VIPSRV_FAILOVER_SWITCH-000---00-00
2026-05-23 02:35:25.906 [com.alibaba.nacos.naming.failover.0] [none] DEBUG com.alibaba.nacos.client.naming - failover switch is not found, 00-00---000-VIPSRV_FAILOVER_SWITCH-000---00-00
2026-05-23 02:35:30.906 [com.alibaba.nacos.naming.failover.0] [none] DEBUG com.alibaba.nacos.client.naming - failover switch is not found, 00-00---000-VIPSRV_FAILOVER_SWITCH-000---00-00
2026-05-23 02:35:35.908 [com.alibaba.nacos.naming.failover.0] [none] DEBUG com.alibaba.nacos.client.naming - failover switch is not found, 00-00---000-VIPSRV_FAILOVER_SWITCH-000---00-00
2026-05-23 02:35:40.909 [com.alibaba.nacos.naming.failover.0] [none] DEBUG com.alibaba.nacos.client.naming - failover switch is not found, 00-00---000-VIPSRV_FAILOVER_SWITCH-000---00-00
2026-05-23 02:35:45.910 [com.alibaba.nacos.naming.failover.0] [none] DEBUG com.alibaba.nacos.client.naming - failover switch is not found, 00-00---000-VIPSRV_FAILOVER_SWITCH-000---00-00
2026-05-23 02:35:50.912 [com.alibaba.nacos.naming.failover.0] [none] DEBUG com.alibaba.nacos.client.naming - failover switch is not found, 00-00---000-VIPSRV_FAILOVER_SWITCH-000---00-00
2026-05-23 02:35:55.930 [com.alibaba.nacos.naming.failover.0] [none] DEBUG com.alibaba.nacos.client.naming - failover switch is not found, 00-00---000-VIPSRV_FAILOVER_SWITCH-000---00-00
2026-05-23 02:36:00.931 [com.alibaba.nacos.naming.failover.0] [none] DEBUG com.alibaba.nacos.client.naming - failover switch is not found, 00-00---000-VIPSRV_FAILOVER_SWITCH-000---00-00
2026-05-23 02:36:05.932 [com.alibaba.nacos.naming.failover.0] [none] DEBUG com.alibaba.nacos.client.naming - failover switch is not found, 00-00---000-VIPSRV_FAILOVER_SWITCH-000---00-00
2026-05-23 02:36:10.940 [com.alibaba.nacos.naming.failover.0] [none] DEBUG com.alibaba.nacos.client.naming - failover switch is not found, 00-00---000-VIPSRV_FAILOVER_SWITCH-000---00-00
2026-05-23 02:36:15.943 [com.alibaba.nacos.naming.failover.0] [none] DEBUG com.alibaba.nacos.client.naming - failover switch is not found, 00-00---000-VIPSRV_FAILOVER_SWITCH-000---00-00
2026-05-23 02:36:20.944 [com.alibaba.nacos.naming.failover.0] [none] DEBUG com.alibaba.nacos.client.naming - failover switch is not found, 00-00---000-VIPSRV_FAILOVER_SWITCH-000---00-00
2026-05-23 02:36:25.946 [com.alibaba.nacos.naming.failover.0] [none] DEBUG com.alibaba.nacos.client.naming - failover switch is not found, 00-00---000-VIPSRV_FAILOVER_SWITCH-000---00-00
2026-05-23 02:36:30.946 [com.alibaba.nacos.naming.failover.0] [none] DEBUG com.alibaba.nacos.client.naming - failover switch is not found, 00-00---000-VIPSRV_FAILOVER_SWITCH-000---00-00
2026-05-23 02:36:35.947 [com.alibaba.nacos.naming.failover.0] [none] DEBUG com.alibaba.nacos.client.naming - failover switch is not found, 00-00---000-VIPSRV_FAILOVER_SWITCH-000---00-00
2026-05-23 02:36:40.948 [com.alibaba.nacos.naming.failover.0] [none] DEBUG com.alibaba.nacos.client.naming - failover switch is not found, 00-00---000-VIPSRV_FAILOVER_SWITCH-000---00-00
2026-05-23 02:36:45.950 [com.alibaba.nacos.naming.failover.0] [none] DEBUG com.alibaba.nacos.client.naming - failover switch is not found, 00-00---000-VIPSRV_FAILOVER_SWITCH-000---00-00
2026-05-23 02:36:50.950 [com.alibaba.nacos.naming.failover.0] [none] DEBUG com.alibaba.nacos.client.naming - failover switch is not found, 00-00---000-VIPSRV_FAILOVER_SWITCH-000---00-00
2026-05-23 02:36:55.951 [com.alibaba.nacos.naming.failover.0] [none] DEBUG com.alibaba.nacos.client.naming - failover switch is not found, 00-00---000-VIPSRV_FAILOVER_SWITCH-000---00-00
2026-05-23 02:37:00.952 [com.alibaba.nacos.naming.failover.0] [none] DEBUG com.alibaba.nacos.client.naming - failover switch is not found, 00-00---000-VIPSRV_FAILOVER_SWITCH-000---00-00
2026-05-23 02:37:05.953 [com.alibaba.nacos.naming.failover.0] [none] DEBUG com.alibaba.nacos.client.naming - failover switch is not found, 00-00---000-VIPSRV_FAILOVER_SWITCH-000---00-00
2026-05-23 02:37:10.954 [com.alibaba.nacos.naming.failover.0] [none] DEBUG com.alibaba.nacos.client.naming - failover switch is not found, 00-00---000-VIPSRV_FAILOVER_SWITCH-000---00-00
2026-05-23 02:37:15.956 [com.alibaba.nacos.naming.failover.0] [none] DEBUG com.alibaba.nacos.client.naming - failover switch is not found, 00-00---000-VIPSRV_FAILOVER_SWITCH-000---00-00
2026-05-23 02:37:20.956 [com.alibaba.nacos.naming.failover.0] [none] DEBUG com.alibaba.nacos.client.naming - failover switch is not found, 00-00---000-VIPSRV_FAILOVER_SWITCH-000---00-00
2026-05-23 02:37:25.958 [com.alibaba.nacos.naming.failover.0] [none] DEBUG com.alibaba.nacos.client.naming - failover switch is not found, 00-00---000-VIPSRV_FAILOVER_SWITCH-000---00-00
2026-05-23 02:37:30.959 [com.alibaba.nacos.naming.failover.0] [none] DEBUG com.alibaba.nacos.client.naming - failover switch is not found, 00-00---000-VIPSRV_FAILOVER_SWITCH-000---00-00
2026-05-23 02:37:35.960 [com.alibaba.nacos.naming.failover.0] [none] DEBUG com.alibaba.nacos.client.naming - failover switch is not found, 00-00---000-VIPSRV_FAILOVER_SWITCH-000---00-00
2026-05-23 02:37:40.962 [com.alibaba.nacos.naming.failover.0] [none] DEBUG com.alibaba.nacos.client.naming - failover switch is not found, 00-00---000-VIPSRV_FAILOVER_SWITCH-000---00-00
2026-05-23 02:37:45.963 [com.alibaba.nacos.naming.failover.0] [none] DEBUG com.alibaba.nacos.client.naming - failover switch is not found, 00-00---000-VIPSRV_FAILOVER_SWITCH-000---00-00
2026-05-23 02:37:50.965 [com.alibaba.nacos.naming.failover.0] [none] DEBUG com.alibaba.nacos.client.naming - failover switch is not found, 00-00---000-VIPSRV_FAILOVER_SWITCH-000---00-00
2026-05-23 02:37:55.966 [com.alibaba.nacos.naming.failover.0] [none] DEBUG com.alibaba.nacos.client.naming - failover switch is not found, 00-00---000-VIPSRV_FAILOVER_SWITCH-000---00-00
2026-05-23 02:38:00.968 [com.alibaba.nacos.naming.failover.0] [none] DEBUG com.alibaba.nacos.client.naming - failover switch is not found, 00-00---000-VIPSRV_FAILOVER_SWITCH-000---00-00
2026-05-23 02:38:05.968 [com.alibaba.nacos.naming.failover.0] [none] DEBUG com.alibaba.nacos.client.naming - failover switch is not found, 00-00---000-VIPSRV_FAILOVER_SWITCH-000---00-00
2026-05-23 02:38:10.970 [com.alibaba.nacos.naming.failover.0] [none] DEBUG com.alibaba.nacos.client.naming - failover switch is not found, 00-00---000-VIPSRV_FAILOVER_SWITCH-000---00-00
2026-05-23 02:38:15.977 [com.alibaba.nacos.naming.failover.0] [none] DEBUG com.alibaba.nacos.client.naming - failover switch is not found, 00-00---000-VIPSRV_FAILOVER_SWITCH-000---00-00
2026-05-23 02:38:20.977 [com.alibaba.nacos.naming.failover.0] [none] DEBUG com.alibaba.nacos.client.naming - failover switch is not found, 00-00---000-VIPSRV_FAILOVER_SWITCH-000---00-00
2026-05-23 02:38:25.979 [com.alibaba.nacos.naming.failover.0] [none] DEBUG com.alibaba.nacos.client.naming - failover switch is not found, 00-00---000-VIPSRV_FAILOVER_SWITCH-000---00-00
2026-05-23 02:38:30.985 [com.alibaba.nacos.naming.failover.0] [none] DEBUG com.alibaba.nacos.client.naming - failover switch is not found, 00-00---000-VIPSRV_FAILOVER_SWITCH-000---00-00
2026-05-23 02:38:35.990 [com.alibaba.nacos.naming.failover.0] [none] DEBUG com.alibaba.nacos.client.naming - failover switch is not found, 00-00---000-VIPSRV_FAILOVER_SWITCH-000---00-00
2026-05-23 02:38:40.991 [com.alibaba.nacos.naming.failover.0] [none] DEBUG com.alibaba.nacos.client.naming - failover switch is not found, 00-00---000-VIPSRV_FAILOVER_SWITCH-000---00-00
2026-05-23 02:38:45.992 [com.alibaba.nacos.naming.failover.0] [none] DEBUG com.alibaba.nacos.client.naming - failover switch is not found, 00-00---000-VIPSRV_FAILOVER_SWITCH-000---00-00
2026-05-23 02:38:50.994 [com.alibaba.nacos.naming.failover.0] [none] DEBUG com.alibaba.nacos.client.naming - failover switch is not found, 00-00---000-VIPSRV_FAILOVER_SWITCH-000---00-00
2026-05-23 02:38:55.994 [com.alibaba.nacos.naming.failover.0] [none] DEBUG com.alibaba.nacos.client.naming - failover switch is not found, 00-00---000-VIPSRV_FAILOVER_SWITCH-000---00-00
2026-05-23 02:39:00.996 [com.alibaba.nacos.naming.failover.0] [none] DEBUG com.alibaba.nacos.client.naming - failover switch is not found, 00-00---000-VIPSRV_FAILOVER_SWITCH-000---00-00
2026-05-23 02:39:05.997 [com.alibaba.nacos.naming.failover.0] [none] DEBUG com.alibaba.nacos.client.naming - failover switch is not found, 00-00---000-VIPSRV_FAILOVER_SWITCH-000---00-00
2026-05-23 02:39:10.997 [com.alibaba.nacos.naming.failover.0] [none] DEBUG com.alibaba.nacos.client.naming - failover switch is not found, 00-00---000-VIPSRV_FAILOVER_SWITCH-000---00-00
2026-05-23 02:39:15.999 [com.alibaba.nacos.naming.failover.0] [none] DEBUG com.alibaba.nacos.client.naming - failover switch is not found, 00-00---000-VIPSRV_FAILOVER_SWITCH-000---00-00
2026-05-23 02:39:20.999 [com.alibaba.nacos.naming.failover.0] [none] DEBUG com.alibaba.nacos.client.naming - failover switch is not found, 00-00---000-VIPSRV_FAILOVER_SWITCH-000---00-00
2026-05-23 02:39:26.000 [com.alibaba.nacos.naming.failover.0] [none] DEBUG com.alibaba.nacos.client.naming - failover switch is not found, 00-00---000-VIPSRV_FAILOVER_SWITCH-000---00-00
2026-05-23 02:39:31.001 [com.alibaba.nacos.naming.failover.0] [none] DEBUG com.alibaba.nacos.client.naming - failover switch is not found, 00-00---000-VIPSRV_FAILOVER_SWITCH-000---00-00
2026-05-23 02:39:36.001 [com.alibaba.nacos.naming.failover.0] [none] DEBUG com.alibaba.nacos.client.naming - failover switch is not found, 00-00---000-VIPSRV_FAILOVER_SWITCH-000---00-00
2026-05-23 02:39:41.005 [com.alibaba.nacos.naming.failover.0] [none] DEBUG com.alibaba.nacos.client.naming - failover switch is not found, 00-00---000-VIPSRV_FAILOVER_SWITCH-000---00-00
2026-05-23 02:39:46.006 [com.alibaba.nacos.naming.failover.0] [none] DEBUG com.alibaba.nacos.client.naming - failover switch is not found, 00-00---000-VIPSRV_FAILOVER_SWITCH-000---00-00
2026-05-23 02:39:51.006 [com.alibaba.nacos.naming.failover.0] [none] DEBUG com.alibaba.nacos.client.naming - failover switch is not found, 00-00---000-VIPSRV_FAILOVER_SWITCH-000---00-00
2026-05-23 02:39:56.007 [com.alibaba.nacos.naming.failover.0] [none] DEBUG com.alibaba.nacos.client.naming - failover switch is not found, 00-00---000-VIPSRV_FAILOVER_SWITCH-000---00-00
2026-05-23 02:40:01.008 [com.alibaba.nacos.naming.failover.0] [none] DEBUG com.alibaba.nacos.client.naming - failover switch is not found, 00-00---000-VIPSRV_FAILOVER_SWITCH-000---00-00
2026-05-23 02:40:06.010 [com.alibaba.nacos.naming.failover.0] [none] DEBUG com.alibaba.nacos.client.naming - failover switch is not found, 00-00---000-VIPSRV_FAILOVER_SWITCH-000---00-00
2026-05-23 02:40:11.010 [com.alibaba.nacos.naming.failover.0] [none] DEBUG com.alibaba.nacos.client.naming - failover switch is not found, 00-00---000-VIPSRV_FAILOVER_SWITCH-000---00-00
2026-05-23 02:40:16.011 [com.alibaba.nacos.naming.failover.0] [none] DEBUG com.alibaba.nacos.client.naming - failover switch is not found, 00-00---000-VIPSRV_FAILOVER_SWITCH-000---00-00
2026-05-23 02:40:21.012 [com.alibaba.nacos.naming.failover.0] [none] DEBUG com.alibaba.nacos.client.naming - failover switch is not found, 00-00---000-VIPSRV_FAILOVER_SWITCH-000---00-00
2026-05-23 02:40:26.012 [com.alibaba.nacos.naming.failover.0] [none] DEBUG com.alibaba.nacos.client.naming - failover switch is not found, 00-00---000-VIPSRV_FAILOVER_SWITCH-000---00-00
2026-05-23 02:40:31.013 [com.alibaba.nacos.naming.failover.0] [none] DEBUG com.alibaba.nacos.client.naming - failover switch is not found, 00-00---000-VIPSRV_FAILOVER_SWITCH-000---00-00
2026-05-23 02:40:36.014 [com.alibaba.nacos.naming.failover.0] [none] DEBUG com.alibaba.nacos.client.naming - failover switch is not found, 00-00---000-VIPSRV_FAILOVER_SWITCH-000---00-00
2026-05-23 02:40:41.015 [com.alibaba.nacos.naming.failover.0] [none] DEBUG com.alibaba.nacos.client.naming - failover switch is not found, 00-00---000-VIPSRV_FAILOVER_SWITCH-000---00-00
2026-05-23 02:40:46.016 [com.alibaba.nacos.naming.failover.0] [none] DEBUG com.alibaba.nacos.client.naming - failover switch is not found, 00-00---000-VIPSRV_FAILOVER_SWITCH-000---00-00
2026-05-23 02:40:51.017 [com.alibaba.nacos.naming.failover.0] [none] DEBUG com.alibaba.nacos.client.naming - failover switch is not found, 00-00---000-VIPSRV_FAILOVER_SWITCH-000---00-00
2026-05-23 02:40:56.017 [com.alibaba.nacos.naming.failover.0] [none] DEBUG com.alibaba.nacos.client.naming - failover switch is not found, 00-00---000-VIPSRV_FAILOVER_SWITCH-000---00-00
2026-05-23 02:41:01.018 [com.alibaba.nacos.naming.failover.0] [none] DEBUG com.alibaba.nacos.client.naming - failover switch is not found, 00-00---000-VIPSRV_FAILOVER_SWITCH-000---00-00
2026-05-23 02:41:06.019 [com.alibaba.nacos.naming.failover.0] [none] DEBUG com.alibaba.nacos.client.naming - failover switch is not found, 00-00---000-VIPSRV_FAILOVER_SWITCH-000---00-00
2026-05-23 02:41:11.022 [com.alibaba.nacos.naming.failover.0] [none] DEBUG com.alibaba.nacos.client.naming - failover switch is not found, 00-00---000-VIPSRV_FAILOVER_SWITCH-000---00-00
2026-05-23 02:41:16.022 [com.alibaba.nacos.naming.failover.0] [none] DEBUG com.alibaba.nacos.client.naming - failover switch is not found, 00-00---000-VIPSRV_FAILOVER_SWITCH-000---00-00
2026-05-23 02:41:21.024 [com.alibaba.nacos.naming.failover.0] [none] DEBUG com.alibaba.nacos.client.naming - failover switch is not found, 00-00---000-VIPSRV_FAILOVER_SWITCH-000---00-00
2026-05-23 02:41:26.026 [com.alibaba.nacos.naming.failover.0] [none] DEBUG com.alibaba.nacos.client.naming - failover switch is not found, 00-00---000-VIPSRV_FAILOVER_SWITCH-000---00-00
2026-05-23 02:41:31.028 [com.alibaba.nacos.naming.failover.0] [none] DEBUG com.alibaba.nacos.client.naming - failover switch is not found, 00-00---000-VIPSRV_FAILOVER_SWITCH-000---00-00
2026-05-23 02:41:36.029 [com.alibaba.nacos.naming.failover.0] [none] DEBUG com.alibaba.nacos.client.naming - failover switch is not found, 00-00---000-VIPSRV_FAILOVER_SWITCH-000---00-00
2026-05-23 02:41:41.031 [com.alibaba.nacos.naming.failover.0] [none] DEBUG com.alibaba.nacos.client.naming - failover switch is not found, 00-00---000-VIPSRV_FAILOVER_SWITCH-000---00-00
2026-05-23 02:41:46.045 [com.alibaba.nacos.naming.failover.0] [none] DEBUG com.alibaba.nacos.client.naming - failover switch is not found, 00-00---000-VIPSRV_FAILOVER_SWITCH-000---00-00
2026-05-23 02:41:51.048 [com.alibaba.nacos.naming.failover.0] [none] DEBUG com.alibaba.nacos.client.naming - failover switch is not found, 00-00---000-VIPSRV_FAILOVER_SWITCH-000---00-00
2026-05-23 02:41:56.049 [com.alibaba.nacos.naming.failover.0] [none] DEBUG com.alibaba.nacos.client.naming - failover switch is not found, 00-00---000-VIPSRV_FAILOVER_SWITCH-000---00-00
2026-05-23 02:42:01.049 [com.alibaba.nacos.naming.failover.0] [none] DEBUG com.alibaba.nacos.client.naming - failover switch is not found, 00-00---000-VIPSRV_FAILOVER_SWITCH-000---00-00
2026-05-23 02:42:06.110 [com.alibaba.nacos.naming.failover.0] [none] DEBUG com.alibaba.nacos.client.naming - failover switch is not found, 00-00---000-VIPSRV_FAILOVER_SWITCH-000---00-00
2026-05-23 02:42:11.112 [com.alibaba.nacos.naming.failover.0] [none] DEBUG com.alibaba.nacos.client.naming - failover switch is not found, 00-00---000-VIPSRV_FAILOVER_SWITCH-000---00-00
2026-05-23 02:42:16.112 [com.alibaba.nacos.naming.failover.0] [none] DEBUG com.alibaba.nacos.client.naming - failover switch is not found, 00-00---000-VIPSRV_FAILOVER_SWITCH-000---00-00
2026-05-23 02:42:21.115 [com.alibaba.nacos.naming.failover.0] [none] DEBUG com.alibaba.nacos.client.naming - failover switch is not found, 00-00---000-VIPSRV_FAILOVER_SWITCH-000---00-00
2026-05-23 02:42:26.116 [com.alibaba.nacos.naming.failover.0] [none] DEBUG com.alibaba.nacos.client.naming - failover switch is not found, 00-00---000-VIPSRV_FAILOVER_SWITCH-000---00-00
2026-05-23 02:42:31.117 [com.alibaba.nacos.naming.failover.0] [none] DEBUG com.alibaba.nacos.client.naming - failover switch is not found, 00-00---000-VIPSRV_FAILOVER_SWITCH-000---00-00
2026-05-23 02:42:36.118 [com.alibaba.nacos.naming.failover.0] [none] DEBUG com.alibaba.nacos.client.naming - failover switch is not found, 00-00---000-VIPSRV_FAILOVER_SWITCH-000---00-00
2026-05-23 02:42:41.119 [com.alibaba.nacos.naming.failover.0] [none] DEBUG com.alibaba.nacos.client.naming - failover switch is not found, 00-00---000-VIPSRV_FAILOVER_SWITCH-000---00-00
2026-05-23 02:42:46.120 [com.alibaba.nacos.naming.failover.0] [none] DEBUG com.alibaba.nacos.client.naming - failover switch is not found, 00-00---000-VIPSRV_FAILOVER_SWITCH-000---00-00
2026-05-23 02:42:51.121 [com.alibaba.nacos.naming.failover.0] [none] DEBUG com.alibaba.nacos.client.naming - failover switch is not found, 00-00---000-VIPSRV_FAILOVER_SWITCH-000---00-00
2026-05-23 02:42:56.124 [com.alibaba.nacos.naming.failover.0] [none] DEBUG com.alibaba.nacos.client.naming - failover switch is not found, 00-00---000-VIPSRV_FAILOVER_SWITCH-000---00-00
2026-05-23 02:43:01.124 [com.alibaba.nacos.naming.failover.0] [none] DEBUG com.alibaba.nacos.client.naming - failover switch is not found, 00-00---000-VIPSRV_FAILOVER_SWITCH-000---00-00
2026-05-23 02:43:06.126 [com.alibaba.nacos.naming.failover.0] [none] DEBUG com.alibaba.nacos.client.naming - failover switch is not found, 00-00---000-VIPSRV_FAILOVER_SWITCH-000---00-00
2026-05-23 02:43:11.128 [com.alibaba.nacos.naming.failover.0] [none] DEBUG com.alibaba.nacos.client.naming - failover switch is not found, 00-00---000-VIPSRV_FAILOVER_SWITCH-000---00-00
2026-05-23 02:43:16.129 [com.alibaba.nacos.naming.failover.0] [none] DEBUG com.alibaba.nacos.client.naming - failover switch is not found, 00-00---000-VIPSRV_FAILOVER_SWITCH-000---00-00
2026-05-23 02:43:21.146 [com.alibaba.nacos.naming.failover.0] [none] DEBUG com.alibaba.nacos.client.naming - failover switch is not found, 00-00---000-VIPSRV_FAILOVER_SWITCH-000---00-00
2026-05-23 02:43:26.148 [com.alibaba.nacos.naming.failover.0] [none] DEBUG com.alibaba.nacos.client.naming - failover switch is not found, 00-00---000-VIPSRV_FAILOVER_SWITCH-000---00-00
2026-05-23 02:43:31.149 [com.alibaba.nacos.naming.failover.0] [none] DEBUG com.alibaba.nacos.client.naming - failover switch is not found, 00-00---000-VIPSRV_FAILOVER_SWITCH-000---00-00
2026-05-23 02:43:36.240 [com.alibaba.nacos.naming.failover.0] [none] DEBUG com.alibaba.nacos.client.naming - failover switch is not found, 00-00---000-VIPSRV_FAILOVER_SWITCH-000---00-00
2026-05-23 02:43:41.242 [com.alibaba.nacos.naming.failover.0] [none] DEBUG com.alibaba.nacos.client.naming - failover switch is not found, 00-00---000-VIPSRV_FAILOVER_SWITCH-000---00-00
2026-05-23 02:43:46.244 [com.alibaba.nacos.naming.failover.0] [none] DEBUG com.alibaba.nacos.client.naming - failover switch is not found, 00-00---000-VIPSRV_FAILOVER_SWITCH-000---00-00
2026-05-23 02:43:51.249 [com.alibaba.nacos.naming.failover.0] [none] DEBUG com.alibaba.nacos.client.naming - failover switch is not found, 00-00---000-VIPSRV_FAILOVER_SWITCH-000---00-00
2026-05-23 02:43:56.250 [com.alibaba.nacos.naming.failover.0] [none] DEBUG com.alibaba.nacos.client.naming - failover switch is not found, 00-00---000-VIPSRV_FAILOVER_SWITCH-000---00-00
2026-05-23 02:44:01.277 [com.alibaba.nacos.naming.failover.0] [none] DEBUG com.alibaba.nacos.client.naming - failover switch is not found, 00-00---000-VIPSRV_FAILOVER_SWITCH-000---00-00
2026-05-23 02:44:06.278 [com.alibaba.nacos.naming.failover.0] [none] DEBUG com.alibaba.nacos.client.naming - failover switch is not found, 00-00---000-VIPSRV_FAILOVER_SWITCH-000---00-00
2026-05-23 02:44:11.279 [com.alibaba.nacos.naming.failover.0] [none] DEBUG com.alibaba.nacos.client.naming - failover switch is not found, 00-00---000-VIPSRV_FAILOVER_SWITCH-000---00-00
2026-05-23 02:44:16.279 [com.alibaba.nacos.naming.failover.0] [none] DEBUG com.alibaba.nacos.client.naming - failover switch is not found, 00-00---000-VIPSRV_FAILOVER_SWITCH-000---00-00
2026-05-23 02:44:21.280 [com.alibaba.nacos.naming.failover.0] [none] DEBUG com.alibaba.nacos.client.naming - failover switch is not found, 00-00---000-VIPSRV_FAILOVER_SWITCH-000---00-00
2026-05-23 02:44:26.281 [com.alibaba.nacos.naming.failover.0] [none] DEBUG com.alibaba.nacos.client.naming - failover switch is not found, 00-00---000-VIPSRV_FAILOVER_SWITCH-000---00-00
2026-05-23 02:44:31.282 [com.alibaba.nacos.naming.failover.0] [none] DEBUG com.alibaba.nacos.client.naming - failover switch is not found, 00-00---000-VIPSRV_FAILOVER_SWITCH-000---00-00
2026-05-23 02:44:36.283 [com.alibaba.nacos.naming.failover.0] [none] DEBUG com.alibaba.nacos.client.naming - failover switch is not found, 00-00---000-VIPSRV_FAILOVER_SWITCH-000---00-00
2026-05-23 02:44:41.284 [com.alibaba.nacos.naming.failover.0] [none] DEBUG com.alibaba.nacos.client.naming - failover switch is not found, 00-00---000-VIPSRV_FAILOVER_SWITCH-000---00-00
2026-05-23 02:44:46.285 [com.alibaba.nacos.naming.failover.0] [none] DEBUG com.alibaba.nacos.client.naming - failover switch is not found, 00-00---000-VIPSRV_FAILOVER_SWITCH-000---00-00
2026-05-23 02:44:51.286 [com.alibaba.nacos.naming.failover.0] [none] DEBUG com.alibaba.nacos.client.naming - failover switch is not found, 00-00---000-VIPSRV_FAILOVER_SWITCH-000---00-00
2026-05-23 02:44:56.287 [com.alibaba.nacos.naming.failover.0] [none] DEBUG com.alibaba.nacos.client.naming - failover switch is not found, 00-00---000-VIPSRV_FAILOVER_SWITCH-000---00-00
2026-05-23 02:45:01.288 [com.alibaba.nacos.naming.failover.0] [none] DEBUG com.alibaba.nacos.client.naming - failover switch is not found, 00-00---000-VIPSRV_FAILOVER_SWITCH-000---00-00
2026-05-23 02:45:06.290 [com.alibaba.nacos.naming.failover.0] [none] DEBUG com.alibaba.nacos.client.naming - failover switch is not found, 00-00---000-VIPSRV_FAILOVER_SWITCH-000---00-00
2026-05-23 02:45:11.292 [com.alibaba.nacos.naming.failover.0] [none] DEBUG com.alibaba.nacos.client.naming - failover switch is not found, 00-00---000-VIPSRV_FAILOVER_SWITCH-000---00-00
2026-05-23 02:45:16.294 [com.alibaba.nacos.naming.failover.0] [none] DEBUG com.alibaba.nacos.client.naming - failover switch is not found, 00-00---000-VIPSRV_FAILOVER_SWITCH-000---00-00
2026-05-23 02:45:21.318 [com.alibaba.nacos.naming.failover.0] [none] DEBUG com.alibaba.nacos.client.naming - failover switch is not found, 00-00---000-VIPSRV_FAILOVER_SWITCH-000---00-00
2026-05-23 02:45:26.320 [com.alibaba.nacos.naming.failover.0] [none] DEBUG com.alibaba.nacos.client.naming - failover switch is not found, 00-00---000-VIPSRV_FAILOVER_SWITCH-000---00-00
2026-05-23 02:45:31.320 [com.alibaba.nacos.naming.failover.0] [none] DEBUG com.alibaba.nacos.client.naming - failover switch is not found, 00-00---000-VIPSRV_FAILOVER_SWITCH-000---00-00
2026-05-23 02:45:36.321 [com.alibaba.nacos.naming.failover.0] [none] DEBUG com.alibaba.nacos.client.naming - failover switch is not found, 00-00---000-VIPSRV_FAILOVER_SWITCH-000---00-00
2026-05-23 02:45:41.322 [com.alibaba.nacos.naming.failover.0] [none] DEBUG com.alibaba.nacos.client.naming - failover switch is not found, 00-00---000-VIPSRV_FAILOVER_SWITCH-000---00-00
2026-05-23 02:45:46.324 [com.alibaba.nacos.naming.failover.0] [none] DEBUG com.alibaba.nacos.client.naming - failover switch is not found, 00-00---000-VIPSRV_FAILOVER_SWITCH-000---00-00
2026-05-23 02:45:51.325 [com.alibaba.nacos.naming.failover.0] [none] DEBUG com.alibaba.nacos.client.naming - failover switch is not found, 00-00---000-VIPSRV_FAILOVER_SWITCH-000---00-00
2026-05-23 02:45:56.326 [com.alibaba.nacos.naming.failover.0] [none] DEBUG com.alibaba.nacos.client.naming - failover switch is not found, 00-00---000-VIPSRV_FAILOVER_SWITCH-000---00-00
2026-05-23 02:46:01.327 [com.alibaba.nacos.naming.failover.0] [none] DEBUG com.alibaba.nacos.client.naming - failover switch is not found, 00-00---000-VIPSRV_FAILOVER_SWITCH-000---00-00
2026-05-23 02:46:06.333 [com.alibaba.nacos.naming.failover.0] [none] DEBUG com.alibaba.nacos.client.naming - failover switch is not found, 00-00---000-VIPSRV_FAILOVER_SWITCH-000---00-00
2026-05-23 02:46:11.335 [com.alibaba.nacos.naming.failover.0] [none] DEBUG com.alibaba.nacos.client.naming - failover switch is not found, 00-00---000-VIPSRV_FAILOVER_SWITCH-000---00-00
2026-05-23 02:46:16.337 [com.alibaba.nacos.naming.failover.0] [none] DEBUG com.alibaba.nacos.client.naming - failover switch is not found, 00-00---000-VIPSRV_FAILOVER_SWITCH-000---00-00
2026-05-23 02:46:21.338 [com.alibaba.nacos.naming.failover.0] [none] DEBUG com.alibaba.nacos.client.naming - failover switch is not found, 00-00---000-VIPSRV_FAILOVER_SWITCH-000---00-00
2026-05-23 02:46:26.340 [com.alibaba.nacos.naming.failover.0] [none] DEBUG com.alibaba.nacos.client.naming - failover switch is not found, 00-00---000-VIPSRV_FAILOVER_SWITCH-000---00-00
2026-05-23 02:46:31.341 [com.alibaba.nacos.naming.failover.0] [none] DEBUG com.alibaba.nacos.client.naming - failover switch is not found, 00-00---000-VIPSRV_FAILOVER_SWITCH-000---00-00
2026-05-23 02:46:36.342 [com.alibaba.nacos.naming.failover.0] [none] DEBUG com.alibaba.nacos.client.naming - failover switch is not found, 00-00---000-VIPSRV_FAILOVER_SWITCH-000---00-00
2026-05-23 02:46:41.354 [com.alibaba.nacos.naming.failover.0] [none] DEBUG com.alibaba.nacos.client.naming - failover switch is not found, 00-00---000-VIPSRV_FAILOVER_SWITCH-000---00-00
2026-05-23 02:46:46.356 [com.alibaba.nacos.naming.failover.0] [none] DEBUG com.alibaba.nacos.client.naming - failover switch is not found, 00-00---000-VIPSRV_FAILOVER_SWITCH-000---00-00
2026-05-23 02:46:51.358 [com.alibaba.nacos.naming.failover.0] [none] DEBUG com.alibaba.nacos.client.naming - failover switch is not found, 00-00---000-VIPSRV_FAILOVER_SWITCH-000---00-00
2026-05-23 02:46:56.358 [com.alibaba.nacos.naming.failover.0] [none] DEBUG com.alibaba.nacos.client.naming - failover switch is not found, 00-00---000-VIPSRV_FAILOVER_SWITCH-000---00-00
2026-05-23 02:47:01.359 [com.alibaba.nacos.naming.failover.0] [none] DEBUG com.alibaba.nacos.client.naming - failover switch is not found, 00-00---000-VIPSRV_FAILOVER_SWITCH-000---00-00
2026-05-23 02:47:06.360 [com.alibaba.nacos.naming.failover.0] [none] DEBUG com.alibaba.nacos.client.naming - failover switch is not found, 00-00---000-VIPSRV_FAILOVER_SWITCH-000---00-00
2026-05-23 02:47:11.360 [com.alibaba.nacos.naming.failover.0] [none] DEBUG com.alibaba.nacos.client.naming - failover switch is not found, 00-00---000-VIPSRV_FAILOVER_SWITCH-000---00-00
2026-05-23 02:47:16.361 [com.alibaba.nacos.naming.failover.0] [none] DEBUG com.alibaba.nacos.client.naming - failover switch is not found, 00-00---000-VIPSRV_FAILOVER_SWITCH-000---00-00
2026-05-23 02:47:21.362 [com.alibaba.nacos.naming.failover.0] [none] DEBUG com.alibaba.nacos.client.naming - failover switch is not found, 00-00---000-VIPSRV_FAILOVER_SWITCH-000---00-00
2026-05-23 02:47:26.363 [com.alibaba.nacos.naming.failover.0] [none] DEBUG com.alibaba.nacos.client.naming - failover switch is not found, 00-00---000-VIPSRV_FAILOVER_SWITCH-000---00-00
2026-05-23 02:47:31.363 [com.alibaba.nacos.naming.failover.0] [none] DEBUG com.alibaba.nacos.client.naming - failover switch is not found, 00-00---000-VIPSRV_FAILOVER_SWITCH-000---00-00
2026-05-23 02:47:36.364 [com.alibaba.nacos.naming.failover.0] [none] DEBUG com.alibaba.nacos.client.naming - failover switch is not found, 00-00---000-VIPSRV_FAILOVER_SWITCH-000---00-00
2026-05-23 02:47:41.365 [com.alibaba.nacos.naming.failover.0] [none] DEBUG com.alibaba.nacos.client.naming - failover switch is not found, 00-00---000-VIPSRV_FAILOVER_SWITCH-000---00-00
2026-05-23 02:47:46.367 [com.alibaba.nacos.naming.failover.0] [none] DEBUG com.alibaba.nacos.client.naming - failover switch is not found, 00-00---000-VIPSRV_FAILOVER_SWITCH-000---00-00
2026-05-23 02:47:51.368 [com.alibaba.nacos.naming.failover.0] [none] DEBUG com.alibaba.nacos.client.naming - failover switch is not found, 00-00---000-VIPSRV_FAILOVER_SWITCH-000---00-00
2026-05-23 02:47:56.370 [com.alibaba.nacos.naming.failover.0] [none] DEBUG com.alibaba.nacos.client.naming - failover switch is not found, 00-00---000-VIPSRV_FAILOVER_SWITCH-000---00-00
2026-05-23 02:48:01.371 [com.alibaba.nacos.naming.failover.0] [none] DEBUG com.alibaba.nacos.client.naming - failover switch is not found, 00-00---000-VIPSRV_FAILOVER_SWITCH-000---00-00
2026-05-23 02:48:06.372 [com.alibaba.nacos.naming.failover.0] [none] DEBUG com.alibaba.nacos.client.naming - failover switch is not found, 00-00---000-VIPSRV_FAILOVER_SWITCH-000---00-00
2026-05-23 02:48:11.373 [com.alibaba.nacos.naming.failover.0] [none] DEBUG com.alibaba.nacos.client.naming - failover switch is not found, 00-00---000-VIPSRV_FAILOVER_SWITCH-000---00-00
2026-05-23 02:48:16.374 [com.alibaba.nacos.naming.failover.0] [none] DEBUG com.alibaba.nacos.client.naming - failover switch is not found, 00-00---000-VIPSRV_FAILOVER_SWITCH-000---00-00
2026-05-23 02:48:21.375 [com.alibaba.nacos.naming.failover.0] [none] DEBUG com.alibaba.nacos.client.naming - failover switch is not found, 00-00---000-VIPSRV_FAILOVER_SWITCH-000---00-00
2026-05-23 02:48:26.376 [com.alibaba.nacos.naming.failover.0] [none] DEBUG com.alibaba.nacos.client.naming - failover switch is not found, 00-00---000-VIPSRV_FAILOVER_SWITCH-000---00-00
2026-05-23 02:48:31.377 [com.alibaba.nacos.naming.failover.0] [none] DEBUG com.alibaba.nacos.client.naming - failover switch is not found, 00-00---000-VIPSRV_FAILOVER_SWITCH-000---00-00
2026-05-23 02:48:36.377 [com.alibaba.nacos.naming.failover.0] [none] DEBUG com.alibaba.nacos.client.naming - failover switch is not found, 00-00---000-VIPSRV_FAILOVER_SWITCH-000---00-00
2026-05-23 02:48:41.379 [com.alibaba.nacos.naming.failover.0] [none] DEBUG com.alibaba.nacos.client.naming - failover switch is not found, 00-00---000-VIPSRV_FAILOVER_SWITCH-000---00-00
2026-05-23 02:48:46.380 [com.alibaba.nacos.naming.failover.0] [none] DEBUG com.alibaba.nacos.client.naming - failover switch is not found, 00-00---000-VIPSRV_FAILOVER_SWITCH-000---00-00
2026-05-23 02:48:51.396 [com.alibaba.nacos.naming.failover.0] [none] DEBUG com.alibaba.nacos.client.naming - failover switch is not found, 00-00---000-VIPSRV_FAILOVER_SWITCH-000---00-00
2026-05-23 02:48:56.397 [com.alibaba.nacos.naming.failover.0] [none] DEBUG com.alibaba.nacos.client.naming - failover switch is not found, 00-00---000-VIPSRV_FAILOVER_SWITCH-000---00-00
2026-05-23 02:49:01.400 [com.alibaba.nacos.naming.failover.0] [none] DEBUG com.alibaba.nacos.client.naming - failover switch is not found, 00-00---000-VIPSRV_FAILOVER_SWITCH-000---00-00
2026-05-23 02:49:06.401 [com.alibaba.nacos.naming.failover.0] [none] DEBUG com.alibaba.nacos.client.naming - failover switch is not found, 00-00---000-VIPSRV_FAILOVER_SWITCH-000---00-00
2026-05-23 02:49:11.402 [com.alibaba.nacos.naming.failover.0] [none] DEBUG com.alibaba.nacos.client.naming - failover switch is not found, 00-00---000-VIPSRV_FAILOVER_SWITCH-000---00-00
2026-05-23 02:49:16.404 [com.alibaba.nacos.naming.failover.0] [none] DEBUG com.alibaba.nacos.client.naming - failover switch is not found, 00-00---000-VIPSRV_FAILOVER_SWITCH-000---00-00
2026-05-23 02:49:21.405 [com.alibaba.nacos.naming.failover.0] [none] DEBUG com.alibaba.nacos.client.naming - failover switch is not found, 00-00---000-VIPSRV_FAILOVER_SWITCH-000---00-00
2026-05-23 02:49:26.406 [com.alibaba.nacos.naming.failover.0] [none] DEBUG com.alibaba.nacos.client.naming - failover switch is not found, 00-00---000-VIPSRV_FAILOVER_SWITCH-000---00-00
2026-05-23 02:49:31.408 [com.alibaba.nacos.naming.failover.0] [none] DEBUG com.alibaba.nacos.client.naming - failover switch is not found, 00-00---000-VIPSRV_FAILOVER_SWITCH-000---00-00
2026-05-23 02:49:36.409 [com.alibaba.nacos.naming.failover.0] [none] DEBUG com.alibaba.nacos.client.naming - failover switch is not found, 00-00---000-VIPSRV_FAILOVER_SWITCH-000---00-00
2026-05-23 02:49:41.410 [com.alibaba.nacos.naming.failover.0] [none] DEBUG com.alibaba.nacos.client.naming - failover switch is not found, 00-00---000-VIPSRV_FAILOVER_SWITCH-000---00-00
2026-05-23 02:49:46.411 [com.alibaba.nacos.naming.failover.0] [none] DEBUG com.alibaba.nacos.client.naming - failover switch is not found, 00-00---000-VIPSRV_FAILOVER_SWITCH-000---00-00
2026-05-23 02:49:51.412 [com.alibaba.nacos.naming.failover.0] [none] DEBUG com.alibaba.nacos.client.naming - failover switch is not found, 00-00---000-VIPSRV_FAILOVER_SWITCH-000---00-00
2026-05-23 02:49:56.413 [com.alibaba.nacos.naming.failover.0] [none] DEBUG com.alibaba.nacos.client.naming - failover switch is not found, 00-00---000-VIPSRV_FAILOVER_SWITCH-000---00-00
2026-05-23 02:50:01.415 [com.alibaba.nacos.naming.failover.0] [none] DEBUG com.alibaba.nacos.client.naming - failover switch is not found, 00-00---000-VIPSRV_FAILOVER_SWITCH-000---00-00
2026-05-23 02:50:06.415 [com.alibaba.nacos.naming.failover.0] [none] DEBUG com.alibaba.nacos.client.naming - failover switch is not found, 00-00---000-VIPSRV_FAILOVER_SWITCH-000---00-00
2026-05-23 02:50:11.419 [com.alibaba.nacos.naming.failover.0] [none] DEBUG com.alibaba.nacos.client.naming - failover switch is not found, 00-00---000-VIPSRV_FAILOVER_SWITCH-000---00-00
2026-05-23 02:50:16.421 [com.alibaba.nacos.naming.failover.0] [none] DEBUG com.alibaba.nacos.client.naming - failover switch is not found, 00-00---000-VIPSRV_FAILOVER_SWITCH-000---00-00
2026-05-23 02:50:21.422 [com.alibaba.nacos.naming.failover.0] [none] DEBUG com.alibaba.nacos.client.naming - failover switch is not found, 00-00---000-VIPSRV_FAILOVER_SWITCH-000---00-00
2026-05-23 02:50:26.423 [com.alibaba.nacos.naming.failover.0] [none] DEBUG com.alibaba.nacos.client.naming - failover switch is not found, 00-00---000-VIPSRV_FAILOVER_SWITCH-000---00-00
2026-05-23 02:50:31.424 [com.alibaba.nacos.naming.failover.0] [none] DEBUG com.alibaba.nacos.client.naming - failover switch is not found, 00-00---000-VIPSRV_FAILOVER_SWITCH-000---00-00
2026-05-23 02:50:36.425 [com.alibaba.nacos.naming.failover.0] [none] DEBUG com.alibaba.nacos.client.naming - failover switch is not found, 00-00---000-VIPSRV_FAILOVER_SWITCH-000---00-00
2026-05-23 02:50:41.426 [com.alibaba.nacos.naming.failover.0] [none] DEBUG com.alibaba.nacos.client.naming - failover switch is not found, 00-00---000-VIPSRV_FAILOVER_SWITCH-000---00-00
2026-05-23 02:50:46.426 [com.alibaba.nacos.naming.failover.0] [none] DEBUG com.alibaba.nacos.client.naming - failover switch is not found, 00-00---000-VIPSRV_FAILOVER_SWITCH-000---00-00
2026-05-23 02:50:51.428 [com.alibaba.nacos.naming.failover.0] [none] DEBUG com.alibaba.nacos.client.naming - failover switch is not found, 00-00---000-VIPSRV_FAILOVER_SWITCH-000---00-00
2026-05-23 02:50:56.429 [com.alibaba.nacos.naming.failover.0] [none] DEBUG com.alibaba.nacos.client.naming - failover switch is not found, 00-00---000-VIPSRV_FAILOVER_SWITCH-000---00-00
2026-05-23 02:51:01.430 [com.alibaba.nacos.naming.failover.0] [none] DEBUG com.alibaba.nacos.client.naming - failover switch is not found, 00-00---000-VIPSRV_FAILOVER_SWITCH-000---00-00
2026-05-23 02:51:06.432 [com.alibaba.nacos.naming.failover.0] [none] DEBUG com.alibaba.nacos.client.naming - failover switch is not found, 00-00---000-VIPSRV_FAILOVER_SWITCH-000---00-00
2026-05-23 02:51:11.433 [com.alibaba.nacos.naming.failover.0] [none] DEBUG com.alibaba.nacos.client.naming - failover switch is not found, 00-00---000-VIPSRV_FAILOVER_SWITCH-000---00-00
2026-05-23 02:51:16.434 [com.alibaba.nacos.naming.failover.0] [none] DEBUG com.alibaba.nacos.client.naming - failover switch is not found, 00-00---000-VIPSRV_FAILOVER_SWITCH-000---00-00
2026-05-23 02:51:21.435 [com.alibaba.nacos.naming.failover.0] [none] DEBUG com.alibaba.nacos.client.naming - failover switch is not found, 00-00---000-VIPSRV_FAILOVER_SWITCH-000---00-00
2026-05-23 02:51:26.436 [com.alibaba.nacos.naming.failover.0] [none] DEBUG com.alibaba.nacos.client.naming - failover switch is not found, 00-00---000-VIPSRV_FAILOVER_SWITCH-000---00-00
2026-05-23 02:51:31.437 [com.alibaba.nacos.naming.failover.0] [none] DEBUG com.alibaba.nacos.client.naming - failover switch is not found, 00-00---000-VIPSRV_FAILOVER_SWITCH-000---00-00
2026-05-23 02:51:36.438 [com.alibaba.nacos.naming.failover.0] [none] DEBUG com.alibaba.nacos.client.naming - failover switch is not found, 00-00---000-VIPSRV_FAILOVER_SWITCH-000---00-00
2026-05-23 02:51:41.439 [com.alibaba.nacos.naming.failover.0] [none] DEBUG com.alibaba.nacos.client.naming - failover switch is not found, 00-00---000-VIPSRV_FAILOVER_SWITCH-000---00-00
2026-05-23 02:51:46.440 [com.alibaba.nacos.naming.failover.0] [none] DEBUG com.alibaba.nacos.client.naming - failover switch is not found, 00-00---000-VIPSRV_FAILOVER_SWITCH-000---00-00
2026-05-23 02:51:51.441 [com.alibaba.nacos.naming.failover.0] [none] DEBUG com.alibaba.nacos.client.naming - failover switch is not found, 00-00---000-VIPSRV_FAILOVER_SWITCH-000---00-00
2026-05-23 02:51:56.442 [com.alibaba.nacos.naming.failover.0] [none] DEBUG com.alibaba.nacos.client.naming - failover switch is not found, 00-00---000-VIPSRV_FAILOVER_SWITCH-000---00-00
2026-05-23 02:52:01.444 [com.alibaba.nacos.naming.failover.0] [none] DEBUG com.alibaba.nacos.client.naming - failover switch is not found, 00-00---000-VIPSRV_FAILOVER_SWITCH-000---00-00
2026-05-23 02:52:06.445 [com.alibaba.nacos.naming.failover.0] [none] DEBUG com.alibaba.nacos.client.naming - failover switch is not found, 00-00---000-VIPSRV_FAILOVER_SWITCH-000---00-00
2026-05-23 02:52:11.446 [com.alibaba.nacos.naming.failover.0] [none] DEBUG com.alibaba.nacos.client.naming - failover switch is not found, 00-00---000-VIPSRV_FAILOVER_SWITCH-000---00-00
2026-05-23 02:52:16.447 [com.alibaba.nacos.naming.failover.0] [none] DEBUG com.alibaba.nacos.client.naming - failover switch is not found, 00-00---000-VIPSRV_FAILOVER_SWITCH-000---00-00
2026-05-23 02:52:21.448 [com.alibaba.nacos.naming.failover.0] [none] DEBUG com.alibaba.nacos.client.naming - failover switch is not found, 00-00---000-VIPSRV_FAILOVER_SWITCH-000---00-00
2026-05-23 02:52:26.448 [com.alibaba.nacos.naming.failover.0] [none] DEBUG com.alibaba.nacos.client.naming - failover switch is not found, 00-00---000-VIPSRV_FAILOVER_SWITCH-000---00-00
2026-05-23 02:52:31.450 [com.alibaba.nacos.naming.failover.0] [none] DEBUG com.alibaba.nacos.client.naming - failover switch is not found, 00-00---000-VIPSRV_FAILOVER_SWITCH-000---00-00
2026-05-23 02:52:36.452 [com.alibaba.nacos.naming.failover.0] [none] DEBUG com.alibaba.nacos.client.naming - failover switch is not found, 00-00---000-VIPSRV_FAILOVER_SWITCH-000---00-00
2026-05-23 02:52:41.452 [com.alibaba.nacos.naming.failover.0] [none] DEBUG com.alibaba.nacos.client.naming - failover switch is not found, 00-00---000-VIPSRV_FAILOVER_SWITCH-000---00-00
2026-05-23 02:52:46.454 [com.alibaba.nacos.naming.failover.0] [none] DEBUG com.alibaba.nacos.client.naming - failover switch is not found, 00-00---000-VIPSRV_FAILOVER_SWITCH-000---00-00
2026-05-23 02:52:51.456 [com.alibaba.nacos.naming.failover.0] [none] DEBUG com.alibaba.nacos.client.naming - failover switch is not found, 00-00---000-VIPSRV_FAILOVER_SWITCH-000---00-00
2026-05-23 02:52:56.457 [com.alibaba.nacos.naming.failover.0] [none] DEBUG com.alibaba.nacos.client.naming - failover switch is not found, 00-00---000-VIPSRV_FAILOVER_SWITCH-000---00-00
2026-05-23 02:53:01.458 [com.alibaba.nacos.naming.failover.0] [none] DEBUG com.alibaba.nacos.client.naming - failover switch is not found, 00-00---000-VIPSRV_FAILOVER_SWITCH-000---00-00
2026-05-23 02:53:06.469 [com.alibaba.nacos.naming.failover.0] [none] DEBUG com.alibaba.nacos.client.naming - failover switch is not found, 00-00---000-VIPSRV_FAILOVER_SWITCH-000---00-00
2026-05-23 02:53:11.469 [com.alibaba.nacos.naming.failover.0] [none] DEBUG com.alibaba.nacos.client.naming - failover switch is not found, 00-00---000-VIPSRV_FAILOVER_SWITCH-000---00-00
2026-05-23 02:53:16.471 [com.alibaba.nacos.naming.failover.0] [none] DEBUG com.alibaba.nacos.client.naming - failover switch is not found, 00-00---000-VIPSRV_FAILOVER_SWITCH-000---00-00
2026-05-23 02:53:21.472 [com.alibaba.nacos.naming.failover.0] [none] DEBUG com.alibaba.nacos.client.naming - failover switch is not found, 00-00---000-VIPSRV_FAILOVER_SWITCH-000---00-00
2026-05-23 02:53:26.473 [com.alibaba.nacos.naming.failover.0] [none] DEBUG com.alibaba.nacos.client.naming - failover switch is not found, 00-00---000-VIPSRV_FAILOVER_SWITCH-000---00-00
2026-05-23 02:53:31.474 [com.alibaba.nacos.naming.failover.0] [none] DEBUG com.alibaba.nacos.client.naming - failover switch is not found, 00-00---000-VIPSRV_FAILOVER_SWITCH-000---00-00
2026-05-23 02:53:36.475 [com.alibaba.nacos.naming.failover.0] [none] DEBUG com.alibaba.nacos.client.naming - failover switch is not found, 00-00---000-VIPSRV_FAILOVER_SWITCH-000---00-00
2026-05-23 02:53:41.477 [com.alibaba.nacos.naming.failover.0] [none] DEBUG com.alibaba.nacos.client.naming - failover switch is not found, 00-00---000-VIPSRV_FAILOVER_SWITCH-000---00-00
2026-05-23 02:53:46.478 [com.alibaba.nacos.naming.failover.0] [none] DEBUG com.alibaba.nacos.client.naming - failover switch is not found, 00-00---000-VIPSRV_FAILOVER_SWITCH-000---00-00
2026-05-23 02:53:51.480 [com.alibaba.nacos.naming.failover.0] [none] DEBUG com.alibaba.nacos.client.naming - failover switch is not found, 00-00---000-VIPSRV_FAILOVER_SWITCH-000---00-00
2026-05-23 02:53:56.480 [com.alibaba.nacos.naming.failover.0] [none] DEBUG com.alibaba.nacos.client.naming - failover switch is not found, 00-00---000-VIPSRV_FAILOVER_SWITCH-000---00-00
2026-05-23 02:54:01.481 [com.alibaba.nacos.naming.failover.0] [none] DEBUG com.alibaba.nacos.client.naming - failover switch is not found, 00-00---000-VIPSRV_FAILOVER_SWITCH-000---00-00
2026-05-23 02:54:06.481 [com.alibaba.nacos.naming.failover.0] [none] DEBUG com.alibaba.nacos.client.naming - failover switch is not found, 00-00---000-VIPSRV_FAILOVER_SWITCH-000---00-00
2026-05-23 02:54:11.484 [com.alibaba.nacos.naming.failover.0] [none] DEBUG com.alibaba.nacos.client.naming - failover switch is not found, 00-00---000-VIPSRV_FAILOVER_SWITCH-000---00-00
2026-05-23 02:54:16.486 [com.alibaba.nacos.naming.failover.0] [none] DEBUG com.alibaba.nacos.client.naming - failover switch is not found, 00-00---000-VIPSRV_FAILOVER_SWITCH-000---00-00
2026-05-23 02:54:21.487 [com.alibaba.nacos.naming.failover.0] [none] DEBUG com.alibaba.nacos.client.naming - failover switch is not found, 00-00---000-VIPSRV_FAILOVER_SWITCH-000---00-00
2026-05-23 02:54:26.488 [com.alibaba.nacos.naming.failover.0] [none] DEBUG com.alibaba.nacos.client.naming - failover switch is not found, 00-00---000-VIPSRV_FAILOVER_SWITCH-000---00-00
2026-05-23 02:54:31.490 [com.alibaba.nacos.naming.failover.0] [none] DEBUG com.alibaba.nacos.client.naming - failover switch is not found, 00-00---000-VIPSRV_FAILOVER_SWITCH-000---00-00
2026-05-23 02:54:36.492 [com.alibaba.nacos.naming.failover.0] [none] DEBUG com.alibaba.nacos.client.naming - failover switch is not found, 00-00---000-VIPSRV_FAILOVER_SWITCH-000---00-00
2026-05-23 02:54:41.492 [com.alibaba.nacos.naming.failover.0] [none] DEBUG com.alibaba.nacos.client.naming - failover switch is not found, 00-00---000-VIPSRV_FAILOVER_SWITCH-000---00-00
2026-05-23 02:54:46.493 [com.alibaba.nacos.naming.failover.0] [none] DEBUG com.alibaba.nacos.client.naming - failover switch is not found, 00-00---000-VIPSRV_FAILOVER_SWITCH-000---00-00
2026-05-23 02:54:51.493 [com.alibaba.nacos.naming.failover.0] [none] DEBUG com.alibaba.nacos.client.naming - failover switch is not found, 00-00---000-VIPSRV_FAILOVER_SWITCH-000---00-00
2026-05-23 02:54:56.502 [com.alibaba.nacos.naming.failover.0] [none] DEBUG com.alibaba.nacos.client.naming - failover switch is not found, 00-00---000-VIPSRV_FAILOVER_SWITCH-000---00-00
2026-05-23 02:55:01.502 [com.alibaba.nacos.naming.failover.0] [none] DEBUG com.alibaba.nacos.client.naming - failover switch is not found, 00-00---000-VIPSRV_FAILOVER_SWITCH-000---00-00
2026-05-23 02:55:06.504 [com.alibaba.nacos.naming.failover.0] [none] DEBUG com.alibaba.nacos.client.naming - failover switch is not found, 00-00---000-VIPSRV_FAILOVER_SWITCH-000---00-00
2026-05-23 02:55:11.505 [com.alibaba.nacos.naming.failover.0] [none] DEBUG com.alibaba.nacos.client.naming - failover switch is not found, 00-00---000-VIPSRV_FAILOVER_SWITCH-000---00-00
2026-05-23 02:55:16.507 [com.alibaba.nacos.naming.failover.0] [none] DEBUG com.alibaba.nacos.client.naming - failover switch is not found, 00-00---000-VIPSRV_FAILOVER_SWITCH-000---00-00
2026-05-23 02:55:21.508 [com.alibaba.nacos.naming.failover.0] [none] DEBUG com.alibaba.nacos.client.naming - failover switch is not found, 00-00---000-VIPSRV_FAILOVER_SWITCH-000---00-00
2026-05-23 02:55:26.508 [com.alibaba.nacos.naming.failover.0] [none] DEBUG com.alibaba.nacos.client.naming - failover switch is not found, 00-00---000-VIPSRV_FAILOVER_SWITCH-000---00-00
2026-05-23 02:55:31.509 [com.alibaba.nacos.naming.failover.0] [none] DEBUG com.alibaba.nacos.client.naming - failover switch is not found, 00-00---000-VIPSRV_FAILOVER_SWITCH-000---00-00
2026-05-23 02:55:36.512 [com.alibaba.nacos.naming.failover.0] [none] DEBUG com.alibaba.nacos.client.naming - failover switch is not found, 00-00---000-VIPSRV_FAILOVER_SWITCH-000---00-00
2026-05-23 02:55:41.514 [com.alibaba.nacos.naming.failover.0] [none] DEBUG com.alibaba.nacos.client.naming - failover switch is not found, 00-00---000-VIPSRV_FAILOVER_SWITCH-000---00-00
2026-05-23 02:55:46.514 [com.alibaba.nacos.naming.failover.0] [none] DEBUG com.alibaba.nacos.client.naming - failover switch is not found, 00-00---000-VIPSRV_FAILOVER_SWITCH-000---00-00
2026-05-23 02:55:51.516 [com.alibaba.nacos.naming.failover.0] [none] DEBUG com.alibaba.nacos.client.naming - failover switch is not found, 00-00---000-VIPSRV_FAILOVER_SWITCH-000---00-00
2026-05-23 02:55:56.516 [com.alibaba.nacos.naming.failover.0] [none] DEBUG com.alibaba.nacos.client.naming - failover switch is not found, 00-00---000-VIPSRV_FAILOVER_SWITCH-000---00-00
2026-05-23 02:56:01.518 [com.alibaba.nacos.naming.failover.0] [none] DEBUG com.alibaba.nacos.client.naming - failover switch is not found, 00-00---000-VIPSRV_FAILOVER_SWITCH-000---00-00
2026-05-23 02:56:06.519 [com.alibaba.nacos.naming.failover.0] [none] DEBUG com.alibaba.nacos.client.naming - failover switch is not found, 00-00---000-VIPSRV_FAILOVER_SWITCH-000---00-00
2026-05-23 02:56:11.520 [com.alibaba.nacos.naming.failover.0] [none] DEBUG com.alibaba.nacos.client.naming - failover switch is not found, 00-00---000-VIPSRV_FAILOVER_SWITCH-000---00-00
2026-05-23 02:56:16.521 [com.alibaba.nacos.naming.failover.0] [none] DEBUG com.alibaba.nacos.client.naming - failover switch is not found, 00-00---000-VIPSRV_FAILOVER_SWITCH-000---00-00
2026-05-23 02:56:21.521 [com.alibaba.nacos.naming.failover.0] [none] DEBUG com.alibaba.nacos.client.naming - failover switch is not found, 00-00---000-VIPSRV_FAILOVER_SWITCH-000---00-00
2026-05-23 02:56:26.522 [com.alibaba.nacos.naming.failover.0] [none] DEBUG com.alibaba.nacos.client.naming - failover switch is not found, 00-00---000-VIPSRV_FAILOVER_SWITCH-000---00-00
2026-05-23 02:56:31.523 [com.alibaba.nacos.naming.failover.0] [none] DEBUG com.alibaba.nacos.client.naming - failover switch is not found, 00-00---000-VIPSRV_FAILOVER_SWITCH-000---00-00
2026-05-23 02:56:36.525 [com.alibaba.nacos.naming.failover.0] [none] DEBUG com.alibaba.nacos.client.naming - failover switch is not found, 00-00---000-VIPSRV_FAILOVER_SWITCH-000---00-00
2026-05-23 02:56:41.526 [com.alibaba.nacos.naming.failover.0] [none] DEBUG com.alibaba.nacos.client.naming - failover switch is not found, 00-00---000-VIPSRV_FAILOVER_SWITCH-000---00-00
2026-05-23 02:56:46.527 [com.alibaba.nacos.naming.failover.0] [none] DEBUG com.alibaba.nacos.client.naming - failover switch is not found, 00-00---000-VIPSRV_FAILOVER_SWITCH-000---00-00
2026-05-23 02:56:51.528 [com.alibaba.nacos.naming.failover.0] [none] DEBUG com.alibaba.nacos.client.naming - failover switch is not found, 00-00---000-VIPSRV_FAILOVER_SWITCH-000---00-00
2026-05-23 02:56:56.529 [com.alibaba.nacos.naming.failover.0] [none] DEBUG com.alibaba.nacos.client.naming - failover switch is not found, 00-00---000-VIPSRV_FAILOVER_SWITCH-000---00-00
2026-05-23 02:57:01.529 [com.alibaba.nacos.naming.failover.0] [none] DEBUG com.alibaba.nacos.client.naming - failover switch is not found, 00-00---000-VIPSRV_FAILOVER_SWITCH-000---00-00
2026-05-23 02:57:06.530 [com.alibaba.nacos.naming.failover.0] [none] DEBUG com.alibaba.nacos.client.naming - failover switch is not found, 00-00---000-VIPSRV_FAILOVER_SWITCH-000---00-00
2026-05-23 02:57:11.531 [com.alibaba.nacos.naming.failover.0] [none] DEBUG com.alibaba.nacos.client.naming - failover switch is not found, 00-00---000-VIPSRV_FAILOVER_SWITCH-000---00-00
2026-05-23 02:57:16.532 [com.alibaba.nacos.naming.failover.0] [none] DEBUG com.alibaba.nacos.client.naming - failover switch is not found, 00-00---000-VIPSRV_FAILOVER_SWITCH-000---00-00
2026-05-23 02:57:21.533 [com.alibaba.nacos.naming.failover.0] [none] DEBUG com.alibaba.nacos.client.naming - failover switch is not found, 00-00---000-VIPSRV_FAILOVER_SWITCH-000---00-00
2026-05-23 02:57:26.536 [com.alibaba.nacos.naming.failover.0] [none] DEBUG com.alibaba.nacos.client.naming - failover switch is not found, 00-00---000-VIPSRV_FAILOVER_SWITCH-000---00-00
2026-05-23 02:57:31.537 [com.alibaba.nacos.naming.failover.0] [none] DEBUG com.alibaba.nacos.client.naming - failover switch is not found, 00-00---000-VIPSRV_FAILOVER_SWITCH-000---00-00
2026-05-23 02:57:36.539 [com.alibaba.nacos.naming.failover.0] [none] DEBUG com.alibaba.nacos.client.naming - failover switch is not found, 00-00---000-VIPSRV_FAILOVER_SWITCH-000---00-00
2026-05-23 02:57:41.539 [com.alibaba.nacos.naming.failover.0] [none] DEBUG com.alibaba.nacos.client.naming - failover switch is not found, 00-00---000-VIPSRV_FAILOVER_SWITCH-000---00-00
2026-05-23 02:57:46.541 [com.alibaba.nacos.naming.failover.0] [none] DEBUG com.alibaba.nacos.client.naming - failover switch is not found, 00-00---000-VIPSRV_FAILOVER_SWITCH-000---00-00
2026-05-23 02:57:51.550 [com.alibaba.nacos.naming.failover.0] [none] DEBUG com.alibaba.nacos.client.naming - failover switch is not found, 00-00---000-VIPSRV_FAILOVER_SWITCH-000---00-00
2026-05-23 02:57:56.551 [com.alibaba.nacos.naming.failover.0] [none] DEBUG com.alibaba.nacos.client.naming - failover switch is not found, 00-00---000-VIPSRV_FAILOVER_SWITCH-000---00-00
2026-05-23 02:58:01.552 [com.alibaba.nacos.naming.failover.0] [none] DEBUG com.alibaba.nacos.client.naming - failover switch is not found, 00-00---000-VIPSRV_FAILOVER_SWITCH-000---00-00
2026-05-23 02:58:06.553 [com.alibaba.nacos.naming.failover.0] [none] DEBUG com.alibaba.nacos.client.naming - failover switch is not found, 00-00---000-VIPSRV_FAILOVER_SWITCH-000---00-00
2026-05-23 02:58:11.554 [com.alibaba.nacos.naming.failover.0] [none] DEBUG com.alibaba.nacos.client.naming - failover switch is not found, 00-00---000-VIPSRV_FAILOVER_SWITCH-000---00-00
2026-05-23 02:58:16.556 [com.alibaba.nacos.naming.failover.0] [none] DEBUG com.alibaba.nacos.client.naming - failover switch is not found, 00-00---000-VIPSRV_FAILOVER_SWITCH-000---00-00
2026-05-23 02:58:21.557 [com.alibaba.nacos.naming.failover.0] [none] DEBUG com.alibaba.nacos.client.naming - failover switch is not found, 00-00---000-VIPSRV_FAILOVER_SWITCH-000---00-00
2026-05-23 02:58:26.627 [com.alibaba.nacos.naming.failover.0] [none] DEBUG com.alibaba.nacos.client.naming - failover switch is not found, 00-00---000-VIPSRV_FAILOVER_SWITCH-000---00-00
2026-05-23 02:58:31.629 [com.alibaba.nacos.naming.failover.0] [none] DEBUG com.alibaba.nacos.client.naming - failover switch is not found, 00-00---000-VIPSRV_FAILOVER_SWITCH-000---00-00
2026-05-23 02:58:36.630 [com.alibaba.nacos.naming.failover.0] [none] DEBUG com.alibaba.nacos.client.naming - failover switch is not found, 00-00---000-VIPSRV_FAILOVER_SWITCH-000---00-00
2026-05-23 02:58:41.666 [com.alibaba.nacos.naming.failover.0] [none] DEBUG com.alibaba.nacos.client.naming - failover switch is not found, 00-00---000-VIPSRV_FAILOVER_SWITCH-000---00-00
2026-05-23 02:58:46.668 [com.alibaba.nacos.naming.failover.0] [none] DEBUG com.alibaba.nacos.client.naming - failover switch is not found, 00-00---000-VIPSRV_FAILOVER_SWITCH-000---00-00
2026-05-23 02:58:51.669 [com.alibaba.nacos.naming.failover.0] [none] DEBUG com.alibaba.nacos.client.naming - failover switch is not found, 00-00---000-VIPSRV_FAILOVER_SWITCH-000---00-00
2026-05-23 02:58:56.677 [com.alibaba.nacos.naming.failover.0] [none] DEBUG com.alibaba.nacos.client.naming - failover switch is not found, 00-00---000-VIPSRV_FAILOVER_SWITCH-000---00-00
2026-05-23 02:59:01.680 [com.alibaba.nacos.naming.failover.0] [none] DEBUG com.alibaba.nacos.client.naming - failover switch is not found, 00-00---000-VIPSRV_FAILOVER_SWITCH-000---00-00
2026-05-23 02:59:06.680 [com.alibaba.nacos.naming.failover.0] [none] DEBUG com.alibaba.nacos.client.naming - failover switch is not found, 00-00---000-VIPSRV_FAILOVER_SWITCH-000---00-00
2026-05-23 02:59:11.682 [com.alibaba.nacos.naming.failover.0] [none] DEBUG com.alibaba.nacos.client.naming - failover switch is not found, 00-00---000-VIPSRV_FAILOVER_SWITCH-000---00-00
2026-05-23 02:59:16.683 [com.alibaba.nacos.naming.failover.0] [none] DEBUG com.alibaba.nacos.client.naming - failover switch is not found, 00-00---000-VIPSRV_FAILOVER_SWITCH-000---00-00
2026-05-23 02:59:21.685 [com.alibaba.nacos.naming.failover.0] [none] DEBUG com.alibaba.nacos.client.naming - failover switch is not found, 00-00---000-VIPSRV_FAILOVER_SWITCH-000---00-00
2026-05-23 02:59:26.687 [com.alibaba.nacos.naming.failover.0] [none] DEBUG com.alibaba.nacos.client.naming - failover switch is not found, 00-00---000-VIPSRV_FAILOVER_SWITCH-000---00-00
2026-05-23 02:59:31.689 [com.alibaba.nacos.naming.failover.0] [none] DEBUG com.alibaba.nacos.client.naming - failover switch is not found, 00-00---000-VIPSRV_FAILOVER_SWITCH-000---00-00
2026-05-23 02:59:36.689 [com.alibaba.nacos.naming.failover.0] [none] DEBUG com.alibaba.nacos.client.naming - failover switch is not found, 00-00---000-VIPSRV_FAILOVER_SWITCH-000---00-00
2026-05-23 02:59:41.691 [com.alibaba.nacos.naming.failover.0] [none] DEBUG com.alibaba.nacos.client.naming - failover switch is not found, 00-00---000-VIPSRV_FAILOVER_SWITCH-000---00-00
2026-05-23 02:59:46.692 [com.alibaba.nacos.naming.failover.0] [none] DEBUG com.alibaba.nacos.client.naming - failover switch is not found, 00-00---000-VIPSRV_FAILOVER_SWITCH-000---00-00
2026-05-23 02:59:51.694 [com.alibaba.nacos.naming.failover.0] [none] DEBUG com.alibaba.nacos.client.naming - failover switch is not found, 00-00---000-VIPSRV_FAILOVER_SWITCH-000---00-00
2026-05-23 02:59:56.695 [com.alibaba.nacos.naming.failover.0] [none] DEBUG com.alibaba.nacos.client.naming - failover switch is not found, 00-00---000-VIPSRV_FAILOVER_SWITCH-000---00-00
2026-05-23 03:00:01.695 [com.alibaba.nacos.naming.failover.0] [none] DEBUG com.alibaba.nacos.client.naming - failover switch is not found, 00-00---000-VIPSRV_FAILOVER_SWITCH-000---00-00
2026-05-23 03:00:06.699 [com.alibaba.nacos.naming.failover.0] [none] DEBUG com.alibaba.nacos.client.naming - failover switch is not found, 00-00---000-VIPSRV_FAILOVER_SWITCH-000---00-00
2026-05-23 03:00:11.710 [com.alibaba.nacos.naming.failover.0] [none] DEBUG com.alibaba.nacos.client.naming - failover switch is not found, 00-00---000-VIPSRV_FAILOVER_SWITCH-000---00-00
2026-05-23 03:00:16.710 [com.alibaba.nacos.naming.failover.0] [none] DEBUG com.alibaba.nacos.client.naming - failover switch is not found, 00-00---000-VIPSRV_FAILOVER_SWITCH-000---00-00
2026-05-23 03:00:21.712 [com.alibaba.nacos.naming.failover.0] [none] DEBUG com.alibaba.nacos.client.naming - failover switch is not found, 00-00---000-VIPSRV_FAILOVER_SWITCH-000---00-00
2026-05-23 03:00:26.712 [com.alibaba.nacos.naming.failover.0] [none] DEBUG com.alibaba.nacos.client.naming - failover switch is not found, 00-00---000-VIPSRV_FAILOVER_SWITCH-000---00-00
2026-05-23 03:00:31.714 [com.alibaba.nacos.naming.failover.0] [none] DEBUG com.alibaba.nacos.client.naming - failover switch is not found, 00-00---000-VIPSRV_FAILOVER_SWITCH-000---00-00
2026-05-23 03:00:36.715 [com.alibaba.nacos.naming.failover.0] [none] DEBUG com.alibaba.nacos.client.naming - failover switch is not found, 00-00---000-VIPSRV_FAILOVER_SWITCH-000---00-00
2026-05-23 03:00:41.729 [com.alibaba.nacos.naming.failover.0] [none] DEBUG com.alibaba.nacos.client.naming - failover switch is not found, 00-00---000-VIPSRV_FAILOVER_SWITCH-000---00-00
2026-05-23 03:00:46.730 [com.alibaba.nacos.naming.failover.0] [none] DEBUG com.alibaba.nacos.client.naming - failover switch is not found, 00-00---000-VIPSRV_FAILOVER_SWITCH-000---00-00
2026-05-23 03:00:51.733 [com.alibaba.nacos.naming.failover.0] [none] DEBUG com.alibaba.nacos.client.naming - failover switch is not found, 00-00---000-VIPSRV_FAILOVER_SWITCH-000---00-00
2026-05-23 03:00:56.734 [com.alibaba.nacos.naming.failover.0] [none] DEBUG com.alibaba.nacos.client.naming - failover switch is not found, 00-00---000-VIPSRV_FAILOVER_SWITCH-000---00-00
2026-05-23 03:01:01.735 [com.alibaba.nacos.naming.failover.0] [none] DEBUG com.alibaba.nacos.client.naming - failover switch is not found, 00-00---000-VIPSRV_FAILOVER_SWITCH-000---00-00
2026-05-23 03:01:06.735 [com.alibaba.nacos.naming.failover.0] [none] DEBUG com.alibaba.nacos.client.naming - failover switch is not found, 00-00---000-VIPSRV_FAILOVER_SWITCH-000---00-00
2026-05-23 03:01:11.737 [com.alibaba.nacos.naming.failover.0] [none] DEBUG com.alibaba.nacos.client.naming - failover switch is not found, 00-00---000-VIPSRV_FAILOVER_SWITCH-000---00-00
2026-05-23 03:01:16.738 [com.alibaba.nacos.naming.failover.0] [none] DEBUG com.alibaba.nacos.client.naming - failover switch is not found, 00-00---000-VIPSRV_FAILOVER_SWITCH-000---00-00
2026-05-23 03:01:21.739 [com.alibaba.nacos.naming.failover.0] [none] DEBUG com.alibaba.nacos.client.naming - failover switch is not found, 00-00---000-VIPSRV_FAILOVER_SWITCH-000---00-00
2026-05-23 03:01:26.749 [com.alibaba.nacos.naming.failover.0] [none] DEBUG com.alibaba.nacos.client.naming - failover switch is not found, 00-00---000-VIPSRV_FAILOVER_SWITCH-000---00-00
2026-05-23 03:01:31.751 [com.alibaba.nacos.naming.failover.0] [none] DEBUG com.alibaba.nacos.client.naming - failover switch is not found, 00-00---000-VIPSRV_FAILOVER_SWITCH-000---00-00
2026-05-23 03:01:36.754 [com.alibaba.nacos.naming.failover.0] [none] DEBUG com.alibaba.nacos.client.naming - failover switch is not found, 00-00---000-VIPSRV_FAILOVER_SWITCH-000---00-00
2026-05-23 03:01:41.761 [com.alibaba.nacos.naming.failover.0] [none] DEBUG com.alibaba.nacos.client.naming - failover switch is not found, 00-00---000-VIPSRV_FAILOVER_SWITCH-000---00-00
2026-05-23 03:01:46.762 [com.alibaba.nacos.naming.failover.0] [none] DEBUG com.alibaba.nacos.client.naming - failover switch is not found, 00-00---000-VIPSRV_FAILOVER_SWITCH-000---00-00
2026-05-23 03:01:51.763 [com.alibaba.nacos.naming.failover.0] [none] DEBUG com.alibaba.nacos.client.naming - failover switch is not found, 00-00---000-VIPSRV_FAILOVER_SWITCH-000---00-00
2026-05-23 03:01:56.764 [com.alibaba.nacos.naming.failover.0] [none] DEBUG com.alibaba.nacos.client.naming - failover switch is not found, 00-00---000-VIPSRV_FAILOVER_SWITCH-000---00-00
2026-05-23 03:02:01.765 [com.alibaba.nacos.naming.failover.0] [none] DEBUG com.alibaba.nacos.client.naming - failover switch is not found, 00-00---000-VIPSRV_FAILOVER_SWITCH-000---00-00
2026-05-23 03:02:06.766 [com.alibaba.nacos.naming.failover.0] [none] DEBUG com.alibaba.nacos.client.naming - failover switch is not found, 00-00---000-VIPSRV_FAILOVER_SWITCH-000---00-00
2026-05-23 03:02:11.814 [com.alibaba.nacos.naming.failover.0] [none] DEBUG com.alibaba.nacos.client.naming - failover switch is not found, 00-00---000-VIPSRV_FAILOVER_SWITCH-000---00-00
2026-05-23 03:02:16.817 [com.alibaba.nacos.naming.failover.0] [none] DEBUG com.alibaba.nacos.client.naming - failover switch is not found, 00-00---000-VIPSRV_FAILOVER_SWITCH-000---00-00
2026-05-23 03:02:21.818 [com.alibaba.nacos.naming.failover.0] [none] DEBUG com.alibaba.nacos.client.naming - failover switch is not found, 00-00---000-VIPSRV_FAILOVER_SWITCH-000---00-00
2026-05-23 03:02:26.819 [com.alibaba.nacos.naming.failover.0] [none] DEBUG com.alibaba.nacos.client.naming - failover switch is not found, 00-00---000-VIPSRV_FAILOVER_SWITCH-000---00-00
2026-05-23 03:02:31.820 [com.alibaba.nacos.naming.failover.0] [none] DEBUG com.alibaba.nacos.client.naming - failover switch is not found, 00-00---000-VIPSRV_FAILOVER_SWITCH-000---00-00
2026-05-23 03:02:36.821 [com.alibaba.nacos.naming.failover.0] [none] DEBUG com.alibaba.nacos.client.naming - failover switch is not found, 00-00---000-VIPSRV_FAILOVER_SWITCH-000---00-00
2026-05-23 03:02:41.825 [com.alibaba.nacos.naming.failover.0] [none] DEBUG com.alibaba.nacos.client.naming - failover switch is not found, 00-00---000-VIPSRV_FAILOVER_SWITCH-000---00-00
2026-05-23 03:02:46.826 [com.alibaba.nacos.naming.failover.0] [none] DEBUG com.alibaba.nacos.client.naming - failover switch is not found, 00-00---000-VIPSRV_FAILOVER_SWITCH-000---00-00
2026-05-23 03:02:51.827 [com.alibaba.nacos.naming.failover.0] [none] DEBUG com.alibaba.nacos.client.naming - failover switch is not found, 00-00---000-VIPSRV_FAILOVER_SWITCH-000---00-00
2026-05-23 03:02:56.828 [com.alibaba.nacos.naming.failover.0] [none] DEBUG com.alibaba.nacos.client.naming - failover switch is not found, 00-00---000-VIPSRV_FAILOVER_SWITCH-000---00-00
2026-05-23 03:03:01.829 [com.alibaba.nacos.naming.failover.0] [none] DEBUG com.alibaba.nacos.client.naming - failover switch is not found, 00-00---000-VIPSRV_FAILOVER_SWITCH-000---00-00
2026-05-23 03:03:06.830 [com.alibaba.nacos.naming.failover.0] [none] DEBUG com.alibaba.nacos.client.naming - failover switch is not found, 00-00---000-VIPSRV_FAILOVER_SWITCH-000---00-00
2026-05-23 03:03:11.832 [com.alibaba.nacos.naming.failover.0] [none] DEBUG com.alibaba.nacos.client.naming - failover switch is not found, 00-00---000-VIPSRV_FAILOVER_SWITCH-000---00-00
2026-05-23 03:03:16.834 [com.alibaba.nacos.naming.failover.0] [none] DEBUG com.alibaba.nacos.client.naming - failover switch is not found, 00-00---000-VIPSRV_FAILOVER_SWITCH-000---00-00
2026-05-23 03:03:21.836 [com.alibaba.nacos.naming.failover.0] [none] DEBUG com.alibaba.nacos.client.naming - failover switch is not found, 00-00---000-VIPSRV_FAILOVER_SWITCH-000---00-00
2026-05-23 03:03:26.838 [com.alibaba.nacos.naming.failover.0] [none] DEBUG com.alibaba.nacos.client.naming - failover switch is not found, 00-00---000-VIPSRV_FAILOVER_SWITCH-000---00-00
2026-05-23 03:03:31.840 [com.alibaba.nacos.naming.failover.0] [none] DEBUG com.alibaba.nacos.client.naming - failover switch is not found, 00-00---000-VIPSRV_FAILOVER_SWITCH-000---00-00
2026-05-23 03:03:36.840 [com.alibaba.nacos.naming.failover.0] [none] DEBUG com.alibaba.nacos.client.naming - failover switch is not found, 00-00---000-VIPSRV_FAILOVER_SWITCH-000---00-00
2026-05-23 03:03:41.841 [com.alibaba.nacos.naming.failover.0] [none] DEBUG com.alibaba.nacos.client.naming - failover switch is not found, 00-00---000-VIPSRV_FAILOVER_SWITCH-000---00-00
2026-05-23 03:03:46.842 [com.alibaba.nacos.naming.failover.0] [none] DEBUG com.alibaba.nacos.client.naming - failover switch is not found, 00-00---000-VIPSRV_FAILOVER_SWITCH-000---00-00
2026-05-23 03:03:51.843 [com.alibaba.nacos.naming.failover.0] [none] DEBUG com.alibaba.nacos.client.naming - failover switch is not found, 00-00---000-VIPSRV_FAILOVER_SWITCH-000---00-00
2026-05-23 03:03:56.844 [com.alibaba.nacos.naming.failover.0] [none] DEBUG com.alibaba.nacos.client.naming - failover switch is not found, 00-00---000-VIPSRV_FAILOVER_SWITCH-000---00-00
2026-05-23 03:04:01.845 [com.alibaba.nacos.naming.failover.0] [none] DEBUG com.alibaba.nacos.client.naming - failover switch is not found, 00-00---000-VIPSRV_FAILOVER_SWITCH-000---00-00
2026-05-23 03:04:06.847 [com.alibaba.nacos.naming.failover.0] [none] DEBUG com.alibaba.nacos.client.naming - failover switch is not found, 00-00---000-VIPSRV_FAILOVER_SWITCH-000---00-00
2026-05-23 03:04:11.847 [com.alibaba.nacos.naming.failover.0] [none] DEBUG com.alibaba.nacos.client.naming - failover switch is not found, 00-00---000-VIPSRV_FAILOVER_SWITCH-000---00-00
2026-05-23 03:04:16.849 [com.alibaba.nacos.naming.failover.0] [none] DEBUG com.alibaba.nacos.client.naming - failover switch is not found, 00-00---000-VIPSRV_FAILOVER_SWITCH-000---00-00
2026-05-23 03:04:21.849 [com.alibaba.nacos.naming.failover.0] [none] DEBUG com.alibaba.nacos.client.naming - failover switch is not found, 00-00---000-VIPSRV_FAILOVER_SWITCH-000---00-00
2026-05-23 03:04:26.850 [com.alibaba.nacos.naming.failover.0] [none] DEBUG com.alibaba.nacos.client.naming - failover switch is not found, 00-00---000-VIPSRV_FAILOVER_SWITCH-000---00-00
2026-05-23 03:04:31.851 [com.alibaba.nacos.naming.failover.0] [none] DEBUG com.alibaba.nacos.client.naming - failover switch is not found, 00-00---000-VIPSRV_FAILOVER_SWITCH-000---00-00
2026-05-23 03:04:36.852 [com.alibaba.nacos.naming.failover.0] [none] DEBUG com.alibaba.nacos.client.naming - failover switch is not found, 00-00---000-VIPSRV_FAILOVER_SWITCH-000---00-00
2026-05-23 03:04:41.853 [com.alibaba.nacos.naming.failover.0] [none] DEBUG com.alibaba.nacos.client.naming - failover switch is not found, 00-00---000-VIPSRV_FAILOVER_SWITCH-000---00-00
2026-05-23 03:04:46.855 [com.alibaba.nacos.naming.failover.0] [none] DEBUG com.alibaba.nacos.client.naming - failover switch is not found, 00-00---000-VIPSRV_FAILOVER_SWITCH-000---00-00
2026-05-23 03:04:51.856 [com.alibaba.nacos.naming.failover.0] [none] DEBUG com.alibaba.nacos.client.naming - failover switch is not found, 00-00---000-VIPSRV_FAILOVER_SWITCH-000---00-00
2026-05-23 03:04:56.858 [com.alibaba.nacos.naming.failover.0] [none] DEBUG com.alibaba.nacos.client.naming - failover switch is not found, 00-00---000-VIPSRV_FAILOVER_SWITCH-000---00-00
2026-05-23 03:05:01.859 [com.alibaba.nacos.naming.failover.0] [none] DEBUG com.alibaba.nacos.client.naming - failover switch is not found, 00-00---000-VIPSRV_FAILOVER_SWITCH-000---00-00
2026-05-23 03:05:06.860 [com.alibaba.nacos.naming.failover.0] [none] DEBUG com.alibaba.nacos.client.naming - failover switch is not found, 00-00---000-VIPSRV_FAILOVER_SWITCH-000---00-00
2026-05-23 03:05:11.861 [com.alibaba.nacos.naming.failover.0] [none] DEBUG com.alibaba.nacos.client.naming - failover switch is not found, 00-00---000-VIPSRV_FAILOVER_SWITCH-000---00-00
2026-05-23 03:05:16.862 [com.alibaba.nacos.naming.failover.0] [none] DEBUG com.alibaba.nacos.client.naming - failover switch is not found, 00-00---000-VIPSRV_FAILOVER_SWITCH-000---00-00
2026-05-23 03:05:21.863 [com.alibaba.nacos.naming.failover.0] [none] DEBUG com.alibaba.nacos.client.naming - failover switch is not found, 00-00---000-VIPSRV_FAILOVER_SWITCH-000---00-00
2026-05-23 03:05:26.864 [com.alibaba.nacos.naming.failover.0] [none] DEBUG com.alibaba.nacos.client.naming - failover switch is not found, 00-00---000-VIPSRV_FAILOVER_SWITCH-000---00-00
2026-05-23 03:05:31.867 [com.alibaba.nacos.naming.failover.0] [none] DEBUG com.alibaba.nacos.client.naming - failover switch is not found, 00-00---000-VIPSRV_FAILOVER_SWITCH-000---00-00
2026-05-23 03:05:36.867 [com.alibaba.nacos.naming.failover.0] [none] DEBUG com.alibaba.nacos.client.naming - failover switch is not found, 00-00---000-VIPSRV_FAILOVER_SWITCH-000---00-00
2026-05-23 03:05:41.869 [com.alibaba.nacos.naming.failover.0] [none] DEBUG com.alibaba.nacos.client.naming - failover switch is not found, 00-00---000-VIPSRV_FAILOVER_SWITCH-000---00-00
2026-05-23 03:05:46.870 [com.alibaba.nacos.naming.failover.0] [none] DEBUG com.alibaba.nacos.client.naming - failover switch is not found, 00-00---000-VIPSRV_FAILOVER_SWITCH-000---00-00
2026-05-23 03:05:51.872 [com.alibaba.nacos.naming.failover.0] [none] DEBUG com.alibaba.nacos.client.naming - failover switch is not found, 00-00---000-VIPSRV_FAILOVER_SWITCH-000---00-00
2026-05-23 03:05:56.872 [com.alibaba.nacos.naming.failover.0] [none] DEBUG com.alibaba.nacos.client.naming - failover switch is not found, 00-00---000-VIPSRV_FAILOVER_SWITCH-000---00-00
2026-05-23 03:06:01.873 [com.alibaba.nacos.naming.failover.0] [none] DEBUG com.alibaba.nacos.client.naming - failover switch is not found, 00-00---000-VIPSRV_FAILOVER_SWITCH-000---00-00
2026-05-23 03:06:06.873 [com.alibaba.nacos.naming.failover.0] [none] DEBUG com.alibaba.nacos.client.naming - failover switch is not found, 00-00---000-VIPSRV_FAILOVER_SWITCH-000---00-00
2026-05-23 03:06:11.874 [com.alibaba.nacos.naming.failover.0] [none] DEBUG com.alibaba.nacos.client.naming - failover switch is not found, 00-00---000-VIPSRV_FAILOVER_SWITCH-000---00-00
2026-05-23 03:06:16.876 [com.alibaba.nacos.naming.failover.0] [none] DEBUG com.alibaba.nacos.client.naming - failover switch is not found, 00-00---000-VIPSRV_FAILOVER_SWITCH-000---00-00
2026-05-23 03:06:21.877 [com.alibaba.nacos.naming.failover.0] [none] DEBUG com.alibaba.nacos.client.naming - failover switch is not found, 00-00---000-VIPSRV_FAILOVER_SWITCH-000---00-00
2026-05-23 03:06:26.885 [com.alibaba.nacos.naming.failover.0] [none] DEBUG com.alibaba.nacos.client.naming - failover switch is not found, 00-00---000-VIPSRV_FAILOVER_SWITCH-000---00-00
2026-05-23 03:06:31.887 [com.alibaba.nacos.naming.failover.0] [none] DEBUG com.alibaba.nacos.client.naming - failover switch is not found, 00-00---000-VIPSRV_FAILOVER_SWITCH-000---00-00
2026-05-23 03:06:36.887 [com.alibaba.nacos.naming.failover.0] [none] DEBUG com.alibaba.nacos.client.naming - failover switch is not found, 00-00---000-VIPSRV_FAILOVER_SWITCH-000---00-00
2026-05-23 03:06:41.888 [com.alibaba.nacos.naming.failover.0] [none] DEBUG com.alibaba.nacos.client.naming - failover switch is not found, 00-00---000-VIPSRV_FAILOVER_SWITCH-000---00-00
2026-05-23 03:06:46.891 [com.alibaba.nacos.naming.failover.0] [none] DEBUG com.alibaba.nacos.client.naming - failover switch is not found, 00-00---000-VIPSRV_FAILOVER_SWITCH-000---00-00
2026-05-23 03:06:51.892 [com.alibaba.nacos.naming.failover.0] [none] DEBUG com.alibaba.nacos.client.naming - failover switch is not found, 00-00---000-VIPSRV_FAILOVER_SWITCH-000---00-00
2026-05-23 03:06:56.893 [com.alibaba.nacos.naming.failover.0] [none] DEBUG com.alibaba.nacos.client.naming - failover switch is not found, 00-00---000-VIPSRV_FAILOVER_SWITCH-000---00-00
2026-05-23 03:07:01.895 [com.alibaba.nacos.naming.failover.0] [none] DEBUG com.alibaba.nacos.client.naming - failover switch is not found, 00-00---000-VIPSRV_FAILOVER_SWITCH-000---00-00
2026-05-23 03:07:06.895 [com.alibaba.nacos.naming.failover.0] [none] DEBUG com.alibaba.nacos.client.naming - failover switch is not found, 00-00---000-VIPSRV_FAILOVER_SWITCH-000---00-00
2026-05-23 03:07:11.897 [com.alibaba.nacos.naming.failover.0] [none] DEBUG com.alibaba.nacos.client.naming - failover switch is not found, 00-00---000-VIPSRV_FAILOVER_SWITCH-000---00-00
2026-05-23 03:07:16.898 [com.alibaba.nacos.naming.failover.0] [none] DEBUG com.alibaba.nacos.client.naming - failover switch is not found, 00-00---000-VIPSRV_FAILOVER_SWITCH-000---00-00
2026-05-23 03:07:21.899 [com.alibaba.nacos.naming.failover.0] [none] DEBUG com.alibaba.nacos.client.naming - failover switch is not found, 00-00---000-VIPSRV_FAILOVER_SWITCH-000---00-00
2026-05-23 03:07:26.901 [com.alibaba.nacos.naming.failover.0] [none] DEBUG com.alibaba.nacos.client.naming - failover switch is not found, 00-00---000-VIPSRV_FAILOVER_SWITCH-000---00-00
2026-05-23 03:07:31.902 [com.alibaba.nacos.naming.failover.0] [none] DEBUG com.alibaba.nacos.client.naming - failover switch is not found, 00-00---000-VIPSRV_FAILOVER_SWITCH-000---00-00
2026-05-23 03:07:36.902 [com.alibaba.nacos.naming.failover.0] [none] DEBUG com.alibaba.nacos.client.naming - failover switch is not found, 00-00---000-VIPSRV_FAILOVER_SWITCH-000---00-00
2026-05-23 03:07:41.904 [com.alibaba.nacos.naming.failover.0] [none] DEBUG com.alibaba.nacos.client.naming - failover switch is not found, 00-00---000-VIPSRV_FAILOVER_SWITCH-000---00-00
2026-05-23 03:07:46.905 [com.alibaba.nacos.naming.failover.0] [none] DEBUG com.alibaba.nacos.client.naming - failover switch is not found, 00-00---000-VIPSRV_FAILOVER_SWITCH-000---00-00
2026-05-23 03:07:51.906 [com.alibaba.nacos.naming.failover.0] [none] DEBUG com.alibaba.nacos.client.naming - failover switch is not found, 00-00---000-VIPSRV_FAILOVER_SWITCH-000---00-00
2026-05-23 03:07:56.907 [com.alibaba.nacos.naming.failover.0] [none] DEBUG com.alibaba.nacos.client.naming - failover switch is not found, 00-00---000-VIPSRV_FAILOVER_SWITCH-000---00-00
2026-05-23 03:08:01.908 [com.alibaba.nacos.naming.failover.0] [none] DEBUG com.alibaba.nacos.client.naming - failover switch is not found, 00-00---000-VIPSRV_FAILOVER_SWITCH-000---00-00
2026-05-23 03:08:06.908 [com.alibaba.nacos.naming.failover.0] [none] DEBUG com.alibaba.nacos.client.naming - failover switch is not found, 00-00---000-VIPSRV_FAILOVER_SWITCH-000---00-00
2026-05-23 03:08:11.910 [com.alibaba.nacos.naming.failover.0] [none] DEBUG com.alibaba.nacos.client.naming - failover switch is not found, 00-00---000-VIPSRV_FAILOVER_SWITCH-000---00-00
2026-05-23 03:08:16.912 [com.alibaba.nacos.naming.failover.0] [none] DEBUG com.alibaba.nacos.client.naming - failover switch is not found, 00-00---000-VIPSRV_FAILOVER_SWITCH-000---00-00
2026-05-23 03:08:21.912 [com.alibaba.nacos.naming.failover.0] [none] DEBUG com.alibaba.nacos.client.naming - failover switch is not found, 00-00---000-VIPSRV_FAILOVER_SWITCH-000---00-00
2026-05-23 03:08:26.913 [com.alibaba.nacos.naming.failover.0] [none] DEBUG com.alibaba.nacos.client.naming - failover switch is not found, 00-00---000-VIPSRV_FAILOVER_SWITCH-000---00-00
2026-05-23 03:08:31.914 [com.alibaba.nacos.naming.failover.0] [none] DEBUG com.alibaba.nacos.client.naming - failover switch is not found, 00-00---000-VIPSRV_FAILOVER_SWITCH-000---00-00
2026-05-23 03:08:36.915 [com.alibaba.nacos.naming.failover.0] [none] DEBUG com.alibaba.nacos.client.naming - failover switch is not found, 00-00---000-VIPSRV_FAILOVER_SWITCH-000---00-00
2026-05-23 03:08:41.917 [com.alibaba.nacos.naming.failover.0] [none] DEBUG com.alibaba.nacos.client.naming - failover switch is not found, 00-00---000-VIPSRV_FAILOVER_SWITCH-000---00-00
2026-05-23 03:08:46.918 [com.alibaba.nacos.naming.failover.0] [none] DEBUG com.alibaba.nacos.client.naming - failover switch is not found, 00-00---000-VIPSRV_FAILOVER_SWITCH-000---00-00
2026-05-23 03:08:51.920 [com.alibaba.nacos.naming.failover.0] [none] DEBUG com.alibaba.nacos.client.naming - failover switch is not found, 00-00---000-VIPSRV_FAILOVER_SWITCH-000---00-00
2026-05-23 03:08:56.921 [com.alibaba.nacos.naming.failover.0] [none] DEBUG com.alibaba.nacos.client.naming - failover switch is not found, 00-00---000-VIPSRV_FAILOVER_SWITCH-000---00-00
2026-05-23 03:09:01.922 [com.alibaba.nacos.naming.failover.0] [none] DEBUG com.alibaba.nacos.client.naming - failover switch is not found, 00-00---000-VIPSRV_FAILOVER_SWITCH-000---00-00
2026-05-23 03:09:06.923 [com.alibaba.nacos.naming.failover.0] [none] DEBUG com.alibaba.nacos.client.naming - failover switch is not found, 00-00---000-VIPSRV_FAILOVER_SWITCH-000---00-00
2026-05-23 03:09:11.924 [com.alibaba.nacos.naming.failover.0] [none] DEBUG com.alibaba.nacos.client.naming - failover switch is not found, 00-00---000-VIPSRV_FAILOVER_SWITCH-000---00-00
2026-05-23 03:09:16.924 [com.alibaba.nacos.naming.failover.0] [none] DEBUG com.alibaba.nacos.client.naming - failover switch is not found, 00-00---000-VIPSRV_FAILOVER_SWITCH-000---00-00
2026-05-23 03:09:21.926 [com.alibaba.nacos.naming.failover.0] [none] DEBUG com.alibaba.nacos.client.naming - failover switch is not found, 00-00---000-VIPSRV_FAILOVER_SWITCH-000---00-00
2026-05-23 03:09:26.927 [com.alibaba.nacos.naming.failover.0] [none] DEBUG com.alibaba.nacos.client.naming - failover switch is not found, 00-00---000-VIPSRV_FAILOVER_SWITCH-000---00-00
2026-05-23 03:09:31.928 [com.alibaba.nacos.naming.failover.0] [none] DEBUG com.alibaba.nacos.client.naming - failover switch is not found, 00-00---000-VIPSRV_FAILOVER_SWITCH-000---00-00
2026-05-23 03:09:36.930 [com.alibaba.nacos.naming.failover.0] [none] DEBUG com.alibaba.nacos.client.naming - failover switch is not found, 00-00---000-VIPSRV_FAILOVER_SWITCH-000---00-00
2026-05-23 03:09:41.931 [com.alibaba.nacos.naming.failover.0] [none] DEBUG com.alibaba.nacos.client.naming - failover switch is not found, 00-00---000-VIPSRV_FAILOVER_SWITCH-000---00-00
2026-05-23 03:09:46.932 [com.alibaba.nacos.naming.failover.0] [none] DEBUG com.alibaba.nacos.client.naming - failover switch is not found, 00-00---000-VIPSRV_FAILOVER_SWITCH-000---00-00
2026-05-23 03:09:51.933 [com.alibaba.nacos.naming.failover.0] [none] DEBUG com.alibaba.nacos.client.naming - failover switch is not found, 00-00---000-VIPSRV_FAILOVER_SWITCH-000---00-00
2026-05-23 03:09:56.934 [com.alibaba.nacos.naming.failover.0] [none] DEBUG com.alibaba.nacos.client.naming - failover switch is not found, 00-00---000-VIPSRV_FAILOVER_SWITCH-000---00-00
2026-05-23 03:10:01.935 [com.alibaba.nacos.naming.failover.0] [none] DEBUG com.alibaba.nacos.client.naming - failover switch is not found, 00-00---000-VIPSRV_FAILOVER_SWITCH-000---00-00
2026-05-23 03:10:06.936 [com.alibaba.nacos.naming.failover.0] [none] DEBUG com.alibaba.nacos.client.naming - failover switch is not found, 00-00---000-VIPSRV_FAILOVER_SWITCH-000---00-00
2026-05-23 03:10:08.544 [reactor-http-nio-3] [none] INFO  c.c.g.filter.JwtAuthenticationFilter - [PUBLIC PATH] /api/community/users/recommend matched public path, adding INTERNAL_CALL_HEADER
2026-05-23 03:10:08.544 [reactor-http-nio-2] [none] INFO  c.c.g.filter.JwtAuthenticationFilter - [PUBLIC PATH] /api/community/tags/trending matched public path, adding INTERNAL_CALL_HEADER
2026-05-23 03:10:08.555 [reactor-http-nio-4] [none] INFO  c.c.g.filter.JwtAuthenticationFilter - [PUBLIC PATH] /api/product/products/search matched public path, adding INTERNAL_CALL_HEADER
2026-05-23 03:10:08.561 [reactor-http-nio-8] [none] INFO  c.c.g.filter.JwtAuthenticationFilter - [PUBLIC PATH] /api/community/posts/feed matched public path, adding INTERNAL_CALL_HEADER
2026-05-23 03:10:11.937 [com.alibaba.nacos.naming.failover.0] [none] DEBUG com.alibaba.nacos.client.naming - failover switch is not found, 00-00---000-VIPSRV_FAILOVER_SWITCH-000---00-00
2026-05-23 03:10:16.938 [com.alibaba.nacos.naming.failover.0] [none] DEBUG com.alibaba.nacos.client.naming - failover switch is not found, 00-00---000-VIPSRV_FAILOVER_SWITCH-000---00-00
2026-05-23 03:10:21.939 [com.alibaba.nacos.naming.failover.0] [none] DEBUG com.alibaba.nacos.client.naming - failover switch is not found, 00-00---000-VIPSRV_FAILOVER_SWITCH-000---00-00
2026-05-23 03:10:26.939 [com.alibaba.nacos.naming.failover.0] [none] DEBUG com.alibaba.nacos.client.naming - failover switch is not found, 00-00---000-VIPSRV_FAILOVER_SWITCH-000---00-00
2026-05-23 03:10:31.940 [com.alibaba.nacos.naming.failover.0] [none] DEBUG com.alibaba.nacos.client.naming - failover switch is not found, 00-00---000-VIPSRV_FAILOVER_SWITCH-000---00-00
2026-05-23 03:10:36.950 [com.alibaba.nacos.naming.failover.0] [none] DEBUG com.alibaba.nacos.client.naming - failover switch is not found, 00-00---000-VIPSRV_FAILOVER_SWITCH-000---00-00
2026-05-23 03:10:41.954 [com.alibaba.nacos.naming.failover.0] [none] DEBUG com.alibaba.nacos.client.naming - failover switch is not found, 00-00---000-VIPSRV_FAILOVER_SWITCH-000---00-00
2026-05-23 03:10:46.955 [com.alibaba.nacos.naming.failover.0] [none] DEBUG com.alibaba.nacos.client.naming - failover switch is not found, 00-00---000-VIPSRV_FAILOVER_SWITCH-000---00-00
2026-05-23 03:10:51.955 [com.alibaba.nacos.naming.failover.0] [none] DEBUG com.alibaba.nacos.client.naming - failover switch is not found, 00-00---000-VIPSRV_FAILOVER_SWITCH-000---00-00
2026-05-23 03:10:56.956 [com.alibaba.nacos.naming.failover.0] [none] DEBUG com.alibaba.nacos.client.naming - failover switch is not found, 00-00---000-VIPSRV_FAILOVER_SWITCH-000---00-00
2026-05-23 03:11:01.957 [com.alibaba.nacos.naming.failover.0] [none] DEBUG com.alibaba.nacos.client.naming - failover switch is not found, 00-00---000-VIPSRV_FAILOVER_SWITCH-000---00-00
2026-05-23 03:11:06.958 [com.alibaba.nacos.naming.failover.0] [none] DEBUG com.alibaba.nacos.client.naming - failover switch is not found, 00-00---000-VIPSRV_FAILOVER_SWITCH-000---00-00
2026-05-23 03:11:11.958 [com.alibaba.nacos.naming.failover.0] [none] DEBUG com.alibaba.nacos.client.naming - failover switch is not found, 00-00---000-VIPSRV_FAILOVER_SWITCH-000---00-00
2026-05-23 03:11:16.960 [com.alibaba.nacos.naming.failover.0] [none] DEBUG com.alibaba.nacos.client.naming - failover switch is not found, 00-00---000-VIPSRV_FAILOVER_SWITCH-000---00-00
2026-05-23 03:11:21.962 [com.alibaba.nacos.naming.failover.0] [none] DEBUG com.alibaba.nacos.client.naming - failover switch is not found, 00-00---000-VIPSRV_FAILOVER_SWITCH-000---00-00
2026-05-23 03:11:26.962 [com.alibaba.nacos.naming.failover.0] [none] DEBUG com.alibaba.nacos.client.naming - failover switch is not found, 00-00---000-VIPSRV_FAILOVER_SWITCH-000---00-00
2026-05-23 03:11:31.964 [com.alibaba.nacos.naming.failover.0] [none] DEBUG com.alibaba.nacos.client.naming - failover switch is not found, 00-00---000-VIPSRV_FAILOVER_SWITCH-000---00-00
2026-05-23 03:11:36.967 [com.alibaba.nacos.naming.failover.0] [none] DEBUG com.alibaba.nacos.client.naming - failover switch is not found, 00-00---000-VIPSRV_FAILOVER_SWITCH-000---00-00
2026-05-23 03:11:41.969 [com.alibaba.nacos.naming.failover.0] [none] DEBUG com.alibaba.nacos.client.naming - failover switch is not found, 00-00---000-VIPSRV_FAILOVER_SWITCH-000---00-00
2026-05-23 03:11:46.970 [com.alibaba.nacos.naming.failover.0] [none] DEBUG com.alibaba.nacos.client.naming - failover switch is not found, 00-00---000-VIPSRV_FAILOVER_SWITCH-000---00-00
2026-05-23 03:11:51.971 [com.alibaba.nacos.naming.failover.0] [none] DEBUG com.alibaba.nacos.client.naming - failover switch is not found, 00-00---000-VIPSRV_FAILOVER_SWITCH-000---00-00
2026-05-23 03:11:56.971 [com.alibaba.nacos.naming.failover.0] [none] DEBUG com.alibaba.nacos.client.naming - failover switch is not found, 00-00---000-VIPSRV_FAILOVER_SWITCH-000---00-00
2026-05-23 03:12:01.977 [com.alibaba.nacos.naming.failover.0] [none] DEBUG com.alibaba.nacos.client.naming - failover switch is not found, 00-00---000-VIPSRV_FAILOVER_SWITCH-000---00-00
2026-05-23 03:12:06.666 [reactor-http-nio-6] [none] INFO  c.c.g.filter.JwtAuthenticationFilter - [PUBLIC PATH] /api/seckill/activities matched public path, adding INTERNAL_CALL_HEADER
2026-05-23 03:12:06.668 [reactor-http-nio-7] [none] INFO  c.c.g.filter.JwtAuthenticationFilter - [PUBLIC PATH] /api/marketing/group/activities matched public path, adding INTERNAL_CALL_HEADER
2026-05-23 03:12:06.669 [reactor-http-nio-1] [none] INFO  c.c.g.filter.JwtAuthenticationFilter - [PUBLIC PATH] /api/product/categories matched public path, adding INTERNAL_CALL_HEADER
2026-05-23 03:12:06.672 [reactor-http-nio-5] [none] INFO  c.c.g.filter.JwtAuthenticationFilter - [PUBLIC PATH] /api/product/products/search matched public path, adding INTERNAL_CALL_HEADER
2026-05-23 03:12:06.978 [com.alibaba.nacos.naming.failover.0] [none] DEBUG com.alibaba.nacos.client.naming - failover switch is not found, 00-00---000-VIPSRV_FAILOVER_SWITCH-000---00-00
2026-05-23 03:12:07.867 [reactor-http-nio-8] [none] INFO  c.c.g.filter.JwtAuthenticationFilter - [PUBLIC PATH] /api/live/rooms matched public path, adding INTERNAL_CALL_HEADER
2026-05-23 03:12:11.980 [com.alibaba.nacos.naming.failover.0] [none] DEBUG com.alibaba.nacos.client.naming - failover switch is not found, 00-00---000-VIPSRV_FAILOVER_SWITCH-000---00-00
2026-05-23 03:12:16.980 [com.alibaba.nacos.naming.failover.0] [none] DEBUG com.alibaba.nacos.client.naming - failover switch is not found, 00-00---000-VIPSRV_FAILOVER_SWITCH-000---00-00
2026-05-23 03:12:21.982 [com.alibaba.nacos.naming.failover.0] [none] DEBUG com.alibaba.nacos.client.naming - failover switch is not found, 00-00---000-VIPSRV_FAILOVER_SWITCH-000---00-00
2026-05-23 03:12:26.982 [com.alibaba.nacos.naming.failover.0] [none] DEBUG com.alibaba.nacos.client.naming - failover switch is not found, 00-00---000-VIPSRV_FAILOVER_SWITCH-000---00-00
2026-05-23 03:12:31.984 [com.alibaba.nacos.naming.failover.0] [none] DEBUG com.alibaba.nacos.client.naming - failover switch is not found, 00-00---000-VIPSRV_FAILOVER_SWITCH-000---00-00
2026-05-23 03:12:36.985 [com.alibaba.nacos.naming.failover.0] [none] DEBUG com.alibaba.nacos.client.naming - failover switch is not found, 00-00---000-VIPSRV_FAILOVER_SWITCH-000---00-00
2026-05-23 03:12:41.987 [com.alibaba.nacos.naming.failover.0] [none] DEBUG com.alibaba.nacos.client.naming - failover switch is not found, 00-00---000-VIPSRV_FAILOVER_SWITCH-000---00-00
2026-05-23 03:12:46.988 [com.alibaba.nacos.naming.failover.0] [none] DEBUG com.alibaba.nacos.client.naming - failover switch is not found, 00-00---000-VIPSRV_FAILOVER_SWITCH-000---00-00
2026-05-23 03:12:51.989 [com.alibaba.nacos.naming.failover.0] [none] DEBUG com.alibaba.nacos.client.naming - failover switch is not found, 00-00---000-VIPSRV_FAILOVER_SWITCH-000---00-00
2026-05-23 03:12:56.990 [com.alibaba.nacos.naming.failover.0] [none] DEBUG com.alibaba.nacos.client.naming - failover switch is not found, 00-00---000-VIPSRV_FAILOVER_SWITCH-000---00-00
2026-05-23 03:13:01.991 [com.alibaba.nacos.naming.failover.0] [none] DEBUG com.alibaba.nacos.client.naming - failover switch is not found, 00-00---000-VIPSRV_FAILOVER_SWITCH-000---00-00
2026-05-23 03:13:06.992 [com.alibaba.nacos.naming.failover.0] [none] DEBUG com.alibaba.nacos.client.naming - failover switch is not found, 00-00---000-VIPSRV_FAILOVER_SWITCH-000---00-00
2026-05-23 03:13:11.992 [com.alibaba.nacos.naming.failover.0] [none] DEBUG com.alibaba.nacos.client.naming - failover switch is not found, 00-00---000-VIPSRV_FAILOVER_SWITCH-000---00-00
2026-05-23 03:13:16.993 [com.alibaba.nacos.naming.failover.0] [none] DEBUG com.alibaba.nacos.client.naming - failover switch is not found, 00-00---000-VIPSRV_FAILOVER_SWITCH-000---00-00
2026-05-23 03:13:21.994 [com.alibaba.nacos.naming.failover.0] [none] DEBUG com.alibaba.nacos.client.naming - failover switch is not found, 00-00---000-VIPSRV_FAILOVER_SWITCH-000---00-00
2026-05-23 03:13:26.996 [com.alibaba.nacos.naming.failover.0] [none] DEBUG com.alibaba.nacos.client.naming - failover switch is not found, 00-00---000-VIPSRV_FAILOVER_SWITCH-000---00-00
2026-05-23 03:13:31.997 [com.alibaba.nacos.naming.failover.0] [none] DEBUG com.alibaba.nacos.client.naming - failover switch is not found, 00-00---000-VIPSRV_FAILOVER_SWITCH-000---00-00
2026-05-23 03:13:36.998 [com.alibaba.nacos.naming.failover.0] [none] DEBUG com.alibaba.nacos.client.naming - failover switch is not found, 00-00---000-VIPSRV_FAILOVER_SWITCH-000---00-00
2026-05-23 03:13:41.999 [com.alibaba.nacos.naming.failover.0] [none] DEBUG com.alibaba.nacos.client.naming - failover switch is not found, 00-00---000-VIPSRV_FAILOVER_SWITCH-000---00-00
2026-05-23 03:13:47.000 [com.alibaba.nacos.naming.failover.0] [none] DEBUG com.alibaba.nacos.client.naming - failover switch is not found, 00-00---000-VIPSRV_FAILOVER_SWITCH-000---00-00
2026-05-23 03:13:52.000 [com.alibaba.nacos.naming.failover.0] [none] DEBUG com.alibaba.nacos.client.naming - failover switch is not found, 00-00---000-VIPSRV_FAILOVER_SWITCH-000---00-00
2026-05-23 03:13:57.001 [com.alibaba.nacos.naming.failover.0] [none] DEBUG com.alibaba.nacos.client.naming - failover switch is not found, 00-00---000-VIPSRV_FAILOVER_SWITCH-000---00-00
2026-05-23 03:14:02.002 [com.alibaba.nacos.naming.failover.0] [none] DEBUG com.alibaba.nacos.client.naming - failover switch is not found, 00-00---000-VIPSRV_FAILOVER_SWITCH-000---00-00
2026-05-23 03:14:07.003 [com.alibaba.nacos.naming.failover.0] [none] DEBUG com.alibaba.nacos.client.naming - failover switch is not found, 00-00---000-VIPSRV_FAILOVER_SWITCH-000---00-00
2026-05-23 03:14:12.004 [com.alibaba.nacos.naming.failover.0] [none] DEBUG com.alibaba.nacos.client.naming - failover switch is not found, 00-00---000-VIPSRV_FAILOVER_SWITCH-000---00-00
2026-05-23 03:14:17.005 [com.alibaba.nacos.naming.failover.0] [none] DEBUG com.alibaba.nacos.client.naming - failover switch is not found, 00-00---000-VIPSRV_FAILOVER_SWITCH-000---00-00
2026-05-23 03:14:22.006 [com.alibaba.nacos.naming.failover.0] [none] DEBUG com.alibaba.nacos.client.naming - failover switch is not found, 00-00---000-VIPSRV_FAILOVER_SWITCH-000---00-00
2026-05-23 03:14:27.007 [com.alibaba.nacos.naming.failover.0] [none] DEBUG com.alibaba.nacos.client.naming - failover switch is not found, 00-00---000-VIPSRV_FAILOVER_SWITCH-000---00-00
2026-05-23 03:14:32.007 [com.alibaba.nacos.naming.failover.0] [none] DEBUG com.alibaba.nacos.client.naming - failover switch is not found, 00-00---000-VIPSRV_FAILOVER_SWITCH-000---00-00
2026-05-23 03:14:37.009 [com.alibaba.nacos.naming.failover.0] [none] DEBUG com.alibaba.nacos.client.naming - failover switch is not found, 00-00---000-VIPSRV_FAILOVER_SWITCH-000---00-00
2026-05-23 03:14:42.010 [com.alibaba.nacos.naming.failover.0] [none] DEBUG com.alibaba.nacos.client.naming - failover switch is not found, 00-00---000-VIPSRV_FAILOVER_SWITCH-000---00-00
2026-05-23 03:14:47.011 [com.alibaba.nacos.naming.failover.0] [none] DEBUG com.alibaba.nacos.client.naming - failover switch is not found, 00-00---000-VIPSRV_FAILOVER_SWITCH-000---00-00
2026-05-23 03:14:52.012 [com.alibaba.nacos.naming.failover.0] [none] DEBUG com.alibaba.nacos.client.naming - failover switch is not found, 00-00---000-VIPSRV_FAILOVER_SWITCH-000---00-00
2026-05-23 03:14:57.013 [com.alibaba.nacos.naming.failover.0] [none] DEBUG com.alibaba.nacos.client.naming - failover switch is not found, 00-00---000-VIPSRV_FAILOVER_SWITCH-000---00-00
2026-05-23 03:15:02.014 [com.alibaba.nacos.naming.failover.0] [none] DEBUG com.alibaba.nacos.client.naming - failover switch is not found, 00-00---000-VIPSRV_FAILOVER_SWITCH-000---00-00
2026-05-23 03:15:07.015 [com.alibaba.nacos.naming.failover.0] [none] DEBUG com.alibaba.nacos.client.naming - failover switch is not found, 00-00---000-VIPSRV_FAILOVER_SWITCH-000---00-00
2026-05-23 03:15:12.016 [com.alibaba.nacos.naming.failover.0] [none] DEBUG com.alibaba.nacos.client.naming - failover switch is not found, 00-00---000-VIPSRV_FAILOVER_SWITCH-000---00-00
2026-05-23 03:15:17.017 [com.alibaba.nacos.naming.failover.0] [none] DEBUG com.alibaba.nacos.client.naming - failover switch is not found, 00-00---000-VIPSRV_FAILOVER_SWITCH-000---00-00
2026-05-23 03:15:22.017 [com.alibaba.nacos.naming.failover.0] [none] DEBUG com.alibaba.nacos.client.naming - failover switch is not found, 00-00---000-VIPSRV_FAILOVER_SWITCH-000---00-00
2026-05-23 03:15:27.018 [com.alibaba.nacos.naming.failover.0] [none] DEBUG com.alibaba.nacos.client.naming - failover switch is not found, 00-00---000-VIPSRV_FAILOVER_SWITCH-000---00-00
2026-05-23 03:15:32.018 [com.alibaba.nacos.naming.failover.0] [none] DEBUG com.alibaba.nacos.client.naming - failover switch is not found, 00-00---000-VIPSRV_FAILOVER_SWITCH-000---00-00
2026-05-23 03:15:37.019 [com.alibaba.nacos.naming.failover.0] [none] DEBUG com.alibaba.nacos.client.naming - failover switch is not found, 00-00---000-VIPSRV_FAILOVER_SWITCH-000---00-00
2026-05-23 03:15:42.020 [com.alibaba.nacos.naming.failover.0] [none] DEBUG com.alibaba.nacos.client.naming - failover switch is not found, 00-00---000-VIPSRV_FAILOVER_SWITCH-000---00-00
2026-05-23 03:15:43.261 [reactor-http-nio-6] [none] INFO  c.c.g.filter.JwtAuthenticationFilter - [PUBLIC PATH] /api/community/posts/users/1 matched public path, adding INTERNAL_CALL_HEADER
2026-05-23 03:15:47.020 [com.alibaba.nacos.naming.failover.0] [none] DEBUG com.alibaba.nacos.client.naming - failover switch is not found, 00-00---000-VIPSRV_FAILOVER_SWITCH-000---00-00
2026-05-23 03:15:52.021 [com.alibaba.nacos.naming.failover.0] [none] DEBUG com.alibaba.nacos.client.naming - failover switch is not found, 00-00---000-VIPSRV_FAILOVER_SWITCH-000---00-00
2026-05-23 03:15:57.023 [com.alibaba.nacos.naming.failover.0] [none] DEBUG com.alibaba.nacos.client.naming - failover switch is not found, 00-00---000-VIPSRV_FAILOVER_SWITCH-000---00-00
2026-05-23 03:16:02.047 [com.alibaba.nacos.naming.failover.0] [none] DEBUG com.alibaba.nacos.client.naming - failover switch is not found, 00-00---000-VIPSRV_FAILOVER_SWITCH-000---00-00
2026-05-23 03:16:07.049 [com.alibaba.nacos.naming.failover.0] [none] DEBUG com.alibaba.nacos.client.naming - failover switch is not found, 00-00---000-VIPSRV_FAILOVER_SWITCH-000---00-00
2026-05-23 03:16:12.050 [com.alibaba.nacos.naming.failover.0] [none] DEBUG com.alibaba.nacos.client.naming - failover switch is not found, 00-00---000-VIPSRV_FAILOVER_SWITCH-000---00-00
2026-05-23 03:16:17.051 [com.alibaba.nacos.naming.failover.0] [none] DEBUG com.alibaba.nacos.client.naming - failover switch is not found, 00-00---000-VIPSRV_FAILOVER_SWITCH-000---00-00
2026-05-23 03:16:22.051 [com.alibaba.nacos.naming.failover.0] [none] DEBUG com.alibaba.nacos.client.naming - failover switch is not found, 00-00---000-VIPSRV_FAILOVER_SWITCH-000---00-00
2026-05-23 03:16:27.053 [com.alibaba.nacos.naming.failover.0] [none] DEBUG com.alibaba.nacos.client.naming - failover switch is not found, 00-00---000-VIPSRV_FAILOVER_SWITCH-000---00-00
2026-05-23 03:16:32.053 [com.alibaba.nacos.naming.failover.0] [none] DEBUG com.alibaba.nacos.client.naming - failover switch is not found, 00-00---000-VIPSRV_FAILOVER_SWITCH-000---00-00
2026-05-23 03:16:37.054 [com.alibaba.nacos.naming.failover.0] [none] DEBUG com.alibaba.nacos.client.naming - failover switch is not found, 00-00---000-VIPSRV_FAILOVER_SWITCH-000---00-00
2026-05-23 03:16:42.055 [com.alibaba.nacos.naming.failover.0] [none] DEBUG com.alibaba.nacos.client.naming - failover switch is not found, 00-00---000-VIPSRV_FAILOVER_SWITCH-000---00-00
2026-05-23 03:16:47.056 [com.alibaba.nacos.naming.failover.0] [none] DEBUG com.alibaba.nacos.client.naming - failover switch is not found, 00-00---000-VIPSRV_FAILOVER_SWITCH-000---00-00
2026-05-23 03:16:52.057 [com.alibaba.nacos.naming.failover.0] [none] DEBUG com.alibaba.nacos.client.naming - failover switch is not found, 00-00---000-VIPSRV_FAILOVER_SWITCH-000---00-00
2026-05-23 03:16:57.058 [com.alibaba.nacos.naming.failover.0] [none] DEBUG com.alibaba.nacos.client.naming - failover switch is not found, 00-00---000-VIPSRV_FAILOVER_SWITCH-000---00-00
2026-05-23 03:17:02.059 [com.alibaba.nacos.naming.failover.0] [none] DEBUG com.alibaba.nacos.client.naming - failover switch is not found, 00-00---000-VIPSRV_FAILOVER_SWITCH-000---00-00
2026-05-23 03:17:07.060 [com.alibaba.nacos.naming.failover.0] [none] DEBUG com.alibaba.nacos.client.naming - failover switch is not found, 00-00---000-VIPSRV_FAILOVER_SWITCH-000---00-00
2026-05-23 03:17:12.060 [com.alibaba.nacos.naming.failover.0] [none] DEBUG com.alibaba.nacos.client.naming - failover switch is not found, 00-00---000-VIPSRV_FAILOVER_SWITCH-000---00-00
2026-05-23 03:17:17.132 [com.alibaba.nacos.naming.failover.0] [none] DEBUG com.alibaba.nacos.client.naming - failover switch is not found, 00-00---000-VIPSRV_FAILOVER_SWITCH-000---00-00
2026-05-23 03:17:22.134 [com.alibaba.nacos.naming.failover.0] [none] DEBUG com.alibaba.nacos.client.naming - failover switch is not found, 00-00---000-VIPSRV_FAILOVER_SWITCH-000---00-00
2026-05-23 03:17:27.134 [com.alibaba.nacos.naming.failover.0] [none] DEBUG com.alibaba.nacos.client.naming - failover switch is not found, 00-00---000-VIPSRV_FAILOVER_SWITCH-000---00-00
2026-05-23 03:17:32.146 [com.alibaba.nacos.naming.failover.0] [none] DEBUG com.alibaba.nacos.client.naming - failover switch is not found, 00-00---000-VIPSRV_FAILOVER_SWITCH-000---00-00
2026-05-23 03:17:37.148 [com.alibaba.nacos.naming.failover.0] [none] DEBUG com.alibaba.nacos.client.naming - failover switch is not found, 00-00---000-VIPSRV_FAILOVER_SWITCH-000---00-00
2026-05-23 03:17:42.148 [com.alibaba.nacos.naming.failover.0] [none] DEBUG com.alibaba.nacos.client.naming - failover switch is not found, 00-00---000-VIPSRV_FAILOVER_SWITCH-000---00-00
2026-05-23 03:17:47.149 [com.alibaba.nacos.naming.failover.0] [none] DEBUG com.alibaba.nacos.client.naming - failover switch is not found, 00-00---000-VIPSRV_FAILOVER_SWITCH-000---00-00
2026-05-23 03:17:52.151 [com.alibaba.nacos.naming.failover.0] [none] DEBUG com.alibaba.nacos.client.naming - failover switch is not found, 00-00---000-VIPSRV_FAILOVER_SWITCH-000---00-00
2026-05-23 03:17:57.152 [com.alibaba.nacos.naming.failover.0] [none] DEBUG com.alibaba.nacos.client.naming - failover switch is not found, 00-00---000-VIPSRV_FAILOVER_SWITCH-000---00-00
2026-05-23 03:18:02.195 [com.alibaba.nacos.naming.failover.0] [none] DEBUG com.alibaba.nacos.client.naming - failover switch is not found, 00-00---000-VIPSRV_FAILOVER_SWITCH-000---00-00
2026-05-23 03:18:07.196 [com.alibaba.nacos.naming.failover.0] [none] DEBUG com.alibaba.nacos.client.naming - failover switch is not found, 00-00---000-VIPSRV_FAILOVER_SWITCH-000---00-00
2026-05-23 03:18:12.197 [com.alibaba.nacos.naming.failover.0] [none] DEBUG com.alibaba.nacos.client.naming - failover switch is not found, 00-00---000-VIPSRV_FAILOVER_SWITCH-000---00-00
2026-05-23 03:18:17.268 [com.alibaba.nacos.naming.failover.0] [none] DEBUG com.alibaba.nacos.client.naming - failover switch is not found, 00-00---000-VIPSRV_FAILOVER_SWITCH-000---00-00
2026-05-23 03:18:22.270 [com.alibaba.nacos.naming.failover.0] [none] DEBUG com.alibaba.nacos.client.naming - failover switch is not found, 00-00---000-VIPSRV_FAILOVER_SWITCH-000---00-00
2026-05-23 03:18:27.271 [com.alibaba.nacos.naming.failover.0] [none] DEBUG com.alibaba.nacos.client.naming - failover switch is not found, 00-00---000-VIPSRV_FAILOVER_SWITCH-000---00-00
2026-05-23 03:18:32.272 [com.alibaba.nacos.naming.failover.0] [none] DEBUG com.alibaba.nacos.client.naming - failover switch is not found, 00-00---000-VIPSRV_FAILOVER_SWITCH-000---00-00
2026-05-23 03:18:37.274 [com.alibaba.nacos.naming.failover.0] [none] DEBUG com.alibaba.nacos.client.naming - failover switch is not found, 00-00---000-VIPSRV_FAILOVER_SWITCH-000---00-00
2026-05-23 03:18:42.274 [com.alibaba.nacos.naming.failover.0] [none] DEBUG com.alibaba.nacos.client.naming - failover switch is not found, 00-00---000-VIPSRV_FAILOVER_SWITCH-000---00-00
2026-05-23 03:18:47.276 [com.alibaba.nacos.naming.failover.0] [none] DEBUG com.alibaba.nacos.client.naming - failover switch is not found, 00-00---000-VIPSRV_FAILOVER_SWITCH-000---00-00
2026-05-23 03:18:52.276 [com.alibaba.nacos.naming.failover.0] [none] DEBUG com.alibaba.nacos.client.naming - failover switch is not found, 00-00---000-VIPSRV_FAILOVER_SWITCH-000---00-00
2026-05-23 03:18:57.277 [com.alibaba.nacos.naming.failover.0] [none] DEBUG com.alibaba.nacos.client.naming - failover switch is not found, 00-00---000-VIPSRV_FAILOVER_SWITCH-000---00-00
2026-05-23 03:19:02.277 [com.alibaba.nacos.naming.failover.0] [none] DEBUG com.alibaba.nacos.client.naming - failover switch is not found, 00-00---000-VIPSRV_FAILOVER_SWITCH-000---00-00
2026-05-23 03:19:07.278 [com.alibaba.nacos.naming.failover.0] [none] DEBUG com.alibaba.nacos.client.naming - failover switch is not found, 00-00---000-VIPSRV_FAILOVER_SWITCH-000---00-00
2026-05-23 03:19:12.279 [com.alibaba.nacos.naming.failover.0] [none] DEBUG com.alibaba.nacos.client.naming - failover switch is not found, 00-00---000-VIPSRV_FAILOVER_SWITCH-000---00-00
2026-05-23 03:19:17.280 [com.alibaba.nacos.naming.failover.0] [none] DEBUG com.alibaba.nacos.client.naming - failover switch is not found, 00-00---000-VIPSRV_FAILOVER_SWITCH-000---00-00
2026-05-23 03:19:22.281 [com.alibaba.nacos.naming.failover.0] [none] DEBUG com.alibaba.nacos.client.naming - failover switch is not found, 00-00---000-VIPSRV_FAILOVER_SWITCH-000---00-00
2026-05-23 03:19:27.283 [com.alibaba.nacos.naming.failover.0] [none] DEBUG com.alibaba.nacos.client.naming - failover switch is not found, 00-00---000-VIPSRV_FAILOVER_SWITCH-000---00-00
2026-05-23 03:19:32.308 [com.alibaba.nacos.naming.failover.0] [none] DEBUG com.alibaba.nacos.client.naming - failover switch is not found, 00-00---000-VIPSRV_FAILOVER_SWITCH-000---00-00
2026-05-23 03:19:37.310 [com.alibaba.nacos.naming.failover.0] [none] DEBUG com.alibaba.nacos.client.naming - failover switch is not found, 00-00---000-VIPSRV_FAILOVER_SWITCH-000---00-00
2026-05-23 03:19:42.310 [com.alibaba.nacos.naming.failover.0] [none] DEBUG com.alibaba.nacos.client.naming - failover switch is not found, 00-00---000-VIPSRV_FAILOVER_SWITCH-000---00-00
2026-05-23 03:19:47.317 [com.alibaba.nacos.naming.failover.0] [none] DEBUG com.alibaba.nacos.client.naming - failover switch is not found, 00-00---000-VIPSRV_FAILOVER_SWITCH-000---00-00
2026-05-23 03:19:52.320 [com.alibaba.nacos.naming.failover.0] [none] DEBUG com.alibaba.nacos.client.naming - failover switch is not found, 00-00---000-VIPSRV_FAILOVER_SWITCH-000---00-00
2026-05-23 03:19:57.321 [com.alibaba.nacos.naming.failover.0] [none] DEBUG com.alibaba.nacos.client.naming - failover switch is not found, 00-00---000-VIPSRV_FAILOVER_SWITCH-000---00-00
2026-05-23 03:20:02.367 [com.alibaba.nacos.naming.failover.0] [none] DEBUG com.alibaba.nacos.client.naming - failover switch is not found, 00-00---000-VIPSRV_FAILOVER_SWITCH-000---00-00
2026-05-23 03:20:07.368 [com.alibaba.nacos.naming.failover.0] [none] DEBUG com.alibaba.nacos.client.naming - failover switch is not found, 00-00---000-VIPSRV_FAILOVER_SWITCH-000---00-00
2026-05-23 03:20:12.368 [com.alibaba.nacos.naming.failover.0] [none] DEBUG com.alibaba.nacos.client.naming - failover switch is not found, 00-00---000-VIPSRV_FAILOVER_SWITCH-000---00-00
2026-05-23 03:20:17.390 [com.alibaba.nacos.naming.failover.0] [none] DEBUG com.alibaba.nacos.client.naming - failover switch is not found, 00-00---000-VIPSRV_FAILOVER_SWITCH-000---00-00
2026-05-23 03:20:22.393 [com.alibaba.nacos.naming.failover.0] [none] DEBUG com.alibaba.nacos.client.naming - failover switch is not found, 00-00---000-VIPSRV_FAILOVER_SWITCH-000---00-00
2026-05-23 03:20:27.394 [com.alibaba.nacos.naming.failover.0] [none] DEBUG com.alibaba.nacos.client.naming - failover switch is not found, 00-00---000-VIPSRV_FAILOVER_SWITCH-000---00-00
2026-05-23 03:20:32.416 [com.alibaba.nacos.naming.failover.0] [none] DEBUG com.alibaba.nacos.client.naming - failover switch is not found, 00-00---000-VIPSRV_FAILOVER_SWITCH-000---00-00
2026-05-23 03:20:37.417 [com.alibaba.nacos.naming.failover.0] [none] DEBUG com.alibaba.nacos.client.naming - failover switch is not found, 00-00---000-VIPSRV_FAILOVER_SWITCH-000---00-00
2026-05-23 03:20:42.419 [com.alibaba.nacos.naming.failover.0] [none] DEBUG com.alibaba.nacos.client.naming - failover switch is not found, 00-00---000-VIPSRV_FAILOVER_SWITCH-000---00-00
2026-05-23 03:20:47.429 [com.alibaba.nacos.naming.failover.0] [none] DEBUG com.alibaba.nacos.client.naming - failover switch is not found, 00-00---000-VIPSRV_FAILOVER_SWITCH-000---00-00
2026-05-23 03:20:52.444 [com.alibaba.nacos.naming.failover.0] [none] DEBUG com.alibaba.nacos.client.naming - failover switch is not found, 00-00---000-VIPSRV_FAILOVER_SWITCH-000---00-00
2026-05-23 03:20:57.445 [com.alibaba.nacos.naming.failover.0] [none] DEBUG com.alibaba.nacos.client.naming - failover switch is not found, 00-00---000-VIPSRV_FAILOVER_SWITCH-000---00-00
2026-05-23 03:21:02.446 [com.alibaba.nacos.naming.failover.0] [none] DEBUG com.alibaba.nacos.client.naming - failover switch is not found, 00-00---000-VIPSRV_FAILOVER_SWITCH-000---00-00
2026-05-23 03:21:07.448 [com.alibaba.nacos.naming.failover.0] [none] DEBUG com.alibaba.nacos.client.naming - failover switch is not found, 00-00---000-VIPSRV_FAILOVER_SWITCH-000---00-00
2026-05-23 03:21:12.449 [com.alibaba.nacos.naming.failover.0] [none] DEBUG com.alibaba.nacos.client.naming - failover switch is not found, 00-00---000-VIPSRV_FAILOVER_SWITCH-000---00-00
2026-05-23 03:21:17.488 [com.alibaba.nacos.naming.failover.0] [none] DEBUG com.alibaba.nacos.client.naming - failover switch is not found, 00-00---000-VIPSRV_FAILOVER_SWITCH-000---00-00
2026-05-23 03:21:22.490 [com.alibaba.nacos.naming.failover.0] [none] DEBUG com.alibaba.nacos.client.naming - failover switch is not found, 00-00---000-VIPSRV_FAILOVER_SWITCH-000---00-00
2026-05-23 03:21:27.492 [com.alibaba.nacos.naming.failover.0] [none] DEBUG com.alibaba.nacos.client.naming - failover switch is not found, 00-00---000-VIPSRV_FAILOVER_SWITCH-000---00-00
2026-05-23 03:21:32.494 [com.alibaba.nacos.naming.failover.0] [none] DEBUG com.alibaba.nacos.client.naming - failover switch is not found, 00-00---000-VIPSRV_FAILOVER_SWITCH-000---00-00
2026-05-23 03:21:37.494 [com.alibaba.nacos.naming.failover.0] [none] DEBUG com.alibaba.nacos.client.naming - failover switch is not found, 00-00---000-VIPSRV_FAILOVER_SWITCH-000---00-00
2026-05-23 03:21:42.495 [com.alibaba.nacos.naming.failover.0] [none] DEBUG com.alibaba.nacos.client.naming - failover switch is not found, 00-00---000-VIPSRV_FAILOVER_SWITCH-000---00-00
2026-05-23 03:21:47.496 [com.alibaba.nacos.naming.failover.0] [none] DEBUG com.alibaba.nacos.client.naming - failover switch is not found, 00-00---000-VIPSRV_FAILOVER_SWITCH-000---00-00
2026-05-23 03:21:52.498 [com.alibaba.nacos.naming.failover.0] [none] DEBUG com.alibaba.nacos.client.naming - failover switch is not found, 00-00---000-VIPSRV_FAILOVER_SWITCH-000---00-00
2026-05-23 03:21:57.498 [com.alibaba.nacos.naming.failover.0] [none] DEBUG com.alibaba.nacos.client.naming - failover switch is not found, 00-00---000-VIPSRV_FAILOVER_SWITCH-000---00-00
2026-05-23 03:22:02.499 [com.alibaba.nacos.naming.failover.0] [none] DEBUG com.alibaba.nacos.client.naming - failover switch is not found, 00-00---000-VIPSRV_FAILOVER_SWITCH-000---00-00
2026-05-23 03:22:07.500 [com.alibaba.nacos.naming.failover.0] [none] DEBUG com.alibaba.nacos.client.naming - failover switch is not found, 00-00---000-VIPSRV_FAILOVER_SWITCH-000---00-00
2026-05-23 03:22:12.519 [com.alibaba.nacos.naming.failover.0] [none] DEBUG com.alibaba.nacos.client.naming - failover switch is not found, 00-00---000-VIPSRV_FAILOVER_SWITCH-000---00-00
2026-05-23 03:22:17.519 [com.alibaba.nacos.naming.failover.0] [none] DEBUG com.alibaba.nacos.client.naming - failover switch is not found, 00-00---000-VIPSRV_FAILOVER_SWITCH-000---00-00
2026-05-23 03:22:22.522 [com.alibaba.nacos.naming.failover.0] [none] DEBUG com.alibaba.nacos.client.naming - failover switch is not found, 00-00---000-VIPSRV_FAILOVER_SWITCH-000---00-00
2026-05-23 03:22:27.524 [com.alibaba.nacos.naming.failover.0] [none] DEBUG com.alibaba.nacos.client.naming - failover switch is not found, 00-00---000-VIPSRV_FAILOVER_SWITCH-000---00-00
2026-05-23 03:22:32.535 [com.alibaba.nacos.naming.failover.0] [none] DEBUG com.alibaba.nacos.client.naming - failover switch is not found, 00-00---000-VIPSRV_FAILOVER_SWITCH-000---00-00
2026-05-23 03:22:37.537 [com.alibaba.nacos.naming.failover.0] [none] DEBUG com.alibaba.nacos.client.naming - failover switch is not found, 00-00---000-VIPSRV_FAILOVER_SWITCH-000---00-00
2026-05-23 03:22:42.538 [com.alibaba.nacos.naming.failover.0] [none] DEBUG com.alibaba.nacos.client.naming - failover switch is not found, 00-00---000-VIPSRV_FAILOVER_SWITCH-000---00-00
2026-05-23 03:22:47.540 [com.alibaba.nacos.naming.failover.0] [none] DEBUG com.alibaba.nacos.client.naming - failover switch is not found, 00-00---000-VIPSRV_FAILOVER_SWITCH-000---00-00
2026-05-23 03:22:52.541 [com.alibaba.nacos.naming.failover.0] [none] DEBUG com.alibaba.nacos.client.naming - failover switch is not found, 00-00---000-VIPSRV_FAILOVER_SWITCH-000---00-00
2026-05-23 03:22:57.541 [com.alibaba.nacos.naming.failover.0] [none] DEBUG com.alibaba.nacos.client.naming - failover switch is not found, 00-00---000-VIPSRV_FAILOVER_SWITCH-000---00-00
2026-05-23 03:23:02.543 [com.alibaba.nacos.naming.failover.0] [none] DEBUG com.alibaba.nacos.client.naming - failover switch is not found, 00-00---000-VIPSRV_FAILOVER_SWITCH-000---00-00
2026-05-23 03:23:07.544 [com.alibaba.nacos.naming.failover.0] [none] DEBUG com.alibaba.nacos.client.naming - failover switch is not found, 00-00---000-VIPSRV_FAILOVER_SWITCH-000---00-00
2026-05-23 03:23:12.546 [com.alibaba.nacos.naming.failover.0] [none] DEBUG com.alibaba.nacos.client.naming - failover switch is not found, 00-00---000-VIPSRV_FAILOVER_SWITCH-000---00-00
2026-05-23 03:23:17.546 [com.alibaba.nacos.naming.failover.0] [none] DEBUG com.alibaba.nacos.client.naming - failover switch is not found, 00-00---000-VIPSRV_FAILOVER_SWITCH-000---00-00
2026-05-23 03:23:22.546 [com.alibaba.nacos.naming.failover.0] [none] DEBUG com.alibaba.nacos.client.naming - failover switch is not found, 00-00---000-VIPSRV_FAILOVER_SWITCH-000---00-00
2026-05-23 03:23:27.548 [com.alibaba.nacos.naming.failover.0] [none] DEBUG com.alibaba.nacos.client.naming - failover switch is not found, 00-00---000-VIPSRV_FAILOVER_SWITCH-000---00-00
2026-05-23 03:23:32.549 [com.alibaba.nacos.naming.failover.0] [none] DEBUG com.alibaba.nacos.client.naming - failover switch is not found, 00-00---000-VIPSRV_FAILOVER_SWITCH-000---00-00
2026-05-23 03:23:37.550 [com.alibaba.nacos.naming.failover.0] [none] DEBUG com.alibaba.nacos.client.naming - failover switch is not found, 00-00---000-VIPSRV_FAILOVER_SWITCH-000---00-00
2026-05-23 03:23:42.551 [com.alibaba.nacos.naming.failover.0] [none] DEBUG com.alibaba.nacos.client.naming - failover switch is not found, 00-00---000-VIPSRV_FAILOVER_SWITCH-000---00-00
2026-05-23 03:23:47.552 [com.alibaba.nacos.naming.failover.0] [none] DEBUG com.alibaba.nacos.client.naming - failover switch is not found, 00-00---000-VIPSRV_FAILOVER_SWITCH-000---00-00
2026-05-23 03:23:52.553 [com.alibaba.nacos.naming.failover.0] [none] DEBUG com.alibaba.nacos.client.naming - failover switch is not found, 00-00---000-VIPSRV_FAILOVER_SWITCH-000---00-00
2026-05-23 03:23:57.553 [com.alibaba.nacos.naming.failover.0] [none] DEBUG com.alibaba.nacos.client.naming - failover switch is not found, 00-00---000-VIPSRV_FAILOVER_SWITCH-000---00-00
2026-05-23 03:24:02.554 [com.alibaba.nacos.naming.failover.0] [none] DEBUG com.alibaba.nacos.client.naming - failover switch is not found, 00-00---000-VIPSRV_FAILOVER_SWITCH-000---00-00
2026-05-23 03:24:07.555 [com.alibaba.nacos.naming.failover.0] [none] DEBUG com.alibaba.nacos.client.naming - failover switch is not found, 00-00---000-VIPSRV_FAILOVER_SWITCH-000---00-00
2026-05-23 03:24:12.556 [com.alibaba.nacos.naming.failover.0] [none] DEBUG com.alibaba.nacos.client.naming - failover switch is not found, 00-00---000-VIPSRV_FAILOVER_SWITCH-000---00-00
2026-05-23 03:24:17.558 [com.alibaba.nacos.naming.failover.0] [none] DEBUG com.alibaba.nacos.client.naming - failover switch is not found, 00-00---000-VIPSRV_FAILOVER_SWITCH-000---00-00
2026-05-23 03:24:22.559 [com.alibaba.nacos.naming.failover.0] [none] DEBUG com.alibaba.nacos.client.naming - failover switch is not found, 00-00---000-VIPSRV_FAILOVER_SWITCH-000---00-00
2026-05-23 03:24:27.561 [com.alibaba.nacos.naming.failover.0] [none] DEBUG com.alibaba.nacos.client.naming - failover switch is not found, 00-00---000-VIPSRV_FAILOVER_SWITCH-000---00-00
2026-05-23 03:24:32.561 [com.alibaba.nacos.naming.failover.0] [none] DEBUG com.alibaba.nacos.client.naming - failover switch is not found, 00-00---000-VIPSRV_FAILOVER_SWITCH-000---00-00
2026-05-23 03:24:37.563 [com.alibaba.nacos.naming.failover.0] [none] DEBUG com.alibaba.nacos.client.naming - failover switch is not found, 00-00---000-VIPSRV_FAILOVER_SWITCH-000---00-00
2026-05-23 03:24:42.564 [com.alibaba.nacos.naming.failover.0] [none] DEBUG com.alibaba.nacos.client.naming - failover switch is not found, 00-00---000-VIPSRV_FAILOVER_SWITCH-000---00-00
2026-05-23 03:24:47.565 [com.alibaba.nacos.naming.failover.0] [none] DEBUG com.alibaba.nacos.client.naming - failover switch is not found, 00-00---000-VIPSRV_FAILOVER_SWITCH-000---00-00
2026-05-23 03:24:52.565 [com.alibaba.nacos.naming.failover.0] [none] DEBUG com.alibaba.nacos.client.naming - failover switch is not found, 00-00---000-VIPSRV_FAILOVER_SWITCH-000---00-00
2026-05-23 03:24:57.566 [com.alibaba.nacos.naming.failover.0] [none] DEBUG com.alibaba.nacos.client.naming - failover switch is not found, 00-00---000-VIPSRV_FAILOVER_SWITCH-000---00-00
2026-05-23 03:25:02.567 [com.alibaba.nacos.naming.failover.0] [none] DEBUG com.alibaba.nacos.client.naming - failover switch is not found, 00-00---000-VIPSRV_FAILOVER_SWITCH-000---00-00
2026-05-23 03:25:07.569 [com.alibaba.nacos.naming.failover.0] [none] DEBUG com.alibaba.nacos.client.naming - failover switch is not found, 00-00---000-VIPSRV_FAILOVER_SWITCH-000---00-00
2026-05-23 03:25:12.570 [com.alibaba.nacos.naming.failover.0] [none] DEBUG com.alibaba.nacos.client.naming - failover switch is not found, 00-00---000-VIPSRV_FAILOVER_SWITCH-000---00-00
2026-05-23 03:25:17.571 [com.alibaba.nacos.naming.failover.0] [none] DEBUG com.alibaba.nacos.client.naming - failover switch is not found, 00-00---000-VIPSRV_FAILOVER_SWITCH-000---00-00
2026-05-23 03:25:22.572 [com.alibaba.nacos.naming.failover.0] [none] DEBUG com.alibaba.nacos.client.naming - failover switch is not found, 00-00---000-VIPSRV_FAILOVER_SWITCH-000---00-00
2026-05-23 03:25:27.573 [com.alibaba.nacos.naming.failover.0] [none] DEBUG com.alibaba.nacos.client.naming - failover switch is not found, 00-00---000-VIPSRV_FAILOVER_SWITCH-000---00-00
2026-05-23 03:25:32.574 [com.alibaba.nacos.naming.failover.0] [none] DEBUG com.alibaba.nacos.client.naming - failover switch is not found, 00-00---000-VIPSRV_FAILOVER_SWITCH-000---00-00
2026-05-23 03:25:37.576 [com.alibaba.nacos.naming.failover.0] [none] DEBUG com.alibaba.nacos.client.naming - failover switch is not found, 00-00---000-VIPSRV_FAILOVER_SWITCH-000---00-00
2026-05-23 03:25:42.585 [com.alibaba.nacos.naming.failover.0] [none] DEBUG com.alibaba.nacos.client.naming - failover switch is not found, 00-00---000-VIPSRV_FAILOVER_SWITCH-000---00-00
2026-05-23 03:25:47.586 [com.alibaba.nacos.naming.failover.0] [none] DEBUG com.alibaba.nacos.client.naming - failover switch is not found, 00-00---000-VIPSRV_FAILOVER_SWITCH-000---00-00
2026-05-23 03:25:52.601 [com.alibaba.nacos.naming.failover.0] [none] DEBUG com.alibaba.nacos.client.naming - failover switch is not found, 00-00---000-VIPSRV_FAILOVER_SWITCH-000---00-00
2026-05-23 03:25:57.602 [com.alibaba.nacos.naming.failover.0] [none] DEBUG com.alibaba.nacos.client.naming - failover switch is not found, 00-00---000-VIPSRV_FAILOVER_SWITCH-000---00-00
2026-05-23 03:26:02.604 [com.alibaba.nacos.naming.failover.0] [none] DEBUG com.alibaba.nacos.client.naming - failover switch is not found, 00-00---000-VIPSRV_FAILOVER_SWITCH-000---00-00
2026-05-23 03:26:07.605 [com.alibaba.nacos.naming.failover.0] [none] DEBUG com.alibaba.nacos.client.naming - failover switch is not found, 00-00---000-VIPSRV_FAILOVER_SWITCH-000---00-00
2026-05-23 03:26:12.606 [com.alibaba.nacos.naming.failover.0] [none] DEBUG com.alibaba.nacos.client.naming - failover switch is not found, 00-00---000-VIPSRV_FAILOVER_SWITCH-000---00-00
2026-05-23 03:26:17.607 [com.alibaba.nacos.naming.failover.0] [none] DEBUG com.alibaba.nacos.client.naming - failover switch is not found, 00-00---000-VIPSRV_FAILOVER_SWITCH-000---00-00
2026-05-23 03:26:22.608 [com.alibaba.nacos.naming.failover.0] [none] DEBUG com.alibaba.nacos.client.naming - failover switch is not found, 00-00---000-VIPSRV_FAILOVER_SWITCH-000---00-00
2026-05-23 03:26:27.610 [com.alibaba.nacos.naming.failover.0] [none] DEBUG com.alibaba.nacos.client.naming - failover switch is not found, 00-00---000-VIPSRV_FAILOVER_SWITCH-000---00-00
2026-05-23 03:26:32.611 [com.alibaba.nacos.naming.failover.0] [none] DEBUG com.alibaba.nacos.client.naming - failover switch is not found, 00-00---000-VIPSRV_FAILOVER_SWITCH-000---00-00
2026-05-23 03:26:37.617 [com.alibaba.nacos.naming.failover.0] [none] DEBUG com.alibaba.nacos.client.naming - failover switch is not found, 00-00---000-VIPSRV_FAILOVER_SWITCH-000---00-00
2026-05-23 03:26:42.627 [com.alibaba.nacos.naming.failover.0] [none] DEBUG com.alibaba.nacos.client.naming - failover switch is not found, 00-00---000-VIPSRV_FAILOVER_SWITCH-000---00-00
2026-05-23 03:26:47.632 [com.alibaba.nacos.naming.failover.0] [none] DEBUG com.alibaba.nacos.client.naming - failover switch is not found, 00-00---000-VIPSRV_FAILOVER_SWITCH-000---00-00
2026-05-23 03:26:52.646 [com.alibaba.nacos.naming.failover.0] [none] DEBUG com.alibaba.nacos.client.naming - failover switch is not found, 00-00---000-VIPSRV_FAILOVER_SWITCH-000---00-00
2026-05-23 03:26:57.657 [com.alibaba.nacos.naming.failover.0] [none] DEBUG com.alibaba.nacos.client.naming - failover switch is not found, 00-00---000-VIPSRV_FAILOVER_SWITCH-000---00-00
2026-05-23 03:27:02.658 [com.alibaba.nacos.naming.failover.0] [none] DEBUG com.alibaba.nacos.client.naming - failover switch is not found, 00-00---000-VIPSRV_FAILOVER_SWITCH-000---00-00
2026-05-23 03:27:07.669 [com.alibaba.nacos.naming.failover.0] [none] DEBUG com.alibaba.nacos.client.naming - failover switch is not found, 00-00---000-VIPSRV_FAILOVER_SWITCH-000---00-00
2026-05-23 03:27:12.673 [com.alibaba.nacos.naming.failover.0] [none] DEBUG com.alibaba.nacos.client.naming - failover switch is not found, 00-00---000-VIPSRV_FAILOVER_SWITCH-000---00-00
2026-05-23 03:27:17.682 [com.alibaba.nacos.naming.failover.0] [none] DEBUG com.alibaba.nacos.client.naming - failover switch is not found, 00-00---000-VIPSRV_FAILOVER_SWITCH-000---00-00
2026-05-23 03:27:22.694 [com.alibaba.nacos.naming.failover.0] [none] DEBUG com.alibaba.nacos.client.naming - failover switch is not found, 00-00---000-VIPSRV_FAILOVER_SWITCH-000---00-00
2026-05-23 03:27:27.700 [com.alibaba.nacos.naming.failover.0] [none] DEBUG com.alibaba.nacos.client.naming - failover switch is not found, 00-00---000-VIPSRV_FAILOVER_SWITCH-000---00-00
2026-05-23 03:27:32.705 [com.alibaba.nacos.naming.failover.0] [none] DEBUG com.alibaba.nacos.client.naming - failover switch is not found, 00-00---000-VIPSRV_FAILOVER_SWITCH-000---00-00
2026-05-23 03:27:37.715 [com.alibaba.nacos.naming.failover.0] [none] DEBUG com.alibaba.nacos.client.naming - failover switch is not found, 00-00---000-VIPSRV_FAILOVER_SWITCH-000---00-00
2026-05-23 03:27:42.722 [com.alibaba.nacos.naming.failover.0] [none] DEBUG com.alibaba.nacos.client.naming - failover switch is not found, 00-00---000-VIPSRV_FAILOVER_SWITCH-000---00-00
2026-05-23 03:27:47.723 [com.alibaba.nacos.naming.failover.0] [none] DEBUG com.alibaba.nacos.client.naming - failover switch is not found, 00-00---000-VIPSRV_FAILOVER_SWITCH-000---00-00
2026-05-23 03:27:52.727 [com.alibaba.nacos.naming.failover.0] [none] DEBUG com.alibaba.nacos.client.naming - failover switch is not found, 00-00---000-VIPSRV_FAILOVER_SWITCH-000---00-00
2026-05-23 03:27:57.742 [com.alibaba.nacos.naming.failover.0] [none] DEBUG com.alibaba.nacos.client.naming - failover switch is not found, 00-00---000-VIPSRV_FAILOVER_SWITCH-000---00-00
2026-05-23 03:28:02.746 [com.alibaba.nacos.naming.failover.0] [none] DEBUG com.alibaba.nacos.client.naming - failover switch is not found, 00-00---000-VIPSRV_FAILOVER_SWITCH-000---00-00
2026-05-23 03:28:07.749 [com.alibaba.nacos.naming.failover.0] [none] DEBUG com.alibaba.nacos.client.naming - failover switch is not found, 00-00---000-VIPSRV_FAILOVER_SWITCH-000---00-00
2026-05-23 03:28:12.763 [com.alibaba.nacos.naming.failover.0] [none] DEBUG com.alibaba.nacos.client.naming - failover switch is not found, 00-00---000-VIPSRV_FAILOVER_SWITCH-000---00-00
2026-05-23 03:28:17.778 [com.alibaba.nacos.naming.failover.0] [none] DEBUG com.alibaba.nacos.client.naming - failover switch is not found, 00-00---000-VIPSRV_FAILOVER_SWITCH-000---00-00
2026-05-23 03:28:22.793 [com.alibaba.nacos.naming.failover.0] [none] DEBUG com.alibaba.nacos.client.naming - failover switch is not found, 00-00---000-VIPSRV_FAILOVER_SWITCH-000---00-00
2026-05-23 03:28:27.808 [com.alibaba.nacos.naming.failover.0] [none] DEBUG com.alibaba.nacos.client.naming - failover switch is not found, 00-00---000-VIPSRV_FAILOVER_SWITCH-000---00-00
2026-05-23 03:28:32.820 [com.alibaba.nacos.naming.failover.0] [none] DEBUG com.alibaba.nacos.client.naming - failover switch is not found, 00-00---000-VIPSRV_FAILOVER_SWITCH-000---00-00
2026-05-23 03:28:37.825 [com.alibaba.nacos.naming.failover.0] [none] DEBUG com.alibaba.nacos.client.naming - failover switch is not found, 00-00---000-VIPSRV_FAILOVER_SWITCH-000---00-00
2026-05-23 03:28:42.842 [com.alibaba.nacos.naming.failover.0] [none] DEBUG com.alibaba.nacos.client.naming - failover switch is not found, 00-00---000-VIPSRV_FAILOVER_SWITCH-000---00-00
2026-05-23 03:28:47.852 [com.alibaba.nacos.naming.failover.0] [none] DEBUG com.alibaba.nacos.client.naming - failover switch is not found, 00-00---000-VIPSRV_FAILOVER_SWITCH-000---00-00
2026-05-23 03:28:52.864 [com.alibaba.nacos.naming.failover.0] [none] DEBUG com.alibaba.nacos.client.naming - failover switch is not found, 00-00---000-VIPSRV_FAILOVER_SWITCH-000---00-00
2026-05-23 03:28:57.873 [com.alibaba.nacos.naming.failover.0] [none] DEBUG com.alibaba.nacos.client.naming - failover switch is not found, 00-00---000-VIPSRV_FAILOVER_SWITCH-000---00-00
2026-05-23 03:29:02.877 [com.alibaba.nacos.naming.failover.0] [none] DEBUG com.alibaba.nacos.client.naming - failover switch is not found, 00-00---000-VIPSRV_FAILOVER_SWITCH-000---00-00
2026-05-23 03:29:07.881 [com.alibaba.nacos.naming.failover.0] [none] DEBUG com.alibaba.nacos.client.naming - failover switch is not found, 00-00---000-VIPSRV_FAILOVER_SWITCH-000---00-00
2026-05-23 03:29:12.882 [com.alibaba.nacos.naming.failover.0] [none] DEBUG com.alibaba.nacos.client.naming - failover switch is not found, 00-00---000-VIPSRV_FAILOVER_SWITCH-000---00-00
2026-05-23 03:29:17.885 [com.alibaba.nacos.naming.failover.0] [none] DEBUG com.alibaba.nacos.client.naming - failover switch is not found, 00-00---000-VIPSRV_FAILOVER_SWITCH-000---00-00
2026-05-23 03:29:22.889 [com.alibaba.nacos.naming.failover.0] [none] DEBUG com.alibaba.nacos.client.naming - failover switch is not found, 00-00---000-VIPSRV_FAILOVER_SWITCH-000---00-00
2026-05-23 03:29:27.900 [com.alibaba.nacos.naming.failover.0] [none] DEBUG com.alibaba.nacos.client.naming - failover switch is not found, 00-00---000-VIPSRV_FAILOVER_SWITCH-000---00-00
2026-05-23 03:29:32.910 [com.alibaba.nacos.naming.failover.0] [none] DEBUG com.alibaba.nacos.client.naming - failover switch is not found, 00-00---000-VIPSRV_FAILOVER_SWITCH-000---00-00
2026-05-23 03:29:37.915 [com.alibaba.nacos.naming.failover.0] [none] DEBUG com.alibaba.nacos.client.naming - failover switch is not found, 00-00---000-VIPSRV_FAILOVER_SWITCH-000---00-00
2026-05-23 03:29:42.919 [com.alibaba.nacos.naming.failover.0] [none] DEBUG com.alibaba.nacos.client.naming - failover switch is not found, 00-00---000-VIPSRV_FAILOVER_SWITCH-000---00-00
2026-05-23 03:29:47.929 [com.alibaba.nacos.naming.failover.0] [none] DEBUG com.alibaba.nacos.client.naming - failover switch is not found, 00-00---000-VIPSRV_FAILOVER_SWITCH-000---00-00
2026-05-23 03:29:52.941 [com.alibaba.nacos.naming.failover.0] [none] DEBUG com.alibaba.nacos.client.naming - failover switch is not found, 00-00---000-VIPSRV_FAILOVER_SWITCH-000---00-00
2026-05-23 03:29:57.951 [com.alibaba.nacos.naming.failover.0] [none] DEBUG com.alibaba.nacos.client.naming - failover switch is not found, 00-00---000-VIPSRV_FAILOVER_SWITCH-000---00-00
2026-05-23 03:30:02.956 [com.alibaba.nacos.naming.failover.0] [none] DEBUG com.alibaba.nacos.client.naming - failover switch is not found, 00-00---000-VIPSRV_FAILOVER_SWITCH-000---00-00
2026-05-23 03:30:07.965 [com.alibaba.nacos.naming.failover.0] [none] DEBUG com.alibaba.nacos.client.naming - failover switch is not found, 00-00---000-VIPSRV_FAILOVER_SWITCH-000---00-00
2026-05-23 03:30:12.973 [com.alibaba.nacos.naming.failover.0] [none] DEBUG com.alibaba.nacos.client.naming - failover switch is not found, 00-00---000-VIPSRV_FAILOVER_SWITCH-000---00-00
2026-05-23 03:30:17.984 [com.alibaba.nacos.naming.failover.0] [none] DEBUG com.alibaba.nacos.client.naming - failover switch is not found, 00-00---000-VIPSRV_FAILOVER_SWITCH-000---00-00
2026-05-23 03:30:23.004 [com.alibaba.nacos.naming.failover.0] [none] DEBUG com.alibaba.nacos.client.naming - failover switch is not found, 00-00---000-VIPSRV_FAILOVER_SWITCH-000---00-00
2026-05-23 03:30:28.019 [com.alibaba.nacos.naming.failover.0] [none] DEBUG com.alibaba.nacos.client.naming - failover switch is not found, 00-00---000-VIPSRV_FAILOVER_SWITCH-000---00-00
2026-05-23 03:30:33.088 [com.alibaba.nacos.naming.failover.0] [none] DEBUG com.alibaba.nacos.client.naming - failover switch is not found, 00-00---000-VIPSRV_FAILOVER_SWITCH-000---00-00
2026-05-23 03:30:38.098 [com.alibaba.nacos.naming.failover.0] [none] DEBUG com.alibaba.nacos.client.naming - failover switch is not found, 00-00---000-VIPSRV_FAILOVER_SWITCH-000---00-00
2026-05-23 03:30:43.106 [com.alibaba.nacos.naming.failover.0] [none] DEBUG com.alibaba.nacos.client.naming - failover switch is not found, 00-00---000-VIPSRV_FAILOVER_SWITCH-000---00-00
2026-05-23 03:30:48.141 [com.alibaba.nacos.naming.failover.0] [none] DEBUG com.alibaba.nacos.client.naming - failover switch is not found, 00-00---000-VIPSRV_FAILOVER_SWITCH-000---00-00
2026-05-23 03:30:53.145 [com.alibaba.nacos.naming.failover.0] [none] DEBUG com.alibaba.nacos.client.naming - failover switch is not found, 00-00---000-VIPSRV_FAILOVER_SWITCH-000---00-00
2026-05-23 03:30:58.159 [com.alibaba.nacos.naming.failover.0] [none] DEBUG com.alibaba.nacos.client.naming - failover switch is not found, 00-00---000-VIPSRV_FAILOVER_SWITCH-000---00-00
2026-05-23 03:31:03.174 [com.alibaba.nacos.naming.failover.0] [none] DEBUG com.alibaba.nacos.client.naming - failover switch is not found, 00-00---000-VIPSRV_FAILOVER_SWITCH-000---00-00
2026-05-23 03:31:08.190 [com.alibaba.nacos.naming.failover.0] [none] DEBUG com.alibaba.nacos.client.naming - failover switch is not found, 00-00---000-VIPSRV_FAILOVER_SWITCH-000---00-00
2026-05-23 03:31:13.194 [com.alibaba.nacos.naming.failover.0] [none] DEBUG com.alibaba.nacos.client.naming - failover switch is not found, 00-00---000-VIPSRV_FAILOVER_SWITCH-000---00-00
2026-05-23 03:31:18.202 [com.alibaba.nacos.naming.failover.0] [none] DEBUG com.alibaba.nacos.client.naming - failover switch is not found, 00-00---000-VIPSRV_FAILOVER_SWITCH-000---00-00
2026-05-23 03:31:23.222 [com.alibaba.nacos.naming.failover.0] [none] DEBUG com.alibaba.nacos.client.naming - failover switch is not found, 00-00---000-VIPSRV_FAILOVER_SWITCH-000---00-00
2026-05-23 03:31:28.234 [com.alibaba.nacos.naming.failover.0] [none] DEBUG com.alibaba.nacos.client.naming - failover switch is not found, 00-00---000-VIPSRV_FAILOVER_SWITCH-000---00-00
2026-05-23 03:31:33.241 [com.alibaba.nacos.naming.failover.0] [none] DEBUG com.alibaba.nacos.client.naming - failover switch is not found, 00-00---000-VIPSRV_FAILOVER_SWITCH-000---00-00
2026-05-23 03:31:38.255 [com.alibaba.nacos.naming.failover.0] [none] DEBUG com.alibaba.nacos.client.naming - failover switch is not found, 00-00---000-VIPSRV_FAILOVER_SWITCH-000---00-00
2026-05-23 03:31:43.258 [com.alibaba.nacos.naming.failover.0] [none] DEBUG com.alibaba.nacos.client.naming - failover switch is not found, 00-00---000-VIPSRV_FAILOVER_SWITCH-000---00-00
2026-05-23 03:31:48.268 [com.alibaba.nacos.naming.failover.0] [none] DEBUG com.alibaba.nacos.client.naming - failover switch is not found, 00-00---000-VIPSRV_FAILOVER_SWITCH-000---00-00
2026-05-23 03:31:53.278 [com.alibaba.nacos.naming.failover.0] [none] DEBUG com.alibaba.nacos.client.naming - failover switch is not found, 00-00---000-VIPSRV_FAILOVER_SWITCH-000---00-00
2026-05-23 03:31:58.287 [com.alibaba.nacos.naming.failover.0] [none] DEBUG com.alibaba.nacos.client.naming - failover switch is not found, 00-00---000-VIPSRV_FAILOVER_SWITCH-000---00-00
2026-05-23 03:32:03.291 [com.alibaba.nacos.naming.failover.0] [none] DEBUG com.alibaba.nacos.client.naming - failover switch is not found, 00-00---000-VIPSRV_FAILOVER_SWITCH-000---00-00
2026-05-23 03:32:08.295 [com.alibaba.nacos.naming.failover.0] [none] DEBUG com.alibaba.nacos.client.naming - failover switch is not found, 00-00---000-VIPSRV_FAILOVER_SWITCH-000---00-00
2026-05-23 03:32:13.307 [com.alibaba.nacos.naming.failover.0] [none] DEBUG com.alibaba.nacos.client.naming - failover switch is not found, 00-00---000-VIPSRV_FAILOVER_SWITCH-000---00-00
2026-05-23 03:32:18.323 [com.alibaba.nacos.naming.failover.0] [none] DEBUG com.alibaba.nacos.client.naming - failover switch is not found, 00-00---000-VIPSRV_FAILOVER_SWITCH-000---00-00
2026-05-23 03:32:23.329 [com.alibaba.nacos.naming.failover.0] [none] DEBUG com.alibaba.nacos.client.naming - failover switch is not found, 00-00---000-VIPSRV_FAILOVER_SWITCH-000---00-00
2026-05-23 03:32:28.357 [com.alibaba.nacos.naming.failover.0] [none] DEBUG com.alibaba.nacos.client.naming - failover switch is not found, 00-00---000-VIPSRV_FAILOVER_SWITCH-000---00-00
2026-05-23 03:32:33.377 [com.alibaba.nacos.naming.failover.0] [none] DEBUG com.alibaba.nacos.client.naming - failover switch is not found, 00-00---000-VIPSRV_FAILOVER_SWITCH-000---00-00
2026-05-23 03:32:38.385 [com.alibaba.nacos.naming.failover.0] [none] DEBUG com.alibaba.nacos.client.naming - failover switch is not found, 00-00---000-VIPSRV_FAILOVER_SWITCH-000---00-00
2026-05-23 03:32:43.394 [com.alibaba.nacos.naming.failover.0] [none] DEBUG com.alibaba.nacos.client.naming - failover switch is not found, 00-00---000-VIPSRV_FAILOVER_SWITCH-000---00-00
2026-05-23 03:32:48.497 [com.alibaba.nacos.naming.failover.0] [none] DEBUG com.alibaba.nacos.client.naming - failover switch is not found, 00-00---000-VIPSRV_FAILOVER_SWITCH-000---00-00
2026-05-23 03:32:53.502 [com.alibaba.nacos.naming.failover.0] [none] DEBUG com.alibaba.nacos.client.naming - failover switch is not found, 00-00---000-VIPSRV_FAILOVER_SWITCH-000---00-00
2026-05-23 03:32:58.510 [com.alibaba.nacos.naming.failover.0] [none] DEBUG com.alibaba.nacos.client.naming - failover switch is not found, 00-00---000-VIPSRV_FAILOVER_SWITCH-000---00-00
2026-05-23 03:33:03.519 [com.alibaba.nacos.naming.failover.0] [none] DEBUG com.alibaba.nacos.client.naming - failover switch is not found, 00-00---000-VIPSRV_FAILOVER_SWITCH-000---00-00
2026-05-23 03:33:08.526 [com.alibaba.nacos.naming.failover.0] [none] DEBUG com.alibaba.nacos.client.naming - failover switch is not found, 00-00---000-VIPSRV_FAILOVER_SWITCH-000---00-00
2026-05-23 03:33:13.541 [com.alibaba.nacos.naming.failover.0] [none] DEBUG com.alibaba.nacos.client.naming - failover switch is not found, 00-00---000-VIPSRV_FAILOVER_SWITCH-000---00-00
2026-05-23 03:33:18.573 [com.alibaba.nacos.naming.failover.0] [none] DEBUG com.alibaba.nacos.client.naming - failover switch is not found, 00-00---000-VIPSRV_FAILOVER_SWITCH-000---00-00
2026-05-23 03:33:23.576 [com.alibaba.nacos.naming.failover.0] [none] DEBUG com.alibaba.nacos.client.naming - failover switch is not found, 00-00---000-VIPSRV_FAILOVER_SWITCH-000---00-00
2026-05-23 03:33:28.586 [com.alibaba.nacos.naming.failover.0] [none] DEBUG com.alibaba.nacos.client.naming - failover switch is not found, 00-00---000-VIPSRV_FAILOVER_SWITCH-000---00-00
2026-05-23 03:33:33.600 [com.alibaba.nacos.naming.failover.0] [none] DEBUG com.alibaba.nacos.client.naming - failover switch is not found, 00-00---000-VIPSRV_FAILOVER_SWITCH-000---00-00
2026-05-23 03:33:38.609 [com.alibaba.nacos.naming.failover.0] [none] DEBUG com.alibaba.nacos.client.naming - failover switch is not found, 00-00---000-VIPSRV_FAILOVER_SWITCH-000---00-00
2026-05-23 03:33:43.616 [com.alibaba.nacos.naming.failover.0] [none] DEBUG com.alibaba.nacos.client.naming - failover switch is not found, 00-00---000-VIPSRV_FAILOVER_SWITCH-000---00-00
2026-05-23 03:33:48.621 [com.alibaba.nacos.naming.failover.0] [none] DEBUG com.alibaba.nacos.client.naming - failover switch is not found, 00-00---000-VIPSRV_FAILOVER_SWITCH-000---00-00
2026-05-23 03:33:53.628 [com.alibaba.nacos.naming.failover.0] [none] DEBUG com.alibaba.nacos.client.naming - failover switch is not found, 00-00---000-VIPSRV_FAILOVER_SWITCH-000---00-00
2026-05-23 03:33:58.636 [com.alibaba.nacos.naming.failover.0] [none] DEBUG com.alibaba.nacos.client.naming - failover switch is not found, 00-00---000-VIPSRV_FAILOVER_SWITCH-000---00-00
2026-05-23 03:34:03.646 [com.alibaba.nacos.naming.failover.0] [none] DEBUG com.alibaba.nacos.client.naming - failover switch is not found, 00-00---000-VIPSRV_FAILOVER_SWITCH-000---00-00
2026-05-23 03:34:08.656 [com.alibaba.nacos.naming.failover.0] [none] DEBUG com.alibaba.nacos.client.naming - failover switch is not found, 00-00---000-VIPSRV_FAILOVER_SWITCH-000---00-00
2026-05-23 03:34:13.670 [com.alibaba.nacos.naming.failover.0] [none] DEBUG com.alibaba.nacos.client.naming - failover switch is not found, 00-00---000-VIPSRV_FAILOVER_SWITCH-000---00-00
2026-05-23 03:34:18.685 [com.alibaba.nacos.naming.failover.0] [none] DEBUG com.alibaba.nacos.client.naming - failover switch is not found, 00-00---000-VIPSRV_FAILOVER_SWITCH-000---00-00
2026-05-23 03:34:23.693 [com.alibaba.nacos.naming.failover.0] [none] DEBUG com.alibaba.nacos.client.naming - failover switch is not found, 00-00---000-VIPSRV_FAILOVER_SWITCH-000---00-00
2026-05-23 03:34:28.694 [com.alibaba.nacos.naming.failover.0] [none] DEBUG com.alibaba.nacos.client.naming - failover switch is not found, 00-00---000-VIPSRV_FAILOVER_SWITCH-000---00-00
2026-05-23 03:34:33.719 [com.alibaba.nacos.naming.failover.0] [none] DEBUG com.alibaba.nacos.client.naming - failover switch is not found, 00-00---000-VIPSRV_FAILOVER_SWITCH-000---00-00
2026-05-23 03:34:38.734 [com.alibaba.nacos.naming.failover.0] [none] DEBUG com.alibaba.nacos.client.naming - failover switch is not found, 00-00---000-VIPSRV_FAILOVER_SWITCH-000---00-00
2026-05-23 03:34:43.747 [com.alibaba.nacos.naming.failover.0] [none] DEBUG com.alibaba.nacos.client.naming - failover switch is not found, 00-00---000-VIPSRV_FAILOVER_SWITCH-000---00-00
2026-05-23 03:34:48.858 [com.alibaba.nacos.naming.failover.0] [none] DEBUG com.alibaba.nacos.client.naming - failover switch is not found, 00-00---000-VIPSRV_FAILOVER_SWITCH-000---00-00
2026-05-23 03:34:53.869 [com.alibaba.nacos.naming.failover.0] [none] DEBUG com.alibaba.nacos.client.naming - failover switch is not found, 00-00---000-VIPSRV_FAILOVER_SWITCH-000---00-00
2026-05-23 03:34:58.880 [com.alibaba.nacos.naming.failover.0] [none] DEBUG com.alibaba.nacos.client.naming - failover switch is not found, 00-00---000-VIPSRV_FAILOVER_SWITCH-000---00-00
2026-05-23 03:35:03.895 [com.alibaba.nacos.naming.failover.0] [none] DEBUG com.alibaba.nacos.client.naming - failover switch is not found, 00-00---000-VIPSRV_FAILOVER_SWITCH-000---00-00
2026-05-23 03:35:08.907 [com.alibaba.nacos.naming.failover.0] [none] DEBUG com.alibaba.nacos.client.naming - failover switch is not found, 00-00---000-VIPSRV_FAILOVER_SWITCH-000---00-00
2026-05-23 03:35:13.918 [com.alibaba.nacos.naming.failover.0] [none] DEBUG com.alibaba.nacos.client.naming - failover switch is not found, 00-00---000-VIPSRV_FAILOVER_SWITCH-000---00-00
2026-05-23 03:35:18.922 [com.alibaba.nacos.naming.failover.0] [none] DEBUG com.alibaba.nacos.client.naming - failover switch is not found, 00-00---000-VIPSRV_FAILOVER_SWITCH-000---00-00
2026-05-23 03:35:23.927 [com.alibaba.nacos.naming.failover.0] [none] DEBUG com.alibaba.nacos.client.naming - failover switch is not found, 00-00---000-VIPSRV_FAILOVER_SWITCH-000---00-00
2026-05-23 03:35:28.943 [com.alibaba.nacos.naming.failover.0] [none] DEBUG com.alibaba.nacos.client.naming - failover switch is not found, 00-00---000-VIPSRV_FAILOVER_SWITCH-000---00-00
2026-05-23 03:35:34.027 [com.alibaba.nacos.naming.failover.0] [none] DEBUG com.alibaba.nacos.client.naming - failover switch is not found, 00-00---000-VIPSRV_FAILOVER_SWITCH-000---00-00
2026-05-23 03:35:39.035 [com.alibaba.nacos.naming.failover.0] [none] DEBUG com.alibaba.nacos.client.naming - failover switch is not found, 00-00---000-VIPSRV_FAILOVER_SWITCH-000---00-00
2026-05-23 03:35:44.045 [com.alibaba.nacos.naming.failover.0] [none] DEBUG com.alibaba.nacos.client.naming - failover switch is not found, 00-00---000-VIPSRV_FAILOVER_SWITCH-000---00-00
2026-05-23 03:35:49.054 [com.alibaba.nacos.naming.failover.0] [none] DEBUG com.alibaba.nacos.client.naming - failover switch is not found, 00-00---000-VIPSRV_FAILOVER_SWITCH-000---00-00
2026-05-23 03:35:54.058 [com.alibaba.nacos.naming.failover.0] [none] DEBUG com.alibaba.nacos.client.naming - failover switch is not found, 00-00---000-VIPSRV_FAILOVER_SWITCH-000---00-00
2026-05-23 03:35:59.073 [com.alibaba.nacos.naming.failover.0] [none] DEBUG com.alibaba.nacos.client.naming - failover switch is not found, 00-00---000-VIPSRV_FAILOVER_SWITCH-000---00-00
2026-05-23 03:36:04.096 [com.alibaba.nacos.naming.failover.0] [none] DEBUG com.alibaba.nacos.client.naming - failover switch is not found, 00-00---000-VIPSRV_FAILOVER_SWITCH-000---00-00
2026-05-23 03:36:09.108 [com.alibaba.nacos.naming.failover.0] [none] DEBUG com.alibaba.nacos.client.naming - failover switch is not found, 00-00---000-VIPSRV_FAILOVER_SWITCH-000---00-00
2026-05-23 03:36:14.111 [com.alibaba.nacos.naming.failover.0] [none] DEBUG com.alibaba.nacos.client.naming - failover switch is not found, 00-00---000-VIPSRV_FAILOVER_SWITCH-000---00-00
2026-05-23 03:36:19.134 [com.alibaba.nacos.naming.failover.0] [none] DEBUG com.alibaba.nacos.client.naming - failover switch is not found, 00-00---000-VIPSRV_FAILOVER_SWITCH-000---00-00
2026-05-23 03:36:24.145 [com.alibaba.nacos.naming.failover.0] [none] DEBUG com.alibaba.nacos.client.naming - failover switch is not found, 00-00---000-VIPSRV_FAILOVER_SWITCH-000---00-00
2026-05-23 03:36:29.156 [com.alibaba.nacos.naming.failover.0] [none] DEBUG com.alibaba.nacos.client.naming - failover switch is not found, 00-00---000-VIPSRV_FAILOVER_SWITCH-000---00-00
2026-05-23 03:36:34.167 [com.alibaba.nacos.naming.failover.0] [none] DEBUG com.alibaba.nacos.client.naming - failover switch is not found, 00-00---000-VIPSRV_FAILOVER_SWITCH-000---00-00
2026-05-23 03:36:39.170 [com.alibaba.nacos.naming.failover.0] [none] DEBUG com.alibaba.nacos.client.naming - failover switch is not found, 00-00---000-VIPSRV_FAILOVER_SWITCH-000---00-00
2026-05-23 03:36:44.180 [com.alibaba.nacos.naming.failover.0] [none] DEBUG com.alibaba.nacos.client.naming - failover switch is not found, 00-00---000-VIPSRV_FAILOVER_SWITCH-000---00-00
2026-05-23 03:36:49.190 [com.alibaba.nacos.naming.failover.0] [none] DEBUG com.alibaba.nacos.client.naming - failover switch is not found, 00-00---000-VIPSRV_FAILOVER_SWITCH-000---00-00
2026-05-23 03:36:54.321 [com.alibaba.nacos.naming.failover.0] [none] DEBUG com.alibaba.nacos.client.naming - failover switch is not found, 00-00---000-VIPSRV_FAILOVER_SWITCH-000---00-00
2026-05-23 03:36:59.333 [com.alibaba.nacos.naming.failover.0] [none] DEBUG com.alibaba.nacos.client.naming - failover switch is not found, 00-00---000-VIPSRV_FAILOVER_SWITCH-000---00-00
2026-05-23 03:37:04.378 [com.alibaba.nacos.naming.failover.0] [none] DEBUG com.alibaba.nacos.client.naming - failover switch is not found, 00-00---000-VIPSRV_FAILOVER_SWITCH-000---00-00
2026-05-23 03:37:09.402 [com.alibaba.nacos.naming.failover.0] [none] DEBUG com.alibaba.nacos.client.naming - failover switch is not found, 00-00---000-VIPSRV_FAILOVER_SWITCH-000---00-00
2026-05-23 03:37:14.407 [com.alibaba.nacos.naming.failover.0] [none] DEBUG com.alibaba.nacos.client.naming - failover switch is not found, 00-00---000-VIPSRV_FAILOVER_SWITCH-000---00-00
2026-05-23 03:37:19.410 [com.alibaba.nacos.naming.failover.0] [none] DEBUG com.alibaba.nacos.client.naming - failover switch is not found, 00-00---000-VIPSRV_FAILOVER_SWITCH-000---00-00
2026-05-23 03:37:24.425 [com.alibaba.nacos.naming.failover.0] [none] DEBUG com.alibaba.nacos.client.naming - failover switch is not found, 00-00---000-VIPSRV_FAILOVER_SWITCH-000---00-00
2026-05-23 03:37:29.431 [com.alibaba.nacos.naming.failover.0] [none] DEBUG com.alibaba.nacos.client.naming - failover switch is not found, 00-00---000-VIPSRV_FAILOVER_SWITCH-000---00-00
2026-05-23 03:37:34.440 [com.alibaba.nacos.naming.failover.0] [none] DEBUG com.alibaba.nacos.client.naming - failover switch is not found, 00-00---000-VIPSRV_FAILOVER_SWITCH-000---00-00
2026-05-23 03:37:39.445 [com.alibaba.nacos.naming.failover.0] [none] DEBUG com.alibaba.nacos.client.naming - failover switch is not found, 00-00---000-VIPSRV_FAILOVER_SWITCH-000---00-00
2026-05-23 03:37:44.449 [com.alibaba.nacos.naming.failover.0] [none] DEBUG com.alibaba.nacos.client.naming - failover switch is not found, 00-00---000-VIPSRV_FAILOVER_SWITCH-000---00-00
2026-05-23 03:37:49.453 [com.alibaba.nacos.naming.failover.0] [none] DEBUG com.alibaba.nacos.client.naming - failover switch is not found, 00-00---000-VIPSRV_FAILOVER_SWITCH-000---00-00
2026-05-23 03:37:54.468 [com.alibaba.nacos.naming.failover.0] [none] DEBUG com.alibaba.nacos.client.naming - failover switch is not found, 00-00---000-VIPSRV_FAILOVER_SWITCH-000---00-00
2026-05-23 03:37:59.475 [com.alibaba.nacos.naming.failover.0] [none] DEBUG com.alibaba.nacos.client.naming - failover switch is not found, 00-00---000-VIPSRV_FAILOVER_SWITCH-000---00-00
2026-05-23 03:38:04.482 [com.alibaba.nacos.naming.failover.0] [none] DEBUG com.alibaba.nacos.client.naming - failover switch is not found, 00-00---000-VIPSRV_FAILOVER_SWITCH-000---00-00
2026-05-23 03:38:09.492 [com.alibaba.nacos.naming.failover.0] [none] DEBUG com.alibaba.nacos.client.naming - failover switch is not found, 00-00---000-VIPSRV_FAILOVER_SWITCH-000---00-00
2026-05-23 03:38:14.504 [com.alibaba.nacos.naming.failover.0] [none] DEBUG com.alibaba.nacos.client.naming - failover switch is not found, 00-00---000-VIPSRV_FAILOVER_SWITCH-000---00-00
2026-05-23 03:38:19.511 [com.alibaba.nacos.naming.failover.0] [none] DEBUG com.alibaba.nacos.client.naming - failover switch is not found, 00-00---000-VIPSRV_FAILOVER_SWITCH-000---00-00
2026-05-23 03:38:24.523 [com.alibaba.nacos.naming.failover.0] [none] DEBUG com.alibaba.nacos.client.naming - failover switch is not found, 00-00---000-VIPSRV_FAILOVER_SWITCH-000---00-00
2026-05-23 03:38:29.524 [com.alibaba.nacos.naming.failover.0] [none] DEBUG com.alibaba.nacos.client.naming - failover switch is not found, 00-00---000-VIPSRV_FAILOVER_SWITCH-000---00-00
2026-05-23 03:38:34.538 [com.alibaba.nacos.naming.failover.0] [none] DEBUG com.alibaba.nacos.client.naming - failover switch is not found, 00-00---000-VIPSRV_FAILOVER_SWITCH-000---00-00
2026-05-23 03:38:39.539 [com.alibaba.nacos.naming.failover.0] [none] DEBUG com.alibaba.nacos.client.naming - failover switch is not found, 00-00---000-VIPSRV_FAILOVER_SWITCH-000---00-00
2026-05-23 03:38:44.553 [com.alibaba.nacos.naming.failover.0] [none] DEBUG com.alibaba.nacos.client.naming - failover switch is not found, 00-00---000-VIPSRV_FAILOVER_SWITCH-000---00-00
2026-05-23 03:38:49.553 [com.alibaba.nacos.naming.failover.0] [none] DEBUG com.alibaba.nacos.client.naming - failover switch is not found, 00-00---000-VIPSRV_FAILOVER_SWITCH-000---00-00
2026-05-23 03:38:54.560 [com.alibaba.nacos.naming.failover.0] [none] DEBUG com.alibaba.nacos.client.naming - failover switch is not found, 00-00---000-VIPSRV_FAILOVER_SWITCH-000---00-00
2026-05-23 03:38:59.567 [com.alibaba.nacos.naming.failover.0] [none] DEBUG com.alibaba.nacos.client.naming - failover switch is not found, 00-00---000-VIPSRV_FAILOVER_SWITCH-000---00-00
2026-05-23 03:39:04.575 [com.alibaba.nacos.naming.failover.0] [none] DEBUG com.alibaba.nacos.client.naming - failover switch is not found, 00-00---000-VIPSRV_FAILOVER_SWITCH-000---00-00
2026-05-23 03:39:09.612 [com.alibaba.nacos.naming.failover.0] [none] DEBUG com.alibaba.nacos.client.naming - failover switch is not found, 00-00---000-VIPSRV_FAILOVER_SWITCH-000---00-00
2026-05-23 03:39:14.623 [com.alibaba.nacos.naming.failover.0] [none] DEBUG com.alibaba.nacos.client.naming - failover switch is not found, 00-00---000-VIPSRV_FAILOVER_SWITCH-000---00-00
2026-05-23 03:39:19.634 [com.alibaba.nacos.naming.failover.0] [none] DEBUG com.alibaba.nacos.client.naming - failover switch is not found, 00-00---000-VIPSRV_FAILOVER_SWITCH-000---00-00
2026-05-23 03:39:24.637 [com.alibaba.nacos.naming.failover.0] [none] DEBUG com.alibaba.nacos.client.naming - failover switch is not found, 00-00---000-VIPSRV_FAILOVER_SWITCH-000---00-00
2026-05-23 03:39:29.647 [com.alibaba.nacos.naming.failover.0] [none] DEBUG com.alibaba.nacos.client.naming - failover switch is not found, 00-00---000-VIPSRV_FAILOVER_SWITCH-000---00-00
2026-05-23 03:39:34.653 [com.alibaba.nacos.naming.failover.0] [none] DEBUG com.alibaba.nacos.client.naming - failover switch is not found, 00-00---000-VIPSRV_FAILOVER_SWITCH-000---00-00
2026-05-23 03:39:39.665 [com.alibaba.nacos.naming.failover.0] [none] DEBUG com.alibaba.nacos.client.naming - failover switch is not found, 00-00---000-VIPSRV_FAILOVER_SWITCH-000---00-00
2026-05-23 03:39:44.679 [com.alibaba.nacos.naming.failover.0] [none] DEBUG com.alibaba.nacos.client.naming - failover switch is not found, 00-00---000-VIPSRV_FAILOVER_SWITCH-000---00-00
2026-05-23 03:39:49.688 [com.alibaba.nacos.naming.failover.0] [none] DEBUG com.alibaba.nacos.client.naming - failover switch is not found, 00-00---000-VIPSRV_FAILOVER_SWITCH-000---00-00
2026-05-23 03:39:54.693 [com.alibaba.nacos.naming.failover.0] [none] DEBUG com.alibaba.nacos.client.naming - failover switch is not found, 00-00---000-VIPSRV_FAILOVER_SWITCH-000---00-00
2026-05-23 03:39:59.699 [com.alibaba.nacos.naming.failover.0] [none] DEBUG com.alibaba.nacos.client.naming - failover switch is not found, 00-00---000-VIPSRV_FAILOVER_SWITCH-000---00-00
2026-05-23 03:40:04.707 [com.alibaba.nacos.naming.failover.0] [none] DEBUG com.alibaba.nacos.client.naming - failover switch is not found, 00-00---000-VIPSRV_FAILOVER_SWITCH-000---00-00
2026-05-23 03:40:09.720 [com.alibaba.nacos.naming.failover.0] [none] DEBUG com.alibaba.nacos.client.naming - failover switch is not found, 00-00---000-VIPSRV_FAILOVER_SWITCH-000---00-00
2026-05-23 03:40:14.732 [com.alibaba.nacos.naming.failover.0] [none] DEBUG com.alibaba.nacos.client.naming - failover switch is not found, 00-00---000-VIPSRV_FAILOVER_SWITCH-000---00-00
2026-05-23 03:40:19.735 [com.alibaba.nacos.naming.failover.0] [none] DEBUG com.alibaba.nacos.client.naming - failover switch is not found, 00-00---000-VIPSRV_FAILOVER_SWITCH-000---00-00
2026-05-23 03:40:24.742 [com.alibaba.nacos.naming.failover.0] [none] DEBUG com.alibaba.nacos.client.naming - failover switch is not found, 00-00---000-VIPSRV_FAILOVER_SWITCH-000---00-00
2026-05-23 03:40:29.749 [com.alibaba.nacos.naming.failover.0] [none] DEBUG com.alibaba.nacos.client.naming - failover switch is not found, 00-00---000-VIPSRV_FAILOVER_SWITCH-000---00-00
2026-05-23 03:40:34.752 [com.alibaba.nacos.naming.failover.0] [none] DEBUG com.alibaba.nacos.client.naming - failover switch is not found, 00-00---000-VIPSRV_FAILOVER_SWITCH-000---00-00
2026-05-23 03:40:39.763 [com.alibaba.nacos.naming.failover.0] [none] DEBUG com.alibaba.nacos.client.naming - failover switch is not found, 00-00---000-VIPSRV_FAILOVER_SWITCH-000---00-00
2026-05-23 03:40:44.773 [com.alibaba.nacos.naming.failover.0] [none] DEBUG com.alibaba.nacos.client.naming - failover switch is not found, 00-00---000-VIPSRV_FAILOVER_SWITCH-000---00-00
2026-05-23 03:40:49.781 [com.alibaba.nacos.naming.failover.0] [none] DEBUG com.alibaba.nacos.client.naming - failover switch is not found, 00-00---000-VIPSRV_FAILOVER_SWITCH-000---00-00
2026-05-23 03:40:54.789 [com.alibaba.nacos.naming.failover.0] [none] DEBUG com.alibaba.nacos.client.naming - failover switch is not found, 00-00---000-VIPSRV_FAILOVER_SWITCH-000---00-00
2026-05-23 03:40:59.792 [com.alibaba.nacos.naming.failover.0] [none] DEBUG com.alibaba.nacos.client.naming - failover switch is not found, 00-00---000-VIPSRV_FAILOVER_SWITCH-000---00-00
2026-05-23 03:41:04.800 [com.alibaba.nacos.naming.failover.0] [none] DEBUG com.alibaba.nacos.client.naming - failover switch is not found, 00-00---000-VIPSRV_FAILOVER_SWITCH-000---00-00
2026-05-23 03:41:09.804 [com.alibaba.nacos.naming.failover.0] [none] DEBUG com.alibaba.nacos.client.naming - failover switch is not found, 00-00---000-VIPSRV_FAILOVER_SWITCH-000---00-00
2026-05-23 03:41:14.818 [com.alibaba.nacos.naming.failover.0] [none] DEBUG com.alibaba.nacos.client.naming - failover switch is not found, 00-00---000-VIPSRV_FAILOVER_SWITCH-000---00-00
2026-05-23 03:41:19.833 [com.alibaba.nacos.naming.failover.0] [none] DEBUG com.alibaba.nacos.client.naming - failover switch is not found, 00-00---000-VIPSRV_FAILOVER_SWITCH-000---00-00
2026-05-23 03:41:24.839 [com.alibaba.nacos.naming.failover.0] [none] DEBUG com.alibaba.nacos.client.naming - failover switch is not found, 00-00---000-VIPSRV_FAILOVER_SWITCH-000---00-00
2026-05-23 03:41:29.848 [com.alibaba.nacos.naming.failover.0] [none] DEBUG com.alibaba.nacos.client.naming - failover switch is not found, 00-00---000-VIPSRV_FAILOVER_SWITCH-000---00-00
2026-05-23 03:41:34.850 [com.alibaba.nacos.naming.failover.0] [none] DEBUG com.alibaba.nacos.client.naming - failover switch is not found, 00-00---000-VIPSRV_FAILOVER_SWITCH-000---00-00
2026-05-23 03:41:39.866 [com.alibaba.nacos.naming.failover.0] [none] DEBUG com.alibaba.nacos.client.naming - failover switch is not found, 00-00---000-VIPSRV_FAILOVER_SWITCH-000---00-00
2026-05-23 03:41:44.868 [com.alibaba.nacos.naming.failover.0] [none] DEBUG com.alibaba.nacos.client.naming - failover switch is not found, 00-00---000-VIPSRV_FAILOVER_SWITCH-000---00-00
2026-05-23 03:41:49.883 [com.alibaba.nacos.naming.failover.0] [none] DEBUG com.alibaba.nacos.client.naming - failover switch is not found, 00-00---000-VIPSRV_FAILOVER_SWITCH-000---00-00
2026-05-23 03:41:54.896 [com.alibaba.nacos.naming.failover.0] [none] DEBUG com.alibaba.nacos.client.naming - failover switch is not found, 00-00---000-VIPSRV_FAILOVER_SWITCH-000---00-00
2026-05-23 03:41:59.906 [com.alibaba.nacos.naming.failover.0] [none] DEBUG com.alibaba.nacos.client.naming - failover switch is not found, 00-00---000-VIPSRV_FAILOVER_SWITCH-000---00-00
2026-05-23 03:42:04.910 [com.alibaba.nacos.naming.failover.0] [none] DEBUG com.alibaba.nacos.client.naming - failover switch is not found, 00-00---000-VIPSRV_FAILOVER_SWITCH-000---00-00
2026-05-23 03:42:09.924 [com.alibaba.nacos.naming.failover.0] [none] DEBUG com.alibaba.nacos.client.naming - failover switch is not found, 00-00---000-VIPSRV_FAILOVER_SWITCH-000---00-00
2026-05-23 03:42:14.927 [com.alibaba.nacos.naming.failover.0] [none] DEBUG com.alibaba.nacos.client.naming - failover switch is not found, 00-00---000-VIPSRV_FAILOVER_SWITCH-000---00-00
2026-05-23 03:42:19.932 [com.alibaba.nacos.naming.failover.0] [none] DEBUG com.alibaba.nacos.client.naming - failover switch is not found, 00-00---000-VIPSRV_FAILOVER_SWITCH-000---00-00
2026-05-23 03:42:24.945 [com.alibaba.nacos.naming.failover.0] [none] DEBUG com.alibaba.nacos.client.naming - failover switch is not found, 00-00---000-VIPSRV_FAILOVER_SWITCH-000---00-00
2026-05-23 03:42:29.951 [com.alibaba.nacos.naming.failover.0] [none] DEBUG com.alibaba.nacos.client.naming - failover switch is not found, 00-00---000-VIPSRV_FAILOVER_SWITCH-000---00-00
2026-05-23 03:42:34.974 [com.alibaba.nacos.naming.failover.0] [none] DEBUG com.alibaba.nacos.client.naming - failover switch is not found, 00-00---000-VIPSRV_FAILOVER_SWITCH-000---00-00
2026-05-23 03:42:39.978 [com.alibaba.nacos.naming.failover.0] [none] DEBUG com.alibaba.nacos.client.naming - failover switch is not found, 00-00---000-VIPSRV_FAILOVER_SWITCH-000---00-00
2026-05-23 03:42:44.983 [com.alibaba.nacos.naming.failover.0] [none] DEBUG com.alibaba.nacos.client.naming - failover switch is not found, 00-00---000-VIPSRV_FAILOVER_SWITCH-000---00-00
2026-05-23 03:42:50.120 [com.alibaba.nacos.naming.failover.0] [none] DEBUG com.alibaba.nacos.client.naming - failover switch is not found, 00-00---000-VIPSRV_FAILOVER_SWITCH-000---00-00
2026-05-23 03:42:55.134 [com.alibaba.nacos.naming.failover.0] [none] DEBUG com.alibaba.nacos.client.naming - failover switch is not found, 00-00---000-VIPSRV_FAILOVER_SWITCH-000---00-00
2026-05-23 03:43:00.145 [com.alibaba.nacos.naming.failover.0] [none] DEBUG com.alibaba.nacos.client.naming - failover switch is not found, 00-00---000-VIPSRV_FAILOVER_SWITCH-000---00-00
2026-05-23 03:43:05.185 [com.alibaba.nacos.naming.failover.0] [none] DEBUG com.alibaba.nacos.client.naming - failover switch is not found, 00-00---000-VIPSRV_FAILOVER_SWITCH-000---00-00
2026-05-23 03:43:10.186 [com.alibaba.nacos.naming.failover.0] [none] DEBUG com.alibaba.nacos.client.naming - failover switch is not found, 00-00---000-VIPSRV_FAILOVER_SWITCH-000---00-00
2026-05-23 03:43:15.194 [com.alibaba.nacos.naming.failover.0] [none] DEBUG com.alibaba.nacos.client.naming - failover switch is not found, 00-00---000-VIPSRV_FAILOVER_SWITCH-000---00-00
2026-05-23 03:43:20.202 [com.alibaba.nacos.naming.failover.0] [none] DEBUG com.alibaba.nacos.client.naming - failover switch is not found, 00-00---000-VIPSRV_FAILOVER_SWITCH-000---00-00
2026-05-23 03:43:25.209 [com.alibaba.nacos.naming.failover.0] [none] DEBUG com.alibaba.nacos.client.naming - failover switch is not found, 00-00---000-VIPSRV_FAILOVER_SWITCH-000---00-00
2026-05-23 03:43:30.218 [com.alibaba.nacos.naming.failover.0] [none] DEBUG com.alibaba.nacos.client.naming - failover switch is not found, 00-00---000-VIPSRV_FAILOVER_SWITCH-000---00-00
2026-05-23 03:43:35.223 [com.alibaba.nacos.naming.failover.0] [none] DEBUG com.alibaba.nacos.client.naming - failover switch is not found, 00-00---000-VIPSRV_FAILOVER_SWITCH-000---00-00
2026-05-23 03:43:40.229 [com.alibaba.nacos.naming.failover.0] [none] DEBUG com.alibaba.nacos.client.naming - failover switch is not found, 00-00---000-VIPSRV_FAILOVER_SWITCH-000---00-00
2026-05-23 03:43:45.235 [com.alibaba.nacos.naming.failover.0] [none] DEBUG com.alibaba.nacos.client.naming - failover switch is not found, 00-00---000-VIPSRV_FAILOVER_SWITCH-000---00-00
2026-05-23 03:43:50.239 [com.alibaba.nacos.naming.failover.0] [none] DEBUG com.alibaba.nacos.client.naming - failover switch is not found, 00-00---000-VIPSRV_FAILOVER_SWITCH-000---00-00
2026-05-23 03:43:55.265 [com.alibaba.nacos.naming.failover.0] [none] DEBUG com.alibaba.nacos.client.naming - failover switch is not found, 00-00---000-VIPSRV_FAILOVER_SWITCH-000---00-00
2026-05-23 03:44:00.268 [com.alibaba.nacos.naming.failover.0] [none] DEBUG com.alibaba.nacos.client.naming - failover switch is not found, 00-00---000-VIPSRV_FAILOVER_SWITCH-000---00-00
2026-05-23 03:44:05.282 [com.alibaba.nacos.naming.failover.0] [none] DEBUG com.alibaba.nacos.client.naming - failover switch is not found, 00-00---000-VIPSRV_FAILOVER_SWITCH-000---00-00
2026-05-23 03:44:10.284 [com.alibaba.nacos.naming.failover.0] [none] DEBUG com.alibaba.nacos.client.naming - failover switch is not found, 00-00---000-VIPSRV_FAILOVER_SWITCH-000---00-00
2026-05-23 03:44:15.293 [com.alibaba.nacos.naming.failover.0] [none] DEBUG com.alibaba.nacos.client.naming - failover switch is not found, 00-00---000-VIPSRV_FAILOVER_SWITCH-000---00-00
2026-05-23 03:44:20.307 [com.alibaba.nacos.naming.failover.0] [none] DEBUG com.alibaba.nacos.client.naming - failover switch is not found, 00-00---000-VIPSRV_FAILOVER_SWITCH-000---00-00
2026-05-23 03:44:25.336 [com.alibaba.nacos.naming.failover.0] [none] DEBUG com.alibaba.nacos.client.naming - failover switch is not found, 00-00---000-VIPSRV_FAILOVER_SWITCH-000---00-00
2026-05-23 03:44:30.344 [com.alibaba.nacos.naming.failover.0] [none] DEBUG com.alibaba.nacos.client.naming - failover switch is not found, 00-00---000-VIPSRV_FAILOVER_SWITCH-000---00-00
2026-05-23 03:44:35.351 [com.alibaba.nacos.naming.failover.0] [none] DEBUG com.alibaba.nacos.client.naming - failover switch is not found, 00-00---000-VIPSRV_FAILOVER_SWITCH-000---00-00
2026-05-23 03:44:40.375 [com.alibaba.nacos.naming.failover.0] [none] DEBUG com.alibaba.nacos.client.naming - failover switch is not found, 00-00---000-VIPSRV_FAILOVER_SWITCH-000---00-00
2026-05-23 03:44:45.388 [com.alibaba.nacos.naming.failover.0] [none] DEBUG com.alibaba.nacos.client.naming - failover switch is not found, 00-00---000-VIPSRV_FAILOVER_SWITCH-000---00-00
2026-05-23 03:44:50.457 [com.alibaba.nacos.naming.failover.0] [none] DEBUG com.alibaba.nacos.client.naming - failover switch is not found, 00-00---000-VIPSRV_FAILOVER_SWITCH-000---00-00
2026-05-23 03:44:55.487 [com.alibaba.nacos.naming.failover.0] [none] DEBUG com.alibaba.nacos.client.naming - failover switch is not found, 00-00---000-VIPSRV_FAILOVER_SWITCH-000---00-00
2026-05-23 03:45:00.496 [com.alibaba.nacos.naming.failover.0] [none] DEBUG com.alibaba.nacos.client.naming - failover switch is not found, 00-00---000-VIPSRV_FAILOVER_SWITCH-000---00-00
2026-05-23 03:45:05.513 [com.alibaba.nacos.naming.failover.0] [none] DEBUG com.alibaba.nacos.client.naming - failover switch is not found, 00-00---000-VIPSRV_FAILOVER_SWITCH-000---00-00
2026-05-23 03:45:10.521 [com.alibaba.nacos.naming.failover.0] [none] DEBUG com.alibaba.nacos.client.naming - failover switch is not found, 00-00---000-VIPSRV_FAILOVER_SWITCH-000---00-00
2026-05-23 03:45:15.531 [com.alibaba.nacos.naming.failover.0] [none] DEBUG com.alibaba.nacos.client.naming - failover switch is not found, 00-00---000-VIPSRV_FAILOVER_SWITCH-000---00-00
2026-05-23 03:45:20.544 [com.alibaba.nacos.naming.failover.0] [none] DEBUG com.alibaba.nacos.client.naming - failover switch is not found, 00-00---000-VIPSRV_FAILOVER_SWITCH-000---00-00
2026-05-23 03:45:25.553 [com.alibaba.nacos.naming.failover.0] [none] DEBUG com.alibaba.nacos.client.naming - failover switch is not found, 00-00---000-VIPSRV_FAILOVER_SWITCH-000---00-00
2026-05-23 03:45:30.561 [com.alibaba.nacos.naming.failover.0] [none] DEBUG com.alibaba.nacos.client.naming - failover switch is not found, 00-00---000-VIPSRV_FAILOVER_SWITCH-000---00-00
2026-05-23 03:45:35.566 [com.alibaba.nacos.naming.failover.0] [none] DEBUG com.alibaba.nacos.client.naming - failover switch is not found, 00-00---000-VIPSRV_FAILOVER_SWITCH-000---00-00
2026-05-23 03:45:40.581 [com.alibaba.nacos.naming.failover.0] [none] DEBUG com.alibaba.nacos.client.naming - failover switch is not found, 00-00---000-VIPSRV_FAILOVER_SWITCH-000---00-00
2026-05-23 03:45:45.596 [com.alibaba.nacos.naming.failover.0] [none] DEBUG com.alibaba.nacos.client.naming - failover switch is not found, 00-00---000-VIPSRV_FAILOVER_SWITCH-000---00-00
2026-05-23 03:45:50.604 [com.alibaba.nacos.naming.failover.0] [none] DEBUG com.alibaba.nacos.client.naming - failover switch is not found, 00-00---000-VIPSRV_FAILOVER_SWITCH-000---00-00
2026-05-23 03:45:55.614 [com.alibaba.nacos.naming.failover.0] [none] DEBUG com.alibaba.nacos.client.naming - failover switch is not found, 00-00---000-VIPSRV_FAILOVER_SWITCH-000---00-00
2026-05-23 03:46:00.628 [com.alibaba.nacos.naming.failover.0] [none] DEBUG com.alibaba.nacos.client.naming - failover switch is not found, 00-00---000-VIPSRV_FAILOVER_SWITCH-000---00-00
2026-05-23 03:46:05.634 [com.alibaba.nacos.naming.failover.0] [none] DEBUG com.alibaba.nacos.client.naming - failover switch is not found, 00-00---000-VIPSRV_FAILOVER_SWITCH-000---00-00
2026-05-23 03:46:10.642 [com.alibaba.nacos.naming.failover.0] [none] DEBUG com.alibaba.nacos.client.naming - failover switch is not found, 00-00---000-VIPSRV_FAILOVER_SWITCH-000---00-00
2026-05-23 03:46:15.648 [com.alibaba.nacos.naming.failover.0] [none] DEBUG com.alibaba.nacos.client.naming - failover switch is not found, 00-00---000-VIPSRV_FAILOVER_SWITCH-000---00-00
2026-05-23 03:46:20.656 [com.alibaba.nacos.naming.failover.0] [none] DEBUG com.alibaba.nacos.client.naming - failover switch is not found, 00-00---000-VIPSRV_FAILOVER_SWITCH-000---00-00
2026-05-23 03:46:25.662 [com.alibaba.nacos.naming.failover.0] [none] DEBUG com.alibaba.nacos.client.naming - failover switch is not found, 00-00---000-VIPSRV_FAILOVER_SWITCH-000---00-00
2026-05-23 03:46:30.666 [com.alibaba.nacos.naming.failover.0] [none] DEBUG com.alibaba.nacos.client.naming - failover switch is not found, 00-00---000-VIPSRV_FAILOVER_SWITCH-000---00-00
2026-05-23 03:46:35.674 [com.alibaba.nacos.naming.failover.0] [none] DEBUG com.alibaba.nacos.client.naming - failover switch is not found, 00-00---000-VIPSRV_FAILOVER_SWITCH-000---00-00
2026-05-23 03:46:40.684 [com.alibaba.nacos.naming.failover.0] [none] DEBUG com.alibaba.nacos.client.naming - failover switch is not found, 00-00---000-VIPSRV_FAILOVER_SWITCH-000---00-00
2026-05-23 03:46:45.701 [com.alibaba.nacos.naming.failover.0] [none] DEBUG com.alibaba.nacos.client.naming - failover switch is not found, 00-00---000-VIPSRV_FAILOVER_SWITCH-000---00-00
2026-05-23 03:46:50.704 [com.alibaba.nacos.naming.failover.0] [none] DEBUG com.alibaba.nacos.client.naming - failover switch is not found, 00-00---000-VIPSRV_FAILOVER_SWITCH-000---00-00
2026-05-23 03:46:55.713 [com.alibaba.nacos.naming.failover.0] [none] DEBUG com.alibaba.nacos.client.naming - failover switch is not found, 00-00---000-VIPSRV_FAILOVER_SWITCH-000---00-00
2026-05-23 03:47:00.716 [com.alibaba.nacos.naming.failover.0] [none] DEBUG com.alibaba.nacos.client.naming - failover switch is not found, 00-00---000-VIPSRV_FAILOVER_SWITCH-000---00-00
2026-05-23 03:47:05.721 [com.alibaba.nacos.naming.failover.0] [none] DEBUG com.alibaba.nacos.client.naming - failover switch is not found, 00-00---000-VIPSRV_FAILOVER_SWITCH-000---00-00
2026-05-23 03:47:10.724 [com.alibaba.nacos.naming.failover.0] [none] DEBUG com.alibaba.nacos.client.naming - failover switch is not found, 00-00---000-VIPSRV_FAILOVER_SWITCH-000---00-00
2026-05-23 03:47:15.742 [com.alibaba.nacos.naming.failover.0] [none] DEBUG com.alibaba.nacos.client.naming - failover switch is not found, 00-00---000-VIPSRV_FAILOVER_SWITCH-000---00-00
2026-05-23 03:47:20.750 [com.alibaba.nacos.naming.failover.0] [none] DEBUG com.alibaba.nacos.client.naming - failover switch is not found, 00-00---000-VIPSRV_FAILOVER_SWITCH-000---00-00
2026-05-23 03:47:25.765 [com.alibaba.nacos.naming.failover.0] [none] DEBUG com.alibaba.nacos.client.naming - failover switch is not found, 00-00---000-VIPSRV_FAILOVER_SWITCH-000---00-00
2026-05-23 03:47:30.775 [com.alibaba.nacos.naming.failover.0] [none] DEBUG com.alibaba.nacos.client.naming - failover switch is not found, 00-00---000-VIPSRV_FAILOVER_SWITCH-000---00-00
2026-05-23 03:47:35.782 [com.alibaba.nacos.naming.failover.0] [none] DEBUG com.alibaba.nacos.client.naming - failover switch is not found, 00-00---000-VIPSRV_FAILOVER_SWITCH-000---00-00
2026-05-23 03:47:40.795 [com.alibaba.nacos.naming.failover.0] [none] DEBUG com.alibaba.nacos.client.naming - failover switch is not found, 00-00---000-VIPSRV_FAILOVER_SWITCH-000---00-00
2026-05-23 03:47:45.797 [com.alibaba.nacos.naming.failover.0] [none] DEBUG com.alibaba.nacos.client.naming - failover switch is not found, 00-00---000-VIPSRV_FAILOVER_SWITCH-000---00-00
2026-05-23 03:47:50.806 [com.alibaba.nacos.naming.failover.0] [none] DEBUG com.alibaba.nacos.client.naming - failover switch is not found, 00-00---000-VIPSRV_FAILOVER_SWITCH-000---00-00
2026-05-23 03:47:55.811 [com.alibaba.nacos.naming.failover.0] [none] DEBUG com.alibaba.nacos.client.naming - failover switch is not found, 00-00---000-VIPSRV_FAILOVER_SWITCH-000---00-00
2026-05-23 03:48:00.824 [com.alibaba.nacos.naming.failover.0] [none] DEBUG com.alibaba.nacos.client.naming - failover switch is not found, 00-00---000-VIPSRV_FAILOVER_SWITCH-000---00-00
2026-05-23 03:48:05.837 [com.alibaba.nacos.naming.failover.0] [none] DEBUG com.alibaba.nacos.client.naming - failover switch is not found, 00-00---000-VIPSRV_FAILOVER_SWITCH-000---00-00
2026-05-23 03:48:10.841 [com.alibaba.nacos.naming.failover.0] [none] DEBUG com.alibaba.nacos.client.naming - failover switch is not found, 00-00---000-VIPSRV_FAILOVER_SWITCH-000---00-00
2026-05-23 03:48:15.935 [com.alibaba.nacos.naming.failover.0] [none] DEBUG com.alibaba.nacos.client.naming - failover switch is not found, 00-00---000-VIPSRV_FAILOVER_SWITCH-000---00-00
2026-05-23 03:48:20.940 [com.alibaba.nacos.naming.failover.0] [none] DEBUG com.alibaba.nacos.client.naming - failover switch is not found, 00-00---000-VIPSRV_FAILOVER_SWITCH-000---00-00
2026-05-23 03:48:25.950 [com.alibaba.nacos.naming.failover.0] [none] DEBUG com.alibaba.nacos.client.naming - failover switch is not found, 00-00---000-VIPSRV_FAILOVER_SWITCH-000---00-00
2026-05-23 03:48:30.962 [com.alibaba.nacos.naming.failover.0] [none] DEBUG com.alibaba.nacos.client.naming - failover switch is not found, 00-00---000-VIPSRV_FAILOVER_SWITCH-000---00-00
2026-05-23 03:48:35.974 [com.alibaba.nacos.naming.failover.0] [none] DEBUG com.alibaba.nacos.client.naming - failover switch is not found, 00-00---000-VIPSRV_FAILOVER_SWITCH-000---00-00
2026-05-23 03:48:40.974 [com.alibaba.nacos.naming.failover.0] [none] DEBUG com.alibaba.nacos.client.naming - failover switch is not found, 00-00---000-VIPSRV_FAILOVER_SWITCH-000---00-00
2026-05-23 03:48:45.986 [com.alibaba.nacos.naming.failover.0] [none] DEBUG com.alibaba.nacos.client.naming - failover switch is not found, 00-00---000-VIPSRV_FAILOVER_SWITCH-000---00-00
2026-05-23 03:48:50.994 [com.alibaba.nacos.naming.failover.0] [none] DEBUG com.alibaba.nacos.client.naming - failover switch is not found, 00-00---000-VIPSRV_FAILOVER_SWITCH-000---00-00
2026-05-23 03:48:56.006 [com.alibaba.nacos.naming.failover.0] [none] DEBUG com.alibaba.nacos.client.naming - failover switch is not found, 00-00---000-VIPSRV_FAILOVER_SWITCH-000---00-00
2026-05-23 03:49:01.025 [com.alibaba.nacos.naming.failover.0] [none] DEBUG com.alibaba.nacos.client.naming - failover switch is not found, 00-00---000-VIPSRV_FAILOVER_SWITCH-000---00-00
2026-05-23 03:49:06.034 [com.alibaba.nacos.naming.failover.0] [none] DEBUG com.alibaba.nacos.client.naming - failover switch is not found, 00-00---000-VIPSRV_FAILOVER_SWITCH-000---00-00
2026-05-23 03:49:11.042 [com.alibaba.nacos.naming.failover.0] [none] DEBUG com.alibaba.nacos.client.naming - failover switch is not found, 00-00---000-VIPSRV_FAILOVER_SWITCH-000---00-00
2026-05-23 03:49:16.045 [com.alibaba.nacos.naming.failover.0] [none] DEBUG com.alibaba.nacos.client.naming - failover switch is not found, 00-00---000-VIPSRV_FAILOVER_SWITCH-000---00-00
2026-05-23 03:49:21.060 [com.alibaba.nacos.naming.failover.0] [none] DEBUG com.alibaba.nacos.client.naming - failover switch is not found, 00-00---000-VIPSRV_FAILOVER_SWITCH-000---00-00
2026-05-23 03:49:26.064 [com.alibaba.nacos.naming.failover.0] [none] DEBUG com.alibaba.nacos.client.naming - failover switch is not found, 00-00---000-VIPSRV_FAILOVER_SWITCH-000---00-00
2026-05-23 03:49:31.075 [com.alibaba.nacos.naming.failover.0] [none] DEBUG com.alibaba.nacos.client.naming - failover switch is not found, 00-00---000-VIPSRV_FAILOVER_SWITCH-000---00-00
2026-05-23 03:49:36.085 [com.alibaba.nacos.naming.failover.0] [none] DEBUG com.alibaba.nacos.client.naming - failover switch is not found, 00-00---000-VIPSRV_FAILOVER_SWITCH-000---00-00
2026-05-23 03:49:41.095 [com.alibaba.nacos.naming.failover.0] [none] DEBUG com.alibaba.nacos.client.naming - failover switch is not found, 00-00---000-VIPSRV_FAILOVER_SWITCH-000---00-00
2026-05-23 03:49:46.108 [com.alibaba.nacos.naming.failover.0] [none] DEBUG com.alibaba.nacos.client.naming - failover switch is not found, 00-00---000-VIPSRV_FAILOVER_SWITCH-000---00-00
2026-05-23 03:49:51.115 [com.alibaba.nacos.naming.failover.0] [none] DEBUG com.alibaba.nacos.client.naming - failover switch is not found, 00-00---000-VIPSRV_FAILOVER_SWITCH-000---00-00
2026-05-23 03:49:56.130 [com.alibaba.nacos.naming.failover.0] [none] DEBUG com.alibaba.nacos.client.naming - failover switch is not found, 00-00---000-VIPSRV_FAILOVER_SWITCH-000---00-00
2026-05-23 03:50:01.140 [com.alibaba.nacos.naming.failover.0] [none] DEBUG com.alibaba.nacos.client.naming - failover switch is not found, 00-00---000-VIPSRV_FAILOVER_SWITCH-000---00-00
2026-05-23 03:50:06.150 [com.alibaba.nacos.naming.failover.0] [none] DEBUG com.alibaba.nacos.client.naming - failover switch is not found, 00-00---000-VIPSRV_FAILOVER_SWITCH-000---00-00
2026-05-23 03:50:11.159 [com.alibaba.nacos.naming.failover.0] [none] DEBUG com.alibaba.nacos.client.naming - failover switch is not found, 00-00---000-VIPSRV_FAILOVER_SWITCH-000---00-00
2026-05-23 03:50:16.180 [com.alibaba.nacos.naming.failover.0] [none] DEBUG com.alibaba.nacos.client.naming - failover switch is not found, 00-00---000-VIPSRV_FAILOVER_SWITCH-000---00-00
2026-05-23 03:50:21.188 [com.alibaba.nacos.naming.failover.0] [none] DEBUG com.alibaba.nacos.client.naming - failover switch is not found, 00-00---000-VIPSRV_FAILOVER_SWITCH-000---00-00
2026-05-23 03:50:26.194 [com.alibaba.nacos.naming.failover.0] [none] DEBUG com.alibaba.nacos.client.naming - failover switch is not found, 00-00---000-VIPSRV_FAILOVER_SWITCH-000---00-00
2026-05-23 03:50:31.207 [com.alibaba.nacos.naming.failover.0] [none] DEBUG com.alibaba.nacos.client.naming - failover switch is not found, 00-00---000-VIPSRV_FAILOVER_SWITCH-000---00-00
2026-05-23 03:50:36.220 [com.alibaba.nacos.naming.failover.0] [none] DEBUG com.alibaba.nacos.client.naming - failover switch is not found, 00-00---000-VIPSRV_FAILOVER_SWITCH-000---00-00
2026-05-23 03:50:41.230 [com.alibaba.nacos.naming.failover.0] [none] DEBUG com.alibaba.nacos.client.naming - failover switch is not found, 00-00---000-VIPSRV_FAILOVER_SWITCH-000---00-00
2026-05-23 03:50:46.240 [com.alibaba.nacos.naming.failover.0] [none] DEBUG com.alibaba.nacos.client.naming - failover switch is not found, 00-00---000-VIPSRV_FAILOVER_SWITCH-000---00-00
2026-05-23 03:50:51.244 [com.alibaba.nacos.naming.failover.0] [none] DEBUG com.alibaba.nacos.client.naming - failover switch is not found, 00-00---000-VIPSRV_FAILOVER_SWITCH-000---00-00
2026-05-23 03:50:56.259 [com.alibaba.nacos.naming.failover.0] [none] DEBUG com.alibaba.nacos.client.naming - failover switch is not found, 00-00---000-VIPSRV_FAILOVER_SWITCH-000---00-00
2026-05-23 03:51:01.272 [com.alibaba.nacos.naming.failover.0] [none] DEBUG com.alibaba.nacos.client.naming - failover switch is not found, 00-00---000-VIPSRV_FAILOVER_SWITCH-000---00-00
2026-05-23 03:51:06.288 [com.alibaba.nacos.naming.failover.0] [none] DEBUG com.alibaba.nacos.client.naming - failover switch is not found, 00-00---000-VIPSRV_FAILOVER_SWITCH-000---00-00
2026-05-23 03:51:11.296 [com.alibaba.nacos.naming.failover.0] [none] DEBUG com.alibaba.nacos.client.naming - failover switch is not found, 00-00---000-VIPSRV_FAILOVER_SWITCH-000---00-00
2026-05-23 03:51:16.304 [com.alibaba.nacos.naming.failover.0] [none] DEBUG com.alibaba.nacos.client.naming - failover switch is not found, 00-00---000-VIPSRV_FAILOVER_SWITCH-000---00-00
2026-05-23 03:51:21.319 [com.alibaba.nacos.naming.failover.0] [none] DEBUG com.alibaba.nacos.client.naming - failover switch is not found, 00-00---000-VIPSRV_FAILOVER_SWITCH-000---00-00
2026-05-23 03:51:26.329 [com.alibaba.nacos.naming.failover.0] [none] DEBUG com.alibaba.nacos.client.naming - failover switch is not found, 00-00---000-VIPSRV_FAILOVER_SWITCH-000---00-00
2026-05-23 03:51:31.333 [com.alibaba.nacos.naming.failover.0] [none] DEBUG com.alibaba.nacos.client.naming - failover switch is not found, 00-00---000-VIPSRV_FAILOVER_SWITCH-000---00-00
2026-05-23 03:51:36.339 [com.alibaba.nacos.naming.failover.0] [none] DEBUG com.alibaba.nacos.client.naming - failover switch is not found, 00-00---000-VIPSRV_FAILOVER_SWITCH-000---00-00
2026-05-23 03:51:41.344 [com.alibaba.nacos.naming.failover.0] [none] DEBUG com.alibaba.nacos.client.naming - failover switch is not found, 00-00---000-VIPSRV_FAILOVER_SWITCH-000---00-00
2026-05-23 03:51:46.353 [com.alibaba.nacos.naming.failover.0] [none] DEBUG com.alibaba.nacos.client.naming - failover switch is not found, 00-00---000-VIPSRV_FAILOVER_SWITCH-000---00-00
2026-05-23 03:51:51.367 [com.alibaba.nacos.naming.failover.0] [none] DEBUG com.alibaba.nacos.client.naming - failover switch is not found, 00-00---000-VIPSRV_FAILOVER_SWITCH-000---00-00
2026-05-23 03:51:56.377 [com.alibaba.nacos.naming.failover.0] [none] DEBUG com.alibaba.nacos.client.naming - failover switch is not found, 00-00---000-VIPSRV_FAILOVER_SWITCH-000---00-00
2026-05-23 03:52:01.390 [com.alibaba.nacos.naming.failover.0] [none] DEBUG com.alibaba.nacos.client.naming - failover switch is not found, 00-00---000-VIPSRV_FAILOVER_SWITCH-000---00-00
2026-05-23 03:52:06.395 [com.alibaba.nacos.naming.failover.0] [none] DEBUG com.alibaba.nacos.client.naming - failover switch is not found, 00-00---000-VIPSRV_FAILOVER_SWITCH-000---00-00
2026-05-23 03:52:11.405 [com.alibaba.nacos.naming.failover.0] [none] DEBUG com.alibaba.nacos.client.naming - failover switch is not found, 00-00---000-VIPSRV_FAILOVER_SWITCH-000---00-00
2026-05-23 03:52:16.417 [com.alibaba.nacos.naming.failover.0] [none] DEBUG com.alibaba.nacos.client.naming - failover switch is not found, 00-00---000-VIPSRV_FAILOVER_SWITCH-000---00-00
2026-05-23 03:52:21.418 [com.alibaba.nacos.naming.failover.0] [none] DEBUG com.alibaba.nacos.client.naming - failover switch is not found, 00-00---000-VIPSRV_FAILOVER_SWITCH-000---00-00
2026-05-23 03:52:26.428 [com.alibaba.nacos.naming.failover.0] [none] DEBUG com.alibaba.nacos.client.naming - failover switch is not found, 00-00---000-VIPSRV_FAILOVER_SWITCH-000---00-00
2026-05-23 03:52:31.440 [com.alibaba.nacos.naming.failover.0] [none] DEBUG com.alibaba.nacos.client.naming - failover switch is not found, 00-00---000-VIPSRV_FAILOVER_SWITCH-000---00-00
2026-05-23 03:52:36.445 [com.alibaba.nacos.naming.failover.0] [none] DEBUG com.alibaba.nacos.client.naming - failover switch is not found, 00-00---000-VIPSRV_FAILOVER_SWITCH-000---00-00
2026-05-23 03:52:41.453 [com.alibaba.nacos.naming.failover.0] [none] DEBUG com.alibaba.nacos.client.naming - failover switch is not found, 00-00---000-VIPSRV_FAILOVER_SWITCH-000---00-00
2026-05-23 03:52:46.464 [com.alibaba.nacos.naming.failover.0] [none] DEBUG com.alibaba.nacos.client.naming - failover switch is not found, 00-00---000-VIPSRV_FAILOVER_SWITCH-000---00-00
2026-05-23 03:52:51.483 [com.alibaba.nacos.naming.failover.0] [none] DEBUG com.alibaba.nacos.client.naming - failover switch is not found, 00-00---000-VIPSRV_FAILOVER_SWITCH-000---00-00
2026-05-23 03:52:56.499 [com.alibaba.nacos.naming.failover.0] [none] DEBUG com.alibaba.nacos.client.naming - failover switch is not found, 00-00---000-VIPSRV_FAILOVER_SWITCH-000---00-00
2026-05-23 03:53:01.508 [com.alibaba.nacos.naming.failover.0] [none] DEBUG com.alibaba.nacos.client.naming - failover switch is not found, 00-00---000-VIPSRV_FAILOVER_SWITCH-000---00-00
2026-05-23 03:53:06.515 [com.alibaba.nacos.naming.failover.0] [none] DEBUG com.alibaba.nacos.client.naming - failover switch is not found, 00-00---000-VIPSRV_FAILOVER_SWITCH-000---00-00
2026-05-23 03:53:11.516 [com.alibaba.nacos.naming.failover.0] [none] DEBUG com.alibaba.nacos.client.naming - failover switch is not found, 00-00---000-VIPSRV_FAILOVER_SWITCH-000---00-00
2026-05-23 03:53:16.531 [com.alibaba.nacos.naming.failover.0] [none] DEBUG com.alibaba.nacos.client.naming - failover switch is not found, 00-00---000-VIPSRV_FAILOVER_SWITCH-000---00-00
2026-05-23 03:53:21.627 [com.alibaba.nacos.naming.failover.0] [none] DEBUG com.alibaba.nacos.client.naming - failover switch is not found, 00-00---000-VIPSRV_FAILOVER_SWITCH-000---00-00
2026-05-23 03:53:26.630 [com.alibaba.nacos.naming.failover.0] [none] DEBUG com.alibaba.nacos.client.naming - failover switch is not found, 00-00---000-VIPSRV_FAILOVER_SWITCH-000---00-00
2026-05-23 03:53:31.640 [com.alibaba.nacos.naming.failover.0] [none] DEBUG com.alibaba.nacos.client.naming - failover switch is not found, 00-00---000-VIPSRV_FAILOVER_SWITCH-000---00-00
2026-05-23 03:53:36.648 [com.alibaba.nacos.naming.failover.0] [none] DEBUG com.alibaba.nacos.client.naming - failover switch is not found, 00-00---000-VIPSRV_FAILOVER_SWITCH-000---00-00
2026-05-23 03:53:41.663 [com.alibaba.nacos.naming.failover.0] [none] DEBUG com.alibaba.nacos.client.naming - failover switch is not found, 00-00---000-VIPSRV_FAILOVER_SWITCH-000---00-00
2026-05-23 03:53:46.668 [com.alibaba.nacos.naming.failover.0] [none] DEBUG com.alibaba.nacos.client.naming - failover switch is not found, 00-00---000-VIPSRV_FAILOVER_SWITCH-000---00-00
2026-05-23 03:53:51.681 [com.alibaba.nacos.naming.failover.0] [none] DEBUG com.alibaba.nacos.client.naming - failover switch is not found, 00-00---000-VIPSRV_FAILOVER_SWITCH-000---00-00
2026-05-23 03:53:56.688 [com.alibaba.nacos.naming.failover.0] [none] DEBUG com.alibaba.nacos.client.naming - failover switch is not found, 00-00---000-VIPSRV_FAILOVER_SWITCH-000---00-00
2026-05-23 03:54:01.704 [com.alibaba.nacos.naming.failover.0] [none] DEBUG com.alibaba.nacos.client.naming - failover switch is not found, 00-00---000-VIPSRV_FAILOVER_SWITCH-000---00-00
2026-05-23 03:54:06.709 [com.alibaba.nacos.naming.failover.0] [none] DEBUG com.alibaba.nacos.client.naming - failover switch is not found, 00-00---000-VIPSRV_FAILOVER_SWITCH-000---00-00
2026-05-23 03:54:11.754 [com.alibaba.nacos.naming.failover.0] [none] DEBUG com.alibaba.nacos.client.naming - failover switch is not found, 00-00---000-VIPSRV_FAILOVER_SWITCH-000---00-00
2026-05-23 03:54:16.770 [com.alibaba.nacos.naming.failover.0] [none] DEBUG com.alibaba.nacos.client.naming - failover switch is not found, 00-00---000-VIPSRV_FAILOVER_SWITCH-000---00-00
2026-05-23 03:54:21.783 [com.alibaba.nacos.naming.failover.0] [none] DEBUG com.alibaba.nacos.client.naming - failover switch is not found, 00-00---000-VIPSRV_FAILOVER_SWITCH-000---00-00
2026-05-23 03:54:26.787 [com.alibaba.nacos.naming.failover.0] [none] DEBUG com.alibaba.nacos.client.naming - failover switch is not found, 00-00---000-VIPSRV_FAILOVER_SWITCH-000---00-00
2026-05-23 03:54:31.790 [com.alibaba.nacos.naming.failover.0] [none] DEBUG com.alibaba.nacos.client.naming - failover switch is not found, 00-00---000-VIPSRV_FAILOVER_SWITCH-000---00-00
2026-05-23 03:54:36.803 [com.alibaba.nacos.naming.failover.0] [none] DEBUG com.alibaba.nacos.client.naming - failover switch is not found, 00-00---000-VIPSRV_FAILOVER_SWITCH-000---00-00
2026-05-23 03:54:41.810 [com.alibaba.nacos.naming.failover.0] [none] DEBUG com.alibaba.nacos.client.naming - failover switch is not found, 00-00---000-VIPSRV_FAILOVER_SWITCH-000---00-00
2026-05-23 03:54:46.819 [com.alibaba.nacos.naming.failover.0] [none] DEBUG com.alibaba.nacos.client.naming - failover switch is not found, 00-00---000-VIPSRV_FAILOVER_SWITCH-000---00-00
2026-05-23 03:54:51.824 [com.alibaba.nacos.naming.failover.0] [none] DEBUG com.alibaba.nacos.client.naming - failover switch is not found, 00-00---000-VIPSRV_FAILOVER_SWITCH-000---00-00
2026-05-23 03:54:56.838 [com.alibaba.nacos.naming.failover.0] [none] DEBUG com.alibaba.nacos.client.naming - failover switch is not found, 00-00---000-VIPSRV_FAILOVER_SWITCH-000---00-00
2026-05-23 03:55:01.846 [com.alibaba.nacos.naming.failover.0] [none] DEBUG com.alibaba.nacos.client.naming - failover switch is not found, 00-00---000-VIPSRV_FAILOVER_SWITCH-000---00-00
2026-05-23 03:55:06.862 [com.alibaba.nacos.naming.failover.0] [none] DEBUG com.alibaba.nacos.client.naming - failover switch is not found, 00-00---000-VIPSRV_FAILOVER_SWITCH-000---00-00
2026-05-23 03:55:11.871 [com.alibaba.nacos.naming.failover.0] [none] DEBUG com.alibaba.nacos.client.naming - failover switch is not found, 00-00---000-VIPSRV_FAILOVER_SWITCH-000---00-00
2026-05-23 03:55:16.875 [com.alibaba.nacos.naming.failover.0] [none] DEBUG com.alibaba.nacos.client.naming - failover switch is not found, 00-00---000-VIPSRV_FAILOVER_SWITCH-000---00-00
2026-05-23 03:55:21.892 [com.alibaba.nacos.naming.failover.0] [none] DEBUG com.alibaba.nacos.client.naming - failover switch is not found, 00-00---000-VIPSRV_FAILOVER_SWITCH-000---00-00
2026-05-23 03:55:26.894 [com.alibaba.nacos.naming.failover.0] [none] DEBUG com.alibaba.nacos.client.naming - failover switch is not found, 00-00---000-VIPSRV_FAILOVER_SWITCH-000---00-00
2026-05-23 03:55:31.899 [com.alibaba.nacos.naming.failover.0] [none] DEBUG com.alibaba.nacos.client.naming - failover switch is not found, 00-00---000-VIPSRV_FAILOVER_SWITCH-000---00-00
2026-05-23 03:55:36.915 [com.alibaba.nacos.naming.failover.0] [none] DEBUG com.alibaba.nacos.client.naming - failover switch is not found, 00-00---000-VIPSRV_FAILOVER_SWITCH-000---00-00
2026-05-23 03:55:41.920 [com.alibaba.nacos.naming.failover.0] [none] DEBUG com.alibaba.nacos.client.naming - failover switch is not found, 00-00---000-VIPSRV_FAILOVER_SWITCH-000---00-00
2026-05-23 03:55:46.922 [com.alibaba.nacos.naming.failover.0] [none] DEBUG com.alibaba.nacos.client.naming - failover switch is not found, 00-00---000-VIPSRV_FAILOVER_SWITCH-000---00-00
2026-05-23 03:55:51.944 [com.alibaba.nacos.naming.failover.0] [none] DEBUG com.alibaba.nacos.client.naming - failover switch is not found, 00-00---000-VIPSRV_FAILOVER_SWITCH-000---00-00
2026-05-23 03:55:56.950 [com.alibaba.nacos.naming.failover.0] [none] DEBUG com.alibaba.nacos.client.naming - failover switch is not found, 00-00---000-VIPSRV_FAILOVER_SWITCH-000---00-00
2026-05-23 03:56:01.956 [com.alibaba.nacos.naming.failover.0] [none] DEBUG com.alibaba.nacos.client.naming - failover switch is not found, 00-00---000-VIPSRV_FAILOVER_SWITCH-000---00-00
2026-05-23 03:56:06.971 [com.alibaba.nacos.naming.failover.0] [none] DEBUG com.alibaba.nacos.client.naming - failover switch is not found, 00-00---000-VIPSRV_FAILOVER_SWITCH-000---00-00
2026-05-23 03:56:11.977 [com.alibaba.nacos.naming.failover.0] [none] DEBUG com.alibaba.nacos.client.naming - failover switch is not found, 00-00---000-VIPSRV_FAILOVER_SWITCH-000---00-00
2026-05-23 03:56:16.990 [com.alibaba.nacos.naming.failover.0] [none] DEBUG com.alibaba.nacos.client.naming - failover switch is not found, 00-00---000-VIPSRV_FAILOVER_SWITCH-000---00-00
2026-05-23 03:56:22.055 [com.alibaba.nacos.naming.failover.0] [none] DEBUG com.alibaba.nacos.client.naming - failover switch is not found, 00-00---000-VIPSRV_FAILOVER_SWITCH-000---00-00
2026-05-23 03:56:27.061 [com.alibaba.nacos.naming.failover.0] [none] DEBUG com.alibaba.nacos.client.naming - failover switch is not found, 00-00---000-VIPSRV_FAILOVER_SWITCH-000---00-00
2026-05-23 03:56:32.063 [com.alibaba.nacos.naming.failover.0] [none] DEBUG com.alibaba.nacos.client.naming - failover switch is not found, 00-00---000-VIPSRV_FAILOVER_SWITCH-000---00-00
2026-05-23 03:56:37.076 [com.alibaba.nacos.naming.failover.0] [none] DEBUG com.alibaba.nacos.client.naming - failover switch is not found, 00-00---000-VIPSRV_FAILOVER_SWITCH-000---00-00
2026-05-23 03:56:42.090 [com.alibaba.nacos.naming.failover.0] [none] DEBUG com.alibaba.nacos.client.naming - failover switch is not found, 00-00---000-VIPSRV_FAILOVER_SWITCH-000---00-00
2026-05-23 03:56:47.102 [com.alibaba.nacos.naming.failover.0] [none] DEBUG com.alibaba.nacos.client.naming - failover switch is not found, 00-00---000-VIPSRV_FAILOVER_SWITCH-000---00-00
2026-05-23 03:56:52.113 [com.alibaba.nacos.naming.failover.0] [none] DEBUG com.alibaba.nacos.client.naming - failover switch is not found, 00-00---000-VIPSRV_FAILOVER_SWITCH-000---00-00
2026-05-23 03:56:57.123 [com.alibaba.nacos.naming.failover.0] [none] DEBUG com.alibaba.nacos.client.naming - failover switch is not found, 00-00---000-VIPSRV_FAILOVER_SWITCH-000---00-00
2026-05-23 03:57:02.133 [com.alibaba.nacos.naming.failover.0] [none] DEBUG com.alibaba.nacos.client.naming - failover switch is not found, 00-00---000-VIPSRV_FAILOVER_SWITCH-000---00-00
2026-05-23 03:57:07.144 [com.alibaba.nacos.naming.failover.0] [none] DEBUG com.alibaba.nacos.client.naming - failover switch is not found, 00-00---000-VIPSRV_FAILOVER_SWITCH-000---00-00
2026-05-23 03:57:12.151 [com.alibaba.nacos.naming.failover.0] [none] DEBUG com.alibaba.nacos.client.naming - failover switch is not found, 00-00---000-VIPSRV_FAILOVER_SWITCH-000---00-00
2026-05-23 03:57:17.155 [com.alibaba.nacos.naming.failover.0] [none] DEBUG com.alibaba.nacos.client.naming - failover switch is not found, 00-00---000-VIPSRV_FAILOVER_SWITCH-000---00-00
2026-05-23 03:57:22.157 [com.alibaba.nacos.naming.failover.0] [none] DEBUG com.alibaba.nacos.client.naming - failover switch is not found, 00-00---000-VIPSRV_FAILOVER_SWITCH-000---00-00
2026-05-23 03:57:27.166 [com.alibaba.nacos.naming.failover.0] [none] DEBUG com.alibaba.nacos.client.naming - failover switch is not found, 00-00---000-VIPSRV_FAILOVER_SWITCH-000---00-00
2026-05-23 03:57:32.174 [com.alibaba.nacos.naming.failover.0] [none] DEBUG com.alibaba.nacos.client.naming - failover switch is not found, 00-00---000-VIPSRV_FAILOVER_SWITCH-000---00-00
2026-05-23 03:57:37.223 [com.alibaba.nacos.naming.failover.0] [none] DEBUG com.alibaba.nacos.client.naming - failover switch is not found, 00-00---000-VIPSRV_FAILOVER_SWITCH-000---00-00
2026-05-23 03:57:42.236 [com.alibaba.nacos.naming.failover.0] [none] DEBUG com.alibaba.nacos.client.naming - failover switch is not found, 00-00---000-VIPSRV_FAILOVER_SWITCH-000---00-00
2026-05-23 03:57:47.251 [com.alibaba.nacos.naming.failover.0] [none] DEBUG com.alibaba.nacos.client.naming - failover switch is not found, 00-00---000-VIPSRV_FAILOVER_SWITCH-000---00-00
2026-05-23 03:57:52.260 [com.alibaba.nacos.naming.failover.0] [none] DEBUG com.alibaba.nacos.client.naming - failover switch is not found, 00-00---000-VIPSRV_FAILOVER_SWITCH-000---00-00
2026-05-23 03:57:57.264 [com.alibaba.nacos.naming.failover.0] [none] DEBUG com.alibaba.nacos.client.naming - failover switch is not found, 00-00---000-VIPSRV_FAILOVER_SWITCH-000---00-00
2026-05-23 03:58:02.265 [com.alibaba.nacos.naming.failover.0] [none] DEBUG com.alibaba.nacos.client.naming - failover switch is not found, 00-00---000-VIPSRV_FAILOVER_SWITCH-000---00-00
2026-05-23 03:58:07.269 [com.alibaba.nacos.naming.failover.0] [none] DEBUG com.alibaba.nacos.client.naming - failover switch is not found, 00-00---000-VIPSRV_FAILOVER_SWITCH-000---00-00
2026-05-23 03:58:12.270 [com.alibaba.nacos.naming.failover.0] [none] DEBUG com.alibaba.nacos.client.naming - failover switch is not found, 00-00---000-VIPSRV_FAILOVER_SWITCH-000---00-00
2026-05-23 03:58:17.278 [com.alibaba.nacos.naming.failover.0] [none] DEBUG com.alibaba.nacos.client.naming - failover switch is not found, 00-00---000-VIPSRV_FAILOVER_SWITCH-000---00-00
2026-05-23 03:58:22.280 [com.alibaba.nacos.naming.failover.0] [none] DEBUG com.alibaba.nacos.client.naming - failover switch is not found, 00-00---000-VIPSRV_FAILOVER_SWITCH-000---00-00
2026-05-23 03:58:27.289 [com.alibaba.nacos.naming.failover.0] [none] DEBUG com.alibaba.nacos.client.naming - failover switch is not found, 00-00---000-VIPSRV_FAILOVER_SWITCH-000---00-00
2026-05-23 03:58:32.296 [com.alibaba.nacos.naming.failover.0] [none] DEBUG com.alibaba.nacos.client.naming - failover switch is not found, 00-00---000-VIPSRV_FAILOVER_SWITCH-000---00-00
2026-05-23 03:58:37.302 [com.alibaba.nacos.naming.failover.0] [none] DEBUG com.alibaba.nacos.client.naming - failover switch is not found, 00-00---000-VIPSRV_FAILOVER_SWITCH-000---00-00
2026-05-23 03:58:42.316 [com.alibaba.nacos.naming.failover.0] [none] DEBUG com.alibaba.nacos.client.naming - failover switch is not found, 00-00---000-VIPSRV_FAILOVER_SWITCH-000---00-00
2026-05-23 03:58:47.325 [com.alibaba.nacos.naming.failover.0] [none] DEBUG com.alibaba.nacos.client.naming - failover switch is not found, 00-00---000-VIPSRV_FAILOVER_SWITCH-000---00-00
2026-05-23 03:58:52.332 [com.alibaba.nacos.naming.failover.0] [none] DEBUG com.alibaba.nacos.client.naming - failover switch is not found, 00-00---000-VIPSRV_FAILOVER_SWITCH-000---00-00
2026-05-23 03:58:57.344 [com.alibaba.nacos.naming.failover.0] [none] DEBUG com.alibaba.nacos.client.naming - failover switch is not found, 00-00---000-VIPSRV_FAILOVER_SWITCH-000---00-00
2026-05-23 03:59:02.358 [com.alibaba.nacos.naming.failover.0] [none] DEBUG com.alibaba.nacos.client.naming - failover switch is not found, 00-00---000-VIPSRV_FAILOVER_SWITCH-000---00-00
2026-05-23 03:59:07.360 [com.alibaba.nacos.naming.failover.0] [none] DEBUG com.alibaba.nacos.client.naming - failover switch is not found, 00-00---000-VIPSRV_FAILOVER_SWITCH-000---00-00
2026-05-23 03:59:12.378 [com.alibaba.nacos.naming.failover.0] [none] DEBUG com.alibaba.nacos.client.naming - failover switch is not found, 00-00---000-VIPSRV_FAILOVER_SWITCH-000---00-00
2026-05-23 03:59:17.387 [com.alibaba.nacos.naming.failover.0] [none] DEBUG com.alibaba.nacos.client.naming - failover switch is not found, 00-00---000-VIPSRV_FAILOVER_SWITCH-000---00-00
2026-05-23 03:59:22.399 [com.alibaba.nacos.naming.failover.0] [none] DEBUG com.alibaba.nacos.client.naming - failover switch is not found, 00-00---000-VIPSRV_FAILOVER_SWITCH-000---00-00
2026-05-23 03:59:27.401 [com.alibaba.nacos.naming.failover.0] [none] DEBUG com.alibaba.nacos.client.naming - failover switch is not found, 00-00---000-VIPSRV_FAILOVER_SWITCH-000---00-00
2026-05-23 03:59:32.409 [com.alibaba.nacos.naming.failover.0] [none] DEBUG com.alibaba.nacos.client.naming - failover switch is not found, 00-00---000-VIPSRV_FAILOVER_SWITCH-000---00-00
2026-05-23 03:59:37.413 [com.alibaba.nacos.naming.failover.0] [none] DEBUG com.alibaba.nacos.client.naming - failover switch is not found, 00-00---000-VIPSRV_FAILOVER_SWITCH-000---00-00
2026-05-23 03:59:42.416 [com.alibaba.nacos.naming.failover.0] [none] DEBUG com.alibaba.nacos.client.naming - failover switch is not found, 00-00---000-VIPSRV_FAILOVER_SWITCH-000---00-00
2026-05-23 03:59:47.421 [com.alibaba.nacos.naming.failover.0] [none] DEBUG com.alibaba.nacos.client.naming - failover switch is not found, 00-00---000-VIPSRV_FAILOVER_SWITCH-000---00-00
2026-05-23 03:59:52.432 [com.alibaba.nacos.naming.failover.0] [none] DEBUG com.alibaba.nacos.client.naming - failover switch is not found, 00-00---000-VIPSRV_FAILOVER_SWITCH-000---00-00
2026-05-23 03:59:57.441 [com.alibaba.nacos.naming.failover.0] [none] DEBUG com.alibaba.nacos.client.naming - failover switch is not found, 00-00---000-VIPSRV_FAILOVER_SWITCH-000---00-00
2026-05-23 04:00:02.443 [com.alibaba.nacos.naming.failover.0] [none] DEBUG com.alibaba.nacos.client.naming - failover switch is not found, 00-00---000-VIPSRV_FAILOVER_SWITCH-000---00-00
2026-05-23 04:00:07.454 [com.alibaba.nacos.naming.failover.0] [none] DEBUG com.alibaba.nacos.client.naming - failover switch is not found, 00-00---000-VIPSRV_FAILOVER_SWITCH-000---00-00
2026-05-23 04:00:12.458 [com.alibaba.nacos.naming.failover.0] [none] DEBUG com.alibaba.nacos.client.naming - failover switch is not found, 00-00---000-VIPSRV_FAILOVER_SWITCH-000---00-00
2026-05-23 04:00:17.473 [com.alibaba.nacos.naming.failover.0] [none] DEBUG com.alibaba.nacos.client.naming - failover switch is not found, 00-00---000-VIPSRV_FAILOVER_SWITCH-000---00-00
2026-05-23 04:00:22.488 [com.alibaba.nacos.naming.failover.0] [none] DEBUG com.alibaba.nacos.client.naming - failover switch is not found, 00-00---000-VIPSRV_FAILOVER_SWITCH-000---00-00
2026-05-23 04:00:27.497 [com.alibaba.nacos.naming.failover.0] [none] DEBUG com.alibaba.nacos.client.naming - failover switch is not found, 00-00---000-VIPSRV_FAILOVER_SWITCH-000---00-00
2026-05-23 04:00:32.511 [com.alibaba.nacos.naming.failover.0] [none] DEBUG com.alibaba.nacos.client.naming - failover switch is not found, 00-00---000-VIPSRV_FAILOVER_SWITCH-000---00-00
2026-05-23 04:00:37.512 [com.alibaba.nacos.naming.failover.0] [none] DEBUG com.alibaba.nacos.client.naming - failover switch is not found, 00-00---000-VIPSRV_FAILOVER_SWITCH-000---00-00
2026-05-23 04:00:42.524 [com.alibaba.nacos.naming.failover.0] [none] DEBUG com.alibaba.nacos.client.naming - failover switch is not found, 00-00---000-VIPSRV_FAILOVER_SWITCH-000---00-00
2026-05-23 04:00:47.535 [com.alibaba.nacos.naming.failover.0] [none] DEBUG com.alibaba.nacos.client.naming - failover switch is not found, 00-00---000-VIPSRV_FAILOVER_SWITCH-000---00-00
2026-05-23 04:00:52.544 [com.alibaba.nacos.naming.failover.0] [none] DEBUG com.alibaba.nacos.client.naming - failover switch is not found, 00-00---000-VIPSRV_FAILOVER_SWITCH-000---00-00
2026-05-23 04:00:57.548 [com.alibaba.nacos.naming.failover.0] [none] DEBUG com.alibaba.nacos.client.naming - failover switch is not found, 00-00---000-VIPSRV_FAILOVER_SWITCH-000---00-00
2026-05-23 04:01:02.558 [com.alibaba.nacos.naming.failover.0] [none] DEBUG com.alibaba.nacos.client.naming - failover switch is not found, 00-00---000-VIPSRV_FAILOVER_SWITCH-000---00-00
2026-05-23 04:01:07.562 [com.alibaba.nacos.naming.failover.0] [none] DEBUG com.alibaba.nacos.client.naming - failover switch is not found, 00-00---000-VIPSRV_FAILOVER_SWITCH-000---00-00
2026-05-23 04:01:12.572 [com.alibaba.nacos.naming.failover.0] [none] DEBUG com.alibaba.nacos.client.naming - failover switch is not found, 00-00---000-VIPSRV_FAILOVER_SWITCH-000---00-00
2026-05-23 04:01:17.580 [com.alibaba.nacos.naming.failover.0] [none] DEBUG com.alibaba.nacos.client.naming - failover switch is not found, 00-00---000-VIPSRV_FAILOVER_SWITCH-000---00-00
2026-05-23 04:01:22.593 [com.alibaba.nacos.naming.failover.0] [none] DEBUG com.alibaba.nacos.client.naming - failover switch is not found, 00-00---000-VIPSRV_FAILOVER_SWITCH-000---00-00
2026-05-23 04:01:27.596 [com.alibaba.nacos.naming.failover.0] [none] DEBUG com.alibaba.nacos.client.naming - failover switch is not found, 00-00---000-VIPSRV_FAILOVER_SWITCH-000---00-00
2026-05-23 04:01:32.609 [com.alibaba.nacos.naming.failover.0] [none] DEBUG com.alibaba.nacos.client.naming - failover switch is not found, 00-00---000-VIPSRV_FAILOVER_SWITCH-000---00-00
2026-05-23 04:01:37.624 [com.alibaba.nacos.naming.failover.0] [none] DEBUG com.alibaba.nacos.client.naming - failover switch is not found, 00-00---000-VIPSRV_FAILOVER_SWITCH-000---00-00
2026-05-23 04:01:42.630 [com.alibaba.nacos.naming.failover.0] [none] DEBUG com.alibaba.nacos.client.naming - failover switch is not found, 00-00---000-VIPSRV_FAILOVER_SWITCH-000---00-00
2026-05-23 04:01:47.641 [com.alibaba.nacos.naming.failover.0] [none] DEBUG com.alibaba.nacos.client.naming - failover switch is not found, 00-00---000-VIPSRV_FAILOVER_SWITCH-000---00-00
2026-05-23 04:01:52.656 [com.alibaba.nacos.naming.failover.0] [none] DEBUG com.alibaba.nacos.client.naming - failover switch is not found, 00-00---000-VIPSRV_FAILOVER_SWITCH-000---00-00
2026-05-23 04:01:57.672 [com.alibaba.nacos.naming.failover.0] [none] DEBUG com.alibaba.nacos.client.naming - failover switch is not found, 00-00---000-VIPSRV_FAILOVER_SWITCH-000---00-00
2026-05-23 04:02:02.682 [com.alibaba.nacos.naming.failover.0] [none] DEBUG com.alibaba.nacos.client.naming - failover switch is not found, 00-00---000-VIPSRV_FAILOVER_SWITCH-000---00-00
2026-05-23 04:02:07.696 [com.alibaba.nacos.naming.failover.0] [none] DEBUG com.alibaba.nacos.client.naming - failover switch is not found, 00-00---000-VIPSRV_FAILOVER_SWITCH-000---00-00
2026-05-23 04:02:12.703 [com.alibaba.nacos.naming.failover.0] [none] DEBUG com.alibaba.nacos.client.naming - failover switch is not found, 00-00---000-VIPSRV_FAILOVER_SWITCH-000---00-00
2026-05-23 04:02:17.748 [com.alibaba.nacos.naming.failover.0] [none] DEBUG com.alibaba.nacos.client.naming - failover switch is not found, 00-00---000-VIPSRV_FAILOVER_SWITCH-000---00-00
2026-05-23 04:02:22.763 [com.alibaba.nacos.naming.failover.0] [none] DEBUG com.alibaba.nacos.client.naming - failover switch is not found, 00-00---000-VIPSRV_FAILOVER_SWITCH-000---00-00
2026-05-23 04:02:27.776 [com.alibaba.nacos.naming.failover.0] [none] DEBUG com.alibaba.nacos.client.naming - failover switch is not found, 00-00---000-VIPSRV_FAILOVER_SWITCH-000---00-00
2026-05-23 04:02:32.786 [com.alibaba.nacos.naming.failover.0] [none] DEBUG com.alibaba.nacos.client.naming - failover switch is not found, 00-00---000-VIPSRV_FAILOVER_SWITCH-000---00-00
2026-05-23 04:02:37.791 [com.alibaba.nacos.naming.failover.0] [none] DEBUG com.alibaba.nacos.client.naming - failover switch is not found, 00-00---000-VIPSRV_FAILOVER_SWITCH-000---00-00
2026-05-23 04:02:42.800 [com.alibaba.nacos.naming.failover.0] [none] DEBUG com.alibaba.nacos.client.naming - failover switch is not found, 00-00---000-VIPSRV_FAILOVER_SWITCH-000---00-00
2026-05-23 04:02:47.816 [com.alibaba.nacos.naming.failover.0] [none] DEBUG com.alibaba.nacos.client.naming - failover switch is not found, 00-00---000-VIPSRV_FAILOVER_SWITCH-000---00-00
2026-05-23 04:02:52.824 [com.alibaba.nacos.naming.failover.0] [none] DEBUG com.alibaba.nacos.client.naming - failover switch is not found, 00-00---000-VIPSRV_FAILOVER_SWITCH-000---00-00
2026-05-23 04:02:57.846 [com.alibaba.nacos.naming.failover.0] [none] DEBUG com.alibaba.nacos.client.naming - failover switch is not found, 00-00---000-VIPSRV_FAILOVER_SWITCH-000---00-00
2026-05-23 04:03:02.855 [com.alibaba.nacos.naming.failover.0] [none] DEBUG com.alibaba.nacos.client.naming - failover switch is not found, 00-00---000-VIPSRV_FAILOVER_SWITCH-000---00-00
2026-05-23 04:03:07.866 [com.alibaba.nacos.naming.failover.0] [none] DEBUG com.alibaba.nacos.client.naming - failover switch is not found, 00-00---000-VIPSRV_FAILOVER_SWITCH-000---00-00
2026-05-23 04:03:12.868 [com.alibaba.nacos.naming.failover.0] [none] DEBUG com.alibaba.nacos.client.naming - failover switch is not found, 00-00---000-VIPSRV_FAILOVER_SWITCH-000---00-00
2026-05-23 04:03:17.869 [com.alibaba.nacos.naming.failover.0] [none] DEBUG com.alibaba.nacos.client.naming - failover switch is not found, 00-00---000-VIPSRV_FAILOVER_SWITCH-000---00-00
2026-05-23 04:03:22.875 [com.alibaba.nacos.naming.failover.0] [none] DEBUG com.alibaba.nacos.client.naming - failover switch is not found, 00-00---000-VIPSRV_FAILOVER_SWITCH-000---00-00
2026-05-23 04:03:27.886 [com.alibaba.nacos.naming.failover.0] [none] DEBUG com.alibaba.nacos.client.naming - failover switch is not found, 00-00---000-VIPSRV_FAILOVER_SWITCH-000---00-00
2026-05-23 04:03:32.897 [com.alibaba.nacos.naming.failover.0] [none] DEBUG com.alibaba.nacos.client.naming - failover switch is not found, 00-00---000-VIPSRV_FAILOVER_SWITCH-000---00-00
2026-05-23 04:03:37.899 [com.alibaba.nacos.naming.failover.0] [none] DEBUG com.alibaba.nacos.client.naming - failover switch is not found, 00-00---000-VIPSRV_FAILOVER_SWITCH-000---00-00
2026-05-23 04:03:42.907 [com.alibaba.nacos.naming.failover.0] [none] DEBUG com.alibaba.nacos.client.naming - failover switch is not found, 00-00---000-VIPSRV_FAILOVER_SWITCH-000---00-00
2026-05-23 04:03:47.919 [com.alibaba.nacos.naming.failover.0] [none] DEBUG com.alibaba.nacos.client.naming - failover switch is not found, 00-00---000-VIPSRV_FAILOVER_SWITCH-000---00-00
2026-05-23 04:03:52.934 [com.alibaba.nacos.naming.failover.0] [none] DEBUG com.alibaba.nacos.client.naming - failover switch is not found, 00-00---000-VIPSRV_FAILOVER_SWITCH-000---00-00
2026-05-23 04:03:57.943 [com.alibaba.nacos.naming.failover.0] [none] DEBUG com.alibaba.nacos.client.naming - failover switch is not found, 00-00---000-VIPSRV_FAILOVER_SWITCH-000---00-00
2026-05-23 04:04:02.951 [com.alibaba.nacos.naming.failover.0] [none] DEBUG com.alibaba.nacos.client.naming - failover switch is not found, 00-00---000-VIPSRV_FAILOVER_SWITCH-000---00-00
2026-05-23 04:04:07.972 [com.alibaba.nacos.naming.failover.0] [none] DEBUG com.alibaba.nacos.client.naming - failover switch is not found, 00-00---000-VIPSRV_FAILOVER_SWITCH-000---00-00
2026-05-23 04:04:12.975 [com.alibaba.nacos.naming.failover.0] [none] DEBUG com.alibaba.nacos.client.naming - failover switch is not found, 00-00---000-VIPSRV_FAILOVER_SWITCH-000---00-00
2026-05-23 04:04:17.993 [com.alibaba.nacos.naming.failover.0] [none] DEBUG com.alibaba.nacos.client.naming - failover switch is not found, 00-00---000-VIPSRV_FAILOVER_SWITCH-000---00-00
2026-05-23 04:04:23.000 [com.alibaba.nacos.naming.failover.0] [none] DEBUG com.alibaba.nacos.client.naming - failover switch is not found, 00-00---000-VIPSRV_FAILOVER_SWITCH-000---00-00
2026-05-23 04:04:28.007 [com.alibaba.nacos.naming.failover.0] [none] DEBUG com.alibaba.nacos.client.naming - failover switch is not found, 00-00---000-VIPSRV_FAILOVER_SWITCH-000---00-00
2026-05-23 04:04:33.022 [com.alibaba.nacos.naming.failover.0] [none] DEBUG com.alibaba.nacos.client.naming - failover switch is not found, 00-00---000-VIPSRV_FAILOVER_SWITCH-000---00-00
2026-05-23 04:04:38.037 [com.alibaba.nacos.naming.failover.0] [none] DEBUG com.alibaba.nacos.client.naming - failover switch is not found, 00-00---000-VIPSRV_FAILOVER_SWITCH-000---00-00
2026-05-23 04:04:43.041 [com.alibaba.nacos.naming.failover.0] [none] DEBUG com.alibaba.nacos.client.naming - failover switch is not found, 00-00---000-VIPSRV_FAILOVER_SWITCH-000---00-00
2026-05-23 04:04:48.050 [com.alibaba.nacos.naming.failover.0] [none] DEBUG com.alibaba.nacos.client.naming - failover switch is not found, 00-00---000-VIPSRV_FAILOVER_SWITCH-000---00-00
2026-05-23 04:04:53.058 [com.alibaba.nacos.naming.failover.0] [none] DEBUG com.alibaba.nacos.client.naming - failover switch is not found, 00-00---000-VIPSRV_FAILOVER_SWITCH-000---00-00
2026-05-23 04:04:58.063 [com.alibaba.nacos.naming.failover.0] [none] DEBUG com.alibaba.nacos.client.naming - failover switch is not found, 00-00---000-VIPSRV_FAILOVER_SWITCH-000---00-00
2026-05-23 04:05:03.072 [com.alibaba.nacos.naming.failover.0] [none] DEBUG com.alibaba.nacos.client.naming - failover switch is not found, 00-00---000-VIPSRV_FAILOVER_SWITCH-000---00-00
2026-05-23 04:05:08.076 [com.alibaba.nacos.naming.failover.0] [none] DEBUG com.alibaba.nacos.client.naming - failover switch is not found, 00-00---000-VIPSRV_FAILOVER_SWITCH-000---00-00
2026-05-23 04:05:13.092 [com.alibaba.nacos.naming.failover.0] [none] DEBUG com.alibaba.nacos.client.naming - failover switch is not found, 00-00---000-VIPSRV_FAILOVER_SWITCH-000---00-00
2026-05-23 04:05:18.100 [com.alibaba.nacos.naming.failover.0] [none] DEBUG com.alibaba.nacos.client.naming - failover switch is not found, 00-00---000-VIPSRV_FAILOVER_SWITCH-000---00-00
2026-05-23 04:05:23.110 [com.alibaba.nacos.naming.failover.0] [none] DEBUG com.alibaba.nacos.client.naming - failover switch is not found, 00-00---000-VIPSRV_FAILOVER_SWITCH-000---00-00
2026-05-23 04:05:28.115 [com.alibaba.nacos.naming.failover.0] [none] DEBUG com.alibaba.nacos.client.naming - failover switch is not found, 00-00---000-VIPSRV_FAILOVER_SWITCH-000---00-00
2026-05-23 04:05:33.130 [com.alibaba.nacos.naming.failover.0] [none] DEBUG com.alibaba.nacos.client.naming - failover switch is not found, 00-00---000-VIPSRV_FAILOVER_SWITCH-000---00-00
2026-05-23 04:05:38.140 [com.alibaba.nacos.naming.failover.0] [none] DEBUG com.alibaba.nacos.client.naming - failover switch is not found, 00-00---000-VIPSRV_FAILOVER_SWITCH-000---00-00
2026-05-23 04:05:43.149 [com.alibaba.nacos.naming.failover.0] [none] DEBUG com.alibaba.nacos.client.naming - failover switch is not found, 00-00---000-VIPSRV_FAILOVER_SWITCH-000---00-00
2026-05-23 04:05:48.161 [com.alibaba.nacos.naming.failover.0] [none] DEBUG com.alibaba.nacos.client.naming - failover switch is not found, 00-00---000-VIPSRV_FAILOVER_SWITCH-000---00-00
2026-05-23 04:05:53.172 [com.alibaba.nacos.naming.failover.0] [none] DEBUG com.alibaba.nacos.client.naming - failover switch is not found, 00-00---000-VIPSRV_FAILOVER_SWITCH-000---00-00
2026-05-23 04:05:58.190 [com.alibaba.nacos.naming.failover.0] [none] DEBUG com.alibaba.nacos.client.naming - failover switch is not found, 00-00---000-VIPSRV_FAILOVER_SWITCH-000---00-00
2026-05-23 04:06:03.201 [com.alibaba.nacos.naming.failover.0] [none] DEBUG com.alibaba.nacos.client.naming - failover switch is not found, 00-00---000-VIPSRV_FAILOVER_SWITCH-000---00-00
2026-05-23 04:06:08.207 [com.alibaba.nacos.naming.failover.0] [none] DEBUG com.alibaba.nacos.client.naming - failover switch is not found, 00-00---000-VIPSRV_FAILOVER_SWITCH-000---00-00
2026-05-23 04:06:13.211 [com.alibaba.nacos.naming.failover.0] [none] DEBUG com.alibaba.nacos.client.naming - failover switch is not found, 00-00---000-VIPSRV_FAILOVER_SWITCH-000---00-00
2026-05-23 04:06:18.213 [com.alibaba.nacos.naming.failover.0] [none] DEBUG com.alibaba.nacos.client.naming - failover switch is not found, 00-00---000-VIPSRV_FAILOVER_SWITCH-000---00-00
2026-05-23 04:06:23.225 [com.alibaba.nacos.naming.failover.0] [none] DEBUG com.alibaba.nacos.client.naming - failover switch is not found, 00-00---000-VIPSRV_FAILOVER_SWITCH-000---00-00
2026-05-23 04:06:28.234 [com.alibaba.nacos.naming.failover.0] [none] DEBUG com.alibaba.nacos.client.naming - failover switch is not found, 00-00---000-VIPSRV_FAILOVER_SWITCH-000---00-00
2026-05-23 04:06:33.237 [com.alibaba.nacos.naming.failover.0] [none] DEBUG com.alibaba.nacos.client.naming - failover switch is not found, 00-00---000-VIPSRV_FAILOVER_SWITCH-000---00-00
2026-05-23 04:06:38.240 [com.alibaba.nacos.naming.failover.0] [none] DEBUG com.alibaba.nacos.client.naming - failover switch is not found, 00-00---000-VIPSRV_FAILOVER_SWITCH-000---00-00
2026-05-23 04:06:43.243 [com.alibaba.nacos.naming.failover.0] [none] DEBUG com.alibaba.nacos.client.naming - failover switch is not found, 00-00---000-VIPSRV_FAILOVER_SWITCH-000---00-00
2026-05-23 04:06:48.246 [com.alibaba.nacos.naming.failover.0] [none] DEBUG com.alibaba.nacos.client.naming - failover switch is not found, 00-00---000-VIPSRV_FAILOVER_SWITCH-000---00-00
2026-05-23 04:06:53.250 [com.alibaba.nacos.naming.failover.0] [none] DEBUG com.alibaba.nacos.client.naming - failover switch is not found, 00-00---000-VIPSRV_FAILOVER_SWITCH-000---00-00
2026-05-23 04:06:58.253 [com.alibaba.nacos.naming.failover.0] [none] DEBUG com.alibaba.nacos.client.naming - failover switch is not found, 00-00---000-VIPSRV_FAILOVER_SWITCH-000---00-00
2026-05-23 04:07:03.267 [com.alibaba.nacos.naming.failover.0] [none] DEBUG com.alibaba.nacos.client.naming - failover switch is not found, 00-00---000-VIPSRV_FAILOVER_SWITCH-000---00-00
2026-05-23 04:07:08.270 [com.alibaba.nacos.naming.failover.0] [none] DEBUG com.alibaba.nacos.client.naming - failover switch is not found, 00-00---000-VIPSRV_FAILOVER_SWITCH-000---00-00
2026-05-23 04:07:13.280 [com.alibaba.nacos.naming.failover.0] [none] DEBUG com.alibaba.nacos.client.naming - failover switch is not found, 00-00---000-VIPSRV_FAILOVER_SWITCH-000---00-00
2026-05-23 04:07:18.286 [com.alibaba.nacos.naming.failover.0] [none] DEBUG com.alibaba.nacos.client.naming - failover switch is not found, 00-00---000-VIPSRV_FAILOVER_SWITCH-000---00-00
2026-05-23 04:07:23.288 [com.alibaba.nacos.naming.failover.0] [none] DEBUG com.alibaba.nacos.client.naming - failover switch is not found, 00-00---000-VIPSRV_FAILOVER_SWITCH-000---00-00
2026-05-23 04:07:28.297 [com.alibaba.nacos.naming.failover.0] [none] DEBUG com.alibaba.nacos.client.naming - failover switch is not found, 00-00---000-VIPSRV_FAILOVER_SWITCH-000---00-00
2026-05-23 04:07:33.304 [com.alibaba.nacos.naming.failover.0] [none] DEBUG com.alibaba.nacos.client.naming - failover switch is not found, 00-00---000-VIPSRV_FAILOVER_SWITCH-000---00-00
2026-05-23 04:07:38.317 [com.alibaba.nacos.naming.failover.0] [none] DEBUG com.alibaba.nacos.client.naming - failover switch is not found, 00-00---000-VIPSRV_FAILOVER_SWITCH-000---00-00
2026-05-23 04:07:43.328 [com.alibaba.nacos.naming.failover.0] [none] DEBUG com.alibaba.nacos.client.naming - failover switch is not found, 00-00---000-VIPSRV_FAILOVER_SWITCH-000---00-00
2026-05-23 04:07:48.336 [com.alibaba.nacos.naming.failover.0] [none] DEBUG com.alibaba.nacos.client.naming - failover switch is not found, 00-00---000-VIPSRV_FAILOVER_SWITCH-000---00-00
2026-05-23 04:07:53.341 [com.alibaba.nacos.naming.failover.0] [none] DEBUG com.alibaba.nacos.client.naming - failover switch is not found, 00-00---000-VIPSRV_FAILOVER_SWITCH-000---00-00
2026-05-23 04:07:58.342 [com.alibaba.nacos.naming.failover.0] [none] DEBUG com.alibaba.nacos.client.naming - failover switch is not found, 00-00---000-VIPSRV_FAILOVER_SWITCH-000---00-00
2026-05-23 04:08:03.355 [com.alibaba.nacos.naming.failover.0] [none] DEBUG com.alibaba.nacos.client.naming - failover switch is not found, 00-00---000-VIPSRV_FAILOVER_SWITCH-000---00-00
2026-05-23 04:08:08.367 [com.alibaba.nacos.naming.failover.0] [none] DEBUG com.alibaba.nacos.client.naming - failover switch is not found, 00-00---000-VIPSRV_FAILOVER_SWITCH-000---00-00
2026-05-23 04:08:13.370 [com.alibaba.nacos.naming.failover.0] [none] DEBUG com.alibaba.nacos.client.naming - failover switch is not found, 00-00---000-VIPSRV_FAILOVER_SWITCH-000---00-00
2026-05-23 04:08:18.379 [com.alibaba.nacos.naming.failover.0] [none] DEBUG com.alibaba.nacos.client.naming - failover switch is not found, 00-00---000-VIPSRV_FAILOVER_SWITCH-000---00-00
2026-05-23 04:08:23.388 [com.alibaba.nacos.naming.failover.0] [none] DEBUG com.alibaba.nacos.client.naming - failover switch is not found, 00-00---000-VIPSRV_FAILOVER_SWITCH-000---00-00
2026-05-23 04:08:28.406 [com.alibaba.nacos.naming.failover.0] [none] DEBUG com.alibaba.nacos.client.naming - failover switch is not found, 00-00---000-VIPSRV_FAILOVER_SWITCH-000---00-00
2026-05-23 04:08:33.407 [com.alibaba.nacos.naming.failover.0] [none] DEBUG com.alibaba.nacos.client.naming - failover switch is not found, 00-00---000-VIPSRV_FAILOVER_SWITCH-000---00-00
2026-05-23 04:08:38.416 [com.alibaba.nacos.naming.failover.0] [none] DEBUG com.alibaba.nacos.client.naming - failover switch is not found, 00-00---000-VIPSRV_FAILOVER_SWITCH-000---00-00
2026-05-23 04:08:43.421 [com.alibaba.nacos.naming.failover.0] [none] DEBUG com.alibaba.nacos.client.naming - failover switch is not found, 00-00---000-VIPSRV_FAILOVER_SWITCH-000---00-00
2026-05-23 04:08:48.431 [com.alibaba.nacos.naming.failover.0] [none] DEBUG com.alibaba.nacos.client.naming - failover switch is not found, 00-00---000-VIPSRV_FAILOVER_SWITCH-000---00-00
2026-05-23 04:08:53.445 [com.alibaba.nacos.naming.failover.0] [none] DEBUG com.alibaba.nacos.client.naming - failover switch is not found, 00-00---000-VIPSRV_FAILOVER_SWITCH-000---00-00
2026-05-23 04:08:58.457 [com.alibaba.nacos.naming.failover.0] [none] DEBUG com.alibaba.nacos.client.naming - failover switch is not found, 00-00---000-VIPSRV_FAILOVER_SWITCH-000---00-00
2026-05-23 04:09:03.471 [com.alibaba.nacos.naming.failover.0] [none] DEBUG com.alibaba.nacos.client.naming - failover switch is not found, 00-00---000-VIPSRV_FAILOVER_SWITCH-000---00-00
2026-05-23 04:09:08.478 [com.alibaba.nacos.naming.failover.0] [none] DEBUG com.alibaba.nacos.client.naming - failover switch is not found, 00-00---000-VIPSRV_FAILOVER_SWITCH-000---00-00
2026-05-23 04:09:13.490 [com.alibaba.nacos.naming.failover.0] [none] DEBUG com.alibaba.nacos.client.naming - failover switch is not found, 00-00---000-VIPSRV_FAILOVER_SWITCH-000---00-00
2026-05-23 04:09:18.497 [com.alibaba.nacos.naming.failover.0] [none] DEBUG com.alibaba.nacos.client.naming - failover switch is not found, 00-00---000-VIPSRV_FAILOVER_SWITCH-000---00-00
2026-05-23 04:09:23.509 [com.alibaba.nacos.naming.failover.0] [none] DEBUG com.alibaba.nacos.client.naming - failover switch is not found, 00-00---000-VIPSRV_FAILOVER_SWITCH-000---00-00
2026-05-23 04:09:28.510 [com.alibaba.nacos.naming.failover.0] [none] DEBUG com.alibaba.nacos.client.naming - failover switch is not found, 00-00---000-VIPSRV_FAILOVER_SWITCH-000---00-00
2026-05-23 04:09:33.532 [com.alibaba.nacos.naming.failover.0] [none] DEBUG com.alibaba.nacos.client.naming - failover switch is not found, 00-00---000-VIPSRV_FAILOVER_SWITCH-000---00-00
2026-05-23 04:09:38.540 [com.alibaba.nacos.naming.failover.0] [none] DEBUG com.alibaba.nacos.client.naming - failover switch is not found, 00-00---000-VIPSRV_FAILOVER_SWITCH-000---00-00
2026-05-23 04:09:43.543 [com.alibaba.nacos.naming.failover.0] [none] DEBUG com.alibaba.nacos.client.naming - failover switch is not found, 00-00---000-VIPSRV_FAILOVER_SWITCH-000---00-00
2026-05-23 04:09:48.558 [com.alibaba.nacos.naming.failover.0] [none] DEBUG com.alibaba.nacos.client.naming - failover switch is not found, 00-00---000-VIPSRV_FAILOVER_SWITCH-000---00-00
2026-05-23 04:09:53.572 [com.alibaba.nacos.naming.failover.0] [none] DEBUG com.alibaba.nacos.client.naming - failover switch is not found, 00-00---000-VIPSRV_FAILOVER_SWITCH-000---00-00
2026-05-23 04:09:58.575 [com.alibaba.nacos.naming.failover.0] [none] DEBUG com.alibaba.nacos.client.naming - failover switch is not found, 00-00---000-VIPSRV_FAILOVER_SWITCH-000---00-00
2026-05-23 04:10:03.578 [com.alibaba.nacos.naming.failover.0] [none] DEBUG com.alibaba.nacos.client.naming - failover switch is not found, 00-00---000-VIPSRV_FAILOVER_SWITCH-000---00-00
2026-05-23 04:10:08.591 [com.alibaba.nacos.naming.failover.0] [none] DEBUG com.alibaba.nacos.client.naming - failover switch is not found, 00-00---000-VIPSRV_FAILOVER_SWITCH-000---00-00
2026-05-23 04:10:13.594 [com.alibaba.nacos.naming.failover.0] [none] DEBUG com.alibaba.nacos.client.naming - failover switch is not found, 00-00---000-VIPSRV_FAILOVER_SWITCH-000---00-00
2026-05-23 04:10:18.602 [com.alibaba.nacos.naming.failover.0] [none] DEBUG com.alibaba.nacos.client.naming - failover switch is not found, 00-00---000-VIPSRV_FAILOVER_SWITCH-000---00-00
2026-05-23 04:10:23.615 [com.alibaba.nacos.naming.failover.0] [none] DEBUG com.alibaba.nacos.client.naming - failover switch is not found, 00-00---000-VIPSRV_FAILOVER_SWITCH-000---00-00
2026-05-23 04:10:28.623 [com.alibaba.nacos.naming.failover.0] [none] DEBUG com.alibaba.nacos.client.naming - failover switch is not found, 00-00---000-VIPSRV_FAILOVER_SWITCH-000---00-00
2026-05-23 04:10:33.628 [com.alibaba.nacos.naming.failover.0] [none] DEBUG com.alibaba.nacos.client.naming - failover switch is not found, 00-00---000-VIPSRV_FAILOVER_SWITCH-000---00-00
2026-05-23 04:10:38.629 [com.alibaba.nacos.naming.failover.0] [none] DEBUG com.alibaba.nacos.client.naming - failover switch is not found, 00-00---000-VIPSRV_FAILOVER_SWITCH-000---00-00
2026-05-23 04:10:43.632 [com.alibaba.nacos.naming.failover.0] [none] DEBUG com.alibaba.nacos.client.naming - failover switch is not found, 00-00---000-VIPSRV_FAILOVER_SWITCH-000---00-00
2026-05-23 04:10:48.644 [com.alibaba.nacos.naming.failover.0] [none] DEBUG com.alibaba.nacos.client.naming - failover switch is not found, 00-00---000-VIPSRV_FAILOVER_SWITCH-000---00-00
2026-05-23 04:10:53.650 [com.alibaba.nacos.naming.failover.0] [none] DEBUG com.alibaba.nacos.client.naming - failover switch is not found, 00-00---000-VIPSRV_FAILOVER_SWITCH-000---00-00
2026-05-23 04:10:58.664 [com.alibaba.nacos.naming.failover.0] [none] DEBUG com.alibaba.nacos.client.naming - failover switch is not found, 00-00---000-VIPSRV_FAILOVER_SWITCH-000---00-00
2026-05-23 04:11:03.674 [com.alibaba.nacos.naming.failover.0] [none] DEBUG com.alibaba.nacos.client.naming - failover switch is not found, 00-00---000-VIPSRV_FAILOVER_SWITCH-000---00-00
2026-05-23 04:11:08.682 [com.alibaba.nacos.naming.failover.0] [none] DEBUG com.alibaba.nacos.client.naming - failover switch is not found, 00-00---000-VIPSRV_FAILOVER_SWITCH-000---00-00
2026-05-23 04:11:13.695 [com.alibaba.nacos.naming.failover.0] [none] DEBUG com.alibaba.nacos.client.naming - failover switch is not found, 00-00---000-VIPSRV_FAILOVER_SWITCH-000---00-00
2026-05-23 04:11:18.701 [com.alibaba.nacos.naming.failover.0] [none] DEBUG com.alibaba.nacos.client.naming - failover switch is not found, 00-00---000-VIPSRV_FAILOVER_SWITCH-000---00-00
2026-05-23 04:11:23.705 [com.alibaba.nacos.naming.failover.0] [none] DEBUG com.alibaba.nacos.client.naming - failover switch is not found, 00-00---000-VIPSRV_FAILOVER_SWITCH-000---00-00
2026-05-23 04:11:28.714 [com.alibaba.nacos.naming.failover.0] [none] DEBUG com.alibaba.nacos.client.naming - failover switch is not found, 00-00---000-VIPSRV_FAILOVER_SWITCH-000---00-00
2026-05-23 04:11:33.716 [com.alibaba.nacos.naming.failover.0] [none] DEBUG com.alibaba.nacos.client.naming - failover switch is not found, 00-00---000-VIPSRV_FAILOVER_SWITCH-000---00-00
2026-05-23 04:11:38.719 [com.alibaba.nacos.naming.failover.0] [none] DEBUG com.alibaba.nacos.client.naming - failover switch is not found, 00-00---000-VIPSRV_FAILOVER_SWITCH-000---00-00
2026-05-23 04:11:43.733 [com.alibaba.nacos.naming.failover.0] [none] DEBUG com.alibaba.nacos.client.naming - failover switch is not found, 00-00---000-VIPSRV_FAILOVER_SWITCH-000---00-00
2026-05-23 04:11:48.738 [com.alibaba.nacos.naming.failover.0] [none] DEBUG com.alibaba.nacos.client.naming - failover switch is not found, 00-00---000-VIPSRV_FAILOVER_SWITCH-000---00-00
2026-05-23 04:11:53.740 [com.alibaba.nacos.naming.failover.0] [none] DEBUG com.alibaba.nacos.client.naming - failover switch is not found, 00-00---000-VIPSRV_FAILOVER_SWITCH-000---00-00
2026-05-23 04:11:58.752 [com.alibaba.nacos.naming.failover.0] [none] DEBUG com.alibaba.nacos.client.naming - failover switch is not found, 00-00---000-VIPSRV_FAILOVER_SWITCH-000---00-00
2026-05-23 04:12:03.754 [com.alibaba.nacos.naming.failover.0] [none] DEBUG com.alibaba.nacos.client.naming - failover switch is not found, 00-00---000-VIPSRV_FAILOVER_SWITCH-000---00-00
2026-05-23 04:12:08.767 [com.alibaba.nacos.naming.failover.0] [none] DEBUG com.alibaba.nacos.client.naming - failover switch is not found, 00-00---000-VIPSRV_FAILOVER_SWITCH-000---00-00
2026-05-23 04:12:13.768 [com.alibaba.nacos.naming.failover.0] [none] DEBUG com.alibaba.nacos.client.naming - failover switch is not found, 00-00---000-VIPSRV_FAILOVER_SWITCH-000---00-00
2026-05-23 04:12:18.775 [com.alibaba.nacos.naming.failover.0] [none] DEBUG com.alibaba.nacos.client.naming - failover switch is not found, 00-00---000-VIPSRV_FAILOVER_SWITCH-000---00-00
2026-05-23 04:12:23.789 [com.alibaba.nacos.naming.failover.0] [none] DEBUG com.alibaba.nacos.client.naming - failover switch is not found, 00-00---000-VIPSRV_FAILOVER_SWITCH-000---00-00
2026-05-23 04:12:28.798 [com.alibaba.nacos.naming.failover.0] [none] DEBUG com.alibaba.nacos.client.naming - failover switch is not found, 00-00---000-VIPSRV_FAILOVER_SWITCH-000---00-00
2026-05-23 04:12:33.803 [com.alibaba.nacos.naming.failover.0] [none] DEBUG com.alibaba.nacos.client.naming - failover switch is not found, 00-00---000-VIPSRV_FAILOVER_SWITCH-000---00-00
2026-05-23 04:12:38.814 [com.alibaba.nacos.naming.failover.0] [none] DEBUG com.alibaba.nacos.client.naming - failover switch is not found, 00-00---000-VIPSRV_FAILOVER_SWITCH-000---00-00
2026-05-23 04:12:43.822 [com.alibaba.nacos.naming.failover.0] [none] DEBUG com.alibaba.nacos.client.naming - failover switch is not found, 00-00---000-VIPSRV_FAILOVER_SWITCH-000---00-00
2026-05-23 04:12:48.823 [com.alibaba.nacos.naming.failover.0] [none] DEBUG com.alibaba.nacos.client.naming - failover switch is not found, 00-00---000-VIPSRV_FAILOVER_SWITCH-000---00-00
2026-05-23 04:12:53.826 [com.alibaba.nacos.naming.failover.0] [none] DEBUG com.alibaba.nacos.client.naming - failover switch is not found, 00-00---000-VIPSRV_FAILOVER_SWITCH-000---00-00
2026-05-23 04:12:58.831 [com.alibaba.nacos.naming.failover.0] [none] DEBUG com.alibaba.nacos.client.naming - failover switch is not found, 00-00---000-VIPSRV_FAILOVER_SWITCH-000---00-00
2026-05-23 04:13:03.837 [com.alibaba.nacos.naming.failover.0] [none] DEBUG com.alibaba.nacos.client.naming - failover switch is not found, 00-00---000-VIPSRV_FAILOVER_SWITCH-000---00-00
2026-05-23 04:13:08.844 [com.alibaba.nacos.naming.failover.0] [none] DEBUG com.alibaba.nacos.client.naming - failover switch is not found, 00-00---000-VIPSRV_FAILOVER_SWITCH-000---00-00
2026-05-23 04:13:13.854 [com.alibaba.nacos.naming.failover.0] [none] DEBUG com.alibaba.nacos.client.naming - failover switch is not found, 00-00---000-VIPSRV_FAILOVER_SWITCH-000---00-00
2026-05-23 04:13:18.858 [com.alibaba.nacos.naming.failover.0] [none] DEBUG com.alibaba.nacos.client.naming - failover switch is not found, 00-00---000-VIPSRV_FAILOVER_SWITCH-000---00-00
2026-05-23 04:13:23.859 [com.alibaba.nacos.naming.failover.0] [none] DEBUG com.alibaba.nacos.client.naming - failover switch is not found, 00-00---000-VIPSRV_FAILOVER_SWITCH-000---00-00
2026-05-23 04:13:28.867 [com.alibaba.nacos.naming.failover.0] [none] DEBUG com.alibaba.nacos.client.naming - failover switch is not found, 00-00---000-VIPSRV_FAILOVER_SWITCH-000---00-00
2026-05-23 04:13:33.880 [com.alibaba.nacos.naming.failover.0] [none] DEBUG com.alibaba.nacos.client.naming - failover switch is not found, 00-00---000-VIPSRV_FAILOVER_SWITCH-000---00-00
2026-05-23 04:13:38.894 [com.alibaba.nacos.naming.failover.0] [none] DEBUG com.alibaba.nacos.client.naming - failover switch is not found, 00-00---000-VIPSRV_FAILOVER_SWITCH-000---00-00
2026-05-23 04:13:43.904 [com.alibaba.nacos.naming.failover.0] [none] DEBUG com.alibaba.nacos.client.naming - failover switch is not found, 00-00---000-VIPSRV_FAILOVER_SWITCH-000---00-00
2026-05-23 04:13:48.915 [com.alibaba.nacos.naming.failover.0] [none] DEBUG com.alibaba.nacos.client.naming - failover switch is not found, 00-00---000-VIPSRV_FAILOVER_SWITCH-000---00-00
2026-05-23 04:13:53.919 [com.alibaba.nacos.naming.failover.0] [none] DEBUG com.alibaba.nacos.client.naming - failover switch is not found, 00-00---000-VIPSRV_FAILOVER_SWITCH-000---00-00
2026-05-23 04:13:58.933 [com.alibaba.nacos.naming.failover.0] [none] DEBUG com.alibaba.nacos.client.naming - failover switch is not found, 00-00---000-VIPSRV_FAILOVER_SWITCH-000---00-00
2026-05-23 04:14:03.936 [com.alibaba.nacos.naming.failover.0] [none] DEBUG com.alibaba.nacos.client.naming - failover switch is not found, 00-00---000-VIPSRV_FAILOVER_SWITCH-000---00-00
2026-05-23 04:14:08.944 [com.alibaba.nacos.naming.failover.0] [none] DEBUG com.alibaba.nacos.client.naming - failover switch is not found, 00-00---000-VIPSRV_FAILOVER_SWITCH-000---00-00
2026-05-23 04:14:13.957 [com.alibaba.nacos.naming.failover.0] [none] DEBUG com.alibaba.nacos.client.naming - failover switch is not found, 00-00---000-VIPSRV_FAILOVER_SWITCH-000---00-00
2026-05-23 04:14:18.972 [com.alibaba.nacos.naming.failover.0] [none] DEBUG com.alibaba.nacos.client.naming - failover switch is not found, 00-00---000-VIPSRV_FAILOVER_SWITCH-000---00-00
2026-05-23 04:14:23.981 [com.alibaba.nacos.naming.failover.0] [none] DEBUG com.alibaba.nacos.client.naming - failover switch is not found, 00-00---000-VIPSRV_FAILOVER_SWITCH-000---00-00
2026-05-23 04:14:28.985 [com.alibaba.nacos.naming.failover.0] [none] DEBUG com.alibaba.nacos.client.naming - failover switch is not found, 00-00---000-VIPSRV_FAILOVER_SWITCH-000---00-00
2026-05-23 04:14:33.987 [com.alibaba.nacos.naming.failover.0] [none] DEBUG com.alibaba.nacos.client.naming - failover switch is not found, 00-00---000-VIPSRV_FAILOVER_SWITCH-000---00-00
2026-05-23 04:14:38.993 [com.alibaba.nacos.naming.failover.0] [none] DEBUG com.alibaba.nacos.client.naming - failover switch is not found, 00-00---000-VIPSRV_FAILOVER_SWITCH-000---00-00
2026-05-23 04:14:44.000 [com.alibaba.nacos.naming.failover.0] [none] DEBUG com.alibaba.nacos.client.naming - failover switch is not found, 00-00---000-VIPSRV_FAILOVER_SWITCH-000---00-00
2026-05-23 04:14:49.012 [com.alibaba.nacos.naming.failover.0] [none] DEBUG com.alibaba.nacos.client.naming - failover switch is not found, 00-00---000-VIPSRV_FAILOVER_SWITCH-000---00-00
2026-05-23 04:14:54.042 [com.alibaba.nacos.naming.failover.0] [none] DEBUG com.alibaba.nacos.client.naming - failover switch is not found, 00-00---000-VIPSRV_FAILOVER_SWITCH-000---00-00
2026-05-23 04:14:59.051 [com.alibaba.nacos.naming.failover.0] [none] DEBUG com.alibaba.nacos.client.naming - failover switch is not found, 00-00---000-VIPSRV_FAILOVER_SWITCH-000---00-00
2026-05-23 04:15:04.057 [com.alibaba.nacos.naming.failover.0] [none] DEBUG com.alibaba.nacos.client.naming - failover switch is not found, 00-00---000-VIPSRV_FAILOVER_SWITCH-000---00-00
2026-05-23 04:15:09.060 [com.alibaba.nacos.naming.failover.0] [none] DEBUG com.alibaba.nacos.client.naming - failover switch is not found, 00-00---000-VIPSRV_FAILOVER_SWITCH-000---00-00
2026-05-23 04:15:14.062 [com.alibaba.nacos.naming.failover.0] [none] DEBUG com.alibaba.nacos.client.naming - failover switch is not found, 00-00---000-VIPSRV_FAILOVER_SWITCH-000---00-00
2026-05-23 04:15:19.073 [com.alibaba.nacos.naming.failover.0] [none] DEBUG com.alibaba.nacos.client.naming - failover switch is not found, 00-00---000-VIPSRV_FAILOVER_SWITCH-000---00-00
2026-05-23 04:15:24.081 [com.alibaba.nacos.naming.failover.0] [none] DEBUG com.alibaba.nacos.client.naming - failover switch is not found, 00-00---000-VIPSRV_FAILOVER_SWITCH-000---00-00
2026-05-23 04:15:29.082 [com.alibaba.nacos.naming.failover.0] [none] DEBUG com.alibaba.nacos.client.naming - failover switch is not found, 00-00---000-VIPSRV_FAILOVER_SWITCH-000---00-00
2026-05-23 04:15:34.096 [com.alibaba.nacos.naming.failover.0] [none] DEBUG com.alibaba.nacos.client.naming - failover switch is not found, 00-00---000-VIPSRV_FAILOVER_SWITCH-000---00-00
2026-05-23 04:15:39.164 [com.alibaba.nacos.naming.failover.0] [none] DEBUG com.alibaba.nacos.client.naming - failover switch is not found, 00-00---000-VIPSRV_FAILOVER_SWITCH-000---00-00
2026-05-23 04:15:44.171 [com.alibaba.nacos.naming.failover.0] [none] DEBUG com.alibaba.nacos.client.naming - failover switch is not found, 00-00---000-VIPSRV_FAILOVER_SWITCH-000---00-00
2026-05-23 04:15:49.184 [com.alibaba.nacos.naming.failover.0] [none] DEBUG com.alibaba.nacos.client.naming - failover switch is not found, 00-00---000-VIPSRV_FAILOVER_SWITCH-000---00-00
2026-05-23 04:15:54.201 [com.alibaba.nacos.naming.failover.0] [none] DEBUG com.alibaba.nacos.client.naming - failover switch is not found, 00-00---000-VIPSRV_FAILOVER_SWITCH-000---00-00
2026-05-23 04:15:59.202 [com.alibaba.nacos.naming.failover.0] [none] DEBUG com.alibaba.nacos.client.naming - failover switch is not found, 00-00---000-VIPSRV_FAILOVER_SWITCH-000---00-00
2026-05-23 04:16:04.203 [com.alibaba.nacos.naming.failover.0] [none] DEBUG com.alibaba.nacos.client.naming - failover switch is not found, 00-00---000-VIPSRV_FAILOVER_SWITCH-000---00-00
2026-05-23 04:16:09.216 [com.alibaba.nacos.naming.failover.0] [none] DEBUG com.alibaba.nacos.client.naming - failover switch is not found, 00-00---000-VIPSRV_FAILOVER_SWITCH-000---00-00
2026-05-23 04:16:14.218 [com.alibaba.nacos.naming.failover.0] [none] DEBUG com.alibaba.nacos.client.naming - failover switch is not found, 00-00---000-VIPSRV_FAILOVER_SWITCH-000---00-00
2026-05-23 04:16:19.230 [com.alibaba.nacos.naming.failover.0] [none] DEBUG com.alibaba.nacos.client.naming - failover switch is not found, 00-00---000-VIPSRV_FAILOVER_SWITCH-000---00-00
2026-05-23 04:16:24.278 [com.alibaba.nacos.naming.failover.0] [none] DEBUG com.alibaba.nacos.client.naming - failover switch is not found, 00-00---000-VIPSRV_FAILOVER_SWITCH-000---00-00
2026-05-23 04:16:29.282 [com.alibaba.nacos.naming.failover.0] [none] DEBUG com.alibaba.nacos.client.naming - failover switch is not found, 00-00---000-VIPSRV_FAILOVER_SWITCH-000---00-00
2026-05-23 04:16:34.296 [com.alibaba.nacos.naming.failover.0] [none] DEBUG com.alibaba.nacos.client.naming - failover switch is not found, 00-00---000-VIPSRV_FAILOVER_SWITCH-000---00-00
2026-05-23 04:16:39.313 [com.alibaba.nacos.naming.failover.0] [none] DEBUG com.alibaba.nacos.client.naming - failover switch is not found, 00-00---000-VIPSRV_FAILOVER_SWITCH-000---00-00
2026-05-23 04:16:44.319 [com.alibaba.nacos.naming.failover.0] [none] DEBUG com.alibaba.nacos.client.naming - failover switch is not found, 00-00---000-VIPSRV_FAILOVER_SWITCH-000---00-00
2026-05-23 04:16:49.324 [com.alibaba.nacos.naming.failover.0] [none] DEBUG com.alibaba.nacos.client.naming - failover switch is not found, 00-00---000-VIPSRV_FAILOVER_SWITCH-000---00-00
2026-05-23 04:16:54.327 [com.alibaba.nacos.naming.failover.0] [none] DEBUG com.alibaba.nacos.client.naming - failover switch is not found, 00-00---000-VIPSRV_FAILOVER_SWITCH-000---00-00
2026-05-23 04:16:59.343 [com.alibaba.nacos.naming.failover.0] [none] DEBUG com.alibaba.nacos.client.naming - failover switch is not found, 00-00---000-VIPSRV_FAILOVER_SWITCH-000---00-00
2026-05-23 04:17:04.350 [com.alibaba.nacos.naming.failover.0] [none] DEBUG com.alibaba.nacos.client.naming - failover switch is not found, 00-00---000-VIPSRV_FAILOVER_SWITCH-000---00-00
2026-05-23 04:17:09.355 [com.alibaba.nacos.naming.failover.0] [none] DEBUG com.alibaba.nacos.client.naming - failover switch is not found, 00-00---000-VIPSRV_FAILOVER_SWITCH-000---00-00
2026-05-23 04:17:14.361 [com.alibaba.nacos.naming.failover.0] [none] DEBUG com.alibaba.nacos.client.naming - failover switch is not found, 00-00---000-VIPSRV_FAILOVER_SWITCH-000---00-00
2026-05-23 04:17:19.380 [com.alibaba.nacos.naming.failover.0] [none] DEBUG com.alibaba.nacos.client.naming - failover switch is not found, 00-00---000-VIPSRV_FAILOVER_SWITCH-000---00-00
2026-05-23 04:17:24.395 [com.alibaba.nacos.naming.failover.0] [none] DEBUG com.alibaba.nacos.client.naming - failover switch is not found, 00-00---000-VIPSRV_FAILOVER_SWITCH-000---00-00
2026-05-23 04:17:29.407 [com.alibaba.nacos.naming.failover.0] [none] DEBUG com.alibaba.nacos.client.naming - failover switch is not found, 00-00---000-VIPSRV_FAILOVER_SWITCH-000---00-00
2026-05-23 04:17:34.413 [com.alibaba.nacos.naming.failover.0] [none] DEBUG com.alibaba.nacos.client.naming - failover switch is not found, 00-00---000-VIPSRV_FAILOVER_SWITCH-000---00-00
2026-05-23 04:17:39.418 [com.alibaba.nacos.naming.failover.0] [none] DEBUG com.alibaba.nacos.client.naming - failover switch is not found, 00-00---000-VIPSRV_FAILOVER_SWITCH-000---00-00
2026-05-23 04:17:44.423 [com.alibaba.nacos.naming.failover.0] [none] DEBUG com.alibaba.nacos.client.naming - failover switch is not found, 00-00---000-VIPSRV_FAILOVER_SWITCH-000---00-00
2026-05-23 04:17:49.434 [com.alibaba.nacos.naming.failover.0] [none] DEBUG com.alibaba.nacos.client.naming - failover switch is not found, 00-00---000-VIPSRV_FAILOVER_SWITCH-000---00-00
2026-05-23 04:17:54.439 [com.alibaba.nacos.naming.failover.0] [none] DEBUG com.alibaba.nacos.client.naming - failover switch is not found, 00-00---000-VIPSRV_FAILOVER_SWITCH-000---00-00
2026-05-23 04:17:59.444 [com.alibaba.nacos.naming.failover.0] [none] DEBUG com.alibaba.nacos.client.naming - failover switch is not found, 00-00---000-VIPSRV_FAILOVER_SWITCH-000---00-00
2026-05-23 04:18:04.447 [com.alibaba.nacos.naming.failover.0] [none] DEBUG com.alibaba.nacos.client.naming - failover switch is not found, 00-00---000-VIPSRV_FAILOVER_SWITCH-000---00-00
2026-05-23 04:18:09.461 [com.alibaba.nacos.naming.failover.0] [none] DEBUG com.alibaba.nacos.client.naming - failover switch is not found, 00-00---000-VIPSRV_FAILOVER_SWITCH-000---00-00
2026-05-23 04:18:14.476 [com.alibaba.nacos.naming.failover.0] [none] DEBUG com.alibaba.nacos.client.naming - failover switch is not found, 00-00---000-VIPSRV_FAILOVER_SWITCH-000---00-00
2026-05-23 04:18:19.481 [com.alibaba.nacos.naming.failover.0] [none] DEBUG com.alibaba.nacos.client.naming - failover switch is not found, 00-00---000-VIPSRV_FAILOVER_SWITCH-000---00-00
2026-05-23 04:18:24.486 [com.alibaba.nacos.naming.failover.0] [none] DEBUG com.alibaba.nacos.client.naming - failover switch is not found, 00-00---000-VIPSRV_FAILOVER_SWITCH-000---00-00
2026-05-23 04:18:29.503 [com.alibaba.nacos.naming.failover.0] [none] DEBUG com.alibaba.nacos.client.naming - failover switch is not found, 00-00---000-VIPSRV_FAILOVER_SWITCH-000---00-00
2026-05-23 04:18:34.511 [com.alibaba.nacos.naming.failover.0] [none] DEBUG com.alibaba.nacos.client.naming - failover switch is not found, 00-00---000-VIPSRV_FAILOVER_SWITCH-000---00-00
2026-05-23 04:18:39.520 [com.alibaba.nacos.naming.failover.0] [none] DEBUG com.alibaba.nacos.client.naming - failover switch is not found, 00-00---000-VIPSRV_FAILOVER_SWITCH-000---00-00
2026-05-23 04:18:44.527 [com.alibaba.nacos.naming.failover.0] [none] DEBUG com.alibaba.nacos.client.naming - failover switch is not found, 00-00---000-VIPSRV_FAILOVER_SWITCH-000---00-00
2026-05-23 04:18:49.537 [com.alibaba.nacos.naming.failover.0] [none] DEBUG com.alibaba.nacos.client.naming - failover switch is not found, 00-00---000-VIPSRV_FAILOVER_SWITCH-000---00-00
2026-05-23 04:18:54.552 [com.alibaba.nacos.naming.failover.0] [none] DEBUG com.alibaba.nacos.client.naming - failover switch is not found, 00-00---000-VIPSRV_FAILOVER_SWITCH-000---00-00
2026-05-23 04:18:59.557 [com.alibaba.nacos.naming.failover.0] [none] DEBUG com.alibaba.nacos.client.naming - failover switch is not found, 00-00---000-VIPSRV_FAILOVER_SWITCH-000---00-00
2026-05-23 04:19:04.586 [com.alibaba.nacos.naming.failover.0] [none] DEBUG com.alibaba.nacos.client.naming - failover switch is not found, 00-00---000-VIPSRV_FAILOVER_SWITCH-000---00-00
2026-05-23 04:19:09.601 [com.alibaba.nacos.naming.failover.0] [none] DEBUG com.alibaba.nacos.client.naming - failover switch is not found, 00-00---000-VIPSRV_FAILOVER_SWITCH-000---00-00
2026-05-23 04:19:14.603 [com.alibaba.nacos.naming.failover.0] [none] DEBUG com.alibaba.nacos.client.naming - failover switch is not found, 00-00---000-VIPSRV_FAILOVER_SWITCH-000---00-00
2026-05-23 04:19:19.619 [com.alibaba.nacos.naming.failover.0] [none] DEBUG com.alibaba.nacos.client.naming - failover switch is not found, 00-00---000-VIPSRV_FAILOVER_SWITCH-000---00-00
2026-05-23 04:19:24.626 [com.alibaba.nacos.naming.failover.0] [none] DEBUG com.alibaba.nacos.client.naming - failover switch is not found, 00-00---000-VIPSRV_FAILOVER_SWITCH-000---00-00
2026-05-23 04:19:29.630 [com.alibaba.nacos.naming.failover.0] [none] DEBUG com.alibaba.nacos.client.naming - failover switch is not found, 00-00---000-VIPSRV_FAILOVER_SWITCH-000---00-00
2026-05-23 04:19:34.634 [com.alibaba.nacos.naming.failover.0] [none] DEBUG com.alibaba.nacos.client.naming - failover switch is not found, 00-00---000-VIPSRV_FAILOVER_SWITCH-000---00-00
2026-05-23 04:19:39.640 [com.alibaba.nacos.naming.failover.0] [none] DEBUG com.alibaba.nacos.client.naming - failover switch is not found, 00-00---000-VIPSRV_FAILOVER_SWITCH-000---00-00
2026-05-23 04:19:44.645 [com.alibaba.nacos.naming.failover.0] [none] DEBUG com.alibaba.nacos.client.naming - failover switch is not found, 00-00---000-VIPSRV_FAILOVER_SWITCH-000---00-00
2026-05-23 04:19:49.659 [com.alibaba.nacos.naming.failover.0] [none] DEBUG com.alibaba.nacos.client.naming - failover switch is not found, 00-00---000-VIPSRV_FAILOVER_SWITCH-000---00-00
2026-05-23 04:19:54.671 [com.alibaba.nacos.naming.failover.0] [none] DEBUG com.alibaba.nacos.client.naming - failover switch is not found, 00-00---000-VIPSRV_FAILOVER_SWITCH-000---00-00
2026-05-23 04:19:59.679 [com.alibaba.nacos.naming.failover.0] [none] DEBUG com.alibaba.nacos.client.naming - failover switch is not found, 00-00---000-VIPSRV_FAILOVER_SWITCH-000---00-00
2026-05-23 04:20:04.688 [com.alibaba.nacos.naming.failover.0] [none] DEBUG com.alibaba.nacos.client.naming - failover switch is not found, 00-00---000-VIPSRV_FAILOVER_SWITCH-000---00-00
2026-05-23 04:20:09.692 [com.alibaba.nacos.naming.failover.0] [none] DEBUG com.alibaba.nacos.client.naming - failover switch is not found, 00-00---000-VIPSRV_FAILOVER_SWITCH-000---00-00
2026-05-23 04:20:14.693 [com.alibaba.nacos.naming.failover.0] [none] DEBUG com.alibaba.nacos.client.naming - failover switch is not found, 00-00---000-VIPSRV_FAILOVER_SWITCH-000---00-00
2026-05-23 04:20:19.699 [com.alibaba.nacos.naming.failover.0] [none] DEBUG com.alibaba.nacos.client.naming - failover switch is not found, 00-00---000-VIPSRV_FAILOVER_SWITCH-000---00-00
2026-05-23 04:20:24.709 [com.alibaba.nacos.naming.failover.0] [none] DEBUG com.alibaba.nacos.client.naming - failover switch is not found, 00-00---000-VIPSRV_FAILOVER_SWITCH-000---00-00
2026-05-23 04:20:29.714 [com.alibaba.nacos.naming.failover.0] [none] DEBUG com.alibaba.nacos.client.naming - failover switch is not found, 00-00---000-VIPSRV_FAILOVER_SWITCH-000---00-00
2026-05-23 04:20:34.727 [com.alibaba.nacos.naming.failover.0] [none] DEBUG com.alibaba.nacos.client.naming - failover switch is not found, 00-00---000-VIPSRV_FAILOVER_SWITCH-000---00-00
2026-05-23 04:20:39.729 [com.alibaba.nacos.naming.failover.0] [none] DEBUG com.alibaba.nacos.client.naming - failover switch is not found, 00-00---000-VIPSRV_FAILOVER_SWITCH-000---00-00
2026-05-23 04:20:44.741 [com.alibaba.nacos.naming.failover.0] [none] DEBUG com.alibaba.nacos.client.naming - failover switch is not found, 00-00---000-VIPSRV_FAILOVER_SWITCH-000---00-00
2026-05-23 04:20:49.748 [com.alibaba.nacos.naming.failover.0] [none] DEBUG com.alibaba.nacos.client.naming - failover switch is not found, 00-00---000-VIPSRV_FAILOVER_SWITCH-000---00-00
2026-05-23 04:20:54.758 [com.alibaba.nacos.naming.failover.0] [none] DEBUG com.alibaba.nacos.client.naming - failover switch is not found, 00-00---000-VIPSRV_FAILOVER_SWITCH-000---00-00
2026-05-23 04:20:59.765 [com.alibaba.nacos.naming.failover.0] [none] DEBUG com.alibaba.nacos.client.naming - failover switch is not found, 00-00---000-VIPSRV_FAILOVER_SWITCH-000---00-00
2026-05-23 04:21:04.776 [com.alibaba.nacos.naming.failover.0] [none] DEBUG com.alibaba.nacos.client.naming - failover switch is not found, 00-00---000-VIPSRV_FAILOVER_SWITCH-000---00-00
2026-05-23 04:21:09.785 [com.alibaba.nacos.naming.failover.0] [none] DEBUG com.alibaba.nacos.client.naming - failover switch is not found, 00-00---000-VIPSRV_FAILOVER_SWITCH-000---00-00
2026-05-23 04:21:14.793 [com.alibaba.nacos.naming.failover.0] [none] DEBUG com.alibaba.nacos.client.naming - failover switch is not found, 00-00---000-VIPSRV_FAILOVER_SWITCH-000---00-00
2026-05-23 04:21:19.807 [com.alibaba.nacos.naming.failover.0] [none] DEBUG com.alibaba.nacos.client.naming - failover switch is not found, 00-00---000-VIPSRV_FAILOVER_SWITCH-000---00-00
2026-05-23 04:21:24.810 [com.alibaba.nacos.naming.failover.0] [none] DEBUG com.alibaba.nacos.client.naming - failover switch is not found, 00-00---000-VIPSRV_FAILOVER_SWITCH-000---00-00
2026-05-23 04:21:26.421 [reactor-http-nio-6] [none] INFO  c.c.g.filter.JwtAuthenticationFilter - [PUBLIC PATH] /api/community/users/recommend matched public path, adding INTERNAL_CALL_HEADER
2026-05-23 04:21:26.421 [reactor-http-nio-7] [none] INFO  c.c.g.filter.JwtAuthenticationFilter - [PUBLIC PATH] /api/product/products/search matched public path, adding INTERNAL_CALL_HEADER
2026-05-23 04:21:26.421 [reactor-http-nio-5] [none] INFO  c.c.g.filter.JwtAuthenticationFilter - [PUBLIC PATH] /api/community/tags/trending matched public path, adding INTERNAL_CALL_HEADER
2026-05-23 04:21:26.421 [reactor-http-nio-4] [none] INFO  c.c.g.filter.JwtAuthenticationFilter - [PUBLIC PATH] /api/community/posts/feed matched public path, adding INTERNAL_CALL_HEADER
2026-05-23 04:21:29.823 [com.alibaba.nacos.naming.failover.0] [none] DEBUG com.alibaba.nacos.client.naming - failover switch is not found, 00-00---000-VIPSRV_FAILOVER_SWITCH-000---00-00
2026-05-23 04:21:34.835 [com.alibaba.nacos.naming.failover.0] [none] DEBUG com.alibaba.nacos.client.naming - failover switch is not found, 00-00---000-VIPSRV_FAILOVER_SWITCH-000---00-00
2026-05-23 04:21:39.844 [com.alibaba.nacos.naming.failover.0] [none] DEBUG com.alibaba.nacos.client.naming - failover switch is not found, 00-00---000-VIPSRV_FAILOVER_SWITCH-000---00-00
2026-05-23 04:21:44.848 [com.alibaba.nacos.naming.failover.0] [none] DEBUG com.alibaba.nacos.client.naming - failover switch is not found, 00-00---000-VIPSRV_FAILOVER_SWITCH-000---00-00
2026-05-23 04:21:49.854 [com.alibaba.nacos.naming.failover.0] [none] DEBUG com.alibaba.nacos.client.naming - failover switch is not found, 00-00---000-VIPSRV_FAILOVER_SWITCH-000---00-00
2026-05-23 04:21:54.873 [com.alibaba.nacos.naming.failover.0] [none] DEBUG com.alibaba.nacos.client.naming - failover switch is not found, 00-00---000-VIPSRV_FAILOVER_SWITCH-000---00-00
2026-05-23 04:21:59.874 [com.alibaba.nacos.naming.failover.0] [none] DEBUG com.alibaba.nacos.client.naming - failover switch is not found, 00-00---000-VIPSRV_FAILOVER_SWITCH-000---00-00
2026-05-23 04:22:04.882 [com.alibaba.nacos.naming.failover.0] [none] DEBUG com.alibaba.nacos.client.naming - failover switch is not found, 00-00---000-VIPSRV_FAILOVER_SWITCH-000---00-00
2026-05-23 04:22:09.894 [com.alibaba.nacos.naming.failover.0] [none] DEBUG com.alibaba.nacos.client.naming - failover switch is not found, 00-00---000-VIPSRV_FAILOVER_SWITCH-000---00-00
2026-05-23 04:22:14.896 [com.alibaba.nacos.naming.failover.0] [none] DEBUG com.alibaba.nacos.client.naming - failover switch is not found, 00-00---000-VIPSRV_FAILOVER_SWITCH-000---00-00
2026-05-23 04:22:19.910 [com.alibaba.nacos.naming.failover.0] [none] DEBUG com.alibaba.nacos.client.naming - failover switch is not found, 00-00---000-VIPSRV_FAILOVER_SWITCH-000---00-00
2026-05-23 04:22:24.916 [com.alibaba.nacos.naming.failover.0] [none] DEBUG com.alibaba.nacos.client.naming - failover switch is not found, 00-00---000-VIPSRV_FAILOVER_SWITCH-000---00-00
2026-05-23 04:22:29.917 [com.alibaba.nacos.naming.failover.0] [none] DEBUG com.alibaba.nacos.client.naming - failover switch is not found, 00-00---000-VIPSRV_FAILOVER_SWITCH-000---00-00
2026-05-23 04:22:34.918 [com.alibaba.nacos.naming.failover.0] [none] DEBUG com.alibaba.nacos.client.naming - failover switch is not found, 00-00---000-VIPSRV_FAILOVER_SWITCH-000---00-00
2026-05-23 04:22:39.921 [com.alibaba.nacos.naming.failover.0] [none] DEBUG com.alibaba.nacos.client.naming - failover switch is not found, 00-00---000-VIPSRV_FAILOVER_SWITCH-000---00-00
2026-05-23 04:22:44.928 [com.alibaba.nacos.naming.failover.0] [none] DEBUG com.alibaba.nacos.client.naming - failover switch is not found, 00-00---000-VIPSRV_FAILOVER_SWITCH-000---00-00
2026-05-23 04:22:49.941 [com.alibaba.nacos.naming.failover.0] [none] DEBUG com.alibaba.nacos.client.naming - failover switch is not found, 00-00---000-VIPSRV_FAILOVER_SWITCH-000---00-00
2026-05-23 04:22:54.951 [com.alibaba.nacos.naming.failover.0] [none] DEBUG com.alibaba.nacos.client.naming - failover switch is not found, 00-00---000-VIPSRV_FAILOVER_SWITCH-000---00-00
2026-05-23 04:22:59.963 [com.alibaba.nacos.naming.failover.0] [none] DEBUG com.alibaba.nacos.client.naming - failover switch is not found, 00-00---000-VIPSRV_FAILOVER_SWITCH-000---00-00
2026-05-23 04:23:04.969 [com.alibaba.nacos.naming.failover.0] [none] DEBUG com.alibaba.nacos.client.naming - failover switch is not found, 00-00---000-VIPSRV_FAILOVER_SWITCH-000---00-00
2026-05-23 04:23:09.981 [com.alibaba.nacos.naming.failover.0] [none] DEBUG com.alibaba.nacos.client.naming - failover switch is not found, 00-00---000-VIPSRV_FAILOVER_SWITCH-000---00-00
2026-05-23 04:23:14.993 [com.alibaba.nacos.naming.failover.0] [none] DEBUG com.alibaba.nacos.client.naming - failover switch is not found, 00-00---000-VIPSRV_FAILOVER_SWITCH-000---00-00
2026-05-23 04:23:15.284 [reactor-http-nio-3] [none] INFO  c.c.g.filter.JwtAuthenticationFilter - [PUBLIC PATH] /api/community/posts/liked matched public path, adding INTERNAL_CALL_HEADER
2026-05-23 04:23:19.577 [reactor-http-nio-5] [none] INFO  c.c.g.filter.JwtAuthenticationFilter - [PUBLIC PATH] /api/community/posts/liked matched public path, adding INTERNAL_CALL_HEADER
2026-05-23 04:23:20.003 [com.alibaba.nacos.naming.failover.0] [none] DEBUG com.alibaba.nacos.client.naming - failover switch is not found, 00-00---000-VIPSRV_FAILOVER_SWITCH-000---00-00
2026-05-23 04:23:21.067 [reactor-http-nio-3] [none] INFO  c.c.g.filter.JwtAuthenticationFilter - [PUBLIC PATH] /api/community/posts/liked matched public path, adding INTERNAL_CALL_HEADER
2026-05-23 04:23:22.960 [reactor-http-nio-3] [none] INFO  c.c.g.filter.JwtAuthenticationFilter - [PUBLIC PATH] /api/community/posts/liked matched public path, adding INTERNAL_CALL_HEADER
2026-05-23 04:23:25.018 [com.alibaba.nacos.naming.failover.0] [none] DEBUG com.alibaba.nacos.client.naming - failover switch is not found, 00-00---000-VIPSRV_FAILOVER_SWITCH-000---00-00
2026-05-23 04:23:29.798 [reactor-http-nio-1] [none] INFO  c.c.g.filter.JwtAuthenticationFilter - [PUBLIC PATH] /api/community/posts/drafts matched public path, adding INTERNAL_CALL_HEADER
2026-05-23 04:23:30.194 [com.alibaba.nacos.naming.failover.0] [none] DEBUG com.alibaba.nacos.client.naming - failover switch is not found, 00-00---000-VIPSRV_FAILOVER_SWITCH-000---00-00
2026-05-23 04:23:32.318 [reactor-http-nio-1] [none] INFO  c.c.g.filter.JwtAuthenticationFilter - [PUBLIC PATH] /api/community/posts/liked matched public path, adding INTERNAL_CALL_HEADER
2026-05-23 04:23:35.203 [com.alibaba.nacos.naming.failover.0] [none] DEBUG com.alibaba.nacos.client.naming - failover switch is not found, 00-00---000-VIPSRV_FAILOVER_SWITCH-000---00-00
2026-05-23 04:23:40.209 [com.alibaba.nacos.naming.failover.0] [none] DEBUG com.alibaba.nacos.client.naming - failover switch is not found, 00-00---000-VIPSRV_FAILOVER_SWITCH-000---00-00
2026-05-23 04:23:45.225 [com.alibaba.nacos.naming.failover.0] [none] DEBUG com.alibaba.nacos.client.naming - failover switch is not found, 00-00---000-VIPSRV_FAILOVER_SWITCH-000---00-00
2026-05-23 04:23:50.225 [com.alibaba.nacos.naming.failover.0] [none] DEBUG com.alibaba.nacos.client.naming - failover switch is not found, 00-00---000-VIPSRV_FAILOVER_SWITCH-000---00-00
2026-05-23 04:23:55.230 [com.alibaba.nacos.naming.failover.0] [none] DEBUG com.alibaba.nacos.client.naming - failover switch is not found, 00-00---000-VIPSRV_FAILOVER_SWITCH-000---00-00
2026-05-23 04:24:00.242 [com.alibaba.nacos.naming.failover.0] [none] DEBUG com.alibaba.nacos.client.naming - failover switch is not found, 00-00---000-VIPSRV_FAILOVER_SWITCH-000---00-00
2026-05-23 04:24:02.793 [reactor-http-nio-6] [none] INFO  c.c.g.filter.JwtAuthenticationFilter - [PUBLIC PATH] /api/community/posts/users/1 matched public path, adding INTERNAL_CALL_HEADER
2026-05-23 04:24:03.489 [reactor-http-nio-8] [none] INFO  c.c.g.filter.JwtAuthenticationFilter - [PUBLIC PATH] /api/community/posts/drafts matched public path, adding INTERNAL_CALL_HEADER
2026-05-23 04:24:05.243 [com.alibaba.nacos.naming.failover.0] [none] DEBUG com.alibaba.nacos.client.naming - failover switch is not found, 00-00---000-VIPSRV_FAILOVER_SWITCH-000---00-00
2026-05-23 04:24:08.418 [reactor-http-nio-8] [none] INFO  c.c.g.filter.JwtAuthenticationFilter - [PUBLIC PATH] /api/community/posts/liked matched public path, adding INTERNAL_CALL_HEADER
2026-05-23 04:24:10.244 [com.alibaba.nacos.naming.failover.0] [none] DEBUG com.alibaba.nacos.client.naming - failover switch is not found, 00-00---000-VIPSRV_FAILOVER_SWITCH-000---00-00
2026-05-23 04:24:15.244 [com.alibaba.nacos.naming.failover.0] [none] DEBUG com.alibaba.nacos.client.naming - failover switch is not found, 00-00---000-VIPSRV_FAILOVER_SWITCH-000---00-00
2026-05-23 04:24:20.245 [com.alibaba.nacos.naming.failover.0] [none] DEBUG com.alibaba.nacos.client.naming - failover switch is not found, 00-00---000-VIPSRV_FAILOVER_SWITCH-000---00-00
2026-05-23 04:24:25.246 [com.alibaba.nacos.naming.failover.0] [none] DEBUG com.alibaba.nacos.client.naming - failover switch is not found, 00-00---000-VIPSRV_FAILOVER_SWITCH-000---00-00
2026-05-23 04:24:30.246 [com.alibaba.nacos.naming.failover.0] [none] DEBUG com.alibaba.nacos.client.naming - failover switch is not found, 00-00---000-VIPSRV_FAILOVER_SWITCH-000---00-00
2026-05-23 04:24:35.249 [com.alibaba.nacos.naming.failover.0] [none] DEBUG com.alibaba.nacos.client.naming - failover switch is not found, 00-00---000-VIPSRV_FAILOVER_SWITCH-000---00-00
2026-05-23 04:24:40.250 [com.alibaba.nacos.naming.failover.0] [none] DEBUG com.alibaba.nacos.client.naming - failover switch is not found, 00-00---000-VIPSRV_FAILOVER_SWITCH-000---00-00
2026-05-23 04:24:45.250 [com.alibaba.nacos.naming.failover.0] [none] DEBUG com.alibaba.nacos.client.naming - failover switch is not found, 00-00---000-VIPSRV_FAILOVER_SWITCH-000---00-00
2026-05-23 04:24:50.251 [com.alibaba.nacos.naming.failover.0] [none] DEBUG com.alibaba.nacos.client.naming - failover switch is not found, 00-00---000-VIPSRV_FAILOVER_SWITCH-000---00-00
2026-05-23 04:24:55.252 [com.alibaba.nacos.naming.failover.0] [none] DEBUG com.alibaba.nacos.client.naming - failover switch is not found, 00-00---000-VIPSRV_FAILOVER_SWITCH-000---00-00
2026-05-23 04:25:00.253 [com.alibaba.nacos.naming.failover.0] [none] DEBUG com.alibaba.nacos.client.naming - failover switch is not found, 00-00---000-VIPSRV_FAILOVER_SWITCH-000---00-00
2026-05-23 04:25:05.254 [com.alibaba.nacos.naming.failover.0] [none] DEBUG com.alibaba.nacos.client.naming - failover switch is not found, 00-00---000-VIPSRV_FAILOVER_SWITCH-000---00-00
2026-05-23 04:25:10.254 [com.alibaba.nacos.naming.failover.0] [none] DEBUG com.alibaba.nacos.client.naming - failover switch is not found, 00-00---000-VIPSRV_FAILOVER_SWITCH-000---00-00
2026-05-23 04:25:15.256 [com.alibaba.nacos.naming.failover.0] [none] DEBUG com.alibaba.nacos.client.naming - failover switch is not found, 00-00---000-VIPSRV_FAILOVER_SWITCH-000---00-00
2026-05-23 04:25:20.256 [com.alibaba.nacos.naming.failover.0] [none] DEBUG com.alibaba.nacos.client.naming - failover switch is not found, 00-00---000-VIPSRV_FAILOVER_SWITCH-000---00-00
2026-05-23 04:25:25.257 [com.alibaba.nacos.naming.failover.0] [none] DEBUG com.alibaba.nacos.client.naming - failover switch is not found, 00-00---000-VIPSRV_FAILOVER_SWITCH-000---00-00
2026-05-23 04:25:30.257 [com.alibaba.nacos.naming.failover.0] [none] DEBUG com.alibaba.nacos.client.naming - failover switch is not found, 00-00---000-VIPSRV_FAILOVER_SWITCH-000---00-00
2026-05-23 04:25:35.259 [com.alibaba.nacos.naming.failover.0] [none] DEBUG com.alibaba.nacos.client.naming - failover switch is not found, 00-00---000-VIPSRV_FAILOVER_SWITCH-000---00-00
2026-05-23 04:25:40.260 [com.alibaba.nacos.naming.failover.0] [none] DEBUG com.alibaba.nacos.client.naming - failover switch is not found, 00-00---000-VIPSRV_FAILOVER_SWITCH-000---00-00
2026-05-23 04:25:45.261 [com.alibaba.nacos.naming.failover.0] [none] DEBUG com.alibaba.nacos.client.naming - failover switch is not found, 00-00---000-VIPSRV_FAILOVER_SWITCH-000---00-00
2026-05-23 04:25:50.262 [com.alibaba.nacos.naming.failover.0] [none] DEBUG com.alibaba.nacos.client.naming - failover switch is not found, 00-00---000-VIPSRV_FAILOVER_SWITCH-000---00-00
2026-05-23 04:25:55.262 [com.alibaba.nacos.naming.failover.0] [none] DEBUG com.alibaba.nacos.client.naming - failover switch is not found, 00-00---000-VIPSRV_FAILOVER_SWITCH-000---00-00
2026-05-23 04:26:00.263 [com.alibaba.nacos.naming.failover.0] [none] DEBUG com.alibaba.nacos.client.naming - failover switch is not found, 00-00---000-VIPSRV_FAILOVER_SWITCH-000---00-00
2026-05-23 04:26:05.264 [com.alibaba.nacos.naming.failover.0] [none] DEBUG com.alibaba.nacos.client.naming - failover switch is not found, 00-00---000-VIPSRV_FAILOVER_SWITCH-000---00-00
2026-05-23 04:26:10.265 [com.alibaba.nacos.naming.failover.0] [none] DEBUG com.alibaba.nacos.client.naming - failover switch is not found, 00-00---000-VIPSRV_FAILOVER_SWITCH-000---00-00
2026-05-23 04:26:15.266 [com.alibaba.nacos.naming.failover.0] [none] DEBUG com.alibaba.nacos.client.naming - failover switch is not found, 00-00---000-VIPSRV_FAILOVER_SWITCH-000---00-00
2026-05-23 04:26:20.268 [com.alibaba.nacos.naming.failover.0] [none] DEBUG com.alibaba.nacos.client.naming - failover switch is not found, 00-00---000-VIPSRV_FAILOVER_SWITCH-000---00-00
2026-05-23 04:26:25.269 [com.alibaba.nacos.naming.failover.0] [none] DEBUG com.alibaba.nacos.client.naming - failover switch is not found, 00-00---000-VIPSRV_FAILOVER_SWITCH-000---00-00
2026-05-23 04:26:30.269 [com.alibaba.nacos.naming.failover.0] [none] DEBUG com.alibaba.nacos.client.naming - failover switch is not found, 00-00---000-VIPSRV_FAILOVER_SWITCH-000---00-00
2026-05-23 04:26:35.270 [com.alibaba.nacos.naming.failover.0] [none] DEBUG com.alibaba.nacos.client.naming - failover switch is not found, 00-00---000-VIPSRV_FAILOVER_SWITCH-000---00-00
2026-05-23 04:26:40.270 [com.alibaba.nacos.naming.failover.0] [none] DEBUG com.alibaba.nacos.client.naming - failover switch is not found, 00-00---000-VIPSRV_FAILOVER_SWITCH-000---00-00
2026-05-23 04:26:45.270 [com.alibaba.nacos.naming.failover.0] [none] DEBUG com.alibaba.nacos.client.naming - failover switch is not found, 00-00---000-VIPSRV_FAILOVER_SWITCH-000---00-00
2026-05-23 04:26:50.272 [com.alibaba.nacos.naming.failover.0] [none] DEBUG com.alibaba.nacos.client.naming - failover switch is not found, 00-00---000-VIPSRV_FAILOVER_SWITCH-000---00-00
2026-05-23 04:26:55.272 [com.alibaba.nacos.naming.failover.0] [none] DEBUG com.alibaba.nacos.client.naming - failover switch is not found, 00-00---000-VIPSRV_FAILOVER_SWITCH-000---00-00
2026-05-23 04:27:00.283 [com.alibaba.nacos.naming.failover.0] [none] DEBUG com.alibaba.nacos.client.naming - failover switch is not found, 00-00---000-VIPSRV_FAILOVER_SWITCH-000---00-00
2026-05-23 04:27:05.285 [com.alibaba.nacos.naming.failover.0] [none] DEBUG com.alibaba.nacos.client.naming - failover switch is not found, 00-00---000-VIPSRV_FAILOVER_SWITCH-000---00-00
2026-05-23 04:27:10.286 [com.alibaba.nacos.naming.failover.0] [none] DEBUG com.alibaba.nacos.client.naming - failover switch is not found, 00-00---000-VIPSRV_FAILOVER_SWITCH-000---00-00
2026-05-23 04:27:15.287 [com.alibaba.nacos.naming.failover.0] [none] DEBUG com.alibaba.nacos.client.naming - failover switch is not found, 00-00---000-VIPSRV_FAILOVER_SWITCH-000---00-00
2026-05-23 04:27:20.288 [com.alibaba.nacos.naming.failover.0] [none] DEBUG com.alibaba.nacos.client.naming - failover switch is not found, 00-00---000-VIPSRV_FAILOVER_SWITCH-000---00-00
2026-05-23 04:27:25.288 [com.alibaba.nacos.naming.failover.0] [none] DEBUG com.alibaba.nacos.client.naming - failover switch is not found, 00-00---000-VIPSRV_FAILOVER_SWITCH-000---00-00
2026-05-23 04:27:30.289 [com.alibaba.nacos.naming.failover.0] [none] DEBUG com.alibaba.nacos.client.naming - failover switch is not found, 00-00---000-VIPSRV_FAILOVER_SWITCH-000---00-00
2026-05-23 04:27:35.290 [com.alibaba.nacos.naming.failover.0] [none] DEBUG com.alibaba.nacos.client.naming - failover switch is not found, 00-00---000-VIPSRV_FAILOVER_SWITCH-000---00-00
2026-05-23 04:27:40.290 [com.alibaba.nacos.naming.failover.0] [none] DEBUG com.alibaba.nacos.client.naming - failover switch is not found, 00-00---000-VIPSRV_FAILOVER_SWITCH-000---00-00
2026-05-23 04:27:45.291 [com.alibaba.nacos.naming.failover.0] [none] DEBUG com.alibaba.nacos.client.naming - failover switch is not found, 00-00---000-VIPSRV_FAILOVER_SWITCH-000---00-00
2026-05-23 04:27:50.293 [com.alibaba.nacos.naming.failover.0] [none] DEBUG com.alibaba.nacos.client.naming - failover switch is not found, 00-00---000-VIPSRV_FAILOVER_SWITCH-000---00-00
2026-05-23 04:27:55.295 [com.alibaba.nacos.naming.failover.0] [none] DEBUG com.alibaba.nacos.client.naming - failover switch is not found, 00-00---000-VIPSRV_FAILOVER_SWITCH-000---00-00
2026-05-23 04:28:00.296 [com.alibaba.nacos.naming.failover.0] [none] DEBUG com.alibaba.nacos.client.naming - failover switch is not found, 00-00---000-VIPSRV_FAILOVER_SWITCH-000---00-00
2026-05-23 04:28:05.313 [com.alibaba.nacos.naming.failover.0] [none] DEBUG com.alibaba.nacos.client.naming - failover switch is not found, 00-00---000-VIPSRV_FAILOVER_SWITCH-000---00-00
2026-05-23 04:28:05.661 [nacos-grpc-client-executor-127.0.0.1-5] [none] ERROR c.a.n.c.r.client.grpc.GrpcClient - [1779434920054_172.19.0.1_42616]Request stream error, switch server,error={}
com.alibaba.nacos.shaded.io.grpc.StatusRuntimeException: UNAVAILABLE: io exception
	at com.alibaba.nacos.shaded.io.grpc.Status.asRuntimeException(Status.java:532) ~[nacos-client-3.1.1.jar:na]
	at com.alibaba.nacos.shaded.io.grpc.stub.ClientCalls$StreamObserverToCallListenerAdapter.onClose(ClientCalls.java:581) ~[nacos-client-3.1.1.jar:na]
	at com.alibaba.nacos.shaded.io.grpc.internal.ClientCallImpl.closeObserver(ClientCallImpl.java:565) ~[nacos-client-3.1.1.jar:na]
	at com.alibaba.nacos.shaded.io.grpc.internal.ClientCallImpl.access$100(ClientCallImpl.java:72) ~[nacos-client-3.1.1.jar:na]
	at com.alibaba.nacos.shaded.io.grpc.internal.ClientCallImpl$ClientStreamListenerImpl$1StreamClosed.runInternal(ClientCallImpl.java:733) ~[nacos-client-3.1.1.jar:na]
	at com.alibaba.nacos.shaded.io.grpc.internal.ClientCallImpl$ClientStreamListenerImpl$1StreamClosed.runInContext(ClientCallImpl.java:714) ~[nacos-client-3.1.1.jar:na]
	at com.alibaba.nacos.shaded.io.grpc.internal.ContextRunnable.run(ContextRunnable.java:37) ~[nacos-client-3.1.1.jar:na]
	at com.alibaba.nacos.shaded.io.grpc.internal.SerializingExecutor.run(SerializingExecutor.java:133) ~[nacos-client-3.1.1.jar:na]
	at java.base/java.util.concurrent.ThreadPoolExecutor.runWorker(ThreadPoolExecutor.java:1090) ~[na:na]
	at java.base/java.util.concurrent.ThreadPoolExecutor$Worker.run(ThreadPoolExecutor.java:614) ~[na:na]
	at java.base/java.lang.Thread.run(Thread.java:1516) ~[na:na]
Caused by: java.net.SocketException: Connection reset
	at java.base/sun.nio.ch.SocketChannelImpl.throwConnectionReset(SocketChannelImpl.java:398) ~[na:na]
	at java.base/sun.nio.ch.SocketChannelImpl.implRead(SocketChannelImpl.java:430) ~[na:na]
	at java.base/sun.nio.ch.SocketChannelImpl.read(SocketChannelImpl.java:488) ~[na:na]
	at com.alibaba.nacos.shaded.io.grpc.netty.shaded.io.netty.buffer.PooledByteBuf.setBytes(PooledByteBuf.java:255) ~[nacos-client-3.1.1.jar:na]
	at com.alibaba.nacos.shaded.io.grpc.netty.shaded.io.netty.buffer.AbstractByteBuf.writeBytes(AbstractByteBuf.java:1132) ~[nacos-client-3.1.1.jar:na]
	at com.alibaba.nacos.shaded.io.grpc.netty.shaded.io.netty.channel.socket.nio.NioSocketChannel.doReadBytes(NioSocketChannel.java:356) ~[nacos-client-3.1.1.jar:na]
	at com.alibaba.nacos.shaded.io.grpc.netty.shaded.io.netty.channel.nio.AbstractNioByteChannel$NioByteUnsafe.read(AbstractNioByteChannel.java:151) ~[nacos-client-3.1.1.jar:na]
	at com.alibaba.nacos.shaded.io.grpc.netty.shaded.io.netty.channel.nio.NioEventLoop.processSelectedKey(NioEventLoop.java:796) ~[nacos-client-3.1.1.jar:na]
	at com.alibaba.nacos.shaded.io.grpc.netty.shaded.io.netty.channel.nio.NioEventLoop.processSelectedKeysOptimized(NioEventLoop.java:732) ~[nacos-client-3.1.1.jar:na]
	at com.alibaba.nacos.shaded.io.grpc.netty.shaded.io.netty.channel.nio.NioEventLoop.processSelectedKeys(NioEventLoop.java:658) ~[nacos-client-3.1.1.jar:na]
	at com.alibaba.nacos.shaded.io.grpc.netty.shaded.io.netty.channel.nio.NioEventLoop.run(NioEventLoop.java:562) ~[nacos-client-3.1.1.jar:na]
	at com.alibaba.nacos.shaded.io.grpc.netty.shaded.io.netty.util.concurrent.SingleThreadEventExecutor$4.run(SingleThreadEventExecutor.java:998) ~[nacos-client-3.1.1.jar:na]
	at com.alibaba.nacos.shaded.io.grpc.netty.shaded.io.netty.util.internal.ThreadExecutorMap$2.run(ThreadExecutorMap.java:74) ~[nacos-client-3.1.1.jar:na]
	at com.alibaba.nacos.shaded.io.grpc.netty.shaded.io.netty.util.concurrent.FastThreadLocalRunnable.run(FastThreadLocalRunnable.java:30) ~[nacos-client-3.1.1.jar:na]
	... 1 common frames omitted
2026-05-23 04:28:05.721 [nacos-grpc-client-executor-127.0.0.1-12] [none] ERROR c.a.n.c.r.client.grpc.GrpcClient - [1779434918548_172.19.0.1_42612]Request stream error, switch server,error={}
com.alibaba.nacos.shaded.io.grpc.StatusRuntimeException: UNAVAILABLE: io exception
	at com.alibaba.nacos.shaded.io.grpc.Status.asRuntimeException(Status.java:532) ~[nacos-client-3.1.1.jar:na]
	at com.alibaba.nacos.shaded.io.grpc.stub.ClientCalls$StreamObserverToCallListenerAdapter.onClose(ClientCalls.java:581) ~[nacos-client-3.1.1.jar:na]
	at com.alibaba.nacos.shaded.io.grpc.internal.ClientCallImpl.closeObserver(ClientCallImpl.java:565) ~[nacos-client-3.1.1.jar:na]
	at com.alibaba.nacos.shaded.io.grpc.internal.ClientCallImpl.access$100(ClientCallImpl.java:72) ~[nacos-client-3.1.1.jar:na]
	at com.alibaba.nacos.shaded.io.grpc.internal.ClientCallImpl$ClientStreamListenerImpl$1StreamClosed.runInternal(ClientCallImpl.java:733) ~[nacos-client-3.1.1.jar:na]
	at com.alibaba.nacos.shaded.io.grpc.internal.ClientCallImpl$ClientStreamListenerImpl$1StreamClosed.runInContext(ClientCallImpl.java:714) ~[nacos-client-3.1.1.jar:na]
	at com.alibaba.nacos.shaded.io.grpc.internal.ContextRunnable.run(ContextRunnable.java:37) ~[nacos-client-3.1.1.jar:na]
	at com.alibaba.nacos.shaded.io.grpc.internal.SerializingExecutor.run(SerializingExecutor.java:133) ~[nacos-client-3.1.1.jar:na]
	at java.base/java.util.concurrent.ThreadPoolExecutor.runWorker(ThreadPoolExecutor.java:1090) ~[na:na]
	at java.base/java.util.concurrent.ThreadPoolExecutor$Worker.run(ThreadPoolExecutor.java:614) ~[na:na]
	at java.base/java.lang.Thread.run(Thread.java:1516) ~[na:na]
Caused by: java.net.SocketException: Connection reset
	at java.base/sun.nio.ch.SocketChannelImpl.throwConnectionReset(SocketChannelImpl.java:398) ~[na:na]
	at java.base/sun.nio.ch.SocketChannelImpl.implRead(SocketChannelImpl.java:430) ~[na:na]
	at java.base/sun.nio.ch.SocketChannelImpl.read(SocketChannelImpl.java:488) ~[na:na]
	at com.alibaba.nacos.shaded.io.grpc.netty.shaded.io.netty.buffer.PooledByteBuf.setBytes(PooledByteBuf.java:255) ~[nacos-client-3.1.1.jar:na]
	at com.alibaba.nacos.shaded.io.grpc.netty.shaded.io.netty.buffer.AbstractByteBuf.writeBytes(AbstractByteBuf.java:1132) ~[nacos-client-3.1.1.jar:na]
	at com.alibaba.nacos.shaded.io.grpc.netty.shaded.io.netty.channel.socket.nio.NioSocketChannel.doReadBytes(NioSocketChannel.java:356) ~[nacos-client-3.1.1.jar:na]
	at com.alibaba.nacos.shaded.io.grpc.netty.shaded.io.netty.channel.nio.AbstractNioByteChannel$NioByteUnsafe.read(AbstractNioByteChannel.java:151) ~[nacos-client-3.1.1.jar:na]
	at com.alibaba.nacos.shaded.io.grpc.netty.shaded.io.netty.channel.nio.NioEventLoop.processSelectedKey(NioEventLoop.java:796) ~[nacos-client-3.1.1.jar:na]
	at com.alibaba.nacos.shaded.io.grpc.netty.shaded.io.netty.channel.nio.NioEventLoop.processSelectedKeysOptimized(NioEventLoop.java:732) ~[nacos-client-3.1.1.jar:na]
	at com.alibaba.nacos.shaded.io.grpc.netty.shaded.io.netty.channel.nio.NioEventLoop.processSelectedKeys(NioEventLoop.java:658) ~[nacos-client-3.1.1.jar:na]
	at com.alibaba.nacos.shaded.io.grpc.netty.shaded.io.netty.channel.nio.NioEventLoop.run(NioEventLoop.java:562) ~[nacos-client-3.1.1.jar:na]
	at com.alibaba.nacos.shaded.io.grpc.netty.shaded.io.netty.util.concurrent.SingleThreadEventExecutor$4.run(SingleThreadEventExecutor.java:998) ~[nacos-client-3.1.1.jar:na]
	at com.alibaba.nacos.shaded.io.grpc.netty.shaded.io.netty.util.internal.ThreadExecutorMap$2.run(ThreadExecutorMap.java:74) ~[nacos-client-3.1.1.jar:na]
	at com.alibaba.nacos.shaded.io.grpc.netty.shaded.io.netty.util.concurrent.FastThreadLocalRunnable.run(FastThreadLocalRunnable.java:30) ~[nacos-client-3.1.1.jar:na]
	... 1 common frames omitted
2026-05-23 04:28:05.854 [com.alibaba.nacos.client.remote.worker.1] [none] INFO  c.alibaba.nacos.common.remote.client - [5cf17f69-490a-42ee-aaa9-3bf49c79b1fb_config-0] Try to reconnect to a new server, server is  not appointed, will choose a random server.
2026-05-23 04:28:05.642 [nacos-grpc-client-executor-127.0.0.1-11] [none] ERROR c.a.n.c.r.client.grpc.GrpcClient - [1779434923578_172.19.0.1_42636]Request stream error, switch server,error={}
com.alibaba.nacos.shaded.io.grpc.StatusRuntimeException: UNAVAILABLE: io exception
	at com.alibaba.nacos.shaded.io.grpc.Status.asRuntimeException(Status.java:532) ~[nacos-client-3.1.1.jar:na]
	at com.alibaba.nacos.shaded.io.grpc.stub.ClientCalls$StreamObserverToCallListenerAdapter.onClose(ClientCalls.java:581) ~[nacos-client-3.1.1.jar:na]
	at com.alibaba.nacos.shaded.io.grpc.internal.ClientCallImpl.closeObserver(ClientCallImpl.java:565) ~[nacos-client-3.1.1.jar:na]
	at com.alibaba.nacos.shaded.io.grpc.internal.ClientCallImpl.access$100(ClientCallImpl.java:72) ~[nacos-client-3.1.1.jar:na]
	at com.alibaba.nacos.shaded.io.grpc.internal.ClientCallImpl$ClientStreamListenerImpl$1StreamClosed.runInternal(ClientCallImpl.java:733) ~[nacos-client-3.1.1.jar:na]
	at com.alibaba.nacos.shaded.io.grpc.internal.ClientCallImpl$ClientStreamListenerImpl$1StreamClosed.runInContext(ClientCallImpl.java:714) ~[nacos-client-3.1.1.jar:na]
	at com.alibaba.nacos.shaded.io.grpc.internal.ContextRunnable.run(ContextRunnable.java:37) ~[nacos-client-3.1.1.jar:na]
	at com.alibaba.nacos.shaded.io.grpc.internal.SerializingExecutor.run(SerializingExecutor.java:133) ~[nacos-client-3.1.1.jar:na]
	at java.base/java.util.concurrent.ThreadPoolExecutor.runWorker(ThreadPoolExecutor.java:1090) ~[na:na]
	at java.base/java.util.concurrent.ThreadPoolExecutor$Worker.run(ThreadPoolExecutor.java:614) ~[na:na]
	at java.base/java.lang.Thread.run(Thread.java:1516) ~[na:na]
Caused by: java.net.SocketException: Connection reset
	at java.base/sun.nio.ch.SocketChannelImpl.throwConnectionReset(SocketChannelImpl.java:398) ~[na:na]
	at java.base/sun.nio.ch.SocketChannelImpl.implRead(SocketChannelImpl.java:430) ~[na:na]
	at java.base/sun.nio.ch.SocketChannelImpl.read(SocketChannelImpl.java:488) ~[na:na]
	at com.alibaba.nacos.shaded.io.grpc.netty.shaded.io.netty.buffer.PooledByteBuf.setBytes(PooledByteBuf.java:255) ~[nacos-client-3.1.1.jar:na]
	at com.alibaba.nacos.shaded.io.grpc.netty.shaded.io.netty.buffer.AbstractByteBuf.writeBytes(AbstractByteBuf.java:1132) ~[nacos-client-3.1.1.jar:na]
	at com.alibaba.nacos.shaded.io.grpc.netty.shaded.io.netty.channel.socket.nio.NioSocketChannel.doReadBytes(NioSocketChannel.java:356) ~[nacos-client-3.1.1.jar:na]
	at com.alibaba.nacos.shaded.io.grpc.netty.shaded.io.netty.channel.nio.AbstractNioByteChannel$NioByteUnsafe.read(AbstractNioByteChannel.java:151) ~[nacos-client-3.1.1.jar:na]
	at com.alibaba.nacos.shaded.io.grpc.netty.shaded.io.netty.channel.nio.NioEventLoop.processSelectedKey(NioEventLoop.java:796) ~[nacos-client-3.1.1.jar:na]
	at com.alibaba.nacos.shaded.io.grpc.netty.shaded.io.netty.channel.nio.NioEventLoop.processSelectedKeysOptimized(NioEventLoop.java:732) ~[nacos-client-3.1.1.jar:na]
	at com.alibaba.nacos.shaded.io.grpc.netty.shaded.io.netty.channel.nio.NioEventLoop.processSelectedKeys(NioEventLoop.java:658) ~[nacos-client-3.1.1.jar:na]
	at com.alibaba.nacos.shaded.io.grpc.netty.shaded.io.netty.channel.nio.NioEventLoop.run(NioEventLoop.java:562) ~[nacos-client-3.1.1.jar:na]
	at com.alibaba.nacos.shaded.io.grpc.netty.shaded.io.netty.util.concurrent.SingleThreadEventExecutor$4.run(SingleThreadEventExecutor.java:998) ~[nacos-client-3.1.1.jar:na]
	at com.alibaba.nacos.shaded.io.grpc.netty.shaded.io.netty.util.internal.ThreadExecutorMap$2.run(ThreadExecutorMap.java:74) ~[nacos-client-3.1.1.jar:na]
	at com.alibaba.nacos.shaded.io.grpc.netty.shaded.io.netty.util.concurrent.FastThreadLocalRunnable.run(FastThreadLocalRunnable.java:30) ~[nacos-client-3.1.1.jar:na]
	... 1 common frames omitted
2026-05-23 04:28:05.975 [com.alibaba.nacos.client.remote.worker.0] [none] INFO  c.alibaba.nacos.common.remote.client - [fea55945-3dac-4285-95d6-70c18b982bdf] Try to reconnect to a new server, server is  not appointed, will choose a random server.
2026-05-23 04:28:05.983 [com.alibaba.nacos.client.remote.worker.1] [none] INFO  c.a.n.c.r.client.grpc.GrpcClient - grpc client connection server: 127.0.0.1 ip, serverPort: 9848, grpcTslConfig: {"enableTls":false,"mutualAuthEnable":false,"trustAll":true}
2026-05-23 04:28:05.983 [com.alibaba.nacos.client.remote.worker.0] [none] INFO  c.a.n.c.r.client.grpc.GrpcClient - grpc client connection server: 127.0.0.1 ip, serverPort: 9848, grpcTslConfig: {"enableTls":false,"mutualAuthEnable":false,"trustAll":true}
2026-05-23 04:28:05.997 [nacos-grpc-client-executor-127.0.0.1-14] [none] ERROR c.a.n.c.r.client.grpc.GrpcClient - [1779434882433_172.19.0.1_47702]Request stream error, switch server,error={}
com.alibaba.nacos.shaded.io.grpc.StatusRuntimeException: UNAVAILABLE: io exception
	at com.alibaba.nacos.shaded.io.grpc.Status.asRuntimeException(Status.java:532) ~[nacos-client-3.1.1.jar:na]
	at com.alibaba.nacos.shaded.io.grpc.stub.ClientCalls$StreamObserverToCallListenerAdapter.onClose(ClientCalls.java:581) ~[nacos-client-3.1.1.jar:na]
	at com.alibaba.nacos.shaded.io.grpc.internal.ClientCallImpl.closeObserver(ClientCallImpl.java:565) ~[nacos-client-3.1.1.jar:na]
	at com.alibaba.nacos.shaded.io.grpc.internal.ClientCallImpl.access$100(ClientCallImpl.java:72) ~[nacos-client-3.1.1.jar:na]
	at com.alibaba.nacos.shaded.io.grpc.internal.ClientCallImpl$ClientStreamListenerImpl$1StreamClosed.runInternal(ClientCallImpl.java:733) ~[nacos-client-3.1.1.jar:na]
	at com.alibaba.nacos.shaded.io.grpc.internal.ClientCallImpl$ClientStreamListenerImpl$1StreamClosed.runInContext(ClientCallImpl.java:714) ~[nacos-client-3.1.1.jar:na]
	at com.alibaba.nacos.shaded.io.grpc.internal.ContextRunnable.run(ContextRunnable.java:37) ~[nacos-client-3.1.1.jar:na]
	at com.alibaba.nacos.shaded.io.grpc.internal.SerializingExecutor.run(SerializingExecutor.java:133) ~[nacos-client-3.1.1.jar:na]
	at java.base/java.util.concurrent.ThreadPoolExecutor.runWorker(ThreadPoolExecutor.java:1090) ~[na:na]
	at java.base/java.util.concurrent.ThreadPoolExecutor$Worker.run(ThreadPoolExecutor.java:614) ~[na:na]
	at java.base/java.lang.Thread.run(Thread.java:1516) ~[na:na]
Caused by: java.net.SocketException: Connection reset
	at java.base/sun.nio.ch.SocketChannelImpl.throwConnectionReset(SocketChannelImpl.java:398) ~[na:na]
	at java.base/sun.nio.ch.SocketChannelImpl.implRead(SocketChannelImpl.java:430) ~[na:na]
	at java.base/sun.nio.ch.SocketChannelImpl.read(SocketChannelImpl.java:488) ~[na:na]
	at com.alibaba.nacos.shaded.io.grpc.netty.shaded.io.netty.buffer.PooledByteBuf.setBytes(PooledByteBuf.java:255) ~[nacos-client-3.1.1.jar:na]
	at com.alibaba.nacos.shaded.io.grpc.netty.shaded.io.netty.buffer.AbstractByteBuf.writeBytes(AbstractByteBuf.java:1132) ~[nacos-client-3.1.1.jar:na]
	at com.alibaba.nacos.shaded.io.grpc.netty.shaded.io.netty.channel.socket.nio.NioSocketChannel.doReadBytes(NioSocketChannel.java:356) ~[nacos-client-3.1.1.jar:na]
	at com.alibaba.nacos.shaded.io.grpc.netty.shaded.io.netty.channel.nio.AbstractNioByteChannel$NioByteUnsafe.read(AbstractNioByteChannel.java:151) ~[nacos-client-3.1.1.jar:na]
	at com.alibaba.nacos.shaded.io.grpc.netty.shaded.io.netty.channel.nio.NioEventLoop.processSelectedKey(NioEventLoop.java:796) ~[nacos-client-3.1.1.jar:na]
	at com.alibaba.nacos.shaded.io.grpc.netty.shaded.io.netty.channel.nio.NioEventLoop.processSelectedKeysOptimized(NioEventLoop.java:732) ~[nacos-client-3.1.1.jar:na]
	at com.alibaba.nacos.shaded.io.grpc.netty.shaded.io.netty.channel.nio.NioEventLoop.processSelectedKeys(NioEventLoop.java:658) ~[nacos-client-3.1.1.jar:na]
	at com.alibaba.nacos.shaded.io.grpc.netty.shaded.io.netty.channel.nio.NioEventLoop.run(NioEventLoop.java:562) ~[nacos-client-3.1.1.jar:na]
	at com.alibaba.nacos.shaded.io.grpc.netty.shaded.io.netty.util.concurrent.SingleThreadEventExecutor$4.run(SingleThreadEventExecutor.java:998) ~[nacos-client-3.1.1.jar:na]
	at com.alibaba.nacos.shaded.io.grpc.netty.shaded.io.netty.util.internal.ThreadExecutorMap$2.run(ThreadExecutorMap.java:74) ~[nacos-client-3.1.1.jar:na]
	at com.alibaba.nacos.shaded.io.grpc.netty.shaded.io.netty.util.concurrent.FastThreadLocalRunnable.run(FastThreadLocalRunnable.java:30) ~[nacos-client-3.1.1.jar:na]
	... 1 common frames omitted
2026-05-23 04:28:05.999 [com.alibaba.nacos.client.remote.worker.1] [none] INFO  c.alibaba.nacos.common.remote.client - [6764362a-d121-495f-8655-2cae28919063_config-0] Try to reconnect to a new server, server is  not appointed, will choose a random server.
2026-05-23 04:28:06.001 [com.alibaba.nacos.client.remote.worker.1] [none] INFO  c.a.n.c.r.client.grpc.GrpcClient - grpc client connection server: 127.0.0.1 ip, serverPort: 9848, grpcTslConfig: {"enableTls":false,"mutualAuthEnable":false,"trustAll":true}
2026-05-23 04:28:06.035 [com.alibaba.nacos.client.remote.worker.0] [none] ERROR c.a.n.c.r.client.grpc.GrpcClient - Server check fail, please check server 127.0.0.1, port 9848 is available, error ={}
java.util.concurrent.ExecutionException: com.alibaba.nacos.shaded.io.grpc.StatusRuntimeException: UNAVAILABLE: io exception
	at com.alibaba.nacos.shaded.com.google.common.util.concurrent.AbstractFuture.getDoneValue(AbstractFuture.java:596) ~[nacos-client-3.1.1.jar:na]
	at com.alibaba.nacos.shaded.com.google.common.util.concurrent.AbstractFuture.get(AbstractFuture.java:471) ~[nacos-client-3.1.1.jar:na]
	at com.alibaba.nacos.common.remote.client.grpc.GrpcClient.serverCheck(GrpcClient.java:234) ~[nacos-client-3.1.1.jar:na]
	at com.alibaba.nacos.common.remote.client.grpc.GrpcClient.connectToServer(GrpcClient.java:346) ~[nacos-client-3.1.1.jar:na]
	at com.alibaba.nacos.common.remote.client.RpcClient.reconnect(RpcClient.java:504) ~[nacos-client-3.1.1.jar:na]
	at com.alibaba.nacos.common.remote.client.RpcClient.lambda$start$1(RpcClient.java:330) ~[nacos-client-3.1.1.jar:na]
	at java.base/java.util.concurrent.Executors$RunnableAdapter.call(Executors.java:545) ~[na:na]
	at java.base/java.util.concurrent.FutureTask.run(FutureTask.java:330) ~[na:na]
	at java.base/java.util.concurrent.ScheduledThreadPoolExecutor$ScheduledFutureTask.run(ScheduledThreadPoolExecutor.java:309) ~[na:na]
	at java.base/java.util.concurrent.ThreadPoolExecutor.runWorker(ThreadPoolExecutor.java:1090) ~[na:na]
	at java.base/java.util.concurrent.ThreadPoolExecutor$Worker.run(ThreadPoolExecutor.java:614) ~[na:na]
	at java.base/java.lang.Thread.run(Thread.java:1516) ~[na:na]
Caused by: com.alibaba.nacos.shaded.io.grpc.StatusRuntimeException: UNAVAILABLE: io exception
	at com.alibaba.nacos.shaded.io.grpc.Status.asRuntimeException(Status.java:532) ~[nacos-client-3.1.1.jar:na]
	at com.alibaba.nacos.shaded.io.grpc.stub.ClientCalls$UnaryStreamToFuture.onClose(ClientCalls.java:638) ~[nacos-client-3.1.1.jar:na]
	at com.alibaba.nacos.shaded.io.grpc.internal.ClientCallImpl.closeObserver(ClientCallImpl.java:565) ~[nacos-client-3.1.1.jar:na]
	at com.alibaba.nacos.shaded.io.grpc.internal.ClientCallImpl.access$100(ClientCallImpl.java:72) ~[nacos-client-3.1.1.jar:na]
	at com.alibaba.nacos.shaded.io.grpc.internal.ClientCallImpl$ClientStreamListenerImpl$1StreamClosed.runInternal(ClientCallImpl.java:733) ~[nacos-client-3.1.1.jar:na]
	at com.alibaba.nacos.shaded.io.grpc.internal.ClientCallImpl$ClientStreamListenerImpl$1StreamClosed.runInContext(ClientCallImpl.java:714) ~[nacos-client-3.1.1.jar:na]
	at com.alibaba.nacos.shaded.io.grpc.internal.ContextRunnable.run(ContextRunnable.java:37) ~[nacos-client-3.1.1.jar:na]
	at com.alibaba.nacos.shaded.io.grpc.internal.SerializingExecutor.run(SerializingExecutor.java:133) ~[nacos-client-3.1.1.jar:na]
	... 3 common frames omitted
Caused by: com.alibaba.nacos.shaded.io.grpc.netty.shaded.io.netty.channel.AbstractChannel$AnnotatedConnectException: Connection refused: getsockopt: /127.0.0.1:9848
Caused by: java.net.ConnectException: Connection refused: getsockopt
	at java.base/sun.nio.ch.Net.pollConnect(Native Method) ~[na:na]
	at java.base/sun.nio.ch.Net.pollConnectNow(Net.java:642) ~[na:na]
	at java.base/sun.nio.ch.SocketChannelImpl.finishConnect(SocketChannelImpl.java:1043) ~[na:na]
	at com.alibaba.nacos.shaded.io.grpc.netty.shaded.io.netty.channel.socket.nio.NioSocketChannel.doFinishConnect(NioSocketChannel.java:336) ~[nacos-client-3.1.1.jar:na]
	at com.alibaba.nacos.shaded.io.grpc.netty.shaded.io.netty.channel.nio.AbstractNioChannel$AbstractNioUnsafe.finishConnect(AbstractNioChannel.java:339) ~[nacos-client-3.1.1.jar:na]
	at com.alibaba.nacos.shaded.io.grpc.netty.shaded.io.netty.channel.nio.NioEventLoop.processSelectedKey(NioEventLoop.java:784) ~[nacos-client-3.1.1.jar:na]
	at com.alibaba.nacos.shaded.io.grpc.netty.shaded.io.netty.channel.nio.NioEventLoop.processSelectedKeysOptimized(NioEventLoop.java:732) ~[nacos-client-3.1.1.jar:na]
	at com.alibaba.nacos.shaded.io.grpc.netty.shaded.io.netty.channel.nio.NioEventLoop.processSelectedKeys(NioEventLoop.java:658) ~[nacos-client-3.1.1.jar:na]
	at com.alibaba.nacos.shaded.io.grpc.netty.shaded.io.netty.channel.nio.NioEventLoop.run(NioEventLoop.java:562) ~[nacos-client-3.1.1.jar:na]
	at com.alibaba.nacos.shaded.io.grpc.netty.shaded.io.netty.util.concurrent.SingleThreadEventExecutor$4.run(SingleThreadEventExecutor.java:998) ~[nacos-client-3.1.1.jar:na]
	at com.alibaba.nacos.shaded.io.grpc.netty.shaded.io.netty.util.internal.ThreadExecutorMap$2.run(ThreadExecutorMap.java:74) ~[nacos-client-3.1.1.jar:na]
	at com.alibaba.nacos.shaded.io.grpc.netty.shaded.io.netty.util.concurrent.FastThreadLocalRunnable.run(FastThreadLocalRunnable.java:30) ~[nacos-client-3.1.1.jar:na]
	at java.base/java.lang.Thread.run(Thread.java:1516) ~[na:na]
2026-05-23 04:28:06.038 [com.alibaba.nacos.client.remote.worker.1] [none] ERROR c.a.n.c.r.client.grpc.GrpcClient - Server check fail, please check server 127.0.0.1, port 9848 is available, error ={}
java.util.concurrent.ExecutionException: com.alibaba.nacos.shaded.io.grpc.StatusRuntimeException: UNAVAILABLE: io exception
	at com.alibaba.nacos.shaded.com.google.common.util.concurrent.AbstractFuture.getDoneValue(AbstractFuture.java:596) ~[nacos-client-3.1.1.jar:na]
	at com.alibaba.nacos.shaded.com.google.common.util.concurrent.AbstractFuture.get(AbstractFuture.java:471) ~[nacos-client-3.1.1.jar:na]
	at com.alibaba.nacos.common.remote.client.grpc.GrpcClient.serverCheck(GrpcClient.java:234) ~[nacos-client-3.1.1.jar:na]
	at com.alibaba.nacos.common.remote.client.grpc.GrpcClient.connectToServer(GrpcClient.java:346) ~[nacos-client-3.1.1.jar:na]
	at com.alibaba.nacos.common.remote.client.RpcClient.reconnect(RpcClient.java:504) ~[nacos-client-3.1.1.jar:na]
	at com.alibaba.nacos.common.remote.client.RpcClient.lambda$start$1(RpcClient.java:330) ~[nacos-client-3.1.1.jar:na]
	at java.base/java.util.concurrent.Executors$RunnableAdapter.call(Executors.java:545) ~[na:na]
	at java.base/java.util.concurrent.FutureTask.run(FutureTask.java:330) ~[na:na]
	at java.base/java.util.concurrent.ScheduledThreadPoolExecutor$ScheduledFutureTask.run(ScheduledThreadPoolExecutor.java:309) ~[na:na]
	at java.base/java.util.concurrent.ThreadPoolExecutor.runWorker(ThreadPoolExecutor.java:1090) ~[na:na]
	at java.base/java.util.concurrent.ThreadPoolExecutor$Worker.run(ThreadPoolExecutor.java:614) ~[na:na]
	at java.base/java.lang.Thread.run(Thread.java:1516) ~[na:na]
Caused by: com.alibaba.nacos.shaded.io.grpc.StatusRuntimeException: UNAVAILABLE: io exception
	at com.alibaba.nacos.shaded.io.grpc.Status.asRuntimeException(Status.java:532) ~[nacos-client-3.1.1.jar:na]
	at com.alibaba.nacos.shaded.io.grpc.stub.ClientCalls$UnaryStreamToFuture.onClose(ClientCalls.java:638) ~[nacos-client-3.1.1.jar:na]
	at com.alibaba.nacos.shaded.io.grpc.internal.DelayedClientCall$DelayedListener$3.run(DelayedClientCall.java:487) ~[nacos-client-3.1.1.jar:na]
	at com.alibaba.nacos.shaded.io.grpc.internal.DelayedClientCall$DelayedListener.delayOrExecute(DelayedClientCall.java:451) ~[nacos-client-3.1.1.jar:na]
	at com.alibaba.nacos.shaded.io.grpc.internal.DelayedClientCall$DelayedListener.onClose(DelayedClientCall.java:484) ~[nacos-client-3.1.1.jar:na]
	at com.alibaba.nacos.shaded.io.grpc.internal.ClientCallImpl.closeObserver(ClientCallImpl.java:565) ~[nacos-client-3.1.1.jar:na]
	at com.alibaba.nacos.shaded.io.grpc.internal.ClientCallImpl.access$100(ClientCallImpl.java:72) ~[nacos-client-3.1.1.jar:na]
	at com.alibaba.nacos.shaded.io.grpc.internal.ClientCallImpl$ClientStreamListenerImpl$1StreamClosed.runInternal(ClientCallImpl.java:733) ~[nacos-client-3.1.1.jar:na]
	at com.alibaba.nacos.shaded.io.grpc.internal.ClientCallImpl$ClientStreamListenerImpl$1StreamClosed.runInContext(ClientCallImpl.java:714) ~[nacos-client-3.1.1.jar:na]
	at com.alibaba.nacos.shaded.io.grpc.internal.ContextRunnable.run(ContextRunnable.java:37) ~[nacos-client-3.1.1.jar:na]
	at com.alibaba.nacos.shaded.io.grpc.internal.SerializingExecutor.run(SerializingExecutor.java:133) ~[nacos-client-3.1.1.jar:na]
	... 3 common frames omitted
Caused by: com.alibaba.nacos.shaded.io.grpc.netty.shaded.io.netty.channel.AbstractChannel$AnnotatedConnectException: Connection refused: getsockopt: /127.0.0.1:9848
Caused by: java.net.ConnectException: Connection refused: getsockopt
	at java.base/sun.nio.ch.Net.pollConnect(Native Method) ~[na:na]
	at java.base/sun.nio.ch.Net.pollConnectNow(Net.java:642) ~[na:na]
	at java.base/sun.nio.ch.SocketChannelImpl.finishConnect(SocketChannelImpl.java:1043) ~[na:na]
	at com.alibaba.nacos.shaded.io.grpc.netty.shaded.io.netty.channel.socket.nio.NioSocketChannel.doFinishConnect(NioSocketChannel.java:336) ~[nacos-client-3.1.1.jar:na]
	at com.alibaba.nacos.shaded.io.grpc.netty.shaded.io.netty.channel.nio.AbstractNioChannel$AbstractNioUnsafe.finishConnect(AbstractNioChannel.java:339) ~[nacos-client-3.1.1.jar:na]
	at com.alibaba.nacos.shaded.io.grpc.netty.shaded.io.netty.channel.nio.NioEventLoop.processSelectedKey(NioEventLoop.java:784) ~[nacos-client-3.1.1.jar:na]
	at com.alibaba.nacos.shaded.io.grpc.netty.shaded.io.netty.channel.nio.NioEventLoop.processSelectedKeysOptimized(NioEventLoop.java:732) ~[nacos-client-3.1.1.jar:na]
	at com.alibaba.nacos.shaded.io.grpc.netty.shaded.io.netty.channel.nio.NioEventLoop.processSelectedKeys(NioEventLoop.java:658) ~[nacos-client-3.1.1.jar:na]
	at com.alibaba.nacos.shaded.io.grpc.netty.shaded.io.netty.channel.nio.NioEventLoop.run(NioEventLoop.java:562) ~[nacos-client-3.1.1.jar:na]
	at com.alibaba.nacos.shaded.io.grpc.netty.shaded.io.netty.util.concurrent.SingleThreadEventExecutor$4.run(SingleThreadEventExecutor.java:998) ~[nacos-client-3.1.1.jar:na]
	at com.alibaba.nacos.shaded.io.grpc.netty.shaded.io.netty.util.internal.ThreadExecutorMap$2.run(ThreadExecutorMap.java:74) ~[nacos-client-3.1.1.jar:na]
	at com.alibaba.nacos.shaded.io.grpc.netty.shaded.io.netty.util.concurrent.FastThreadLocalRunnable.run(FastThreadLocalRunnable.java:30) ~[nacos-client-3.1.1.jar:na]
	at java.base/java.lang.Thread.run(Thread.java:1516) ~[na:na]
2026-05-23 04:28:06.038 [com.alibaba.nacos.client.remote.worker.1] [none] ERROR c.a.n.c.r.client.grpc.GrpcClient - Server check fail, please check server 127.0.0.1, port 9848 is available, error ={}
java.util.concurrent.ExecutionException: com.alibaba.nacos.shaded.io.grpc.StatusRuntimeException: UNAVAILABLE: io exception
	at com.alibaba.nacos.shaded.com.google.common.util.concurrent.AbstractFuture.getDoneValue(AbstractFuture.java:596) ~[nacos-client-3.1.1.jar:na]
	at com.alibaba.nacos.shaded.com.google.common.util.concurrent.AbstractFuture.get(AbstractFuture.java:471) ~[nacos-client-3.1.1.jar:na]
	at com.alibaba.nacos.common.remote.client.grpc.GrpcClient.serverCheck(GrpcClient.java:234) ~[nacos-client-3.1.1.jar:na]
	at com.alibaba.nacos.common.remote.client.grpc.GrpcClient.connectToServer(GrpcClient.java:346) ~[nacos-client-3.1.1.jar:na]
	at com.alibaba.nacos.common.remote.client.RpcClient.reconnect(RpcClient.java:504) ~[nacos-client-3.1.1.jar:na]
	at com.alibaba.nacos.common.remote.client.RpcClient.lambda$start$1(RpcClient.java:330) ~[nacos-client-3.1.1.jar:na]
	at java.base/java.util.concurrent.Executors$RunnableAdapter.call(Executors.java:545) ~[na:na]
	at java.base/java.util.concurrent.FutureTask.run(FutureTask.java:330) ~[na:na]
	at java.base/java.util.concurrent.ScheduledThreadPoolExecutor$ScheduledFutureTask.run(ScheduledThreadPoolExecutor.java:309) ~[na:na]
	at java.base/java.util.concurrent.ThreadPoolExecutor.runWorker(ThreadPoolExecutor.java:1090) ~[na:na]
	at java.base/java.util.concurrent.ThreadPoolExecutor$Worker.run(ThreadPoolExecutor.java:614) ~[na:na]
	at java.base/java.lang.Thread.run(Thread.java:1516) ~[na:na]
Caused by: com.alibaba.nacos.shaded.io.grpc.StatusRuntimeException: UNAVAILABLE: io exception
	at com.alibaba.nacos.shaded.io.grpc.Status.asRuntimeException(Status.java:532) ~[nacos-client-3.1.1.jar:na]
	at com.alibaba.nacos.shaded.io.grpc.stub.ClientCalls$UnaryStreamToFuture.onClose(ClientCalls.java:638) ~[nacos-client-3.1.1.jar:na]
	at com.alibaba.nacos.shaded.io.grpc.internal.DelayedClientCall$DelayedListener$3.run(DelayedClientCall.java:487) ~[nacos-client-3.1.1.jar:na]
	at com.alibaba.nacos.shaded.io.grpc.internal.DelayedClientCall$DelayedListener.delayOrExecute(DelayedClientCall.java:451) ~[nacos-client-3.1.1.jar:na]
	at com.alibaba.nacos.shaded.io.grpc.internal.DelayedClientCall$DelayedListener.onClose(DelayedClientCall.java:484) ~[nacos-client-3.1.1.jar:na]
	at com.alibaba.nacos.shaded.io.grpc.internal.ClientCallImpl.closeObserver(ClientCallImpl.java:565) ~[nacos-client-3.1.1.jar:na]
	at com.alibaba.nacos.shaded.io.grpc.internal.ClientCallImpl.access$100(ClientCallImpl.java:72) ~[nacos-client-3.1.1.jar:na]
	at com.alibaba.nacos.shaded.io.grpc.internal.ClientCallImpl$ClientStreamListenerImpl$1StreamClosed.runInternal(ClientCallImpl.java:733) ~[nacos-client-3.1.1.jar:na]
	at com.alibaba.nacos.shaded.io.grpc.internal.ClientCallImpl$ClientStreamListenerImpl$1StreamClosed.runInContext(ClientCallImpl.java:714) ~[nacos-client-3.1.1.jar:na]
	at com.alibaba.nacos.shaded.io.grpc.internal.ContextRunnable.run(ContextRunnable.java:37) ~[nacos-client-3.1.1.jar:na]
	at com.alibaba.nacos.shaded.io.grpc.internal.SerializingExecutor.run(SerializingExecutor.java:133) ~[nacos-client-3.1.1.jar:na]
	... 3 common frames omitted
Caused by: com.alibaba.nacos.shaded.io.grpc.netty.shaded.io.netty.channel.AbstractChannel$AnnotatedConnectException: Connection refused: getsockopt: /127.0.0.1:9848
Caused by: java.net.ConnectException: Connection refused: getsockopt
	at java.base/sun.nio.ch.Net.pollConnect(Native Method) ~[na:na]
	at java.base/sun.nio.ch.Net.pollConnectNow(Net.java:642) ~[na:na]
	at java.base/sun.nio.ch.SocketChannelImpl.finishConnect(SocketChannelImpl.java:1043) ~[na:na]
	at com.alibaba.nacos.shaded.io.grpc.netty.shaded.io.netty.channel.socket.nio.NioSocketChannel.doFinishConnect(NioSocketChannel.java:336) ~[nacos-client-3.1.1.jar:na]
	at com.alibaba.nacos.shaded.io.grpc.netty.shaded.io.netty.channel.nio.AbstractNioChannel$AbstractNioUnsafe.finishConnect(AbstractNioChannel.java:339) ~[nacos-client-3.1.1.jar:na]
	at com.alibaba.nacos.shaded.io.grpc.netty.shaded.io.netty.channel.nio.NioEventLoop.processSelectedKey(NioEventLoop.java:784) ~[nacos-client-3.1.1.jar:na]
	at com.alibaba.nacos.shaded.io.grpc.netty.shaded.io.netty.channel.nio.NioEventLoop.processSelectedKeysOptimized(NioEventLoop.java:732) ~[nacos-client-3.1.1.jar:na]
	at com.alibaba.nacos.shaded.io.grpc.netty.shaded.io.netty.channel.nio.NioEventLoop.processSelectedKeys(NioEventLoop.java:658) ~[nacos-client-3.1.1.jar:na]
	at com.alibaba.nacos.shaded.io.grpc.netty.shaded.io.netty.channel.nio.NioEventLoop.run(NioEventLoop.java:562) ~[nacos-client-3.1.1.jar:na]
	at com.alibaba.nacos.shaded.io.grpc.netty.shaded.io.netty.util.concurrent.SingleThreadEventExecutor$4.run(SingleThreadEventExecutor.java:998) ~[nacos-client-3.1.1.jar:na]
	at com.alibaba.nacos.shaded.io.grpc.netty.shaded.io.netty.util.internal.ThreadExecutorMap$2.run(ThreadExecutorMap.java:74) ~[nacos-client-3.1.1.jar:na]
	at com.alibaba.nacos.shaded.io.grpc.netty.shaded.io.netty.util.concurrent.FastThreadLocalRunnable.run(FastThreadLocalRunnable.java:30) ~[nacos-client-3.1.1.jar:na]
	at java.base/java.lang.Thread.run(Thread.java:1516) ~[na:na]
2026-05-23 04:28:06.140 [com.alibaba.nacos.client.remote.worker.0] [none] INFO  c.a.n.c.r.client.grpc.GrpcClient - grpc client connection server: 127.0.0.1 ip, serverPort: 9848, grpcTslConfig: {"enableTls":false,"mutualAuthEnable":false,"trustAll":true}
2026-05-23 04:28:06.146 [com.alibaba.nacos.client.remote.worker.1] [none] INFO  c.a.n.c.r.client.grpc.GrpcClient - grpc client connection server: 127.0.0.1 ip, serverPort: 9848, grpcTslConfig: {"enableTls":false,"mutualAuthEnable":false,"trustAll":true}
2026-05-23 04:28:06.146 [com.alibaba.nacos.client.remote.worker.1] [none] INFO  c.a.n.c.r.client.grpc.GrpcClient - grpc client connection server: 127.0.0.1 ip, serverPort: 9848, grpcTslConfig: {"enableTls":false,"mutualAuthEnable":false,"trustAll":true}
2026-05-23 04:28:06.158 [com.alibaba.nacos.client.remote.worker.1] [none] ERROR c.a.n.c.r.client.grpc.GrpcClient - Server check fail, please check server 127.0.0.1, port 9848 is available, error ={}
java.util.concurrent.ExecutionException: com.alibaba.nacos.shaded.io.grpc.StatusRuntimeException: UNAVAILABLE: io exception
	at com.alibaba.nacos.shaded.com.google.common.util.concurrent.AbstractFuture.getDoneValue(AbstractFuture.java:596) ~[nacos-client-3.1.1.jar:na]
	at com.alibaba.nacos.shaded.com.google.common.util.concurrent.AbstractFuture.get(AbstractFuture.java:471) ~[nacos-client-3.1.1.jar:na]
	at com.alibaba.nacos.common.remote.client.grpc.GrpcClient.serverCheck(GrpcClient.java:234) ~[nacos-client-3.1.1.jar:na]
	at com.alibaba.nacos.common.remote.client.grpc.GrpcClient.connectToServer(GrpcClient.java:346) ~[nacos-client-3.1.1.jar:na]
	at com.alibaba.nacos.common.remote.client.RpcClient.reconnect(RpcClient.java:504) ~[nacos-client-3.1.1.jar:na]
	at com.alibaba.nacos.common.remote.client.RpcClient.lambda$start$1(RpcClient.java:330) ~[nacos-client-3.1.1.jar:na]
	at java.base/java.util.concurrent.Executors$RunnableAdapter.call(Executors.java:545) ~[na:na]
	at java.base/java.util.concurrent.FutureTask.run(FutureTask.java:330) ~[na:na]
	at java.base/java.util.concurrent.ScheduledThreadPoolExecutor$ScheduledFutureTask.run(ScheduledThreadPoolExecutor.java:309) ~[na:na]
	at java.base/java.util.concurrent.ThreadPoolExecutor.runWorker(ThreadPoolExecutor.java:1090) ~[na:na]
	at java.base/java.util.concurrent.ThreadPoolExecutor$Worker.run(ThreadPoolExecutor.java:614) ~[na:na]
	at java.base/java.lang.Thread.run(Thread.java:1516) ~[na:na]
Caused by: com.alibaba.nacos.shaded.io.grpc.StatusRuntimeException: UNAVAILABLE: io exception
	at com.alibaba.nacos.shaded.io.grpc.Status.asRuntimeException(Status.java:532) ~[nacos-client-3.1.1.jar:na]
	at com.alibaba.nacos.shaded.io.grpc.stub.ClientCalls$UnaryStreamToFuture.onClose(ClientCalls.java:638) ~[nacos-client-3.1.1.jar:na]
	at com.alibaba.nacos.shaded.io.grpc.internal.DelayedClientCall$DelayedListener$3.run(DelayedClientCall.java:487) ~[nacos-client-3.1.1.jar:na]
	at com.alibaba.nacos.shaded.io.grpc.internal.DelayedClientCall$DelayedListener.delayOrExecute(DelayedClientCall.java:451) ~[nacos-client-3.1.1.jar:na]
	at com.alibaba.nacos.shaded.io.grpc.internal.DelayedClientCall$DelayedListener.onClose(DelayedClientCall.java:484) ~[nacos-client-3.1.1.jar:na]
	at com.alibaba.nacos.shaded.io.grpc.internal.ClientCallImpl.closeObserver(ClientCallImpl.java:565) ~[nacos-client-3.1.1.jar:na]
	at com.alibaba.nacos.shaded.io.grpc.internal.ClientCallImpl.access$100(ClientCallImpl.java:72) ~[nacos-client-3.1.1.jar:na]
	at com.alibaba.nacos.shaded.io.grpc.internal.ClientCallImpl$ClientStreamListenerImpl$1StreamClosed.runInternal(ClientCallImpl.java:733) ~[nacos-client-3.1.1.jar:na]
	at com.alibaba.nacos.shaded.io.grpc.internal.ClientCallImpl$ClientStreamListenerImpl$1StreamClosed.runInContext(ClientCallImpl.java:714) ~[nacos-client-3.1.1.jar:na]
	at com.alibaba.nacos.shaded.io.grpc.internal.ContextRunnable.run(ContextRunnable.java:37) ~[nacos-client-3.1.1.jar:na]
	at com.alibaba.nacos.shaded.io.grpc.internal.SerializingExecutor.run(SerializingExecutor.java:133) ~[nacos-client-3.1.1.jar:na]
	... 3 common frames omitted
Caused by: com.alibaba.nacos.shaded.io.grpc.netty.shaded.io.netty.channel.AbstractChannel$AnnotatedConnectException: Connection refused: getsockopt: /127.0.0.1:9848
Caused by: java.net.ConnectException: Connection refused: getsockopt
	at java.base/sun.nio.ch.Net.pollConnect(Native Method) ~[na:na]
	at java.base/sun.nio.ch.Net.pollConnectNow(Net.java:642) ~[na:na]
	at java.base/sun.nio.ch.SocketChannelImpl.finishConnect(SocketChannelImpl.java:1043) ~[na:na]
	at com.alibaba.nacos.shaded.io.grpc.netty.shaded.io.netty.channel.socket.nio.NioSocketChannel.doFinishConnect(NioSocketChannel.java:336) ~[nacos-client-3.1.1.jar:na]
	at com.alibaba.nacos.shaded.io.grpc.netty.shaded.io.netty.channel.nio.AbstractNioChannel$AbstractNioUnsafe.finishConnect(AbstractNioChannel.java:339) ~[nacos-client-3.1.1.jar:na]
	at com.alibaba.nacos.shaded.io.grpc.netty.shaded.io.netty.channel.nio.NioEventLoop.processSelectedKey(NioEventLoop.java:784) ~[nacos-client-3.1.1.jar:na]
	at com.alibaba.nacos.shaded.io.grpc.netty.shaded.io.netty.channel.nio.NioEventLoop.processSelectedKeysOptimized(NioEventLoop.java:732) ~[nacos-client-3.1.1.jar:na]
	at com.alibaba.nacos.shaded.io.grpc.netty.shaded.io.netty.channel.nio.NioEventLoop.processSelectedKeys(NioEventLoop.java:658) ~[nacos-client-3.1.1.jar:na]
	at com.alibaba.nacos.shaded.io.grpc.netty.shaded.io.netty.channel.nio.NioEventLoop.run(NioEventLoop.java:562) ~[nacos-client-3.1.1.jar:na]
	at com.alibaba.nacos.shaded.io.grpc.netty.shaded.io.netty.util.concurrent.SingleThreadEventExecutor$4.run(SingleThreadEventExecutor.java:998) ~[nacos-client-3.1.1.jar:na]
	at com.alibaba.nacos.shaded.io.grpc.netty.shaded.io.netty.util.internal.ThreadExecutorMap$2.run(ThreadExecutorMap.java:74) ~[nacos-client-3.1.1.jar:na]
	at com.alibaba.nacos.shaded.io.grpc.netty.shaded.io.netty.util.concurrent.FastThreadLocalRunnable.run(FastThreadLocalRunnable.java:30) ~[nacos-client-3.1.1.jar:na]
	at java.base/java.lang.Thread.run(Thread.java:1516) ~[na:na]
2026-05-23 04:28:06.158 [com.alibaba.nacos.client.remote.worker.1] [none] INFO  c.alibaba.nacos.common.remote.client - [6764362a-d121-495f-8655-2cae28919063_config-0] Fail to connect server, after trying 1 times, last try server is {serverIp = '127.0.0.1', server main port = 8848}, error = unknown
2026-05-23 04:28:06.159 [com.alibaba.nacos.client.remote.worker.1] [none] ERROR c.a.n.c.r.client.grpc.GrpcClient - Server check fail, please check server 127.0.0.1, port 9848 is available, error ={}
java.util.concurrent.ExecutionException: com.alibaba.nacos.shaded.io.grpc.StatusRuntimeException: UNAVAILABLE: io exception
	at com.alibaba.nacos.shaded.com.google.common.util.concurrent.AbstractFuture.getDoneValue(AbstractFuture.java:596) ~[nacos-client-3.1.1.jar:na]
	at com.alibaba.nacos.shaded.com.google.common.util.concurrent.AbstractFuture.get(AbstractFuture.java:471) ~[nacos-client-3.1.1.jar:na]
	at com.alibaba.nacos.common.remote.client.grpc.GrpcClient.serverCheck(GrpcClient.java:234) ~[nacos-client-3.1.1.jar:na]
	at com.alibaba.nacos.common.remote.client.grpc.GrpcClient.connectToServer(GrpcClient.java:346) ~[nacos-client-3.1.1.jar:na]
	at com.alibaba.nacos.common.remote.client.RpcClient.reconnect(RpcClient.java:504) ~[nacos-client-3.1.1.jar:na]
	at com.alibaba.nacos.common.remote.client.RpcClient.lambda$start$1(RpcClient.java:330) ~[nacos-client-3.1.1.jar:na]
	at java.base/java.util.concurrent.Executors$RunnableAdapter.call(Executors.java:545) ~[na:na]
	at java.base/java.util.concurrent.FutureTask.run(FutureTask.java:330) ~[na:na]
	at java.base/java.util.concurrent.ScheduledThreadPoolExecutor$ScheduledFutureTask.run(ScheduledThreadPoolExecutor.java:309) ~[na:na]
	at java.base/java.util.concurrent.ThreadPoolExecutor.runWorker(ThreadPoolExecutor.java:1090) ~[na:na]
	at java.base/java.util.concurrent.ThreadPoolExecutor$Worker.run(ThreadPoolExecutor.java:614) ~[na:na]
	at java.base/java.lang.Thread.run(Thread.java:1516) ~[na:na]
Caused by: com.alibaba.nacos.shaded.io.grpc.StatusRuntimeException: UNAVAILABLE: io exception
	at com.alibaba.nacos.shaded.io.grpc.Status.asRuntimeException(Status.java:532) ~[nacos-client-3.1.1.jar:na]
	at com.alibaba.nacos.shaded.io.grpc.stub.ClientCalls$UnaryStreamToFuture.onClose(ClientCalls.java:638) ~[nacos-client-3.1.1.jar:na]
	at com.alibaba.nacos.shaded.io.grpc.internal.DelayedClientCall$DelayedListener$3.run(DelayedClientCall.java:487) ~[nacos-client-3.1.1.jar:na]
	at com.alibaba.nacos.shaded.io.grpc.internal.DelayedClientCall$DelayedListener.drainPendingCallbacks(DelayedClientCall.java:526) ~[nacos-client-3.1.1.jar:na]
	at com.alibaba.nacos.shaded.io.grpc.internal.DelayedClientCall$1DrainListenerRunnable.runInContext(DelayedClientCall.java:315) ~[nacos-client-3.1.1.jar:na]
	at com.alibaba.nacos.shaded.io.grpc.internal.ContextRunnable.run(ContextRunnable.java:37) ~[nacos-client-3.1.1.jar:na]
	... 3 common frames omitted
Caused by: com.alibaba.nacos.shaded.io.grpc.netty.shaded.io.netty.channel.AbstractChannel$AnnotatedConnectException: Connection refused: getsockopt: /127.0.0.1:9848
Caused by: java.net.ConnectException: Connection refused: getsockopt
	at java.base/sun.nio.ch.Net.pollConnect(Native Method) ~[na:na]
	at java.base/sun.nio.ch.Net.pollConnectNow(Net.java:642) ~[na:na]
	at java.base/sun.nio.ch.SocketChannelImpl.finishConnect(SocketChannelImpl.java:1043) ~[na:na]
	at com.alibaba.nacos.shaded.io.grpc.netty.shaded.io.netty.channel.socket.nio.NioSocketChannel.doFinishConnect(NioSocketChannel.java:336) ~[nacos-client-3.1.1.jar:na]
	at com.alibaba.nacos.shaded.io.grpc.netty.shaded.io.netty.channel.nio.AbstractNioChannel$AbstractNioUnsafe.finishConnect(AbstractNioChannel.java:339) ~[nacos-client-3.1.1.jar:na]
	at com.alibaba.nacos.shaded.io.grpc.netty.shaded.io.netty.channel.nio.NioEventLoop.processSelectedKey(NioEventLoop.java:784) ~[nacos-client-3.1.1.jar:na]
	at com.alibaba.nacos.shaded.io.grpc.netty.shaded.io.netty.channel.nio.NioEventLoop.processSelectedKeysOptimized(NioEventLoop.java:732) ~[nacos-client-3.1.1.jar:na]
	at com.alibaba.nacos.shaded.io.grpc.netty.shaded.io.netty.channel.nio.NioEventLoop.processSelectedKeys(NioEventLoop.java:658) ~[nacos-client-3.1.1.jar:na]
	at com.alibaba.nacos.shaded.io.grpc.netty.shaded.io.netty.channel.nio.NioEventLoop.run(NioEventLoop.java:562) ~[nacos-client-3.1.1.jar:na]
	at com.alibaba.nacos.shaded.io.grpc.netty.shaded.io.netty.util.concurrent.SingleThreadEventExecutor$4.run(SingleThreadEventExecutor.java:998) ~[nacos-client-3.1.1.jar:na]
	at com.alibaba.nacos.shaded.io.grpc.netty.shaded.io.netty.util.internal.ThreadExecutorMap$2.run(ThreadExecutorMap.java:74) ~[nacos-client-3.1.1.jar:na]
	at com.alibaba.nacos.shaded.io.grpc.netty.shaded.io.netty.util.concurrent.FastThreadLocalRunnable.run(FastThreadLocalRunnable.java:30) ~[nacos-client-3.1.1.jar:na]
	at java.base/java.lang.Thread.run(Thread.java:1516) ~[na:na]
2026-05-23 04:28:06.161 [com.alibaba.nacos.client.remote.worker.1] [none] INFO  c.alibaba.nacos.common.remote.client - [5cf17f69-490a-42ee-aaa9-3bf49c79b1fb_config-0] Fail to connect server, after trying 1 times, last try server is {serverIp = '127.0.0.1', server main port = 8848}, error = unknown
2026-05-23 04:28:06.148 [com.alibaba.nacos.client.remote.worker.0] [none] ERROR c.a.n.c.r.client.grpc.GrpcClient - Server check fail, please check server 127.0.0.1, port 9848 is available, error ={}
java.util.concurrent.ExecutionException: com.alibaba.nacos.shaded.io.grpc.StatusRuntimeException: UNAVAILABLE: io exception
	at com.alibaba.nacos.shaded.com.google.common.util.concurrent.AbstractFuture.getDoneValue(AbstractFuture.java:596) ~[nacos-client-3.1.1.jar:na]
	at com.alibaba.nacos.shaded.com.google.common.util.concurrent.AbstractFuture.get(AbstractFuture.java:471) ~[nacos-client-3.1.1.jar:na]
	at com.alibaba.nacos.common.remote.client.grpc.GrpcClient.serverCheck(GrpcClient.java:234) ~[nacos-client-3.1.1.jar:na]
	at com.alibaba.nacos.common.remote.client.grpc.GrpcClient.connectToServer(GrpcClient.java:346) ~[nacos-client-3.1.1.jar:na]
	at com.alibaba.nacos.common.remote.client.RpcClient.reconnect(RpcClient.java:504) ~[nacos-client-3.1.1.jar:na]
	at com.alibaba.nacos.common.remote.client.RpcClient.lambda$start$1(RpcClient.java:330) ~[nacos-client-3.1.1.jar:na]
	at java.base/java.util.concurrent.Executors$RunnableAdapter.call(Executors.java:545) ~[na:na]
	at java.base/java.util.concurrent.FutureTask.run(FutureTask.java:330) ~[na:na]
	at java.base/java.util.concurrent.ScheduledThreadPoolExecutor$ScheduledFutureTask.run(ScheduledThreadPoolExecutor.java:309) ~[na:na]
	at java.base/java.util.concurrent.ThreadPoolExecutor.runWorker(ThreadPoolExecutor.java:1090) ~[na:na]
	at java.base/java.util.concurrent.ThreadPoolExecutor$Worker.run(ThreadPoolExecutor.java:614) ~[na:na]
	at java.base/java.lang.Thread.run(Thread.java:1516) ~[na:na]
Caused by: com.alibaba.nacos.shaded.io.grpc.StatusRuntimeException: UNAVAILABLE: io exception
	at com.alibaba.nacos.shaded.io.grpc.Status.asRuntimeException(Status.java:532) ~[nacos-client-3.1.1.jar:na]
	at com.alibaba.nacos.shaded.io.grpc.stub.ClientCalls$UnaryStreamToFuture.onClose(ClientCalls.java:638) ~[nacos-client-3.1.1.jar:na]
	at com.alibaba.nacos.shaded.io.grpc.internal.DelayedClientCall$DelayedListener$3.run(DelayedClientCall.java:487) ~[nacos-client-3.1.1.jar:na]
	at com.alibaba.nacos.shaded.io.grpc.internal.DelayedClientCall$DelayedListener.drainPendingCallbacks(DelayedClientCall.java:526) ~[nacos-client-3.1.1.jar:na]
	at com.alibaba.nacos.shaded.io.grpc.internal.DelayedClientCall$1DrainListenerRunnable.runInContext(DelayedClientCall.java:315) ~[nacos-client-3.1.1.jar:na]
	at com.alibaba.nacos.shaded.io.grpc.internal.ContextRunnable.run(ContextRunnable.java:37) ~[nacos-client-3.1.1.jar:na]
	... 3 common frames omitted
Caused by: com.alibaba.nacos.shaded.io.grpc.netty.shaded.io.netty.channel.AbstractChannel$AnnotatedConnectException: Connection refused: getsockopt: /127.0.0.1:9848
Caused by: java.net.ConnectException: Connection refused: getsockopt
	at java.base/sun.nio.ch.Net.pollConnect(Native Method) ~[na:na]
	at java.base/sun.nio.ch.Net.pollConnectNow(Net.java:642) ~[na:na]
	at java.base/sun.nio.ch.SocketChannelImpl.finishConnect(SocketChannelImpl.java:1043) ~[na:na]
	at com.alibaba.nacos.shaded.io.grpc.netty.shaded.io.netty.channel.socket.nio.NioSocketChannel.doFinishConnect(NioSocketChannel.java:336) ~[nacos-client-3.1.1.jar:na]
	at com.alibaba.nacos.shaded.io.grpc.netty.shaded.io.netty.channel.nio.AbstractNioChannel$AbstractNioUnsafe.finishConnect(AbstractNioChannel.java:339) ~[nacos-client-3.1.1.jar:na]
	at com.alibaba.nacos.shaded.io.grpc.netty.shaded.io.netty.channel.nio.NioEventLoop.processSelectedKey(NioEventLoop.java:784) ~[nacos-client-3.1.1.jar:na]
	at com.alibaba.nacos.shaded.io.grpc.netty.shaded.io.netty.channel.nio.NioEventLoop.processSelectedKeysOptimized(NioEventLoop.java:732) ~[nacos-client-3.1.1.jar:na]
	at com.alibaba.nacos.shaded.io.grpc.netty.shaded.io.netty.channel.nio.NioEventLoop.processSelectedKeys(NioEventLoop.java:658) ~[nacos-client-3.1.1.jar:na]
	at com.alibaba.nacos.shaded.io.grpc.netty.shaded.io.netty.channel.nio.NioEventLoop.run(NioEventLoop.java:562) ~[nacos-client-3.1.1.jar:na]
	at com.alibaba.nacos.shaded.io.grpc.netty.shaded.io.netty.util.concurrent.SingleThreadEventExecutor$4.run(SingleThreadEventExecutor.java:998) ~[nacos-client-3.1.1.jar:na]
	at com.alibaba.nacos.shaded.io.grpc.netty.shaded.io.netty.util.internal.ThreadExecutorMap$2.run(ThreadExecutorMap.java:74) ~[nacos-client-3.1.1.jar:na]
	at com.alibaba.nacos.shaded.io.grpc.netty.shaded.io.netty.util.concurrent.FastThreadLocalRunnable.run(FastThreadLocalRunnable.java:30) ~[nacos-client-3.1.1.jar:na]
	at java.base/java.lang.Thread.run(Thread.java:1516) ~[na:na]
2026-05-23 04:28:06.206 [com.alibaba.nacos.client.remote.worker.0] [none] INFO  c.alibaba.nacos.common.remote.client - [fea55945-3dac-4285-95d6-70c18b982bdf] Fail to connect server, after trying 1 times, last try server is {serverIp = '127.0.0.1', server main port = 8848}, error = unknown
2026-05-23 04:28:06.218 [lettuce-nioEventLoop-5-1] [none] INFO  i.l.core.protocol.CommandHandler - null Unexpected exception during request: java.net.SocketException: Connection reset
java.net.SocketException: Connection reset
	at java.base/sun.nio.ch.SocketChannelImpl.throwConnectionReset(SocketChannelImpl.java:398) ~[na:na]
	at java.base/sun.nio.ch.SocketChannelImpl.implRead(SocketChannelImpl.java:430) ~[na:na]
	at java.base/sun.nio.ch.SocketChannelImpl.read(SocketChannelImpl.java:488) ~[na:na]
	at io.netty.buffer.AdaptivePoolingAllocator$AdaptiveByteBuf.setBytes(AdaptivePoolingAllocator.java:2002) ~[netty-buffer-4.2.12.Final.jar:4.2.12.Final]
	at io.netty.buffer.AbstractByteBuf.writeBytes(AbstractByteBuf.java:1139) ~[netty-buffer-4.2.12.Final.jar:4.2.12.Final]
	at io.netty.channel.socket.nio.NioSocketChannel.doReadBytes(NioSocketChannel.java:350) ~[netty-transport-4.2.12.Final.jar:4.2.12.Final]
	at io.netty.channel.nio.AbstractNioByteChannel$NioByteUnsafe.read(AbstractNioByteChannel.java:161) ~[netty-transport-4.2.12.Final.jar:4.2.12.Final]
	at io.netty.channel.nio.AbstractNioChannel$AbstractNioUnsafe.handle(AbstractNioChannel.java:445) ~[netty-transport-4.2.12.Final.jar:4.2.12.Final]
	at io.netty.channel.nio.NioIoHandler$DefaultNioRegistration.handle(NioIoHandler.java:388) ~[netty-transport-4.2.12.Final.jar:4.2.12.Final]
	at io.netty.channel.nio.NioIoHandler.processSelectedKey(NioIoHandler.java:596) ~[netty-transport-4.2.12.Final.jar:4.2.12.Final]
	at io.netty.channel.nio.NioIoHandler.processSelectedKeysPlain(NioIoHandler.java:541) ~[netty-transport-4.2.12.Final.jar:4.2.12.Final]
	at io.netty.channel.nio.NioIoHandler.processSelectedKeys(NioIoHandler.java:514) ~[netty-transport-4.2.12.Final.jar:4.2.12.Final]
	at io.netty.channel.nio.NioIoHandler.run(NioIoHandler.java:484) ~[netty-transport-4.2.12.Final.jar:4.2.12.Final]
	at io.netty.channel.SingleThreadIoEventLoop.runIo(SingleThreadIoEventLoop.java:225) ~[netty-transport-4.2.12.Final.jar:4.2.12.Final]
	at io.netty.channel.SingleThreadIoEventLoop.run(SingleThreadIoEventLoop.java:196) ~[netty-transport-4.2.12.Final.jar:4.2.12.Final]
	at io.netty.util.concurrent.SingleThreadEventExecutor$5.run(SingleThreadEventExecutor.java:1195) ~[netty-common-4.2.12.Final.jar:4.2.12.Final]
	at io.netty.util.internal.ThreadExecutorMap$2.run(ThreadExecutorMap.java:74) ~[netty-common-4.2.12.Final.jar:4.2.12.Final]
	at io.netty.util.concurrent.FastThreadLocalRunnable.run(FastThreadLocalRunnable.java:30) ~[netty-common-4.2.12.Final.jar:4.2.12.Final]
	at java.base/java.lang.Thread.run(Thread.java:1516) ~[na:na]
2026-05-23 04:28:06.269 [com.alibaba.nacos.client.remote.worker.1] [none] INFO  c.alibaba.nacos.common.remote.client - [8a551e5b-2124-4ea3-8b61-6eddb879363e_config-0] Server healthy check fail, currentConnection = 1779434920054_172.19.0.1_42616
2026-05-23 04:28:06.269 [com.alibaba.nacos.client.remote.worker.1] [none] INFO  c.alibaba.nacos.common.remote.client - [8a551e5b-2124-4ea3-8b61-6eddb879363e_config-0] Try to reconnect to a new server, server is  not appointed, will choose a random server.
2026-05-23 04:28:06.269 [com.alibaba.nacos.client.remote.worker.1] [none] INFO  c.a.n.c.r.client.grpc.GrpcClient - grpc client connection server: 127.0.0.1 ip, serverPort: 9848, grpcTslConfig: {"enableTls":false,"mutualAuthEnable":false,"trustAll":true}
2026-05-23 04:28:06.274 [com.alibaba.nacos.client.remote.worker.1] [none] ERROR c.a.n.c.r.client.grpc.GrpcClient - Server check fail, please check server 127.0.0.1, port 9848 is available, error ={}
java.util.concurrent.ExecutionException: com.alibaba.nacos.shaded.io.grpc.StatusRuntimeException: UNAVAILABLE: io exception
	at com.alibaba.nacos.shaded.com.google.common.util.concurrent.AbstractFuture.getDoneValue(AbstractFuture.java:596) ~[nacos-client-3.1.1.jar:na]
	at com.alibaba.nacos.shaded.com.google.common.util.concurrent.AbstractFuture.get(AbstractFuture.java:471) ~[nacos-client-3.1.1.jar:na]
	at com.alibaba.nacos.common.remote.client.grpc.GrpcClient.serverCheck(GrpcClient.java:234) ~[nacos-client-3.1.1.jar:na]
	at com.alibaba.nacos.common.remote.client.grpc.GrpcClient.connectToServer(GrpcClient.java:346) ~[nacos-client-3.1.1.jar:na]
	at com.alibaba.nacos.common.remote.client.RpcClient.reconnect(RpcClient.java:504) ~[nacos-client-3.1.1.jar:na]
	at com.alibaba.nacos.common.remote.client.RpcClient.lambda$start$1(RpcClient.java:330) ~[nacos-client-3.1.1.jar:na]
	at java.base/java.util.concurrent.Executors$RunnableAdapter.call(Executors.java:545) ~[na:na]
	at java.base/java.util.concurrent.FutureTask.run(FutureTask.java:330) ~[na:na]
	at java.base/java.util.concurrent.ScheduledThreadPoolExecutor$ScheduledFutureTask.run(ScheduledThreadPoolExecutor.java:309) ~[na:na]
	at java.base/java.util.concurrent.ThreadPoolExecutor.runWorker(ThreadPoolExecutor.java:1090) ~[na:na]
	at java.base/java.util.concurrent.ThreadPoolExecutor$Worker.run(ThreadPoolExecutor.java:614) ~[na:na]
	at java.base/java.lang.Thread.run(Thread.java:1516) ~[na:na]
Caused by: com.alibaba.nacos.shaded.io.grpc.StatusRuntimeException: UNAVAILABLE: io exception
	at com.alibaba.nacos.shaded.io.grpc.Status.asRuntimeException(Status.java:532) ~[nacos-client-3.1.1.jar:na]
	at com.alibaba.nacos.shaded.io.grpc.stub.ClientCalls$UnaryStreamToFuture.onClose(ClientCalls.java:638) ~[nacos-client-3.1.1.jar:na]
	at com.alibaba.nacos.shaded.io.grpc.internal.DelayedClientCall$DelayedListener$3.run(DelayedClientCall.java:487) ~[nacos-client-3.1.1.jar:na]
	at com.alibaba.nacos.shaded.io.grpc.internal.DelayedClientCall$DelayedListener.delayOrExecute(DelayedClientCall.java:451) ~[nacos-client-3.1.1.jar:na]
	at com.alibaba.nacos.shaded.io.grpc.internal.DelayedClientCall$DelayedListener.onClose(DelayedClientCall.java:484) ~[nacos-client-3.1.1.jar:na]
	at com.alibaba.nacos.shaded.io.grpc.internal.ClientCallImpl.closeObserver(ClientCallImpl.java:565) ~[nacos-client-3.1.1.jar:na]
	at com.alibaba.nacos.shaded.io.grpc.internal.ClientCallImpl.access$100(ClientCallImpl.java:72) ~[nacos-client-3.1.1.jar:na]
	at com.alibaba.nacos.shaded.io.grpc.internal.ClientCallImpl$ClientStreamListenerImpl$1StreamClosed.runInternal(ClientCallImpl.java:733) ~[nacos-client-3.1.1.jar:na]
	at com.alibaba.nacos.shaded.io.grpc.internal.ClientCallImpl$ClientStreamListenerImpl$1StreamClosed.runInContext(ClientCallImpl.java:714) ~[nacos-client-3.1.1.jar:na]
	at com.alibaba.nacos.shaded.io.grpc.internal.ContextRunnable.run(ContextRunnable.java:37) ~[nacos-client-3.1.1.jar:na]
	at com.alibaba.nacos.shaded.io.grpc.internal.SerializingExecutor.run(SerializingExecutor.java:133) ~[nacos-client-3.1.1.jar:na]
	... 3 common frames omitted
Caused by: com.alibaba.nacos.shaded.io.grpc.netty.shaded.io.netty.channel.AbstractChannel$AnnotatedConnectException: Connection refused: getsockopt: /127.0.0.1:9848
Caused by: java.net.ConnectException: Connection refused: getsockopt
	at java.base/sun.nio.ch.Net.pollConnect(Native Method) ~[na:na]
	at java.base/sun.nio.ch.Net.pollConnectNow(Net.java:642) ~[na:na]
	at java.base/sun.nio.ch.SocketChannelImpl.finishConnect(SocketChannelImpl.java:1043) ~[na:na]
	at com.alibaba.nacos.shaded.io.grpc.netty.shaded.io.netty.channel.socket.nio.NioSocketChannel.doFinishConnect(NioSocketChannel.java:336) ~[nacos-client-3.1.1.jar:na]
	at com.alibaba.nacos.shaded.io.grpc.netty.shaded.io.netty.channel.nio.AbstractNioChannel$AbstractNioUnsafe.finishConnect(AbstractNioChannel.java:339) ~[nacos-client-3.1.1.jar:na]
	at com.alibaba.nacos.shaded.io.grpc.netty.shaded.io.netty.channel.nio.NioEventLoop.processSelectedKey(NioEventLoop.java:784) ~[nacos-client-3.1.1.jar:na]
	at com.alibaba.nacos.shaded.io.grpc.netty.shaded.io.netty.channel.nio.NioEventLoop.processSelectedKeysOptimized(NioEventLoop.java:732) ~[nacos-client-3.1.1.jar:na]
	at com.alibaba.nacos.shaded.io.grpc.netty.shaded.io.netty.channel.nio.NioEventLoop.processSelectedKeys(NioEventLoop.java:658) ~[nacos-client-3.1.1.jar:na]
	at com.alibaba.nacos.shaded.io.grpc.netty.shaded.io.netty.channel.nio.NioEventLoop.run(NioEventLoop.java:562) ~[nacos-client-3.1.1.jar:na]
	at com.alibaba.nacos.shaded.io.grpc.netty.shaded.io.netty.util.concurrent.SingleThreadEventExecutor$4.run(SingleThreadEventExecutor.java:998) ~[nacos-client-3.1.1.jar:na]
	at com.alibaba.nacos.shaded.io.grpc.netty.shaded.io.netty.util.internal.ThreadExecutorMap$2.run(ThreadExecutorMap.java:74) ~[nacos-client-3.1.1.jar:na]
	at com.alibaba.nacos.shaded.io.grpc.netty.shaded.io.netty.util.concurrent.FastThreadLocalRunnable.run(FastThreadLocalRunnable.java:30) ~[nacos-client-3.1.1.jar:na]
	at java.base/java.lang.Thread.run(Thread.java:1516) ~[na:na]
2026-05-23 04:28:06.360 [com.alibaba.nacos.client.remote.worker.1] [none] INFO  c.a.n.c.r.client.grpc.GrpcClient - grpc client connection server: 127.0.0.1 ip, serverPort: 9848, grpcTslConfig: {"enableTls":false,"mutualAuthEnable":false,"trustAll":true}
2026-05-23 04:28:06.363 [com.alibaba.nacos.client.remote.worker.1] [none] INFO  c.a.n.c.r.client.grpc.GrpcClient - grpc client connection server: 127.0.0.1 ip, serverPort: 9848, grpcTslConfig: {"enableTls":false,"mutualAuthEnable":false,"trustAll":true}
2026-05-23 04:28:06.364 [com.alibaba.nacos.client.remote.worker.1] [none] ERROR c.a.n.c.r.client.grpc.GrpcClient - Server check fail, please check server 127.0.0.1, port 9848 is available, error ={}
java.util.concurrent.ExecutionException: com.alibaba.nacos.shaded.io.grpc.StatusRuntimeException: UNAVAILABLE: io exception
	at com.alibaba.nacos.shaded.com.google.common.util.concurrent.AbstractFuture.getDoneValue(AbstractFuture.java:596) ~[nacos-client-3.1.1.jar:na]
	at com.alibaba.nacos.shaded.com.google.common.util.concurrent.AbstractFuture.get(AbstractFuture.java:471) ~[nacos-client-3.1.1.jar:na]
	at com.alibaba.nacos.common.remote.client.grpc.GrpcClient.serverCheck(GrpcClient.java:234) ~[nacos-client-3.1.1.jar:na]
	at com.alibaba.nacos.common.remote.client.grpc.GrpcClient.connectToServer(GrpcClient.java:346) ~[nacos-client-3.1.1.jar:na]
	at com.alibaba.nacos.common.remote.client.RpcClient.reconnect(RpcClient.java:504) ~[nacos-client-3.1.1.jar:na]
	at com.alibaba.nacos.common.remote.client.RpcClient.lambda$start$1(RpcClient.java:330) ~[nacos-client-3.1.1.jar:na]
	at java.base/java.util.concurrent.Executors$RunnableAdapter.call(Executors.java:545) ~[na:na]
	at java.base/java.util.concurrent.FutureTask.run(FutureTask.java:330) ~[na:na]
	at java.base/java.util.concurrent.ScheduledThreadPoolExecutor$ScheduledFutureTask.run(ScheduledThreadPoolExecutor.java:309) ~[na:na]
	at java.base/java.util.concurrent.ThreadPoolExecutor.runWorker(ThreadPoolExecutor.java:1090) ~[na:na]
	at java.base/java.util.concurrent.ThreadPoolExecutor$Worker.run(ThreadPoolExecutor.java:614) ~[na:na]
	at java.base/java.lang.Thread.run(Thread.java:1516) ~[na:na]
Caused by: com.alibaba.nacos.shaded.io.grpc.StatusRuntimeException: UNAVAILABLE: io exception
	at com.alibaba.nacos.shaded.io.grpc.Status.asRuntimeException(Status.java:532) ~[nacos-client-3.1.1.jar:na]
	at com.alibaba.nacos.shaded.io.grpc.stub.ClientCalls$UnaryStreamToFuture.onClose(ClientCalls.java:638) ~[nacos-client-3.1.1.jar:na]
	at com.alibaba.nacos.shaded.io.grpc.internal.DelayedClientCall$DelayedListener$3.run(DelayedClientCall.java:487) ~[nacos-client-3.1.1.jar:na]
	at com.alibaba.nacos.shaded.io.grpc.internal.DelayedClientCall$DelayedListener.delayOrExecute(DelayedClientCall.java:451) ~[nacos-client-3.1.1.jar:na]
	at com.alibaba.nacos.shaded.io.grpc.internal.DelayedClientCall$DelayedListener.onClose(DelayedClientCall.java:484) ~[nacos-client-3.1.1.jar:na]
	at com.alibaba.nacos.shaded.io.grpc.internal.ClientCallImpl.closeObserver(ClientCallImpl.java:565) ~[nacos-client-3.1.1.jar:na]
	at com.alibaba.nacos.shaded.io.grpc.internal.ClientCallImpl.access$100(ClientCallImpl.java:72) ~[nacos-client-3.1.1.jar:na]
	at com.alibaba.nacos.shaded.io.grpc.internal.ClientCallImpl$ClientStreamListenerImpl$1StreamClosed.runInternal(ClientCallImpl.java:733) ~[nacos-client-3.1.1.jar:na]
	at com.alibaba.nacos.shaded.io.grpc.internal.ClientCallImpl$ClientStreamListenerImpl$1StreamClosed.runInContext(ClientCallImpl.java:714) ~[nacos-client-3.1.1.jar:na]
	at com.alibaba.nacos.shaded.io.grpc.internal.ContextRunnable.run(ContextRunnable.java:37) ~[nacos-client-3.1.1.jar:na]
	at com.alibaba.nacos.shaded.io.grpc.internal.SerializingExecutor.run(SerializingExecutor.java:133) ~[nacos-client-3.1.1.jar:na]
	... 3 common frames omitted
Caused by: com.alibaba.nacos.shaded.io.grpc.netty.shaded.io.netty.channel.AbstractChannel$AnnotatedConnectException: Connection refused: getsockopt: /127.0.0.1:9848
Caused by: java.net.ConnectException: Connection refused: getsockopt
	at java.base/sun.nio.ch.Net.pollConnect(Native Method) ~[na:na]
	at java.base/sun.nio.ch.Net.pollConnectNow(Net.java:642) ~[na:na]
	at java.base/sun.nio.ch.SocketChannelImpl.finishConnect(SocketChannelImpl.java:1043) ~[na:na]
	at com.alibaba.nacos.shaded.io.grpc.netty.shaded.io.netty.channel.socket.nio.NioSocketChannel.doFinishConnect(NioSocketChannel.java:336) ~[nacos-client-3.1.1.jar:na]
	at com.alibaba.nacos.shaded.io.grpc.netty.shaded.io.netty.channel.nio.AbstractNioChannel$AbstractNioUnsafe.finishConnect(AbstractNioChannel.java:339) ~[nacos-client-3.1.1.jar:na]
	at com.alibaba.nacos.shaded.io.grpc.netty.shaded.io.netty.channel.nio.NioEventLoop.processSelectedKey(NioEventLoop.java:784) ~[nacos-client-3.1.1.jar:na]
	at com.alibaba.nacos.shaded.io.grpc.netty.shaded.io.netty.channel.nio.NioEventLoop.processSelectedKeysOptimized(NioEventLoop.java:732) ~[nacos-client-3.1.1.jar:na]
	at com.alibaba.nacos.shaded.io.grpc.netty.shaded.io.netty.channel.nio.NioEventLoop.processSelectedKeys(NioEventLoop.java:658) ~[nacos-client-3.1.1.jar:na]
	at com.alibaba.nacos.shaded.io.grpc.netty.shaded.io.netty.channel.nio.NioEventLoop.run(NioEventLoop.java:562) ~[nacos-client-3.1.1.jar:na]
	at com.alibaba.nacos.shaded.io.grpc.netty.shaded.io.netty.util.concurrent.SingleThreadEventExecutor$4.run(SingleThreadEventExecutor.java:998) ~[nacos-client-3.1.1.jar:na]
	at com.alibaba.nacos.shaded.io.grpc.netty.shaded.io.netty.util.internal.ThreadExecutorMap$2.run(ThreadExecutorMap.java:74) ~[nacos-client-3.1.1.jar:na]
	at com.alibaba.nacos.shaded.io.grpc.netty.shaded.io.netty.util.concurrent.FastThreadLocalRunnable.run(FastThreadLocalRunnable.java:30) ~[nacos-client-3.1.1.jar:na]
	at java.base/java.lang.Thread.run(Thread.java:1516) ~[na:na]
2026-05-23 04:28:06.365 [com.alibaba.nacos.client.remote.worker.1] [none] INFO  c.alibaba.nacos.common.remote.client - [6764362a-d121-495f-8655-2cae28919063_config-0] Fail to connect server, after trying 2 times, last try server is {serverIp = '127.0.0.1', server main port = 8848}, error = unknown
2026-05-23 04:28:06.365 [com.alibaba.nacos.client.remote.worker.1] [none] ERROR c.a.n.c.r.client.grpc.GrpcClient - Server check fail, please check server 127.0.0.1, port 9848 is available, error ={}
java.util.concurrent.ExecutionException: com.alibaba.nacos.shaded.io.grpc.StatusRuntimeException: UNAVAILABLE: io exception
	at com.alibaba.nacos.shaded.com.google.common.util.concurrent.AbstractFuture.getDoneValue(AbstractFuture.java:596) ~[nacos-client-3.1.1.jar:na]
	at com.alibaba.nacos.shaded.com.google.common.util.concurrent.AbstractFuture.get(AbstractFuture.java:471) ~[nacos-client-3.1.1.jar:na]
	at com.alibaba.nacos.common.remote.client.grpc.GrpcClient.serverCheck(GrpcClient.java:234) ~[nacos-client-3.1.1.jar:na]
	at com.alibaba.nacos.common.remote.client.grpc.GrpcClient.connectToServer(GrpcClient.java:346) ~[nacos-client-3.1.1.jar:na]
	at com.alibaba.nacos.common.remote.client.RpcClient.reconnect(RpcClient.java:504) ~[nacos-client-3.1.1.jar:na]
	at com.alibaba.nacos.common.remote.client.RpcClient.lambda$start$1(RpcClient.java:330) ~[nacos-client-3.1.1.jar:na]
	at java.base/java.util.concurrent.Executors$RunnableAdapter.call(Executors.java:545) ~[na:na]
	at java.base/java.util.concurrent.FutureTask.run(FutureTask.java:330) ~[na:na]
	at java.base/java.util.concurrent.ScheduledThreadPoolExecutor$ScheduledFutureTask.run(ScheduledThreadPoolExecutor.java:309) ~[na:na]
	at java.base/java.util.concurrent.ThreadPoolExecutor.runWorker(ThreadPoolExecutor.java:1090) ~[na:na]
	at java.base/java.util.concurrent.ThreadPoolExecutor$Worker.run(ThreadPoolExecutor.java:614) ~[na:na]
	at java.base/java.lang.Thread.run(Thread.java:1516) ~[na:na]
Caused by: com.alibaba.nacos.shaded.io.grpc.StatusRuntimeException: UNAVAILABLE: io exception
	at com.alibaba.nacos.shaded.io.grpc.Status.asRuntimeException(Status.java:532) ~[nacos-client-3.1.1.jar:na]
	at com.alibaba.nacos.shaded.io.grpc.stub.ClientCalls$UnaryStreamToFuture.onClose(ClientCalls.java:638) ~[nacos-client-3.1.1.jar:na]
	at com.alibaba.nacos.shaded.io.grpc.internal.DelayedClientCall$DelayedListener$3.run(DelayedClientCall.java:487) ~[nacos-client-3.1.1.jar:na]
	at com.alibaba.nacos.shaded.io.grpc.internal.DelayedClientCall$DelayedListener.delayOrExecute(DelayedClientCall.java:451) ~[nacos-client-3.1.1.jar:na]
	at com.alibaba.nacos.shaded.io.grpc.internal.DelayedClientCall$DelayedListener.onClose(DelayedClientCall.java:484) ~[nacos-client-3.1.1.jar:na]
	at com.alibaba.nacos.shaded.io.grpc.internal.ClientCallImpl.closeObserver(ClientCallImpl.java:565) ~[nacos-client-3.1.1.jar:na]
	at com.alibaba.nacos.shaded.io.grpc.internal.ClientCallImpl.access$100(ClientCallImpl.java:72) ~[nacos-client-3.1.1.jar:na]
	at com.alibaba.nacos.shaded.io.grpc.internal.ClientCallImpl$ClientStreamListenerImpl$1StreamClosed.runInternal(ClientCallImpl.java:733) ~[nacos-client-3.1.1.jar:na]
	at com.alibaba.nacos.shaded.io.grpc.internal.ClientCallImpl$ClientStreamListenerImpl$1StreamClosed.runInContext(ClientCallImpl.java:714) ~[nacos-client-3.1.1.jar:na]
	at com.alibaba.nacos.shaded.io.grpc.internal.ContextRunnable.run(ContextRunnable.java:37) ~[nacos-client-3.1.1.jar:na]
	at com.alibaba.nacos.shaded.io.grpc.internal.SerializingExecutor.run(SerializingExecutor.java:133) ~[nacos-client-3.1.1.jar:na]
	... 3 common frames omitted
Caused by: com.alibaba.nacos.shaded.io.grpc.netty.shaded.io.netty.channel.AbstractChannel$AnnotatedConnectException: Connection refused: getsockopt: /127.0.0.1:9848
Caused by: java.net.ConnectException: Connection refused: getsockopt
	at java.base/sun.nio.ch.Net.pollConnect(Native Method) ~[na:na]
	at java.base/sun.nio.ch.Net.pollConnectNow(Net.java:642) ~[na:na]
	at java.base/sun.nio.ch.SocketChannelImpl.finishConnect(SocketChannelImpl.java:1043) ~[na:na]
	at com.alibaba.nacos.shaded.io.grpc.netty.shaded.io.netty.channel.socket.nio.NioSocketChannel.doFinishConnect(NioSocketChannel.java:336) ~[nacos-client-3.1.1.jar:na]
	at com.alibaba.nacos.shaded.io.grpc.netty.shaded.io.netty.channel.nio.AbstractNioChannel$AbstractNioUnsafe.finishConnect(AbstractNioChannel.java:339) ~[nacos-client-3.1.1.jar:na]
	at com.alibaba.nacos.shaded.io.grpc.netty.shaded.io.netty.channel.nio.NioEventLoop.processSelectedKey(NioEventLoop.java:784) ~[nacos-client-3.1.1.jar:na]
	at com.alibaba.nacos.shaded.io.grpc.netty.shaded.io.netty.channel.nio.NioEventLoop.processSelectedKeysOptimized(NioEventLoop.java:732) ~[nacos-client-3.1.1.jar:na]
	at com.alibaba.nacos.shaded.io.grpc.netty.shaded.io.netty.channel.nio.NioEventLoop.processSelectedKeys(NioEventLoop.java:658) ~[nacos-client-3.1.1.jar:na]
	at com.alibaba.nacos.shaded.io.grpc.netty.shaded.io.netty.channel.nio.NioEventLoop.run(NioEventLoop.java:562) ~[nacos-client-3.1.1.jar:na]
	at com.alibaba.nacos.shaded.io.grpc.netty.shaded.io.netty.util.concurrent.SingleThreadEventExecutor$4.run(SingleThreadEventExecutor.java:998) ~[nacos-client-3.1.1.jar:na]
	at com.alibaba.nacos.shaded.io.grpc.netty.shaded.io.netty.util.internal.ThreadExecutorMap$2.run(ThreadExecutorMap.java:74) ~[nacos-client-3.1.1.jar:na]
	at com.alibaba.nacos.shaded.io.grpc.netty.shaded.io.netty.util.concurrent.FastThreadLocalRunnable.run(FastThreadLocalRunnable.java:30) ~[nacos-client-3.1.1.jar:na]
	at java.base/java.lang.Thread.run(Thread.java:1516) ~[na:na]
2026-05-23 04:28:06.366 [com.alibaba.nacos.client.remote.worker.1] [none] INFO  c.alibaba.nacos.common.remote.client - [5cf17f69-490a-42ee-aaa9-3bf49c79b1fb_config-0] Fail to connect server, after trying 2 times, last try server is {serverIp = '127.0.0.1', server main port = 8848}, error = unknown
2026-05-23 04:28:06.408 [com.alibaba.nacos.client.remote.worker.0] [none] INFO  c.a.n.c.r.client.grpc.GrpcClient - grpc client connection server: 127.0.0.1 ip, serverPort: 9848, grpcTslConfig: {"enableTls":false,"mutualAuthEnable":false,"trustAll":true}
2026-05-23 04:28:06.412 [com.alibaba.nacos.client.remote.worker.0] [none] ERROR c.a.n.c.r.client.grpc.GrpcClient - Server check fail, please check server 127.0.0.1, port 9848 is available, error ={}
java.util.concurrent.ExecutionException: com.alibaba.nacos.shaded.io.grpc.StatusRuntimeException: UNAVAILABLE: io exception
	at com.alibaba.nacos.shaded.com.google.common.util.concurrent.AbstractFuture.getDoneValue(AbstractFuture.java:596) ~[nacos-client-3.1.1.jar:na]
	at com.alibaba.nacos.shaded.com.google.common.util.concurrent.AbstractFuture.get(AbstractFuture.java:471) ~[nacos-client-3.1.1.jar:na]
	at com.alibaba.nacos.common.remote.client.grpc.GrpcClient.serverCheck(GrpcClient.java:234) ~[nacos-client-3.1.1.jar:na]
	at com.alibaba.nacos.common.remote.client.grpc.GrpcClient.connectToServer(GrpcClient.java:346) ~[nacos-client-3.1.1.jar:na]
	at com.alibaba.nacos.common.remote.client.RpcClient.reconnect(RpcClient.java:504) ~[nacos-client-3.1.1.jar:na]
	at com.alibaba.nacos.common.remote.client.RpcClient.lambda$start$1(RpcClient.java:330) ~[nacos-client-3.1.1.jar:na]
	at java.base/java.util.concurrent.Executors$RunnableAdapter.call(Executors.java:545) ~[na:na]
	at java.base/java.util.concurrent.FutureTask.run(FutureTask.java:330) ~[na:na]
	at java.base/java.util.concurrent.ScheduledThreadPoolExecutor$ScheduledFutureTask.run(ScheduledThreadPoolExecutor.java:309) ~[na:na]
	at java.base/java.util.concurrent.ThreadPoolExecutor.runWorker(ThreadPoolExecutor.java:1090) ~[na:na]
	at java.base/java.util.concurrent.ThreadPoolExecutor$Worker.run(ThreadPoolExecutor.java:614) ~[na:na]
	at java.base/java.lang.Thread.run(Thread.java:1516) ~[na:na]
Caused by: com.alibaba.nacos.shaded.io.grpc.StatusRuntimeException: UNAVAILABLE: io exception
	at com.alibaba.nacos.shaded.io.grpc.Status.asRuntimeException(Status.java:532) ~[nacos-client-3.1.1.jar:na]
	at com.alibaba.nacos.shaded.io.grpc.stub.ClientCalls$UnaryStreamToFuture.onClose(ClientCalls.java:638) ~[nacos-client-3.1.1.jar:na]
	at com.alibaba.nacos.shaded.io.grpc.internal.DelayedClientCall$DelayedListener$3.run(DelayedClientCall.java:487) ~[nacos-client-3.1.1.jar:na]
	at com.alibaba.nacos.shaded.io.grpc.internal.DelayedClientCall$DelayedListener.delayOrExecute(DelayedClientCall.java:451) ~[nacos-client-3.1.1.jar:na]
	at com.alibaba.nacos.shaded.io.grpc.internal.DelayedClientCall$DelayedListener.onClose(DelayedClientCall.java:484) ~[nacos-client-3.1.1.jar:na]
	at com.alibaba.nacos.shaded.io.grpc.internal.ClientCallImpl.closeObserver(ClientCallImpl.java:565) ~[nacos-client-3.1.1.jar:na]
	at com.alibaba.nacos.shaded.io.grpc.internal.ClientCallImpl.access$100(ClientCallImpl.java:72) ~[nacos-client-3.1.1.jar:na]
	at com.alibaba.nacos.shaded.io.grpc.internal.ClientCallImpl$ClientStreamListenerImpl$1StreamClosed.runInternal(ClientCallImpl.java:733) ~[nacos-client-3.1.1.jar:na]
	at com.alibaba.nacos.shaded.io.grpc.internal.ClientCallImpl$ClientStreamListenerImpl$1StreamClosed.runInContext(ClientCallImpl.java:714) ~[nacos-client-3.1.1.jar:na]
	at com.alibaba.nacos.shaded.io.grpc.internal.ContextRunnable.run(ContextRunnable.java:37) ~[nacos-client-3.1.1.jar:na]
	at com.alibaba.nacos.shaded.io.grpc.internal.SerializingExecutor.run(SerializingExecutor.java:133) ~[nacos-client-3.1.1.jar:na]
	... 3 common frames omitted
Caused by: com.alibaba.nacos.shaded.io.grpc.netty.shaded.io.netty.channel.AbstractChannel$AnnotatedConnectException: Connection refused: getsockopt: /127.0.0.1:9848
Caused by: java.net.ConnectException: Connection refused: getsockopt
	at java.base/sun.nio.ch.Net.pollConnect(Native Method) ~[na:na]
	at java.base/sun.nio.ch.Net.pollConnectNow(Net.java:642) ~[na:na]
	at java.base/sun.nio.ch.SocketChannelImpl.finishConnect(SocketChannelImpl.java:1043) ~[na:na]
	at com.alibaba.nacos.shaded.io.grpc.netty.shaded.io.netty.channel.socket.nio.NioSocketChannel.doFinishConnect(NioSocketChannel.java:336) ~[nacos-client-3.1.1.jar:na]
	at com.alibaba.nacos.shaded.io.grpc.netty.shaded.io.netty.channel.nio.AbstractNioChannel$AbstractNioUnsafe.finishConnect(AbstractNioChannel.java:339) ~[nacos-client-3.1.1.jar:na]
	at com.alibaba.nacos.shaded.io.grpc.netty.shaded.io.netty.channel.nio.NioEventLoop.processSelectedKey(NioEventLoop.java:784) ~[nacos-client-3.1.1.jar:na]
	at com.alibaba.nacos.shaded.io.grpc.netty.shaded.io.netty.channel.nio.NioEventLoop.processSelectedKeysOptimized(NioEventLoop.java:732) ~[nacos-client-3.1.1.jar:na]
	at com.alibaba.nacos.shaded.io.grpc.netty.shaded.io.netty.channel.nio.NioEventLoop.processSelectedKeys(NioEventLoop.java:658) ~[nacos-client-3.1.1.jar:na]
	at com.alibaba.nacos.shaded.io.grpc.netty.shaded.io.netty.channel.nio.NioEventLoop.run(NioEventLoop.java:562) ~[nacos-client-3.1.1.jar:na]
	at com.alibaba.nacos.shaded.io.grpc.netty.shaded.io.netty.util.concurrent.SingleThreadEventExecutor$4.run(SingleThreadEventExecutor.java:998) ~[nacos-client-3.1.1.jar:na]
	at com.alibaba.nacos.shaded.io.grpc.netty.shaded.io.netty.util.internal.ThreadExecutorMap$2.run(ThreadExecutorMap.java:74) ~[nacos-client-3.1.1.jar:na]
	at com.alibaba.nacos.shaded.io.grpc.netty.shaded.io.netty.util.concurrent.FastThreadLocalRunnable.run(FastThreadLocalRunnable.java:30) ~[nacos-client-3.1.1.jar:na]
	at java.base/java.lang.Thread.run(Thread.java:1516) ~[na:na]
2026-05-23 04:28:06.413 [com.alibaba.nacos.client.remote.worker.0] [none] INFO  c.alibaba.nacos.common.remote.client - [fea55945-3dac-4285-95d6-70c18b982bdf] Fail to connect server, after trying 2 times, last try server is {serverIp = '127.0.0.1', server main port = 8848}, error = unknown
2026-05-23 04:28:06.418 [com.alibaba.nacos.client.remote.worker.1] [none] INFO  c.a.n.c.r.client.grpc.GrpcClient - grpc client connection server: 127.0.0.1 ip, serverPort: 9848, grpcTslConfig: {"enableTls":false,"mutualAuthEnable":false,"trustAll":true}
2026-05-23 04:28:06.456 [com.alibaba.nacos.client.remote.worker.1] [none] ERROR c.a.n.c.r.client.grpc.GrpcClient - Server check fail, please check server 127.0.0.1, port 9848 is available, error ={}
java.util.concurrent.ExecutionException: com.alibaba.nacos.shaded.io.grpc.StatusRuntimeException: UNAVAILABLE: io exception
	at com.alibaba.nacos.shaded.com.google.common.util.concurrent.AbstractFuture.getDoneValue(AbstractFuture.java:596) ~[nacos-client-3.1.1.jar:na]
	at com.alibaba.nacos.shaded.com.google.common.util.concurrent.AbstractFuture.get(AbstractFuture.java:471) ~[nacos-client-3.1.1.jar:na]
	at com.alibaba.nacos.common.remote.client.grpc.GrpcClient.serverCheck(GrpcClient.java:234) ~[nacos-client-3.1.1.jar:na]
	at com.alibaba.nacos.common.remote.client.grpc.GrpcClient.connectToServer(GrpcClient.java:346) ~[nacos-client-3.1.1.jar:na]
	at com.alibaba.nacos.common.remote.client.RpcClient.reconnect(RpcClient.java:504) ~[nacos-client-3.1.1.jar:na]
	at com.alibaba.nacos.common.remote.client.RpcClient.lambda$start$1(RpcClient.java:330) ~[nacos-client-3.1.1.jar:na]
	at java.base/java.util.concurrent.Executors$RunnableAdapter.call(Executors.java:545) ~[na:na]
	at java.base/java.util.concurrent.FutureTask.run(FutureTask.java:330) ~[na:na]
	at java.base/java.util.concurrent.ScheduledThreadPoolExecutor$ScheduledFutureTask.run(ScheduledThreadPoolExecutor.java:309) ~[na:na]
	at java.base/java.util.concurrent.ThreadPoolExecutor.runWorker(ThreadPoolExecutor.java:1090) ~[na:na]
	at java.base/java.util.concurrent.ThreadPoolExecutor$Worker.run(ThreadPoolExecutor.java:614) ~[na:na]
	at java.base/java.lang.Thread.run(Thread.java:1516) ~[na:na]
Caused by: com.alibaba.nacos.shaded.io.grpc.StatusRuntimeException: UNAVAILABLE: io exception
	at com.alibaba.nacos.shaded.io.grpc.Status.asRuntimeException(Status.java:532) ~[nacos-client-3.1.1.jar:na]
	at com.alibaba.nacos.shaded.io.grpc.stub.ClientCalls$UnaryStreamToFuture.onClose(ClientCalls.java:638) ~[nacos-client-3.1.1.jar:na]
	at com.alibaba.nacos.shaded.io.grpc.internal.ClientCallImpl.closeObserver(ClientCallImpl.java:565) ~[nacos-client-3.1.1.jar:na]
	at com.alibaba.nacos.shaded.io.grpc.internal.ClientCallImpl.access$100(ClientCallImpl.java:72) ~[nacos-client-3.1.1.jar:na]
	at com.alibaba.nacos.shaded.io.grpc.internal.ClientCallImpl$ClientStreamListenerImpl$1StreamClosed.runInternal(ClientCallImpl.java:733) ~[nacos-client-3.1.1.jar:na]
	at com.alibaba.nacos.shaded.io.grpc.internal.ClientCallImpl$ClientStreamListenerImpl$1StreamClosed.runInContext(ClientCallImpl.java:714) ~[nacos-client-3.1.1.jar:na]
	at com.alibaba.nacos.shaded.io.grpc.internal.ContextRunnable.run(ContextRunnable.java:37) ~[nacos-client-3.1.1.jar:na]
	at com.alibaba.nacos.shaded.io.grpc.internal.SerializingExecutor.run(SerializingExecutor.java:133) ~[nacos-client-3.1.1.jar:na]
	... 3 common frames omitted
Caused by: com.alibaba.nacos.shaded.io.grpc.netty.shaded.io.netty.channel.AbstractChannel$AnnotatedConnectException: Connection refused: getsockopt: /127.0.0.1:9848
Caused by: java.net.ConnectException: Connection refused: getsockopt
	at java.base/sun.nio.ch.Net.pollConnect(Native Method) ~[na:na]
	at java.base/sun.nio.ch.Net.pollConnectNow(Net.java:642) ~[na:na]
	at java.base/sun.nio.ch.SocketChannelImpl.finishConnect(SocketChannelImpl.java:1043) ~[na:na]
	at com.alibaba.nacos.shaded.io.grpc.netty.shaded.io.netty.channel.socket.nio.NioSocketChannel.doFinishConnect(NioSocketChannel.java:336) ~[nacos-client-3.1.1.jar:na]
	at com.alibaba.nacos.shaded.io.grpc.netty.shaded.io.netty.channel.nio.AbstractNioChannel$AbstractNioUnsafe.finishConnect(AbstractNioChannel.java:339) ~[nacos-client-3.1.1.jar:na]
	at com.alibaba.nacos.shaded.io.grpc.netty.shaded.io.netty.channel.nio.NioEventLoop.processSelectedKey(NioEventLoop.java:784) ~[nacos-client-3.1.1.jar:na]
	at com.alibaba.nacos.shaded.io.grpc.netty.shaded.io.netty.channel.nio.NioEventLoop.processSelectedKeysOptimized(NioEventLoop.java:732) ~[nacos-client-3.1.1.jar:na]
	at com.alibaba.nacos.shaded.io.grpc.netty.shaded.io.netty.channel.nio.NioEventLoop.processSelectedKeys(NioEventLoop.java:658) ~[nacos-client-3.1.1.jar:na]
	at com.alibaba.nacos.shaded.io.grpc.netty.shaded.io.netty.channel.nio.NioEventLoop.run(NioEventLoop.java:562) ~[nacos-client-3.1.1.jar:na]
	at com.alibaba.nacos.shaded.io.grpc.netty.shaded.io.netty.util.concurrent.SingleThreadEventExecutor$4.run(SingleThreadEventExecutor.java:998) ~[nacos-client-3.1.1.jar:na]
	at com.alibaba.nacos.shaded.io.grpc.netty.shaded.io.netty.util.internal.ThreadExecutorMap$2.run(ThreadExecutorMap.java:74) ~[nacos-client-3.1.1.jar:na]
	at com.alibaba.nacos.shaded.io.grpc.netty.shaded.io.netty.util.concurrent.FastThreadLocalRunnable.run(FastThreadLocalRunnable.java:30) ~[nacos-client-3.1.1.jar:na]
	at java.base/java.lang.Thread.run(Thread.java:1516) ~[na:na]
2026-05-23 04:28:06.457 [com.alibaba.nacos.client.remote.worker.1] [none] INFO  c.alibaba.nacos.common.remote.client - [8a551e5b-2124-4ea3-8b61-6eddb879363e_config-0] Fail to connect server, after trying 1 times, last try server is {serverIp = '127.0.0.1', server main port = 8848}, error = unknown
2026-05-23 04:28:06.575 [lettuce-eventExecutorLoop-3-2] [none] INFO  i.l.core.protocol.ConnectionWatchdog - Reconnecting, last destination was localhost/127.0.0.1:16379
2026-05-23 04:28:06.656 [lettuce-nioEventLoop-5-2] [none] WARN  i.l.core.protocol.ConnectionWatchdog - Cannot reconnect to [localhost/<unresolved>:16379]: Connection refused: getsockopt: localhost/127.0.0.1:16379
2026-05-23 04:28:06.660 [com.alibaba.nacos.client.remote.worker.1] [none] INFO  c.a.n.c.r.client.grpc.GrpcClient - grpc client connection server: 127.0.0.1 ip, serverPort: 9848, grpcTslConfig: {"enableTls":false,"mutualAuthEnable":false,"trustAll":true}
2026-05-23 04:28:06.666 [com.alibaba.nacos.client.remote.worker.1] [none] INFO  c.a.n.c.r.client.grpc.GrpcClient - grpc client connection server: 127.0.0.1 ip, serverPort: 9848, grpcTslConfig: {"enableTls":false,"mutualAuthEnable":false,"trustAll":true}
2026-05-23 04:28:06.668 [com.alibaba.nacos.client.remote.worker.1] [none] INFO  c.a.n.c.r.client.grpc.GrpcClient - grpc client connection server: 127.0.0.1 ip, serverPort: 9848, grpcTslConfig: {"enableTls":false,"mutualAuthEnable":false,"trustAll":true}
2026-05-23 04:28:06.667 [com.alibaba.nacos.client.remote.worker.1] [none] ERROR c.a.n.c.r.client.grpc.GrpcClient - Server check fail, please check server 127.0.0.1, port 9848 is available, error ={}
java.util.concurrent.ExecutionException: com.alibaba.nacos.shaded.io.grpc.StatusRuntimeException: UNAVAILABLE: io exception
	at com.alibaba.nacos.shaded.com.google.common.util.concurrent.AbstractFuture.getDoneValue(AbstractFuture.java:596) ~[nacos-client-3.1.1.jar:na]
	at com.alibaba.nacos.shaded.com.google.common.util.concurrent.AbstractFuture.get(AbstractFuture.java:471) ~[nacos-client-3.1.1.jar:na]
	at com.alibaba.nacos.common.remote.client.grpc.GrpcClient.serverCheck(GrpcClient.java:234) ~[nacos-client-3.1.1.jar:na]
	at com.alibaba.nacos.common.remote.client.grpc.GrpcClient.connectToServer(GrpcClient.java:346) ~[nacos-client-3.1.1.jar:na]
	at com.alibaba.nacos.common.remote.client.RpcClient.reconnect(RpcClient.java:504) ~[nacos-client-3.1.1.jar:na]
	at com.alibaba.nacos.common.remote.client.RpcClient.lambda$start$1(RpcClient.java:330) ~[nacos-client-3.1.1.jar:na]
	at java.base/java.util.concurrent.Executors$RunnableAdapter.call(Executors.java:545) ~[na:na]
	at java.base/java.util.concurrent.FutureTask.run(FutureTask.java:330) ~[na:na]
	at java.base/java.util.concurrent.ScheduledThreadPoolExecutor$ScheduledFutureTask.run(ScheduledThreadPoolExecutor.java:309) ~[na:na]
	at java.base/java.util.concurrent.ThreadPoolExecutor.runWorker(ThreadPoolExecutor.java:1090) ~[na:na]
	at java.base/java.util.concurrent.ThreadPoolExecutor$Worker.run(ThreadPoolExecutor.java:614) ~[na:na]
	at java.base/java.lang.Thread.run(Thread.java:1516) ~[na:na]
Caused by: com.alibaba.nacos.shaded.io.grpc.StatusRuntimeException: UNAVAILABLE: io exception
	at com.alibaba.nacos.shaded.io.grpc.Status.asRuntimeException(Status.java:532) ~[nacos-client-3.1.1.jar:na]
	at com.alibaba.nacos.shaded.io.grpc.stub.ClientCalls$UnaryStreamToFuture.onClose(ClientCalls.java:638) ~[nacos-client-3.1.1.jar:na]
	at com.alibaba.nacos.shaded.io.grpc.internal.ClientCallImpl.closeObserver(ClientCallImpl.java:565) ~[nacos-client-3.1.1.jar:na]
	at com.alibaba.nacos.shaded.io.grpc.internal.ClientCallImpl.access$100(ClientCallImpl.java:72) ~[nacos-client-3.1.1.jar:na]
	at com.alibaba.nacos.shaded.io.grpc.internal.ClientCallImpl$ClientStreamListenerImpl$1StreamClosed.runInternal(ClientCallImpl.java:733) ~[nacos-client-3.1.1.jar:na]
	at com.alibaba.nacos.shaded.io.grpc.internal.ClientCallImpl$ClientStreamListenerImpl$1StreamClosed.runInContext(ClientCallImpl.java:714) ~[nacos-client-3.1.1.jar:na]
	at com.alibaba.nacos.shaded.io.grpc.internal.ContextRunnable.run(ContextRunnable.java:37) ~[nacos-client-3.1.1.jar:na]
	at com.alibaba.nacos.shaded.io.grpc.internal.SerializingExecutor.run(SerializingExecutor.java:133) ~[nacos-client-3.1.1.jar:na]
	... 3 common frames omitted
Caused by: com.alibaba.nacos.shaded.io.grpc.netty.shaded.io.netty.channel.AbstractChannel$AnnotatedConnectException: Connection refused: getsockopt: /127.0.0.1:9848
Caused by: java.net.ConnectException: Connection refused: getsockopt
	at java.base/sun.nio.ch.Net.pollConnect(Native Method) ~[na:na]
	at java.base/sun.nio.ch.Net.pollConnectNow(Net.java:642) ~[na:na]
	at java.base/sun.nio.ch.SocketChannelImpl.finishConnect(SocketChannelImpl.java:1043) ~[na:na]
	at com.alibaba.nacos.shaded.io.grpc.netty.shaded.io.netty.channel.socket.nio.NioSocketChannel.doFinishConnect(NioSocketChannel.java:336) ~[nacos-client-3.1.1.jar:na]
	at com.alibaba.nacos.shaded.io.grpc.netty.shaded.io.netty.channel.nio.AbstractNioChannel$AbstractNioUnsafe.finishConnect(AbstractNioChannel.java:339) ~[nacos-client-3.1.1.jar:na]
	at com.alibaba.nacos.shaded.io.grpc.netty.shaded.io.netty.channel.nio.NioEventLoop.processSelectedKey(NioEventLoop.java:784) ~[nacos-client-3.1.1.jar:na]
	at com.alibaba.nacos.shaded.io.grpc.netty.shaded.io.netty.channel.nio.NioEventLoop.processSelectedKeysOptimized(NioEventLoop.java:732) ~[nacos-client-3.1.1.jar:na]
	at com.alibaba.nacos.shaded.io.grpc.netty.shaded.io.netty.channel.nio.NioEventLoop.processSelectedKeys(NioEventLoop.java:658) ~[nacos-client-3.1.1.jar:na]
	at com.alibaba.nacos.shaded.io.grpc.netty.shaded.io.netty.channel.nio.NioEventLoop.run(NioEventLoop.java:562) ~[nacos-client-3.1.1.jar:na]
	at com.alibaba.nacos.shaded.io.grpc.netty.shaded.io.netty.util.concurrent.SingleThreadEventExecutor$4.run(SingleThreadEventExecutor.java:998) ~[nacos-client-3.1.1.jar:na]
	at com.alibaba.nacos.shaded.io.grpc.netty.shaded.io.netty.util.internal.ThreadExecutorMap$2.run(ThreadExecutorMap.java:74) ~[nacos-client-3.1.1.jar:na]
	at com.alibaba.nacos.shaded.io.grpc.netty.shaded.io.netty.util.concurrent.FastThreadLocalRunnable.run(FastThreadLocalRunnable.java:30) ~[nacos-client-3.1.1.jar:na]
	at java.base/java.lang.Thread.run(Thread.java:1516) ~[na:na]
2026-05-23 04:28:06.668 [com.alibaba.nacos.client.remote.worker.1] [none] INFO  c.alibaba.nacos.common.remote.client - [8a551e5b-2124-4ea3-8b61-6eddb879363e_config-0] Fail to connect server, after trying 2 times, last try server is {serverIp = '127.0.0.1', server main port = 8848}, error = unknown
2026-05-23 04:28:06.669 [com.alibaba.nacos.client.remote.worker.1] [none] ERROR c.a.n.c.r.client.grpc.GrpcClient - Server check fail, please check server 127.0.0.1, port 9848 is available, error ={}
java.util.concurrent.ExecutionException: com.alibaba.nacos.shaded.io.grpc.StatusRuntimeException: UNAVAILABLE: io exception
	at com.alibaba.nacos.shaded.com.google.common.util.concurrent.AbstractFuture.getDoneValue(AbstractFuture.java:596) ~[nacos-client-3.1.1.jar:na]
	at com.alibaba.nacos.shaded.com.google.common.util.concurrent.AbstractFuture.get(AbstractFuture.java:471) ~[nacos-client-3.1.1.jar:na]
	at com.alibaba.nacos.common.remote.client.grpc.GrpcClient.serverCheck(GrpcClient.java:234) ~[nacos-client-3.1.1.jar:na]
	at com.alibaba.nacos.common.remote.client.grpc.GrpcClient.connectToServer(GrpcClient.java:346) ~[nacos-client-3.1.1.jar:na]
	at com.alibaba.nacos.common.remote.client.RpcClient.reconnect(RpcClient.java:504) ~[nacos-client-3.1.1.jar:na]
	at com.alibaba.nacos.common.remote.client.RpcClient.lambda$start$1(RpcClient.java:330) ~[nacos-client-3.1.1.jar:na]
	at java.base/java.util.concurrent.Executors$RunnableAdapter.call(Executors.java:545) ~[na:na]
	at java.base/java.util.concurrent.FutureTask.run(FutureTask.java:330) ~[na:na]
	at java.base/java.util.concurrent.ScheduledThreadPoolExecutor$ScheduledFutureTask.run(ScheduledThreadPoolExecutor.java:309) ~[na:na]
	at java.base/java.util.concurrent.ThreadPoolExecutor.runWorker(ThreadPoolExecutor.java:1090) ~[na:na]
	at java.base/java.util.concurrent.ThreadPoolExecutor$Worker.run(ThreadPoolExecutor.java:614) ~[na:na]
	at java.base/java.lang.Thread.run(Thread.java:1516) ~[na:na]
Caused by: com.alibaba.nacos.shaded.io.grpc.StatusRuntimeException: UNAVAILABLE: io exception
	at com.alibaba.nacos.shaded.io.grpc.Status.asRuntimeException(Status.java:532) ~[nacos-client-3.1.1.jar:na]
	at com.alibaba.nacos.shaded.io.grpc.stub.ClientCalls$UnaryStreamToFuture.onClose(ClientCalls.java:638) ~[nacos-client-3.1.1.jar:na]
	at com.alibaba.nacos.shaded.io.grpc.internal.DelayedClientCall$DelayedListener$3.run(DelayedClientCall.java:487) ~[nacos-client-3.1.1.jar:na]
	at com.alibaba.nacos.shaded.io.grpc.internal.DelayedClientCall$DelayedListener.delayOrExecute(DelayedClientCall.java:451) ~[nacos-client-3.1.1.jar:na]
	at com.alibaba.nacos.shaded.io.grpc.internal.DelayedClientCall$DelayedListener.onClose(DelayedClientCall.java:484) ~[nacos-client-3.1.1.jar:na]
	at com.alibaba.nacos.shaded.io.grpc.internal.ClientCallImpl.closeObserver(ClientCallImpl.java:565) ~[nacos-client-3.1.1.jar:na]
	at com.alibaba.nacos.shaded.io.grpc.internal.ClientCallImpl.access$100(ClientCallImpl.java:72) ~[nacos-client-3.1.1.jar:na]
	at com.alibaba.nacos.shaded.io.grpc.internal.ClientCallImpl$ClientStreamListenerImpl$1StreamClosed.runInternal(ClientCallImpl.java:733) ~[nacos-client-3.1.1.jar:na]
	at com.alibaba.nacos.shaded.io.grpc.internal.ClientCallImpl$ClientStreamListenerImpl$1StreamClosed.runInContext(ClientCallImpl.java:714) ~[nacos-client-3.1.1.jar:na]
	at com.alibaba.nacos.shaded.io.grpc.internal.ContextRunnable.run(ContextRunnable.java:37) ~[nacos-client-3.1.1.jar:na]
	at com.alibaba.nacos.shaded.io.grpc.internal.SerializingExecutor.run(SerializingExecutor.java:133) ~[nacos-client-3.1.1.jar:na]
	... 3 common frames omitted
Caused by: com.alibaba.nacos.shaded.io.grpc.netty.shaded.io.netty.channel.AbstractChannel$AnnotatedConnectException: Connection refused: getsockopt: /127.0.0.1:9848
Caused by: java.net.ConnectException: Connection refused: getsockopt
	at java.base/sun.nio.ch.Net.pollConnect(Native Method) ~[na:na]
	at java.base/sun.nio.ch.Net.pollConnectNow(Net.java:642) ~[na:na]
	at java.base/sun.nio.ch.SocketChannelImpl.finishConnect(SocketChannelImpl.java:1043) ~[na:na]
	at com.alibaba.nacos.shaded.io.grpc.netty.shaded.io.netty.channel.socket.nio.NioSocketChannel.doFinishConnect(NioSocketChannel.java:336) ~[nacos-client-3.1.1.jar:na]
	at com.alibaba.nacos.shaded.io.grpc.netty.shaded.io.netty.channel.nio.AbstractNioChannel$AbstractNioUnsafe.finishConnect(AbstractNioChannel.java:339) ~[nacos-client-3.1.1.jar:na]
	at com.alibaba.nacos.shaded.io.grpc.netty.shaded.io.netty.channel.nio.NioEventLoop.processSelectedKey(NioEventLoop.java:784) ~[nacos-client-3.1.1.jar:na]
	at com.alibaba.nacos.shaded.io.grpc.netty.shaded.io.netty.channel.nio.NioEventLoop.processSelectedKeysOptimized(NioEventLoop.java:732) ~[nacos-client-3.1.1.jar:na]
	at com.alibaba.nacos.shaded.io.grpc.netty.shaded.io.netty.channel.nio.NioEventLoop.processSelectedKeys(NioEventLoop.java:658) ~[nacos-client-3.1.1.jar:na]
	at com.alibaba.nacos.shaded.io.grpc.netty.shaded.io.netty.channel.nio.NioEventLoop.run(NioEventLoop.java:562) ~[nacos-client-3.1.1.jar:na]
	at com.alibaba.nacos.shaded.io.grpc.netty.shaded.io.netty.util.concurrent.SingleThreadEventExecutor$4.run(SingleThreadEventExecutor.java:998) ~[nacos-client-3.1.1.jar:na]
	at com.alibaba.nacos.shaded.io.grpc.netty.shaded.io.netty.util.internal.ThreadExecutorMap$2.run(ThreadExecutorMap.java:74) ~[nacos-client-3.1.1.jar:na]
	at com.alibaba.nacos.shaded.io.grpc.netty.shaded.io.netty.util.concurrent.FastThreadLocalRunnable.run(FastThreadLocalRunnable.java:30) ~[nacos-client-3.1.1.jar:na]
	at java.base/java.lang.Thread.run(Thread.java:1516) ~[na:na]
2026-05-23 04:28:06.670 [com.alibaba.nacos.client.remote.worker.1] [none] INFO  c.alibaba.nacos.common.remote.client - [6764362a-d121-495f-8655-2cae28919063_config-0] Fail to connect server, after trying 3 times, last try server is {serverIp = '127.0.0.1', server main port = 8848}, error = unknown
2026-05-23 04:28:06.672 [com.alibaba.nacos.client.remote.worker.1] [none] ERROR c.a.n.c.r.client.grpc.GrpcClient - Server check fail, please check server 127.0.0.1, port 9848 is available, error ={}
java.util.concurrent.ExecutionException: com.alibaba.nacos.shaded.io.grpc.StatusRuntimeException: UNAVAILABLE: io exception
	at com.alibaba.nacos.shaded.com.google.common.util.concurrent.AbstractFuture.getDoneValue(AbstractFuture.java:596) ~[nacos-client-3.1.1.jar:na]
	at com.alibaba.nacos.shaded.com.google.common.util.concurrent.AbstractFuture.get(AbstractFuture.java:471) ~[nacos-client-3.1.1.jar:na]
	at com.alibaba.nacos.common.remote.client.grpc.GrpcClient.serverCheck(GrpcClient.java:234) ~[nacos-client-3.1.1.jar:na]
	at com.alibaba.nacos.common.remote.client.grpc.GrpcClient.connectToServer(GrpcClient.java:346) ~[nacos-client-3.1.1.jar:na]
	at com.alibaba.nacos.common.remote.client.RpcClient.reconnect(RpcClient.java:504) ~[nacos-client-3.1.1.jar:na]
	at com.alibaba.nacos.common.remote.client.RpcClient.lambda$start$1(RpcClient.java:330) ~[nacos-client-3.1.1.jar:na]
	at java.base/java.util.concurrent.Executors$RunnableAdapter.call(Executors.java:545) ~[na:na]
	at java.base/java.util.concurrent.FutureTask.run(FutureTask.java:330) ~[na:na]
	at java.base/java.util.concurrent.ScheduledThreadPoolExecutor$ScheduledFutureTask.run(ScheduledThreadPoolExecutor.java:309) ~[na:na]
	at java.base/java.util.concurrent.ThreadPoolExecutor.runWorker(ThreadPoolExecutor.java:1090) ~[na:na]
	at java.base/java.util.concurrent.ThreadPoolExecutor$Worker.run(ThreadPoolExecutor.java:614) ~[na:na]
	at java.base/java.lang.Thread.run(Thread.java:1516) ~[na:na]
Caused by: com.alibaba.nacos.shaded.io.grpc.StatusRuntimeException: UNAVAILABLE: io exception
	at com.alibaba.nacos.shaded.io.grpc.Status.asRuntimeException(Status.java:532) ~[nacos-client-3.1.1.jar:na]
	at com.alibaba.nacos.shaded.io.grpc.stub.ClientCalls$UnaryStreamToFuture.onClose(ClientCalls.java:638) ~[nacos-client-3.1.1.jar:na]
	at com.alibaba.nacos.shaded.io.grpc.internal.DelayedClientCall$DelayedListener$3.run(DelayedClientCall.java:487) ~[nacos-client-3.1.1.jar:na]
	at com.alibaba.nacos.shaded.io.grpc.internal.DelayedClientCall$DelayedListener.delayOrExecute(DelayedClientCall.java:451) ~[nacos-client-3.1.1.jar:na]
	at com.alibaba.nacos.shaded.io.grpc.internal.DelayedClientCall$DelayedListener.onClose(DelayedClientCall.java:484) ~[nacos-client-3.1.1.jar:na]
	at com.alibaba.nacos.shaded.io.grpc.internal.ClientCallImpl.closeObserver(ClientCallImpl.java:565) ~[nacos-client-3.1.1.jar:na]
	at com.alibaba.nacos.shaded.io.grpc.internal.ClientCallImpl.access$100(ClientCallImpl.java:72) ~[nacos-client-3.1.1.jar:na]
	at com.alibaba.nacos.shaded.io.grpc.internal.ClientCallImpl$ClientStreamListenerImpl$1StreamClosed.runInternal(ClientCallImpl.java:733) ~[nacos-client-3.1.1.jar:na]
	at com.alibaba.nacos.shaded.io.grpc.internal.ClientCallImpl$ClientStreamListenerImpl$1StreamClosed.runInContext(ClientCallImpl.java:714) ~[nacos-client-3.1.1.jar:na]
	at com.alibaba.nacos.shaded.io.grpc.internal.ContextRunnable.run(ContextRunnable.java:37) ~[nacos-client-3.1.1.jar:na]
	at com.alibaba.nacos.shaded.io.grpc.internal.SerializingExecutor.run(SerializingExecutor.java:133) ~[nacos-client-3.1.1.jar:na]
	... 3 common frames omitted
Caused by: com.alibaba.nacos.shaded.io.grpc.netty.shaded.io.netty.channel.AbstractChannel$AnnotatedConnectException: Connection refused: getsockopt: /127.0.0.1:9848
Caused by: java.net.ConnectException: Connection refused: getsockopt
	at java.base/sun.nio.ch.Net.pollConnect(Native Method) ~[na:na]
	at java.base/sun.nio.ch.Net.pollConnectNow(Net.java:642) ~[na:na]
	at java.base/sun.nio.ch.SocketChannelImpl.finishConnect(SocketChannelImpl.java:1043) ~[na:na]
	at com.alibaba.nacos.shaded.io.grpc.netty.shaded.io.netty.channel.socket.nio.NioSocketChannel.doFinishConnect(NioSocketChannel.java:336) ~[nacos-client-3.1.1.jar:na]
	at com.alibaba.nacos.shaded.io.grpc.netty.shaded.io.netty.channel.nio.AbstractNioChannel$AbstractNioUnsafe.finishConnect(AbstractNioChannel.java:339) ~[nacos-client-3.1.1.jar:na]
	at com.alibaba.nacos.shaded.io.grpc.netty.shaded.io.netty.channel.nio.NioEventLoop.processSelectedKey(NioEventLoop.java:784) ~[nacos-client-3.1.1.jar:na]
	at com.alibaba.nacos.shaded.io.grpc.netty.shaded.io.netty.channel.nio.NioEventLoop.processSelectedKeysOptimized(NioEventLoop.java:732) ~[nacos-client-3.1.1.jar:na]
	at com.alibaba.nacos.shaded.io.grpc.netty.shaded.io.netty.channel.nio.NioEventLoop.processSelectedKeys(NioEventLoop.java:658) ~[nacos-client-3.1.1.jar:na]
	at com.alibaba.nacos.shaded.io.grpc.netty.shaded.io.netty.channel.nio.NioEventLoop.run(NioEventLoop.java:562) ~[nacos-client-3.1.1.jar:na]
	at com.alibaba.nacos.shaded.io.grpc.netty.shaded.io.netty.util.concurrent.SingleThreadEventExecutor$4.run(SingleThreadEventExecutor.java:998) ~[nacos-client-3.1.1.jar:na]
	at com.alibaba.nacos.shaded.io.grpc.netty.shaded.io.netty.util.internal.ThreadExecutorMap$2.run(ThreadExecutorMap.java:74) ~[nacos-client-3.1.1.jar:na]
	at com.alibaba.nacos.shaded.io.grpc.netty.shaded.io.netty.util.concurrent.FastThreadLocalRunnable.run(FastThreadLocalRunnable.java:30) ~[nacos-client-3.1.1.jar:na]
	at java.base/java.lang.Thread.run(Thread.java:1516) ~[na:na]
2026-05-23 04:28:06.673 [com.alibaba.nacos.client.remote.worker.1] [none] INFO  c.alibaba.nacos.common.remote.client - [5cf17f69-490a-42ee-aaa9-3bf49c79b1fb_config-0] Fail to connect server, after trying 3 times, last try server is {serverIp = '127.0.0.1', server main port = 8848}, error = unknown
2026-05-23 04:28:06.714 [com.alibaba.nacos.client.remote.worker.0] [none] INFO  c.a.n.c.r.client.grpc.GrpcClient - grpc client connection server: 127.0.0.1 ip, serverPort: 9848, grpcTslConfig: {"enableTls":false,"mutualAuthEnable":false,"trustAll":true}
2026-05-23 04:28:06.719 [com.alibaba.nacos.client.remote.worker.0] [none] ERROR c.a.n.c.r.client.grpc.GrpcClient - Server check fail, please check server 127.0.0.1, port 9848 is available, error ={}
java.util.concurrent.ExecutionException: com.alibaba.nacos.shaded.io.grpc.StatusRuntimeException: UNAVAILABLE: io exception
	at com.alibaba.nacos.shaded.com.google.common.util.concurrent.AbstractFuture.getDoneValue(AbstractFuture.java:596) ~[nacos-client-3.1.1.jar:na]
	at com.alibaba.nacos.shaded.com.google.common.util.concurrent.AbstractFuture.get(AbstractFuture.java:471) ~[nacos-client-3.1.1.jar:na]
	at com.alibaba.nacos.common.remote.client.grpc.GrpcClient.serverCheck(GrpcClient.java:234) ~[nacos-client-3.1.1.jar:na]
	at com.alibaba.nacos.common.remote.client.grpc.GrpcClient.connectToServer(GrpcClient.java:346) ~[nacos-client-3.1.1.jar:na]
	at com.alibaba.nacos.common.remote.client.RpcClient.reconnect(RpcClient.java:504) ~[nacos-client-3.1.1.jar:na]
	at com.alibaba.nacos.common.remote.client.RpcClient.lambda$start$1(RpcClient.java:330) ~[nacos-client-3.1.1.jar:na]
	at java.base/java.util.concurrent.Executors$RunnableAdapter.call(Executors.java:545) ~[na:na]
	at java.base/java.util.concurrent.FutureTask.run(FutureTask.java:330) ~[na:na]
	at java.base/java.util.concurrent.ScheduledThreadPoolExecutor$ScheduledFutureTask.run(ScheduledThreadPoolExecutor.java:309) ~[na:na]
	at java.base/java.util.concurrent.ThreadPoolExecutor.runWorker(ThreadPoolExecutor.java:1090) ~[na:na]
	at java.base/java.util.concurrent.ThreadPoolExecutor$Worker.run(ThreadPoolExecutor.java:614) ~[na:na]
	at java.base/java.lang.Thread.run(Thread.java:1516) ~[na:na]
Caused by: com.alibaba.nacos.shaded.io.grpc.StatusRuntimeException: UNAVAILABLE: io exception
	at com.alibaba.nacos.shaded.io.grpc.Status.asRuntimeException(Status.java:532) ~[nacos-client-3.1.1.jar:na]
	at com.alibaba.nacos.shaded.io.grpc.stub.ClientCalls$UnaryStreamToFuture.onClose(ClientCalls.java:638) ~[nacos-client-3.1.1.jar:na]
	at com.alibaba.nacos.shaded.io.grpc.internal.DelayedClientCall$DelayedListener$3.run(DelayedClientCall.java:487) ~[nacos-client-3.1.1.jar:na]
	at com.alibaba.nacos.shaded.io.grpc.internal.DelayedClientCall$DelayedListener.delayOrExecute(DelayedClientCall.java:451) ~[nacos-client-3.1.1.jar:na]
	at com.alibaba.nacos.shaded.io.grpc.internal.DelayedClientCall$DelayedListener.onClose(DelayedClientCall.java:484) ~[nacos-client-3.1.1.jar:na]
	at com.alibaba.nacos.shaded.io.grpc.internal.ClientCallImpl.closeObserver(ClientCallImpl.java:565) ~[nacos-client-3.1.1.jar:na]
	at com.alibaba.nacos.shaded.io.grpc.internal.ClientCallImpl.access$100(ClientCallImpl.java:72) ~[nacos-client-3.1.1.jar:na]
	at com.alibaba.nacos.shaded.io.grpc.internal.ClientCallImpl$ClientStreamListenerImpl$1StreamClosed.runInternal(ClientCallImpl.java:733) ~[nacos-client-3.1.1.jar:na]
	at com.alibaba.nacos.shaded.io.grpc.internal.ClientCallImpl$ClientStreamListenerImpl$1StreamClosed.runInContext(ClientCallImpl.java:714) ~[nacos-client-3.1.1.jar:na]
	at com.alibaba.nacos.shaded.io.grpc.internal.ContextRunnable.run(ContextRunnable.java:37) ~[nacos-client-3.1.1.jar:na]
	at com.alibaba.nacos.shaded.io.grpc.internal.SerializingExecutor.run(SerializingExecutor.java:133) ~[nacos-client-3.1.1.jar:na]
	... 3 common frames omitted
Caused by: com.alibaba.nacos.shaded.io.grpc.netty.shaded.io.netty.channel.AbstractChannel$AnnotatedConnectException: Connection refused: getsockopt: /127.0.0.1:9848
Caused by: java.net.ConnectException: Connection refused: getsockopt
	at java.base/sun.nio.ch.Net.pollConnect(Native Method) ~[na:na]
	at java.base/sun.nio.ch.Net.pollConnectNow(Net.java:642) ~[na:na]
	at java.base/sun.nio.ch.SocketChannelImpl.finishConnect(SocketChannelImpl.java:1043) ~[na:na]
	at com.alibaba.nacos.shaded.io.grpc.netty.shaded.io.netty.channel.socket.nio.NioSocketChannel.doFinishConnect(NioSocketChannel.java:336) ~[nacos-client-3.1.1.jar:na]
	at com.alibaba.nacos.shaded.io.grpc.netty.shaded.io.netty.channel.nio.AbstractNioChannel$AbstractNioUnsafe.finishConnect(AbstractNioChannel.java:339) ~[nacos-client-3.1.1.jar:na]
	at com.alibaba.nacos.shaded.io.grpc.netty.shaded.io.netty.channel.nio.NioEventLoop.processSelectedKey(NioEventLoop.java:784) ~[nacos-client-3.1.1.jar:na]
	at com.alibaba.nacos.shaded.io.grpc.netty.shaded.io.netty.channel.nio.NioEventLoop.processSelectedKeysOptimized(NioEventLoop.java:732) ~[nacos-client-3.1.1.jar:na]
	at com.alibaba.nacos.shaded.io.grpc.netty.shaded.io.netty.channel.nio.NioEventLoop.processSelectedKeys(NioEventLoop.java:658) ~[nacos-client-3.1.1.jar:na]
	at com.alibaba.nacos.shaded.io.grpc.netty.shaded.io.netty.channel.nio.NioEventLoop.run(NioEventLoop.java:562) ~[nacos-client-3.1.1.jar:na]
	at com.alibaba.nacos.shaded.io.grpc.netty.shaded.io.netty.util.concurrent.SingleThreadEventExecutor$4.run(SingleThreadEventExecutor.java:998) ~[nacos-client-3.1.1.jar:na]
	at com.alibaba.nacos.shaded.io.grpc.netty.shaded.io.netty.util.internal.ThreadExecutorMap$2.run(ThreadExecutorMap.java:74) ~[nacos-client-3.1.1.jar:na]
	at com.alibaba.nacos.shaded.io.grpc.netty.shaded.io.netty.util.concurrent.FastThreadLocalRunnable.run(FastThreadLocalRunnable.java:30) ~[nacos-client-3.1.1.jar:na]
	at java.base/java.lang.Thread.run(Thread.java:1516) ~[na:na]
2026-05-23 04:28:06.719 [com.alibaba.nacos.client.remote.worker.0] [none] INFO  c.alibaba.nacos.common.remote.client - [fea55945-3dac-4285-95d6-70c18b982bdf] Fail to connect server, after trying 3 times, last try server is {serverIp = '127.0.0.1', server main port = 8848}, error = unknown
2026-05-23 04:28:06.969 [com.alibaba.nacos.client.remote.worker.1] [none] INFO  c.a.n.c.r.client.grpc.GrpcClient - grpc client connection server: 127.0.0.1 ip, serverPort: 9848, grpcTslConfig: {"enableTls":false,"mutualAuthEnable":false,"trustAll":true}
2026-05-23 04:28:06.972 [com.alibaba.nacos.client.remote.worker.1] [none] ERROR c.a.n.c.r.client.grpc.GrpcClient - Server check fail, please check server 127.0.0.1, port 9848 is available, error ={}
java.util.concurrent.ExecutionException: com.alibaba.nacos.shaded.io.grpc.StatusRuntimeException: UNAVAILABLE: io exception
	at com.alibaba.nacos.shaded.com.google.common.util.concurrent.AbstractFuture.getDoneValue(AbstractFuture.java:596) ~[nacos-client-3.1.1.jar:na]
	at com.alibaba.nacos.shaded.com.google.common.util.concurrent.AbstractFuture.get(AbstractFuture.java:471) ~[nacos-client-3.1.1.jar:na]
	at com.alibaba.nacos.common.remote.client.grpc.GrpcClient.serverCheck(GrpcClient.java:234) ~[nacos-client-3.1.1.jar:na]
	at com.alibaba.nacos.common.remote.client.grpc.GrpcClient.connectToServer(GrpcClient.java:346) ~[nacos-client-3.1.1.jar:na]
	at com.alibaba.nacos.common.remote.client.RpcClient.reconnect(RpcClient.java:504) ~[nacos-client-3.1.1.jar:na]
	at com.alibaba.nacos.common.remote.client.RpcClient.lambda$start$1(RpcClient.java:330) ~[nacos-client-3.1.1.jar:na]
	at java.base/java.util.concurrent.Executors$RunnableAdapter.call(Executors.java:545) ~[na:na]
	at java.base/java.util.concurrent.FutureTask.run(FutureTask.java:330) ~[na:na]
	at java.base/java.util.concurrent.ScheduledThreadPoolExecutor$ScheduledFutureTask.run(ScheduledThreadPoolExecutor.java:309) ~[na:na]
	at java.base/java.util.concurrent.ThreadPoolExecutor.runWorker(ThreadPoolExecutor.java:1090) ~[na:na]
	at java.base/java.util.concurrent.ThreadPoolExecutor$Worker.run(ThreadPoolExecutor.java:614) ~[na:na]
	at java.base/java.lang.Thread.run(Thread.java:1516) ~[na:na]
Caused by: com.alibaba.nacos.shaded.io.grpc.StatusRuntimeException: UNAVAILABLE: io exception
	at com.alibaba.nacos.shaded.io.grpc.Status.asRuntimeException(Status.java:532) ~[nacos-client-3.1.1.jar:na]
	at com.alibaba.nacos.shaded.io.grpc.stub.ClientCalls$UnaryStreamToFuture.onClose(ClientCalls.java:638) ~[nacos-client-3.1.1.jar:na]
	at com.alibaba.nacos.shaded.io.grpc.internal.DelayedClientCall$DelayedListener$3.run(DelayedClientCall.java:487) ~[nacos-client-3.1.1.jar:na]
	at com.alibaba.nacos.shaded.io.grpc.internal.DelayedClientCall$DelayedListener.delayOrExecute(DelayedClientCall.java:451) ~[nacos-client-3.1.1.jar:na]
	at com.alibaba.nacos.shaded.io.grpc.internal.DelayedClientCall$DelayedListener.onClose(DelayedClientCall.java:484) ~[nacos-client-3.1.1.jar:na]
	at com.alibaba.nacos.shaded.io.grpc.internal.ClientCallImpl.closeObserver(ClientCallImpl.java:565) ~[nacos-client-3.1.1.jar:na]
	at com.alibaba.nacos.shaded.io.grpc.internal.ClientCallImpl.access$100(ClientCallImpl.java:72) ~[nacos-client-3.1.1.jar:na]
	at com.alibaba.nacos.shaded.io.grpc.internal.ClientCallImpl$ClientStreamListenerImpl$1StreamClosed.runInternal(ClientCallImpl.java:733) ~[nacos-client-3.1.1.jar:na]
	at com.alibaba.nacos.shaded.io.grpc.internal.ClientCallImpl$ClientStreamListenerImpl$1StreamClosed.runInContext(ClientCallImpl.java:714) ~[nacos-client-3.1.1.jar:na]
	at com.alibaba.nacos.shaded.io.grpc.internal.ContextRunnable.run(ContextRunnable.java:37) ~[nacos-client-3.1.1.jar:na]
	at com.alibaba.nacos.shaded.io.grpc.internal.SerializingExecutor.run(SerializingExecutor.java:133) ~[nacos-client-3.1.1.jar:na]
	... 3 common frames omitted
Caused by: com.alibaba.nacos.shaded.io.grpc.netty.shaded.io.netty.channel.AbstractChannel$AnnotatedConnectException: Connection refused: getsockopt: /127.0.0.1:9848
Caused by: java.net.ConnectException: Connection refused: getsockopt
	at java.base/sun.nio.ch.Net.pollConnect(Native Method) ~[na:na]
	at java.base/sun.nio.ch.Net.pollConnectNow(Net.java:642) ~[na:na]
	at java.base/sun.nio.ch.SocketChannelImpl.finishConnect(SocketChannelImpl.java:1043) ~[na:na]
	at com.alibaba.nacos.shaded.io.grpc.netty.shaded.io.netty.channel.socket.nio.NioSocketChannel.doFinishConnect(NioSocketChannel.java:336) ~[nacos-client-3.1.1.jar:na]
	at com.alibaba.nacos.shaded.io.grpc.netty.shaded.io.netty.channel.nio.AbstractNioChannel$AbstractNioUnsafe.finishConnect(AbstractNioChannel.java:339) ~[nacos-client-3.1.1.jar:na]
	at com.alibaba.nacos.shaded.io.grpc.netty.shaded.io.netty.channel.nio.NioEventLoop.processSelectedKey(NioEventLoop.java:784) ~[nacos-client-3.1.1.jar:na]
	at com.alibaba.nacos.shaded.io.grpc.netty.shaded.io.netty.channel.nio.NioEventLoop.processSelectedKeysOptimized(NioEventLoop.java:732) ~[nacos-client-3.1.1.jar:na]
	at com.alibaba.nacos.shaded.io.grpc.netty.shaded.io.netty.channel.nio.NioEventLoop.processSelectedKeys(NioEventLoop.java:658) ~[nacos-client-3.1.1.jar:na]
	at com.alibaba.nacos.shaded.io.grpc.netty.shaded.io.netty.channel.nio.NioEventLoop.run(NioEventLoop.java:562) ~[nacos-client-3.1.1.jar:na]
	at com.alibaba.nacos.shaded.io.grpc.netty.shaded.io.netty.util.concurrent.SingleThreadEventExecutor$4.run(SingleThreadEventExecutor.java:998) ~[nacos-client-3.1.1.jar:na]
	at com.alibaba.nacos.shaded.io.grpc.netty.shaded.io.netty.util.internal.ThreadExecutorMap$2.run(ThreadExecutorMap.java:74) ~[nacos-client-3.1.1.jar:na]
	at com.alibaba.nacos.shaded.io.grpc.netty.shaded.io.netty.util.concurrent.FastThreadLocalRunnable.run(FastThreadLocalRunnable.java:30) ~[nacos-client-3.1.1.jar:na]
	at java.base/java.lang.Thread.run(Thread.java:1516) ~[na:na]
2026-05-23 04:28:06.973 [com.alibaba.nacos.client.remote.worker.1] [none] INFO  c.alibaba.nacos.common.remote.client - [8a551e5b-2124-4ea3-8b61-6eddb879363e_config-0] Fail to connect server, after trying 3 times, last try server is {serverIp = '127.0.0.1', server main port = 8848}, error = unknown
2026-05-23 04:28:07.070 [com.alibaba.nacos.client.remote.worker.1] [none] INFO  c.a.n.c.r.client.grpc.GrpcClient - grpc client connection server: 127.0.0.1 ip, serverPort: 9848, grpcTslConfig: {"enableTls":false,"mutualAuthEnable":false,"trustAll":true}
2026-05-23 04:28:07.074 [com.alibaba.nacos.client.remote.worker.1] [none] INFO  c.a.n.c.r.client.grpc.GrpcClient - grpc client connection server: 127.0.0.1 ip, serverPort: 9848, grpcTslConfig: {"enableTls":false,"mutualAuthEnable":false,"trustAll":true}
2026-05-23 04:28:07.076 [com.alibaba.nacos.client.remote.worker.1] [none] ERROR c.a.n.c.r.client.grpc.GrpcClient - Server check fail, please check server 127.0.0.1, port 9848 is available, error ={}
java.util.concurrent.ExecutionException: com.alibaba.nacos.shaded.io.grpc.StatusRuntimeException: UNAVAILABLE: io exception
	at com.alibaba.nacos.shaded.com.google.common.util.concurrent.AbstractFuture.getDoneValue(AbstractFuture.java:596) ~[nacos-client-3.1.1.jar:na]
	at com.alibaba.nacos.shaded.com.google.common.util.concurrent.AbstractFuture.get(AbstractFuture.java:471) ~[nacos-client-3.1.1.jar:na]
	at com.alibaba.nacos.common.remote.client.grpc.GrpcClient.serverCheck(GrpcClient.java:234) ~[nacos-client-3.1.1.jar:na]
	at com.alibaba.nacos.common.remote.client.grpc.GrpcClient.connectToServer(GrpcClient.java:346) ~[nacos-client-3.1.1.jar:na]
	at com.alibaba.nacos.common.remote.client.RpcClient.reconnect(RpcClient.java:504) ~[nacos-client-3.1.1.jar:na]
	at com.alibaba.nacos.common.remote.client.RpcClient.lambda$start$1(RpcClient.java:330) ~[nacos-client-3.1.1.jar:na]
	at java.base/java.util.concurrent.Executors$RunnableAdapter.call(Executors.java:545) ~[na:na]
	at java.base/java.util.concurrent.FutureTask.run(FutureTask.java:330) ~[na:na]
	at java.base/java.util.concurrent.ScheduledThreadPoolExecutor$ScheduledFutureTask.run(ScheduledThreadPoolExecutor.java:309) ~[na:na]
	at java.base/java.util.concurrent.ThreadPoolExecutor.runWorker(ThreadPoolExecutor.java:1090) ~[na:na]
	at java.base/java.util.concurrent.ThreadPoolExecutor$Worker.run(ThreadPoolExecutor.java:614) ~[na:na]
	at java.base/java.lang.Thread.run(Thread.java:1516) ~[na:na]
Caused by: com.alibaba.nacos.shaded.io.grpc.StatusRuntimeException: UNAVAILABLE: io exception
	at com.alibaba.nacos.shaded.io.grpc.Status.asRuntimeException(Status.java:532) ~[nacos-client-3.1.1.jar:na]
	at com.alibaba.nacos.shaded.io.grpc.stub.ClientCalls$UnaryStreamToFuture.onClose(ClientCalls.java:638) ~[nacos-client-3.1.1.jar:na]
	at com.alibaba.nacos.shaded.io.grpc.internal.ClientCallImpl.closeObserver(ClientCallImpl.java:565) ~[nacos-client-3.1.1.jar:na]
	at com.alibaba.nacos.shaded.io.grpc.internal.ClientCallImpl.access$100(ClientCallImpl.java:72) ~[nacos-client-3.1.1.jar:na]
	at com.alibaba.nacos.shaded.io.grpc.internal.ClientCallImpl$ClientStreamListenerImpl$1StreamClosed.runInternal(ClientCallImpl.java:733) ~[nacos-client-3.1.1.jar:na]
	at com.alibaba.nacos.shaded.io.grpc.internal.ClientCallImpl$ClientStreamListenerImpl$1StreamClosed.runInContext(ClientCallImpl.java:714) ~[nacos-client-3.1.1.jar:na]
	at com.alibaba.nacos.shaded.io.grpc.internal.ContextRunnable.run(ContextRunnable.java:37) ~[nacos-client-3.1.1.jar:na]
	at com.alibaba.nacos.shaded.io.grpc.internal.SerializingExecutor.run(SerializingExecutor.java:133) ~[nacos-client-3.1.1.jar:na]
	... 3 common frames omitted
Caused by: com.alibaba.nacos.shaded.io.grpc.netty.shaded.io.netty.channel.AbstractChannel$AnnotatedConnectException: Connection refused: getsockopt: /127.0.0.1:9848
Caused by: java.net.ConnectException: Connection refused: getsockopt
	at java.base/sun.nio.ch.Net.pollConnect(Native Method) ~[na:na]
	at java.base/sun.nio.ch.Net.pollConnectNow(Net.java:642) ~[na:na]
	at java.base/sun.nio.ch.SocketChannelImpl.finishConnect(SocketChannelImpl.java:1043) ~[na:na]
	at com.alibaba.nacos.shaded.io.grpc.netty.shaded.io.netty.channel.socket.nio.NioSocketChannel.doFinishConnect(NioSocketChannel.java:336) ~[nacos-client-3.1.1.jar:na]
	at com.alibaba.nacos.shaded.io.grpc.netty.shaded.io.netty.channel.nio.AbstractNioChannel$AbstractNioUnsafe.finishConnect(AbstractNioChannel.java:339) ~[nacos-client-3.1.1.jar:na]
	at com.alibaba.nacos.shaded.io.grpc.netty.shaded.io.netty.channel.nio.NioEventLoop.processSelectedKey(NioEventLoop.java:784) ~[nacos-client-3.1.1.jar:na]
	at com.alibaba.nacos.shaded.io.grpc.netty.shaded.io.netty.channel.nio.NioEventLoop.processSelectedKeysOptimized(NioEventLoop.java:732) ~[nacos-client-3.1.1.jar:na]
	at com.alibaba.nacos.shaded.io.grpc.netty.shaded.io.netty.channel.nio.NioEventLoop.processSelectedKeys(NioEventLoop.java:658) ~[nacos-client-3.1.1.jar:na]
	at com.alibaba.nacos.shaded.io.grpc.netty.shaded.io.netty.channel.nio.NioEventLoop.run(NioEventLoop.java:562) ~[nacos-client-3.1.1.jar:na]
	at com.alibaba.nacos.shaded.io.grpc.netty.shaded.io.netty.util.concurrent.SingleThreadEventExecutor$4.run(SingleThreadEventExecutor.java:998) ~[nacos-client-3.1.1.jar:na]
	at com.alibaba.nacos.shaded.io.grpc.netty.shaded.io.netty.util.internal.ThreadExecutorMap$2.run(ThreadExecutorMap.java:74) ~[nacos-client-3.1.1.jar:na]
	at com.alibaba.nacos.shaded.io.grpc.netty.shaded.io.netty.util.concurrent.FastThreadLocalRunnable.run(FastThreadLocalRunnable.java:30) ~[nacos-client-3.1.1.jar:na]
	at java.base/java.lang.Thread.run(Thread.java:1516) ~[na:na]
2026-05-23 04:28:07.076 [com.alibaba.nacos.client.remote.worker.1] [none] INFO  c.alibaba.nacos.common.remote.client - [6764362a-d121-495f-8655-2cae28919063_config-0] Fail to connect server, after trying 4 times, last try server is {serverIp = '127.0.0.1', server main port = 8848}, error = unknown
2026-05-23 04:28:07.078 [com.alibaba.nacos.client.remote.worker.1] [none] ERROR c.a.n.c.r.client.grpc.GrpcClient - Server check fail, please check server 127.0.0.1, port 9848 is available, error ={}
java.util.concurrent.ExecutionException: com.alibaba.nacos.shaded.io.grpc.StatusRuntimeException: UNAVAILABLE: io exception
	at com.alibaba.nacos.shaded.com.google.common.util.concurrent.AbstractFuture.getDoneValue(AbstractFuture.java:596) ~[nacos-client-3.1.1.jar:na]
	at com.alibaba.nacos.shaded.com.google.common.util.concurrent.AbstractFuture.get(AbstractFuture.java:471) ~[nacos-client-3.1.1.jar:na]
	at com.alibaba.nacos.common.remote.client.grpc.GrpcClient.serverCheck(GrpcClient.java:234) ~[nacos-client-3.1.1.jar:na]
	at com.alibaba.nacos.common.remote.client.grpc.GrpcClient.connectToServer(GrpcClient.java:346) ~[nacos-client-3.1.1.jar:na]
	at com.alibaba.nacos.common.remote.client.RpcClient.reconnect(RpcClient.java:504) ~[nacos-client-3.1.1.jar:na]
	at com.alibaba.nacos.common.remote.client.RpcClient.lambda$start$1(RpcClient.java:330) ~[nacos-client-3.1.1.jar:na]
	at java.base/java.util.concurrent.Executors$RunnableAdapter.call(Executors.java:545) ~[na:na]
	at java.base/java.util.concurrent.FutureTask.run(FutureTask.java:330) ~[na:na]
	at java.base/java.util.concurrent.ScheduledThreadPoolExecutor$ScheduledFutureTask.run(ScheduledThreadPoolExecutor.java:309) ~[na:na]
	at java.base/java.util.concurrent.ThreadPoolExecutor.runWorker(ThreadPoolExecutor.java:1090) ~[na:na]
	at java.base/java.util.concurrent.ThreadPoolExecutor$Worker.run(ThreadPoolExecutor.java:614) ~[na:na]
	at java.base/java.lang.Thread.run(Thread.java:1516) ~[na:na]
Caused by: com.alibaba.nacos.shaded.io.grpc.StatusRuntimeException: UNAVAILABLE: io exception
	at com.alibaba.nacos.shaded.io.grpc.Status.asRuntimeException(Status.java:532) ~[nacos-client-3.1.1.jar:na]
	at com.alibaba.nacos.shaded.io.grpc.stub.ClientCalls$UnaryStreamToFuture.onClose(ClientCalls.java:638) ~[nacos-client-3.1.1.jar:na]
	at com.alibaba.nacos.shaded.io.grpc.internal.DelayedClientCall$DelayedListener$3.run(DelayedClientCall.java:487) ~[nacos-client-3.1.1.jar:na]
	at com.alibaba.nacos.shaded.io.grpc.internal.DelayedClientCall$DelayedListener.delayOrExecute(DelayedClientCall.java:451) ~[nacos-client-3.1.1.jar:na]
	at com.alibaba.nacos.shaded.io.grpc.internal.DelayedClientCall$DelayedListener.onClose(DelayedClientCall.java:484) ~[nacos-client-3.1.1.jar:na]
	at com.alibaba.nacos.shaded.io.grpc.internal.ClientCallImpl.closeObserver(ClientCallImpl.java:565) ~[nacos-client-3.1.1.jar:na]
	at com.alibaba.nacos.shaded.io.grpc.internal.ClientCallImpl.access$100(ClientCallImpl.java:72) ~[nacos-client-3.1.1.jar:na]
	at com.alibaba.nacos.shaded.io.grpc.internal.ClientCallImpl$ClientStreamListenerImpl$1StreamClosed.runInternal(ClientCallImpl.java:733) ~[nacos-client-3.1.1.jar:na]
	at com.alibaba.nacos.shaded.io.grpc.internal.ClientCallImpl$ClientStreamListenerImpl$1StreamClosed.runInContext(ClientCallImpl.java:714) ~[nacos-client-3.1.1.jar:na]
	at com.alibaba.nacos.shaded.io.grpc.internal.ContextRunnable.run(ContextRunnable.java:37) ~[nacos-client-3.1.1.jar:na]
	at com.alibaba.nacos.shaded.io.grpc.internal.SerializingExecutor.run(SerializingExecutor.java:133) ~[nacos-client-3.1.1.jar:na]
	... 3 common frames omitted
Caused by: com.alibaba.nacos.shaded.io.grpc.netty.shaded.io.netty.channel.AbstractChannel$AnnotatedConnectException: Connection refused: getsockopt: /127.0.0.1:9848
Caused by: java.net.ConnectException: Connection refused: getsockopt
	at java.base/sun.nio.ch.Net.pollConnect(Native Method) ~[na:na]
	at java.base/sun.nio.ch.Net.pollConnectNow(Net.java:642) ~[na:na]
	at java.base/sun.nio.ch.SocketChannelImpl.finishConnect(SocketChannelImpl.java:1043) ~[na:na]
	at com.alibaba.nacos.shaded.io.grpc.netty.shaded.io.netty.channel.socket.nio.NioSocketChannel.doFinishConnect(NioSocketChannel.java:336) ~[nacos-client-3.1.1.jar:na]
	at com.alibaba.nacos.shaded.io.grpc.netty.shaded.io.netty.channel.nio.AbstractNioChannel$AbstractNioUnsafe.finishConnect(AbstractNioChannel.java:339) ~[nacos-client-3.1.1.jar:na]
	at com.alibaba.nacos.shaded.io.grpc.netty.shaded.io.netty.channel.nio.NioEventLoop.processSelectedKey(NioEventLoop.java:784) ~[nacos-client-3.1.1.jar:na]
	at com.alibaba.nacos.shaded.io.grpc.netty.shaded.io.netty.channel.nio.NioEventLoop.processSelectedKeysOptimized(NioEventLoop.java:732) ~[nacos-client-3.1.1.jar:na]
	at com.alibaba.nacos.shaded.io.grpc.netty.shaded.io.netty.channel.nio.NioEventLoop.processSelectedKeys(NioEventLoop.java:658) ~[nacos-client-3.1.1.jar:na]
	at com.alibaba.nacos.shaded.io.grpc.netty.shaded.io.netty.channel.nio.NioEventLoop.run(NioEventLoop.java:562) ~[nacos-client-3.1.1.jar:na]
	at com.alibaba.nacos.shaded.io.grpc.netty.shaded.io.netty.util.concurrent.SingleThreadEventExecutor$4.run(SingleThreadEventExecutor.java:998) ~[nacos-client-3.1.1.jar:na]
	at com.alibaba.nacos.shaded.io.grpc.netty.shaded.io.netty.util.internal.ThreadExecutorMap$2.run(ThreadExecutorMap.java:74) ~[nacos-client-3.1.1.jar:na]
	at com.alibaba.nacos.shaded.io.grpc.netty.shaded.io.netty.util.concurrent.FastThreadLocalRunnable.run(FastThreadLocalRunnable.java:30) ~[nacos-client-3.1.1.jar:na]
	at java.base/java.lang.Thread.run(Thread.java:1516) ~[na:na]
2026-05-23 04:28:07.078 [com.alibaba.nacos.client.remote.worker.1] [none] INFO  c.alibaba.nacos.common.remote.client - [5cf17f69-490a-42ee-aaa9-3bf49c79b1fb_config-0] Fail to connect server, after trying 4 times, last try server is {serverIp = '127.0.0.1', server main port = 8848}, error = unknown
2026-05-23 04:28:07.121 [com.alibaba.nacos.client.remote.worker.0] [none] INFO  c.a.n.c.r.client.grpc.GrpcClient - grpc client connection server: 127.0.0.1 ip, serverPort: 9848, grpcTslConfig: {"enableTls":false,"mutualAuthEnable":false,"trustAll":true}
2026-05-23 04:28:07.126 [com.alibaba.nacos.client.remote.worker.0] [none] ERROR c.a.n.c.r.client.grpc.GrpcClient - Server check fail, please check server 127.0.0.1, port 9848 is available, error ={}
java.util.concurrent.ExecutionException: com.alibaba.nacos.shaded.io.grpc.StatusRuntimeException: UNAVAILABLE: io exception
	at com.alibaba.nacos.shaded.com.google.common.util.concurrent.AbstractFuture.getDoneValue(AbstractFuture.java:596) ~[nacos-client-3.1.1.jar:na]
	at com.alibaba.nacos.shaded.com.google.common.util.concurrent.AbstractFuture.get(AbstractFuture.java:471) ~[nacos-client-3.1.1.jar:na]
	at com.alibaba.nacos.common.remote.client.grpc.GrpcClient.serverCheck(GrpcClient.java:234) ~[nacos-client-3.1.1.jar:na]
	at com.alibaba.nacos.common.remote.client.grpc.GrpcClient.connectToServer(GrpcClient.java:346) ~[nacos-client-3.1.1.jar:na]
	at com.alibaba.nacos.common.remote.client.RpcClient.reconnect(RpcClient.java:504) ~[nacos-client-3.1.1.jar:na]
	at com.alibaba.nacos.common.remote.client.RpcClient.lambda$start$1(RpcClient.java:330) ~[nacos-client-3.1.1.jar:na]
	at java.base/java.util.concurrent.Executors$RunnableAdapter.call(Executors.java:545) ~[na:na]
	at java.base/java.util.concurrent.FutureTask.run(FutureTask.java:330) ~[na:na]
	at java.base/java.util.concurrent.ScheduledThreadPoolExecutor$ScheduledFutureTask.run(ScheduledThreadPoolExecutor.java:309) ~[na:na]
	at java.base/java.util.concurrent.ThreadPoolExecutor.runWorker(ThreadPoolExecutor.java:1090) ~[na:na]
	at java.base/java.util.concurrent.ThreadPoolExecutor$Worker.run(ThreadPoolExecutor.java:614) ~[na:na]
	at java.base/java.lang.Thread.run(Thread.java:1516) ~[na:na]
Caused by: com.alibaba.nacos.shaded.io.grpc.StatusRuntimeException: UNAVAILABLE: io exception
	at com.alibaba.nacos.shaded.io.grpc.Status.asRuntimeException(Status.java:532) ~[nacos-client-3.1.1.jar:na]
	at com.alibaba.nacos.shaded.io.grpc.stub.ClientCalls$UnaryStreamToFuture.onClose(ClientCalls.java:638) ~[nacos-client-3.1.1.jar:na]
	at com.alibaba.nacos.shaded.io.grpc.internal.DelayedClientCall$DelayedListener$3.run(DelayedClientCall.java:487) ~[nacos-client-3.1.1.jar:na]
	at com.alibaba.nacos.shaded.io.grpc.internal.DelayedClientCall$DelayedListener.delayOrExecute(DelayedClientCall.java:451) ~[nacos-client-3.1.1.jar:na]
	at com.alibaba.nacos.shaded.io.grpc.internal.DelayedClientCall$DelayedListener.onClose(DelayedClientCall.java:484) ~[nacos-client-3.1.1.jar:na]
	at com.alibaba.nacos.shaded.io.grpc.internal.ClientCallImpl.closeObserver(ClientCallImpl.java:565) ~[nacos-client-3.1.1.jar:na]
	at com.alibaba.nacos.shaded.io.grpc.internal.ClientCallImpl.access$100(ClientCallImpl.java:72) ~[nacos-client-3.1.1.jar:na]
	at com.alibaba.nacos.shaded.io.grpc.internal.ClientCallImpl$ClientStreamListenerImpl$1StreamClosed.runInternal(ClientCallImpl.java:733) ~[nacos-client-3.1.1.jar:na]
	at com.alibaba.nacos.shaded.io.grpc.internal.ClientCallImpl$ClientStreamListenerImpl$1StreamClosed.runInContext(ClientCallImpl.java:714) ~[nacos-client-3.1.1.jar:na]
	at com.alibaba.nacos.shaded.io.grpc.internal.ContextRunnable.run(ContextRunnable.java:37) ~[nacos-client-3.1.1.jar:na]
	at com.alibaba.nacos.shaded.io.grpc.internal.SerializingExecutor.run(SerializingExecutor.java:133) ~[nacos-client-3.1.1.jar:na]
	... 3 common frames omitted
Caused by: com.alibaba.nacos.shaded.io.grpc.netty.shaded.io.netty.channel.AbstractChannel$AnnotatedConnectException: Connection refused: getsockopt: /127.0.0.1:9848
Caused by: java.net.ConnectException: Connection refused: getsockopt
	at java.base/sun.nio.ch.Net.pollConnect(Native Method) ~[na:na]
	at java.base/sun.nio.ch.Net.pollConnectNow(Net.java:642) ~[na:na]
	at java.base/sun.nio.ch.SocketChannelImpl.finishConnect(SocketChannelImpl.java:1043) ~[na:na]
	at com.alibaba.nacos.shaded.io.grpc.netty.shaded.io.netty.channel.socket.nio.NioSocketChannel.doFinishConnect(NioSocketChannel.java:336) ~[nacos-client-3.1.1.jar:na]
	at com.alibaba.nacos.shaded.io.grpc.netty.shaded.io.netty.channel.nio.AbstractNioChannel$AbstractNioUnsafe.finishConnect(AbstractNioChannel.java:339) ~[nacos-client-3.1.1.jar:na]
	at com.alibaba.nacos.shaded.io.grpc.netty.shaded.io.netty.channel.nio.NioEventLoop.processSelectedKey(NioEventLoop.java:784) ~[nacos-client-3.1.1.jar:na]
	at com.alibaba.nacos.shaded.io.grpc.netty.shaded.io.netty.channel.nio.NioEventLoop.processSelectedKeysOptimized(NioEventLoop.java:732) ~[nacos-client-3.1.1.jar:na]
	at com.alibaba.nacos.shaded.io.grpc.netty.shaded.io.netty.channel.nio.NioEventLoop.processSelectedKeys(NioEventLoop.java:658) ~[nacos-client-3.1.1.jar:na]
	at com.alibaba.nacos.shaded.io.grpc.netty.shaded.io.netty.channel.nio.NioEventLoop.run(NioEventLoop.java:562) ~[nacos-client-3.1.1.jar:na]
	at com.alibaba.nacos.shaded.io.grpc.netty.shaded.io.netty.util.concurrent.SingleThreadEventExecutor$4.run(SingleThreadEventExecutor.java:998) ~[nacos-client-3.1.1.jar:na]
	at com.alibaba.nacos.shaded.io.grpc.netty.shaded.io.netty.util.internal.ThreadExecutorMap$2.run(ThreadExecutorMap.java:74) ~[nacos-client-3.1.1.jar:na]
	at com.alibaba.nacos.shaded.io.grpc.netty.shaded.io.netty.util.concurrent.FastThreadLocalRunnable.run(FastThreadLocalRunnable.java:30) ~[nacos-client-3.1.1.jar:na]
	at java.base/java.lang.Thread.run(Thread.java:1516) ~[na:na]
2026-05-23 04:28:07.128 [com.alibaba.nacos.client.remote.worker.0] [none] INFO  c.alibaba.nacos.common.remote.client - [fea55945-3dac-4285-95d6-70c18b982bdf] Fail to connect server, after trying 4 times, last try server is {serverIp = '127.0.0.1', server main port = 8848}, error = unknown
2026-05-23 04:28:07.374 [com.alibaba.nacos.client.remote.worker.1] [none] INFO  c.a.n.c.r.client.grpc.GrpcClient - grpc client connection server: 127.0.0.1 ip, serverPort: 9848, grpcTslConfig: {"enableTls":false,"mutualAuthEnable":false,"trustAll":true}
2026-05-23 04:28:07.376 [com.alibaba.nacos.client.remote.worker.1] [none] ERROR c.a.n.c.r.client.grpc.GrpcClient - Server check fail, please check server 127.0.0.1, port 9848 is available, error ={}
java.util.concurrent.ExecutionException: com.alibaba.nacos.shaded.io.grpc.StatusRuntimeException: UNAVAILABLE: io exception
	at com.alibaba.nacos.shaded.com.google.common.util.concurrent.AbstractFuture.getDoneValue(AbstractFuture.java:596) ~[nacos-client-3.1.1.jar:na]
	at com.alibaba.nacos.shaded.com.google.common.util.concurrent.AbstractFuture.get(AbstractFuture.java:471) ~[nacos-client-3.1.1.jar:na]
	at com.alibaba.nacos.common.remote.client.grpc.GrpcClient.serverCheck(GrpcClient.java:234) ~[nacos-client-3.1.1.jar:na]
	at com.alibaba.nacos.common.remote.client.grpc.GrpcClient.connectToServer(GrpcClient.java:346) ~[nacos-client-3.1.1.jar:na]
	at com.alibaba.nacos.common.remote.client.RpcClient.reconnect(RpcClient.java:504) ~[nacos-client-3.1.1.jar:na]
	at com.alibaba.nacos.common.remote.client.RpcClient.lambda$start$1(RpcClient.java:330) ~[nacos-client-3.1.1.jar:na]
	at java.base/java.util.concurrent.Executors$RunnableAdapter.call(Executors.java:545) ~[na:na]
	at java.base/java.util.concurrent.FutureTask.run(FutureTask.java:330) ~[na:na]
	at java.base/java.util.concurrent.ScheduledThreadPoolExecutor$ScheduledFutureTask.run(ScheduledThreadPoolExecutor.java:309) ~[na:na]
	at java.base/java.util.concurrent.ThreadPoolExecutor.runWorker(ThreadPoolExecutor.java:1090) ~[na:na]
	at java.base/java.util.concurrent.ThreadPoolExecutor$Worker.run(ThreadPoolExecutor.java:614) ~[na:na]
	at java.base/java.lang.Thread.run(Thread.java:1516) ~[na:na]
Caused by: com.alibaba.nacos.shaded.io.grpc.StatusRuntimeException: UNAVAILABLE: io exception
	at com.alibaba.nacos.shaded.io.grpc.Status.asRuntimeException(Status.java:532) ~[nacos-client-3.1.1.jar:na]
	at com.alibaba.nacos.shaded.io.grpc.stub.ClientCalls$UnaryStreamToFuture.onClose(ClientCalls.java:638) ~[nacos-client-3.1.1.jar:na]
	at com.alibaba.nacos.shaded.io.grpc.internal.DelayedClientCall$DelayedListener$3.run(DelayedClientCall.java:487) ~[nacos-client-3.1.1.jar:na]
	at com.alibaba.nacos.shaded.io.grpc.internal.DelayedClientCall$DelayedListener.delayOrExecute(DelayedClientCall.java:451) ~[nacos-client-3.1.1.jar:na]
	at com.alibaba.nacos.shaded.io.grpc.internal.DelayedClientCall$DelayedListener.onClose(DelayedClientCall.java:484) ~[nacos-client-3.1.1.jar:na]
	at com.alibaba.nacos.shaded.io.grpc.internal.ClientCallImpl.closeObserver(ClientCallImpl.java:565) ~[nacos-client-3.1.1.jar:na]
	at com.alibaba.nacos.shaded.io.grpc.internal.ClientCallImpl.access$100(ClientCallImpl.java:72) ~[nacos-client-3.1.1.jar:na]
	at com.alibaba.nacos.shaded.io.grpc.internal.ClientCallImpl$ClientStreamListenerImpl$1StreamClosed.runInternal(ClientCallImpl.java:733) ~[nacos-client-3.1.1.jar:na]
	at com.alibaba.nacos.shaded.io.grpc.internal.ClientCallImpl$ClientStreamListenerImpl$1StreamClosed.runInContext(ClientCallImpl.java:714) ~[nacos-client-3.1.1.jar:na]
	at com.alibaba.nacos.shaded.io.grpc.internal.ContextRunnable.run(ContextRunnable.java:37) ~[nacos-client-3.1.1.jar:na]
	at com.alibaba.nacos.shaded.io.grpc.internal.SerializingExecutor.run(SerializingExecutor.java:133) ~[nacos-client-3.1.1.jar:na]
	... 3 common frames omitted
Caused by: com.alibaba.nacos.shaded.io.grpc.netty.shaded.io.netty.channel.AbstractChannel$AnnotatedConnectException: Connection refused: getsockopt: /127.0.0.1:9848
Caused by: java.net.ConnectException: Connection refused: getsockopt
	at java.base/sun.nio.ch.Net.pollConnect(Native Method) ~[na:na]
	at java.base/sun.nio.ch.Net.pollConnectNow(Net.java:642) ~[na:na]
	at java.base/sun.nio.ch.SocketChannelImpl.finishConnect(SocketChannelImpl.java:1043) ~[na:na]
	at com.alibaba.nacos.shaded.io.grpc.netty.shaded.io.netty.channel.socket.nio.NioSocketChannel.doFinishConnect(NioSocketChannel.java:336) ~[nacos-client-3.1.1.jar:na]
	at com.alibaba.nacos.shaded.io.grpc.netty.shaded.io.netty.channel.nio.AbstractNioChannel$AbstractNioUnsafe.finishConnect(AbstractNioChannel.java:339) ~[nacos-client-3.1.1.jar:na]
	at com.alibaba.nacos.shaded.io.grpc.netty.shaded.io.netty.channel.nio.NioEventLoop.processSelectedKey(NioEventLoop.java:784) ~[nacos-client-3.1.1.jar:na]
	at com.alibaba.nacos.shaded.io.grpc.netty.shaded.io.netty.channel.nio.NioEventLoop.processSelectedKeysOptimized(NioEventLoop.java:732) ~[nacos-client-3.1.1.jar:na]
	at com.alibaba.nacos.shaded.io.grpc.netty.shaded.io.netty.channel.nio.NioEventLoop.processSelectedKeys(NioEventLoop.java:658) ~[nacos-client-3.1.1.jar:na]
	at com.alibaba.nacos.shaded.io.grpc.netty.shaded.io.netty.channel.nio.NioEventLoop.run(NioEventLoop.java:562) ~[nacos-client-3.1.1.jar:na]
	at com.alibaba.nacos.shaded.io.grpc.netty.shaded.io.netty.util.concurrent.SingleThreadEventExecutor$4.run(SingleThreadEventExecutor.java:998) ~[nacos-client-3.1.1.jar:na]
	at com.alibaba.nacos.shaded.io.grpc.netty.shaded.io.netty.util.internal.ThreadExecutorMap$2.run(ThreadExecutorMap.java:74) ~[nacos-client-3.1.1.jar:na]
	at com.alibaba.nacos.shaded.io.grpc.netty.shaded.io.netty.util.concurrent.FastThreadLocalRunnable.run(FastThreadLocalRunnable.java:30) ~[nacos-client-3.1.1.jar:na]
	at java.base/java.lang.Thread.run(Thread.java:1516) ~[na:na]
2026-05-23 04:28:07.376 [com.alibaba.nacos.client.remote.worker.1] [none] INFO  c.alibaba.nacos.common.remote.client - [8a551e5b-2124-4ea3-8b61-6eddb879363e_config-0] Fail to connect server, after trying 4 times, last try server is {serverIp = '127.0.0.1', server main port = 8848}, error = unknown
2026-05-23 04:28:07.578 [com.alibaba.nacos.client.remote.worker.1] [none] INFO  c.a.n.c.r.client.grpc.GrpcClient - grpc client connection server: 127.0.0.1 ip, serverPort: 9848, grpcTslConfig: {"enableTls":false,"mutualAuthEnable":false,"trustAll":true}
2026-05-23 04:28:07.580 [com.alibaba.nacos.client.remote.worker.1] [none] INFO  c.a.n.c.r.client.grpc.GrpcClient - grpc client connection server: 127.0.0.1 ip, serverPort: 9848, grpcTslConfig: {"enableTls":false,"mutualAuthEnable":false,"trustAll":true}
2026-05-23 04:28:07.581 [com.alibaba.nacos.client.remote.worker.1] [none] ERROR c.a.n.c.r.client.grpc.GrpcClient - Server check fail, please check server 127.0.0.1, port 9848 is available, error ={}
java.util.concurrent.ExecutionException: com.alibaba.nacos.shaded.io.grpc.StatusRuntimeException: UNAVAILABLE: io exception
	at com.alibaba.nacos.shaded.com.google.common.util.concurrent.AbstractFuture.getDoneValue(AbstractFuture.java:596) ~[nacos-client-3.1.1.jar:na]
	at com.alibaba.nacos.shaded.com.google.common.util.concurrent.AbstractFuture.get(AbstractFuture.java:471) ~[nacos-client-3.1.1.jar:na]
	at com.alibaba.nacos.common.remote.client.grpc.GrpcClient.serverCheck(GrpcClient.java:234) ~[nacos-client-3.1.1.jar:na]
	at com.alibaba.nacos.common.remote.client.grpc.GrpcClient.connectToServer(GrpcClient.java:346) ~[nacos-client-3.1.1.jar:na]
	at com.alibaba.nacos.common.remote.client.RpcClient.reconnect(RpcClient.java:504) ~[nacos-client-3.1.1.jar:na]
	at com.alibaba.nacos.common.remote.client.RpcClient.lambda$start$1(RpcClient.java:330) ~[nacos-client-3.1.1.jar:na]
	at java.base/java.util.concurrent.Executors$RunnableAdapter.call(Executors.java:545) ~[na:na]
	at java.base/java.util.concurrent.FutureTask.run(FutureTask.java:330) ~[na:na]
	at java.base/java.util.concurrent.ScheduledThreadPoolExecutor$ScheduledFutureTask.run(ScheduledThreadPoolExecutor.java:309) ~[na:na]
	at java.base/java.util.concurrent.ThreadPoolExecutor.runWorker(ThreadPoolExecutor.java:1090) ~[na:na]
	at java.base/java.util.concurrent.ThreadPoolExecutor$Worker.run(ThreadPoolExecutor.java:614) ~[na:na]
	at java.base/java.lang.Thread.run(Thread.java:1516) ~[na:na]
Caused by: com.alibaba.nacos.shaded.io.grpc.StatusRuntimeException: UNAVAILABLE: io exception
	at com.alibaba.nacos.shaded.io.grpc.Status.asRuntimeException(Status.java:532) ~[nacos-client-3.1.1.jar:na]
	at com.alibaba.nacos.shaded.io.grpc.stub.ClientCalls$UnaryStreamToFuture.onClose(ClientCalls.java:638) ~[nacos-client-3.1.1.jar:na]
	at com.alibaba.nacos.shaded.io.grpc.internal.DelayedClientCall$DelayedListener$3.run(DelayedClientCall.java:487) ~[nacos-client-3.1.1.jar:na]
	at com.alibaba.nacos.shaded.io.grpc.internal.DelayedClientCall$DelayedListener.delayOrExecute(DelayedClientCall.java:451) ~[nacos-client-3.1.1.jar:na]
	at com.alibaba.nacos.shaded.io.grpc.internal.DelayedClientCall$DelayedListener.onClose(DelayedClientCall.java:484) ~[nacos-client-3.1.1.jar:na]
	at com.alibaba.nacos.shaded.io.grpc.internal.ClientCallImpl.closeObserver(ClientCallImpl.java:565) ~[nacos-client-3.1.1.jar:na]
	at com.alibaba.nacos.shaded.io.grpc.internal.ClientCallImpl.access$100(ClientCallImpl.java:72) ~[nacos-client-3.1.1.jar:na]
	at com.alibaba.nacos.shaded.io.grpc.internal.ClientCallImpl$ClientStreamListenerImpl$1StreamClosed.runInternal(ClientCallImpl.java:733) ~[nacos-client-3.1.1.jar:na]
	at com.alibaba.nacos.shaded.io.grpc.internal.ClientCallImpl$ClientStreamListenerImpl$1StreamClosed.runInContext(ClientCallImpl.java:714) ~[nacos-client-3.1.1.jar:na]
	at com.alibaba.nacos.shaded.io.grpc.internal.ContextRunnable.run(ContextRunnable.java:37) ~[nacos-client-3.1.1.jar:na]
	at com.alibaba.nacos.shaded.io.grpc.internal.SerializingExecutor.run(SerializingExecutor.java:133) ~[nacos-client-3.1.1.jar:na]
	... 3 common frames omitted
Caused by: com.alibaba.nacos.shaded.io.grpc.netty.shaded.io.netty.channel.AbstractChannel$AnnotatedConnectException: Connection refused: getsockopt: /127.0.0.1:9848
Caused by: java.net.ConnectException: Connection refused: getsockopt
	at java.base/sun.nio.ch.Net.pollConnect(Native Method) ~[na:na]
	at java.base/sun.nio.ch.Net.pollConnectNow(Net.java:642) ~[na:na]
	at java.base/sun.nio.ch.SocketChannelImpl.finishConnect(SocketChannelImpl.java:1043) ~[na:na]
	at com.alibaba.nacos.shaded.io.grpc.netty.shaded.io.netty.channel.socket.nio.NioSocketChannel.doFinishConnect(NioSocketChannel.java:336) ~[nacos-client-3.1.1.jar:na]
	at com.alibaba.nacos.shaded.io.grpc.netty.shaded.io.netty.channel.nio.AbstractNioChannel$AbstractNioUnsafe.finishConnect(AbstractNioChannel.java:339) ~[nacos-client-3.1.1.jar:na]
	at com.alibaba.nacos.shaded.io.grpc.netty.shaded.io.netty.channel.nio.NioEventLoop.processSelectedKey(NioEventLoop.java:784) ~[nacos-client-3.1.1.jar:na]
	at com.alibaba.nacos.shaded.io.grpc.netty.shaded.io.netty.channel.nio.NioEventLoop.processSelectedKeysOptimized(NioEventLoop.java:732) ~[nacos-client-3.1.1.jar:na]
	at com.alibaba.nacos.shaded.io.grpc.netty.shaded.io.netty.channel.nio.NioEventLoop.processSelectedKeys(NioEventLoop.java:658) ~[nacos-client-3.1.1.jar:na]
	at com.alibaba.nacos.shaded.io.grpc.netty.shaded.io.netty.channel.nio.NioEventLoop.run(NioEventLoop.java:562) ~[nacos-client-3.1.1.jar:na]
	at com.alibaba.nacos.shaded.io.grpc.netty.shaded.io.netty.util.concurrent.SingleThreadEventExecutor$4.run(SingleThreadEventExecutor.java:998) ~[nacos-client-3.1.1.jar:na]
	at com.alibaba.nacos.shaded.io.grpc.netty.shaded.io.netty.util.internal.ThreadExecutorMap$2.run(ThreadExecutorMap.java:74) ~[nacos-client-3.1.1.jar:na]
	at com.alibaba.nacos.shaded.io.grpc.netty.shaded.io.netty.util.concurrent.FastThreadLocalRunnable.run(FastThreadLocalRunnable.java:30) ~[nacos-client-3.1.1.jar:na]
	at java.base/java.lang.Thread.run(Thread.java:1516) ~[na:na]
2026-05-23 04:28:07.582 [com.alibaba.nacos.client.remote.worker.1] [none] INFO  c.alibaba.nacos.common.remote.client - [6764362a-d121-495f-8655-2cae28919063_config-0] Fail to connect server, after trying 5 times, last try server is {serverIp = '127.0.0.1', server main port = 8848}, error = unknown
2026-05-23 04:28:07.582 [com.alibaba.nacos.client.remote.worker.1] [none] ERROR c.a.n.c.r.client.grpc.GrpcClient - Server check fail, please check server 127.0.0.1, port 9848 is available, error ={}
java.util.concurrent.ExecutionException: com.alibaba.nacos.shaded.io.grpc.StatusRuntimeException: UNAVAILABLE: io exception
	at com.alibaba.nacos.shaded.com.google.common.util.concurrent.AbstractFuture.getDoneValue(AbstractFuture.java:596) ~[nacos-client-3.1.1.jar:na]
	at com.alibaba.nacos.shaded.com.google.common.util.concurrent.AbstractFuture.get(AbstractFuture.java:471) ~[nacos-client-3.1.1.jar:na]
	at com.alibaba.nacos.common.remote.client.grpc.GrpcClient.serverCheck(GrpcClient.java:234) ~[nacos-client-3.1.1.jar:na]
	at com.alibaba.nacos.common.remote.client.grpc.GrpcClient.connectToServer(GrpcClient.java:346) ~[nacos-client-3.1.1.jar:na]
	at com.alibaba.nacos.common.remote.client.RpcClient.reconnect(RpcClient.java:504) ~[nacos-client-3.1.1.jar:na]
	at com.alibaba.nacos.common.remote.client.RpcClient.lambda$start$1(RpcClient.java:330) ~[nacos-client-3.1.1.jar:na]
	at java.base/java.util.concurrent.Executors$RunnableAdapter.call(Executors.java:545) ~[na:na]
	at java.base/java.util.concurrent.FutureTask.run(FutureTask.java:330) ~[na:na]
	at java.base/java.util.concurrent.ScheduledThreadPoolExecutor$ScheduledFutureTask.run(ScheduledThreadPoolExecutor.java:309) ~[na:na]
	at java.base/java.util.concurrent.ThreadPoolExecutor.runWorker(ThreadPoolExecutor.java:1090) ~[na:na]
	at java.base/java.util.concurrent.ThreadPoolExecutor$Worker.run(ThreadPoolExecutor.java:614) ~[na:na]
	at java.base/java.lang.Thread.run(Thread.java:1516) ~[na:na]
Caused by: com.alibaba.nacos.shaded.io.grpc.StatusRuntimeException: UNAVAILABLE: io exception
	at com.alibaba.nacos.shaded.io.grpc.Status.asRuntimeException(Status.java:532) ~[nacos-client-3.1.1.jar:na]
	at com.alibaba.nacos.shaded.io.grpc.stub.ClientCalls$UnaryStreamToFuture.onClose(ClientCalls.java:638) ~[nacos-client-3.1.1.jar:na]
	at com.alibaba.nacos.shaded.io.grpc.internal.DelayedClientCall$DelayedListener$3.run(DelayedClientCall.java:487) ~[nacos-client-3.1.1.jar:na]
	at com.alibaba.nacos.shaded.io.grpc.internal.DelayedClientCall$DelayedListener.delayOrExecute(DelayedClientCall.java:451) ~[nacos-client-3.1.1.jar:na]
	at com.alibaba.nacos.shaded.io.grpc.internal.DelayedClientCall$DelayedListener.onClose(DelayedClientCall.java:484) ~[nacos-client-3.1.1.jar:na]
	at com.alibaba.nacos.shaded.io.grpc.internal.ClientCallImpl.closeObserver(ClientCallImpl.java:565) ~[nacos-client-3.1.1.jar:na]
	at com.alibaba.nacos.shaded.io.grpc.internal.ClientCallImpl.access$100(ClientCallImpl.java:72) ~[nacos-client-3.1.1.jar:na]
	at com.alibaba.nacos.shaded.io.grpc.internal.ClientCallImpl$ClientStreamListenerImpl$1StreamClosed.runInternal(ClientCallImpl.java:733) ~[nacos-client-3.1.1.jar:na]
	at com.alibaba.nacos.shaded.io.grpc.internal.ClientCallImpl$ClientStreamListenerImpl$1StreamClosed.runInContext(ClientCallImpl.java:714) ~[nacos-client-3.1.1.jar:na]
	at com.alibaba.nacos.shaded.io.grpc.internal.ContextRunnable.run(ContextRunnable.java:37) ~[nacos-client-3.1.1.jar:na]
	at com.alibaba.nacos.shaded.io.grpc.internal.SerializingExecutor.run(SerializingExecutor.java:133) ~[nacos-client-3.1.1.jar:na]
	... 3 common frames omitted
Caused by: com.alibaba.nacos.shaded.io.grpc.netty.shaded.io.netty.channel.AbstractChannel$AnnotatedConnectException: Connection refused: getsockopt: /127.0.0.1:9848
Caused by: java.net.ConnectException: Connection refused: getsockopt
	at java.base/sun.nio.ch.Net.pollConnect(Native Method) ~[na:na]
	at java.base/sun.nio.ch.Net.pollConnectNow(Net.java:642) ~[na:na]
	at java.base/sun.nio.ch.SocketChannelImpl.finishConnect(SocketChannelImpl.java:1043) ~[na:na]
	at com.alibaba.nacos.shaded.io.grpc.netty.shaded.io.netty.channel.socket.nio.NioSocketChannel.doFinishConnect(NioSocketChannel.java:336) ~[nacos-client-3.1.1.jar:na]
	at com.alibaba.nacos.shaded.io.grpc.netty.shaded.io.netty.channel.nio.AbstractNioChannel$AbstractNioUnsafe.finishConnect(AbstractNioChannel.java:339) ~[nacos-client-3.1.1.jar:na]
	at com.alibaba.nacos.shaded.io.grpc.netty.shaded.io.netty.channel.nio.NioEventLoop.processSelectedKey(NioEventLoop.java:784) ~[nacos-client-3.1.1.jar:na]
	at com.alibaba.nacos.shaded.io.grpc.netty.shaded.io.netty.channel.nio.NioEventLoop.processSelectedKeysOptimized(NioEventLoop.java:732) ~[nacos-client-3.1.1.jar:na]
	at com.alibaba.nacos.shaded.io.grpc.netty.shaded.io.netty.channel.nio.NioEventLoop.processSelectedKeys(NioEventLoop.java:658) ~[nacos-client-3.1.1.jar:na]
	at com.alibaba.nacos.shaded.io.grpc.netty.shaded.io.netty.channel.nio.NioEventLoop.run(NioEventLoop.java:562) ~[nacos-client-3.1.1.jar:na]
	at com.alibaba.nacos.shaded.io.grpc.netty.shaded.io.netty.util.concurrent.SingleThreadEventExecutor$4.run(SingleThreadEventExecutor.java:998) ~[nacos-client-3.1.1.jar:na]
	at com.alibaba.nacos.shaded.io.grpc.netty.shaded.io.netty.util.internal.ThreadExecutorMap$2.run(ThreadExecutorMap.java:74) ~[nacos-client-3.1.1.jar:na]
	at com.alibaba.nacos.shaded.io.grpc.netty.shaded.io.netty.util.concurrent.FastThreadLocalRunnable.run(FastThreadLocalRunnable.java:30) ~[nacos-client-3.1.1.jar:na]
	at java.base/java.lang.Thread.run(Thread.java:1516) ~[na:na]
2026-05-23 04:28:07.583 [com.alibaba.nacos.client.remote.worker.1] [none] INFO  c.alibaba.nacos.common.remote.client - [5cf17f69-490a-42ee-aaa9-3bf49c79b1fb_config-0] Fail to connect server, after trying 5 times, last try server is {serverIp = '127.0.0.1', server main port = 8848}, error = unknown
2026-05-23 04:28:07.630 [com.alibaba.nacos.client.remote.worker.0] [none] INFO  c.a.n.c.r.client.grpc.GrpcClient - grpc client connection server: 127.0.0.1 ip, serverPort: 9848, grpcTslConfig: {"enableTls":false,"mutualAuthEnable":false,"trustAll":true}
2026-05-23 04:28:07.632 [com.alibaba.nacos.client.remote.worker.0] [none] ERROR c.a.n.c.r.client.grpc.GrpcClient - Server check fail, please check server 127.0.0.1, port 9848 is available, error ={}
java.util.concurrent.ExecutionException: com.alibaba.nacos.shaded.io.grpc.StatusRuntimeException: UNAVAILABLE: io exception
	at com.alibaba.nacos.shaded.com.google.common.util.concurrent.AbstractFuture.getDoneValue(AbstractFuture.java:596) ~[nacos-client-3.1.1.jar:na]
	at com.alibaba.nacos.shaded.com.google.common.util.concurrent.AbstractFuture.get(AbstractFuture.java:471) ~[nacos-client-3.1.1.jar:na]
	at com.alibaba.nacos.common.remote.client.grpc.GrpcClient.serverCheck(GrpcClient.java:234) ~[nacos-client-3.1.1.jar:na]
	at com.alibaba.nacos.common.remote.client.grpc.GrpcClient.connectToServer(GrpcClient.java:346) ~[nacos-client-3.1.1.jar:na]
	at com.alibaba.nacos.common.remote.client.RpcClient.reconnect(RpcClient.java:504) ~[nacos-client-3.1.1.jar:na]
	at com.alibaba.nacos.common.remote.client.RpcClient.lambda$start$1(RpcClient.java:330) ~[nacos-client-3.1.1.jar:na]
	at java.base/java.util.concurrent.Executors$RunnableAdapter.call(Executors.java:545) ~[na:na]
	at java.base/java.util.concurrent.FutureTask.run(FutureTask.java:330) ~[na:na]
	at java.base/java.util.concurrent.ScheduledThreadPoolExecutor$ScheduledFutureTask.run(ScheduledThreadPoolExecutor.java:309) ~[na:na]
	at java.base/java.util.concurrent.ThreadPoolExecutor.runWorker(ThreadPoolExecutor.java:1090) ~[na:na]
	at java.base/java.util.concurrent.ThreadPoolExecutor$Worker.run(ThreadPoolExecutor.java:614) ~[na:na]
	at java.base/java.lang.Thread.run(Thread.java:1516) ~[na:na]
Caused by: com.alibaba.nacos.shaded.io.grpc.StatusRuntimeException: UNAVAILABLE: io exception
	at com.alibaba.nacos.shaded.io.grpc.Status.asRuntimeException(Status.java:532) ~[nacos-client-3.1.1.jar:na]
	at com.alibaba.nacos.shaded.io.grpc.stub.ClientCalls$UnaryStreamToFuture.onClose(ClientCalls.java:638) ~[nacos-client-3.1.1.jar:na]
	at com.alibaba.nacos.shaded.io.grpc.internal.DelayedClientCall$DelayedListener$3.run(DelayedClientCall.java:487) ~[nacos-client-3.1.1.jar:na]
	at com.alibaba.nacos.shaded.io.grpc.internal.DelayedClientCall$DelayedListener.delayOrExecute(DelayedClientCall.java:451) ~[nacos-client-3.1.1.jar:na]
	at com.alibaba.nacos.shaded.io.grpc.internal.DelayedClientCall$DelayedListener.onClose(DelayedClientCall.java:484) ~[nacos-client-3.1.1.jar:na]
	at com.alibaba.nacos.shaded.io.grpc.internal.ClientCallImpl.closeObserver(ClientCallImpl.java:565) ~[nacos-client-3.1.1.jar:na]
	at com.alibaba.nacos.shaded.io.grpc.internal.ClientCallImpl.access$100(ClientCallImpl.java:72) ~[nacos-client-3.1.1.jar:na]
	at com.alibaba.nacos.shaded.io.grpc.internal.ClientCallImpl$ClientStreamListenerImpl$1StreamClosed.runInternal(ClientCallImpl.java:733) ~[nacos-client-3.1.1.jar:na]
	at com.alibaba.nacos.shaded.io.grpc.internal.ClientCallImpl$ClientStreamListenerImpl$1StreamClosed.runInContext(ClientCallImpl.java:714) ~[nacos-client-3.1.1.jar:na]
	at com.alibaba.nacos.shaded.io.grpc.internal.ContextRunnable.run(ContextRunnable.java:37) ~[nacos-client-3.1.1.jar:na]
	at com.alibaba.nacos.shaded.io.grpc.internal.SerializingExecutor.run(SerializingExecutor.java:133) ~[nacos-client-3.1.1.jar:na]
	... 3 common frames omitted
Caused by: com.alibaba.nacos.shaded.io.grpc.netty.shaded.io.netty.channel.AbstractChannel$AnnotatedConnectException: Connection refused: getsockopt: /127.0.0.1:9848
Caused by: java.net.ConnectException: Connection refused: getsockopt
	at java.base/sun.nio.ch.Net.pollConnect(Native Method) ~[na:na]
	at java.base/sun.nio.ch.Net.pollConnectNow(Net.java:642) ~[na:na]
	at java.base/sun.nio.ch.SocketChannelImpl.finishConnect(SocketChannelImpl.java:1043) ~[na:na]
	at com.alibaba.nacos.shaded.io.grpc.netty.shaded.io.netty.channel.socket.nio.NioSocketChannel.doFinishConnect(NioSocketChannel.java:336) ~[nacos-client-3.1.1.jar:na]
	at com.alibaba.nacos.shaded.io.grpc.netty.shaded.io.netty.channel.nio.AbstractNioChannel$AbstractNioUnsafe.finishConnect(AbstractNioChannel.java:339) ~[nacos-client-3.1.1.jar:na]
	at com.alibaba.nacos.shaded.io.grpc.netty.shaded.io.netty.channel.nio.NioEventLoop.processSelectedKey(NioEventLoop.java:784) ~[nacos-client-3.1.1.jar:na]
	at com.alibaba.nacos.shaded.io.grpc.netty.shaded.io.netty.channel.nio.NioEventLoop.processSelectedKeysOptimized(NioEventLoop.java:732) ~[nacos-client-3.1.1.jar:na]
	at com.alibaba.nacos.shaded.io.grpc.netty.shaded.io.netty.channel.nio.NioEventLoop.processSelectedKeys(NioEventLoop.java:658) ~[nacos-client-3.1.1.jar:na]
	at com.alibaba.nacos.shaded.io.grpc.netty.shaded.io.netty.channel.nio.NioEventLoop.run(NioEventLoop.java:562) ~[nacos-client-3.1.1.jar:na]
	at com.alibaba.nacos.shaded.io.grpc.netty.shaded.io.netty.util.concurrent.SingleThreadEventExecutor$4.run(SingleThreadEventExecutor.java:998) ~[nacos-client-3.1.1.jar:na]
	at com.alibaba.nacos.shaded.io.grpc.netty.shaded.io.netty.util.internal.ThreadExecutorMap$2.run(ThreadExecutorMap.java:74) ~[nacos-client-3.1.1.jar:na]
	at com.alibaba.nacos.shaded.io.grpc.netty.shaded.io.netty.util.concurrent.FastThreadLocalRunnable.run(FastThreadLocalRunnable.java:30) ~[nacos-client-3.1.1.jar:na]
	at java.base/java.lang.Thread.run(Thread.java:1516) ~[na:na]
2026-05-23 04:28:07.632 [com.alibaba.nacos.client.remote.worker.0] [none] INFO  c.alibaba.nacos.common.remote.client - [fea55945-3dac-4285-95d6-70c18b982bdf] Fail to connect server, after trying 5 times, last try server is {serverIp = '127.0.0.1', server main port = 8848}, error = unknown
2026-05-23 04:28:07.877 [com.alibaba.nacos.client.remote.worker.1] [none] INFO  c.a.n.c.r.client.grpc.GrpcClient - grpc client connection server: 127.0.0.1 ip, serverPort: 9848, grpcTslConfig: {"enableTls":false,"mutualAuthEnable":false,"trustAll":true}
2026-05-23 04:28:07.880 [com.alibaba.nacos.client.remote.worker.1] [none] ERROR c.a.n.c.r.client.grpc.GrpcClient - Server check fail, please check server 127.0.0.1, port 9848 is available, error ={}
java.util.concurrent.ExecutionException: com.alibaba.nacos.shaded.io.grpc.StatusRuntimeException: UNAVAILABLE: io exception
	at com.alibaba.nacos.shaded.com.google.common.util.concurrent.AbstractFuture.getDoneValue(AbstractFuture.java:596) ~[nacos-client-3.1.1.jar:na]
	at com.alibaba.nacos.shaded.com.google.common.util.concurrent.AbstractFuture.get(AbstractFuture.java:471) ~[nacos-client-3.1.1.jar:na]
	at com.alibaba.nacos.common.remote.client.grpc.GrpcClient.serverCheck(GrpcClient.java:234) ~[nacos-client-3.1.1.jar:na]
	at com.alibaba.nacos.common.remote.client.grpc.GrpcClient.connectToServer(GrpcClient.java:346) ~[nacos-client-3.1.1.jar:na]
	at com.alibaba.nacos.common.remote.client.RpcClient.reconnect(RpcClient.java:504) ~[nacos-client-3.1.1.jar:na]
	at com.alibaba.nacos.common.remote.client.RpcClient.lambda$start$1(RpcClient.java:330) ~[nacos-client-3.1.1.jar:na]
	at java.base/java.util.concurrent.Executors$RunnableAdapter.call(Executors.java:545) ~[na:na]
	at java.base/java.util.concurrent.FutureTask.run(FutureTask.java:330) ~[na:na]
	at java.base/java.util.concurrent.ScheduledThreadPoolExecutor$ScheduledFutureTask.run(ScheduledThreadPoolExecutor.java:309) ~[na:na]
	at java.base/java.util.concurrent.ThreadPoolExecutor.runWorker(ThreadPoolExecutor.java:1090) ~[na:na]
	at java.base/java.util.concurrent.ThreadPoolExecutor$Worker.run(ThreadPoolExecutor.java:614) ~[na:na]
	at java.base/java.lang.Thread.run(Thread.java:1516) ~[na:na]
Caused by: com.alibaba.nacos.shaded.io.grpc.StatusRuntimeException: UNAVAILABLE: io exception
	at com.alibaba.nacos.shaded.io.grpc.Status.asRuntimeException(Status.java:532) ~[nacos-client-3.1.1.jar:na]
	at com.alibaba.nacos.shaded.io.grpc.stub.ClientCalls$UnaryStreamToFuture.onClose(ClientCalls.java:638) ~[nacos-client-3.1.1.jar:na]
	at com.alibaba.nacos.shaded.io.grpc.internal.DelayedClientCall$DelayedListener$3.run(DelayedClientCall.java:487) ~[nacos-client-3.1.1.jar:na]
	at com.alibaba.nacos.shaded.io.grpc.internal.DelayedClientCall$DelayedListener.delayOrExecute(DelayedClientCall.java:451) ~[nacos-client-3.1.1.jar:na]
	at com.alibaba.nacos.shaded.io.grpc.internal.DelayedClientCall$DelayedListener.onClose(DelayedClientCall.java:484) ~[nacos-client-3.1.1.jar:na]
	at com.alibaba.nacos.shaded.io.grpc.internal.ClientCallImpl.closeObserver(ClientCallImpl.java:565) ~[nacos-client-3.1.1.jar:na]
	at com.alibaba.nacos.shaded.io.grpc.internal.ClientCallImpl.access$100(ClientCallImpl.java:72) ~[nacos-client-3.1.1.jar:na]
	at com.alibaba.nacos.shaded.io.grpc.internal.ClientCallImpl$ClientStreamListenerImpl$1StreamClosed.runInternal(ClientCallImpl.java:733) ~[nacos-client-3.1.1.jar:na]
	at com.alibaba.nacos.shaded.io.grpc.internal.ClientCallImpl$ClientStreamListenerImpl$1StreamClosed.runInContext(ClientCallImpl.java:714) ~[nacos-client-3.1.1.jar:na]
	at com.alibaba.nacos.shaded.io.grpc.internal.ContextRunnable.run(ContextRunnable.java:37) ~[nacos-client-3.1.1.jar:na]
	at com.alibaba.nacos.shaded.io.grpc.internal.SerializingExecutor.run(SerializingExecutor.java:133) ~[nacos-client-3.1.1.jar:na]
	... 3 common frames omitted
Caused by: com.alibaba.nacos.shaded.io.grpc.netty.shaded.io.netty.channel.AbstractChannel$AnnotatedConnectException: Connection refused: getsockopt: /127.0.0.1:9848
Caused by: java.net.ConnectException: Connection refused: getsockopt
	at java.base/sun.nio.ch.Net.pollConnect(Native Method) ~[na:na]
	at java.base/sun.nio.ch.Net.pollConnectNow(Net.java:642) ~[na:na]
	at java.base/sun.nio.ch.SocketChannelImpl.finishConnect(SocketChannelImpl.java:1043) ~[na:na]
	at com.alibaba.nacos.shaded.io.grpc.netty.shaded.io.netty.channel.socket.nio.NioSocketChannel.doFinishConnect(NioSocketChannel.java:336) ~[nacos-client-3.1.1.jar:na]
	at com.alibaba.nacos.shaded.io.grpc.netty.shaded.io.netty.channel.nio.AbstractNioChannel$AbstractNioUnsafe.finishConnect(AbstractNioChannel.java:339) ~[nacos-client-3.1.1.jar:na]
	at com.alibaba.nacos.shaded.io.grpc.netty.shaded.io.netty.channel.nio.NioEventLoop.processSelectedKey(NioEventLoop.java:784) ~[nacos-client-3.1.1.jar:na]
	at com.alibaba.nacos.shaded.io.grpc.netty.shaded.io.netty.channel.nio.NioEventLoop.processSelectedKeysOptimized(NioEventLoop.java:732) ~[nacos-client-3.1.1.jar:na]
	at com.alibaba.nacos.shaded.io.grpc.netty.shaded.io.netty.channel.nio.NioEventLoop.processSelectedKeys(NioEventLoop.java:658) ~[nacos-client-3.1.1.jar:na]
	at com.alibaba.nacos.shaded.io.grpc.netty.shaded.io.netty.channel.nio.NioEventLoop.run(NioEventLoop.java:562) ~[nacos-client-3.1.1.jar:na]
	at com.alibaba.nacos.shaded.io.grpc.netty.shaded.io.netty.util.concurrent.SingleThreadEventExecutor$4.run(SingleThreadEventExecutor.java:998) ~[nacos-client-3.1.1.jar:na]
	at com.alibaba.nacos.shaded.io.grpc.netty.shaded.io.netty.util.internal.ThreadExecutorMap$2.run(ThreadExecutorMap.java:74) ~[nacos-client-3.1.1.jar:na]
	at com.alibaba.nacos.shaded.io.grpc.netty.shaded.io.netty.util.concurrent.FastThreadLocalRunnable.run(FastThreadLocalRunnable.java:30) ~[nacos-client-3.1.1.jar:na]
	at java.base/java.lang.Thread.run(Thread.java:1516) ~[na:na]
2026-05-23 04:28:07.881 [com.alibaba.nacos.client.remote.worker.1] [none] INFO  c.alibaba.nacos.common.remote.client - [8a551e5b-2124-4ea3-8b61-6eddb879363e_config-0] Fail to connect server, after trying 5 times, last try server is {serverIp = '127.0.0.1', server main port = 8848}, error = unknown
2026-05-23 04:28:08.182 [com.alibaba.nacos.client.remote.worker.1] [none] INFO  c.a.n.c.r.client.grpc.GrpcClient - grpc client connection server: 127.0.0.1 ip, serverPort: 9848, grpcTslConfig: {"enableTls":false,"mutualAuthEnable":false,"trustAll":true}
2026-05-23 04:28:08.183 [com.alibaba.nacos.client.remote.worker.1] [none] INFO  c.a.n.c.r.client.grpc.GrpcClient - grpc client connection server: 127.0.0.1 ip, serverPort: 9848, grpcTslConfig: {"enableTls":false,"mutualAuthEnable":false,"trustAll":true}
2026-05-23 04:28:08.184 [com.alibaba.nacos.client.remote.worker.1] [none] ERROR c.a.n.c.r.client.grpc.GrpcClient - Server check fail, please check server 127.0.0.1, port 9848 is available, error ={}
java.util.concurrent.ExecutionException: com.alibaba.nacos.shaded.io.grpc.StatusRuntimeException: UNAVAILABLE: io exception
	at com.alibaba.nacos.shaded.com.google.common.util.concurrent.AbstractFuture.getDoneValue(AbstractFuture.java:596) ~[nacos-client-3.1.1.jar:na]
	at com.alibaba.nacos.shaded.com.google.common.util.concurrent.AbstractFuture.get(AbstractFuture.java:471) ~[nacos-client-3.1.1.jar:na]
	at com.alibaba.nacos.common.remote.client.grpc.GrpcClient.serverCheck(GrpcClient.java:234) ~[nacos-client-3.1.1.jar:na]
	at com.alibaba.nacos.common.remote.client.grpc.GrpcClient.connectToServer(GrpcClient.java:346) ~[nacos-client-3.1.1.jar:na]
	at com.alibaba.nacos.common.remote.client.RpcClient.reconnect(RpcClient.java:504) ~[nacos-client-3.1.1.jar:na]
	at com.alibaba.nacos.common.remote.client.RpcClient.lambda$start$1(RpcClient.java:330) ~[nacos-client-3.1.1.jar:na]
	at java.base/java.util.concurrent.Executors$RunnableAdapter.call(Executors.java:545) ~[na:na]
	at java.base/java.util.concurrent.FutureTask.run(FutureTask.java:330) ~[na:na]
	at java.base/java.util.concurrent.ScheduledThreadPoolExecutor$ScheduledFutureTask.run(ScheduledThreadPoolExecutor.java:309) ~[na:na]
	at java.base/java.util.concurrent.ThreadPoolExecutor.runWorker(ThreadPoolExecutor.java:1090) ~[na:na]
	at java.base/java.util.concurrent.ThreadPoolExecutor$Worker.run(ThreadPoolExecutor.java:614) ~[na:na]
	at java.base/java.lang.Thread.run(Thread.java:1516) ~[na:na]
Caused by: com.alibaba.nacos.shaded.io.grpc.StatusRuntimeException: UNAVAILABLE: io exception
	at com.alibaba.nacos.shaded.io.grpc.Status.asRuntimeException(Status.java:532) ~[nacos-client-3.1.1.jar:na]
	at com.alibaba.nacos.shaded.io.grpc.stub.ClientCalls$UnaryStreamToFuture.onClose(ClientCalls.java:638) ~[nacos-client-3.1.1.jar:na]
	at com.alibaba.nacos.shaded.io.grpc.internal.DelayedClientCall$DelayedListener$3.run(DelayedClientCall.java:487) ~[nacos-client-3.1.1.jar:na]
	at com.alibaba.nacos.shaded.io.grpc.internal.DelayedClientCall$DelayedListener.delayOrExecute(DelayedClientCall.java:451) ~[nacos-client-3.1.1.jar:na]
	at com.alibaba.nacos.shaded.io.grpc.internal.DelayedClientCall$DelayedListener.onClose(DelayedClientCall.java:484) ~[nacos-client-3.1.1.jar:na]
	at com.alibaba.nacos.shaded.io.grpc.internal.ClientCallImpl.closeObserver(ClientCallImpl.java:565) ~[nacos-client-3.1.1.jar:na]
	at com.alibaba.nacos.shaded.io.grpc.internal.ClientCallImpl.access$100(ClientCallImpl.java:72) ~[nacos-client-3.1.1.jar:na]
	at com.alibaba.nacos.shaded.io.grpc.internal.ClientCallImpl$ClientStreamListenerImpl$1StreamClosed.runInternal(ClientCallImpl.java:733) ~[nacos-client-3.1.1.jar:na]
	at com.alibaba.nacos.shaded.io.grpc.internal.ClientCallImpl$ClientStreamListenerImpl$1StreamClosed.runInContext(ClientCallImpl.java:714) ~[nacos-client-3.1.1.jar:na]
	at com.alibaba.nacos.shaded.io.grpc.internal.ContextRunnable.run(ContextRunnable.java:37) ~[nacos-client-3.1.1.jar:na]
	at com.alibaba.nacos.shaded.io.grpc.internal.SerializingExecutor.run(SerializingExecutor.java:133) ~[nacos-client-3.1.1.jar:na]
	... 3 common frames omitted
Caused by: com.alibaba.nacos.shaded.io.grpc.netty.shaded.io.netty.channel.AbstractChannel$AnnotatedConnectException: Connection refused: getsockopt: /127.0.0.1:9848
Caused by: java.net.ConnectException: Connection refused: getsockopt
	at java.base/sun.nio.ch.Net.pollConnect(Native Method) ~[na:na]
	at java.base/sun.nio.ch.Net.pollConnectNow(Net.java:642) ~[na:na]
	at java.base/sun.nio.ch.SocketChannelImpl.finishConnect(SocketChannelImpl.java:1043) ~[na:na]
	at com.alibaba.nacos.shaded.io.grpc.netty.shaded.io.netty.channel.socket.nio.NioSocketChannel.doFinishConnect(NioSocketChannel.java:336) ~[nacos-client-3.1.1.jar:na]
	at com.alibaba.nacos.shaded.io.grpc.netty.shaded.io.netty.channel.nio.AbstractNioChannel$AbstractNioUnsafe.finishConnect(AbstractNioChannel.java:339) ~[nacos-client-3.1.1.jar:na]
	at com.alibaba.nacos.shaded.io.grpc.netty.shaded.io.netty.channel.nio.NioEventLoop.processSelectedKey(NioEventLoop.java:784) ~[nacos-client-3.1.1.jar:na]
	at com.alibaba.nacos.shaded.io.grpc.netty.shaded.io.netty.channel.nio.NioEventLoop.processSelectedKeysOptimized(NioEventLoop.java:732) ~[nacos-client-3.1.1.jar:na]
	at com.alibaba.nacos.shaded.io.grpc.netty.shaded.io.netty.channel.nio.NioEventLoop.processSelectedKeys(NioEventLoop.java:658) ~[nacos-client-3.1.1.jar:na]
	at com.alibaba.nacos.shaded.io.grpc.netty.shaded.io.netty.channel.nio.NioEventLoop.run(NioEventLoop.java:562) ~[nacos-client-3.1.1.jar:na]
	at com.alibaba.nacos.shaded.io.grpc.netty.shaded.io.netty.util.concurrent.SingleThreadEventExecutor$4.run(SingleThreadEventExecutor.java:998) ~[nacos-client-3.1.1.jar:na]
	at com.alibaba.nacos.shaded.io.grpc.netty.shaded.io.netty.util.internal.ThreadExecutorMap$2.run(ThreadExecutorMap.java:74) ~[nacos-client-3.1.1.jar:na]
	at com.alibaba.nacos.shaded.io.grpc.netty.shaded.io.netty.util.concurrent.FastThreadLocalRunnable.run(FastThreadLocalRunnable.java:30) ~[nacos-client-3.1.1.jar:na]
	at java.base/java.lang.Thread.run(Thread.java:1516) ~[na:na]
2026-05-23 04:28:08.184 [com.alibaba.nacos.client.remote.worker.1] [none] INFO  c.alibaba.nacos.common.remote.client - [6764362a-d121-495f-8655-2cae28919063_config-0] Fail to connect server, after trying 6 times, last try server is {serverIp = '127.0.0.1', server main port = 8848}, error = unknown
2026-05-23 04:28:08.184 [com.alibaba.nacos.client.remote.worker.1] [none] ERROR c.a.n.c.r.client.grpc.GrpcClient - Server check fail, please check server 127.0.0.1, port 9848 is available, error ={}
java.util.concurrent.ExecutionException: com.alibaba.nacos.shaded.io.grpc.StatusRuntimeException: UNAVAILABLE: io exception
	at com.alibaba.nacos.shaded.com.google.common.util.concurrent.AbstractFuture.getDoneValue(AbstractFuture.java:596) ~[nacos-client-3.1.1.jar:na]
	at com.alibaba.nacos.shaded.com.google.common.util.concurrent.AbstractFuture.get(AbstractFuture.java:471) ~[nacos-client-3.1.1.jar:na]
	at com.alibaba.nacos.common.remote.client.grpc.GrpcClient.serverCheck(GrpcClient.java:234) ~[nacos-client-3.1.1.jar:na]
	at com.alibaba.nacos.common.remote.client.grpc.GrpcClient.connectToServer(GrpcClient.java:346) ~[nacos-client-3.1.1.jar:na]
	at com.alibaba.nacos.common.remote.client.RpcClient.reconnect(RpcClient.java:504) ~[nacos-client-3.1.1.jar:na]
	at com.alibaba.nacos.common.remote.client.RpcClient.lambda$start$1(RpcClient.java:330) ~[nacos-client-3.1.1.jar:na]
	at java.base/java.util.concurrent.Executors$RunnableAdapter.call(Executors.java:545) ~[na:na]
	at java.base/java.util.concurrent.FutureTask.run(FutureTask.java:330) ~[na:na]
	at java.base/java.util.concurrent.ScheduledThreadPoolExecutor$ScheduledFutureTask.run(ScheduledThreadPoolExecutor.java:309) ~[na:na]
	at java.base/java.util.concurrent.ThreadPoolExecutor.runWorker(ThreadPoolExecutor.java:1090) ~[na:na]
	at java.base/java.util.concurrent.ThreadPoolExecutor$Worker.run(ThreadPoolExecutor.java:614) ~[na:na]
	at java.base/java.lang.Thread.run(Thread.java:1516) ~[na:na]
Caused by: com.alibaba.nacos.shaded.io.grpc.StatusRuntimeException: UNAVAILABLE: io exception
	at com.alibaba.nacos.shaded.io.grpc.Status.asRuntimeException(Status.java:532) ~[nacos-client-3.1.1.jar:na]
	at com.alibaba.nacos.shaded.io.grpc.stub.ClientCalls$UnaryStreamToFuture.onClose(ClientCalls.java:638) ~[nacos-client-3.1.1.jar:na]
	at com.alibaba.nacos.shaded.io.grpc.internal.DelayedClientCall$DelayedListener$3.run(DelayedClientCall.java:487) ~[nacos-client-3.1.1.jar:na]
	at com.alibaba.nacos.shaded.io.grpc.internal.DelayedClientCall$DelayedListener.delayOrExecute(DelayedClientCall.java:451) ~[nacos-client-3.1.1.jar:na]
	at com.alibaba.nacos.shaded.io.grpc.internal.DelayedClientCall$DelayedListener.onClose(DelayedClientCall.java:484) ~[nacos-client-3.1.1.jar:na]
	at com.alibaba.nacos.shaded.io.grpc.internal.ClientCallImpl.closeObserver(ClientCallImpl.java:565) ~[nacos-client-3.1.1.jar:na]
	at com.alibaba.nacos.shaded.io.grpc.internal.ClientCallImpl.access$100(ClientCallImpl.java:72) ~[nacos-client-3.1.1.jar:na]
	at com.alibaba.nacos.shaded.io.grpc.internal.ClientCallImpl$ClientStreamListenerImpl$1StreamClosed.runInternal(ClientCallImpl.java:733) ~[nacos-client-3.1.1.jar:na]
	at com.alibaba.nacos.shaded.io.grpc.internal.ClientCallImpl$ClientStreamListenerImpl$1StreamClosed.runInContext(ClientCallImpl.java:714) ~[nacos-client-3.1.1.jar:na]
	at com.alibaba.nacos.shaded.io.grpc.internal.ContextRunnable.run(ContextRunnable.java:37) ~[nacos-client-3.1.1.jar:na]
	at com.alibaba.nacos.shaded.io.grpc.internal.SerializingExecutor.run(SerializingExecutor.java:133) ~[nacos-client-3.1.1.jar:na]
	... 3 common frames omitted
Caused by: com.alibaba.nacos.shaded.io.grpc.netty.shaded.io.netty.channel.AbstractChannel$AnnotatedConnectException: Connection refused: getsockopt: /127.0.0.1:9848
Caused by: java.net.ConnectException: Connection refused: getsockopt
	at java.base/sun.nio.ch.Net.pollConnect(Native Method) ~[na:na]
	at java.base/sun.nio.ch.Net.pollConnectNow(Net.java:642) ~[na:na]
	at java.base/sun.nio.ch.SocketChannelImpl.finishConnect(SocketChannelImpl.java:1043) ~[na:na]
	at com.alibaba.nacos.shaded.io.grpc.netty.shaded.io.netty.channel.socket.nio.NioSocketChannel.doFinishConnect(NioSocketChannel.java:336) ~[nacos-client-3.1.1.jar:na]
	at com.alibaba.nacos.shaded.io.grpc.netty.shaded.io.netty.channel.nio.AbstractNioChannel$AbstractNioUnsafe.finishConnect(AbstractNioChannel.java:339) ~[nacos-client-3.1.1.jar:na]
	at com.alibaba.nacos.shaded.io.grpc.netty.shaded.io.netty.channel.nio.NioEventLoop.processSelectedKey(NioEventLoop.java:784) ~[nacos-client-3.1.1.jar:na]
	at com.alibaba.nacos.shaded.io.grpc.netty.shaded.io.netty.channel.nio.NioEventLoop.processSelectedKeysOptimized(NioEventLoop.java:732) ~[nacos-client-3.1.1.jar:na]
	at com.alibaba.nacos.shaded.io.grpc.netty.shaded.io.netty.channel.nio.NioEventLoop.processSelectedKeys(NioEventLoop.java:658) ~[nacos-client-3.1.1.jar:na]
	at com.alibaba.nacos.shaded.io.grpc.netty.shaded.io.netty.channel.nio.NioEventLoop.run(NioEventLoop.java:562) ~[nacos-client-3.1.1.jar:na]
	at com.alibaba.nacos.shaded.io.grpc.netty.shaded.io.netty.util.concurrent.SingleThreadEventExecutor$4.run(SingleThreadEventExecutor.java:998) ~[nacos-client-3.1.1.jar:na]
	at com.alibaba.nacos.shaded.io.grpc.netty.shaded.io.netty.util.internal.ThreadExecutorMap$2.run(ThreadExecutorMap.java:74) ~[nacos-client-3.1.1.jar:na]
	at com.alibaba.nacos.shaded.io.grpc.netty.shaded.io.netty.util.concurrent.FastThreadLocalRunnable.run(FastThreadLocalRunnable.java:30) ~[nacos-client-3.1.1.jar:na]
	at java.base/java.lang.Thread.run(Thread.java:1516) ~[na:na]
2026-05-23 04:28:08.185 [com.alibaba.nacos.client.remote.worker.1] [none] INFO  c.alibaba.nacos.common.remote.client - [5cf17f69-490a-42ee-aaa9-3bf49c79b1fb_config-0] Fail to connect server, after trying 6 times, last try server is {serverIp = '127.0.0.1', server main port = 8848}, error = unknown
2026-05-23 04:28:08.234 [com.alibaba.nacos.client.remote.worker.0] [none] INFO  c.a.n.c.r.client.grpc.GrpcClient - grpc client connection server: 127.0.0.1 ip, serverPort: 9848, grpcTslConfig: {"enableTls":false,"mutualAuthEnable":false,"trustAll":true}
2026-05-23 04:28:08.236 [com.alibaba.nacos.client.remote.worker.0] [none] ERROR c.a.n.c.r.client.grpc.GrpcClient - Server check fail, please check server 127.0.0.1, port 9848 is available, error ={}
java.util.concurrent.ExecutionException: com.alibaba.nacos.shaded.io.grpc.StatusRuntimeException: UNAVAILABLE: io exception
	at com.alibaba.nacos.shaded.com.google.common.util.concurrent.AbstractFuture.getDoneValue(AbstractFuture.java:596) ~[nacos-client-3.1.1.jar:na]
	at com.alibaba.nacos.shaded.com.google.common.util.concurrent.AbstractFuture.get(AbstractFuture.java:471) ~[nacos-client-3.1.1.jar:na]
	at com.alibaba.nacos.common.remote.client.grpc.GrpcClient.serverCheck(GrpcClient.java:234) ~[nacos-client-3.1.1.jar:na]
	at com.alibaba.nacos.common.remote.client.grpc.GrpcClient.connectToServer(GrpcClient.java:346) ~[nacos-client-3.1.1.jar:na]
	at com.alibaba.nacos.common.remote.client.RpcClient.reconnect(RpcClient.java:504) ~[nacos-client-3.1.1.jar:na]
	at com.alibaba.nacos.common.remote.client.RpcClient.lambda$start$1(RpcClient.java:330) ~[nacos-client-3.1.1.jar:na]
	at java.base/java.util.concurrent.Executors$RunnableAdapter.call(Executors.java:545) ~[na:na]
	at java.base/java.util.concurrent.FutureTask.run(FutureTask.java:330) ~[na:na]
	at java.base/java.util.concurrent.ScheduledThreadPoolExecutor$ScheduledFutureTask.run(ScheduledThreadPoolExecutor.java:309) ~[na:na]
	at java.base/java.util.concurrent.ThreadPoolExecutor.runWorker(ThreadPoolExecutor.java:1090) ~[na:na]
	at java.base/java.util.concurrent.ThreadPoolExecutor$Worker.run(ThreadPoolExecutor.java:614) ~[na:na]
	at java.base/java.lang.Thread.run(Thread.java:1516) ~[na:na]
Caused by: com.alibaba.nacos.shaded.io.grpc.StatusRuntimeException: UNAVAILABLE: io exception
	at com.alibaba.nacos.shaded.io.grpc.Status.asRuntimeException(Status.java:532) ~[nacos-client-3.1.1.jar:na]
	at com.alibaba.nacos.shaded.io.grpc.stub.ClientCalls$UnaryStreamToFuture.onClose(ClientCalls.java:638) ~[nacos-client-3.1.1.jar:na]
	at com.alibaba.nacos.shaded.io.grpc.internal.DelayedClientCall$DelayedListener$3.run(DelayedClientCall.java:487) ~[nacos-client-3.1.1.jar:na]
	at com.alibaba.nacos.shaded.io.grpc.internal.DelayedClientCall$DelayedListener.delayOrExecute(DelayedClientCall.java:451) ~[nacos-client-3.1.1.jar:na]
	at com.alibaba.nacos.shaded.io.grpc.internal.DelayedClientCall$DelayedListener.onClose(DelayedClientCall.java:484) ~[nacos-client-3.1.1.jar:na]
	at com.alibaba.nacos.shaded.io.grpc.internal.ClientCallImpl.closeObserver(ClientCallImpl.java:565) ~[nacos-client-3.1.1.jar:na]
	at com.alibaba.nacos.shaded.io.grpc.internal.ClientCallImpl.access$100(ClientCallImpl.java:72) ~[nacos-client-3.1.1.jar:na]
	at com.alibaba.nacos.shaded.io.grpc.internal.ClientCallImpl$ClientStreamListenerImpl$1StreamClosed.runInternal(ClientCallImpl.java:733) ~[nacos-client-3.1.1.jar:na]
	at com.alibaba.nacos.shaded.io.grpc.internal.ClientCallImpl$ClientStreamListenerImpl$1StreamClosed.runInContext(ClientCallImpl.java:714) ~[nacos-client-3.1.1.jar:na]
	at com.alibaba.nacos.shaded.io.grpc.internal.ContextRunnable.run(ContextRunnable.java:37) ~[nacos-client-3.1.1.jar:na]
	at com.alibaba.nacos.shaded.io.grpc.internal.SerializingExecutor.run(SerializingExecutor.java:133) ~[nacos-client-3.1.1.jar:na]
	... 3 common frames omitted
Caused by: com.alibaba.nacos.shaded.io.grpc.netty.shaded.io.netty.channel.AbstractChannel$AnnotatedConnectException: Connection refused: getsockopt: /127.0.0.1:9848
Caused by: java.net.ConnectException: Connection refused: getsockopt
	at java.base/sun.nio.ch.Net.pollConnect(Native Method) ~[na:na]
	at java.base/sun.nio.ch.Net.pollConnectNow(Net.java:642) ~[na:na]
	at java.base/sun.nio.ch.SocketChannelImpl.finishConnect(SocketChannelImpl.java:1043) ~[na:na]
	at com.alibaba.nacos.shaded.io.grpc.netty.shaded.io.netty.channel.socket.nio.NioSocketChannel.doFinishConnect(NioSocketChannel.java:336) ~[nacos-client-3.1.1.jar:na]
	at com.alibaba.nacos.shaded.io.grpc.netty.shaded.io.netty.channel.nio.AbstractNioChannel$AbstractNioUnsafe.finishConnect(AbstractNioChannel.java:339) ~[nacos-client-3.1.1.jar:na]
	at com.alibaba.nacos.shaded.io.grpc.netty.shaded.io.netty.channel.nio.NioEventLoop.processSelectedKey(NioEventLoop.java:784) ~[nacos-client-3.1.1.jar:na]
	at com.alibaba.nacos.shaded.io.grpc.netty.shaded.io.netty.channel.nio.NioEventLoop.processSelectedKeysOptimized(NioEventLoop.java:732) ~[nacos-client-3.1.1.jar:na]
	at com.alibaba.nacos.shaded.io.grpc.netty.shaded.io.netty.channel.nio.NioEventLoop.processSelectedKeys(NioEventLoop.java:658) ~[nacos-client-3.1.1.jar:na]
	at com.alibaba.nacos.shaded.io.grpc.netty.shaded.io.netty.channel.nio.NioEventLoop.run(NioEventLoop.java:562) ~[nacos-client-3.1.1.jar:na]
	at com.alibaba.nacos.shaded.io.grpc.netty.shaded.io.netty.util.concurrent.SingleThreadEventExecutor$4.run(SingleThreadEventExecutor.java:998) ~[nacos-client-3.1.1.jar:na]
	at com.alibaba.nacos.shaded.io.grpc.netty.shaded.io.netty.util.internal.ThreadExecutorMap$2.run(ThreadExecutorMap.java:74) ~[nacos-client-3.1.1.jar:na]
	at com.alibaba.nacos.shaded.io.grpc.netty.shaded.io.netty.util.concurrent.FastThreadLocalRunnable.run(FastThreadLocalRunnable.java:30) ~[nacos-client-3.1.1.jar:na]
	at java.base/java.lang.Thread.run(Thread.java:1516) ~[na:na]
2026-05-23 04:28:08.236 [com.alibaba.nacos.client.remote.worker.0] [none] INFO  c.alibaba.nacos.common.remote.client - [fea55945-3dac-4285-95d6-70c18b982bdf] Fail to connect server, after trying 6 times, last try server is {serverIp = '127.0.0.1', server main port = 8848}, error = unknown
2026-05-23 04:28:08.482 [com.alibaba.nacos.client.remote.worker.1] [none] INFO  c.a.n.c.r.client.grpc.GrpcClient - grpc client connection server: 127.0.0.1 ip, serverPort: 9848, grpcTslConfig: {"enableTls":false,"mutualAuthEnable":false,"trustAll":true}
2026-05-23 04:28:08.484 [com.alibaba.nacos.client.remote.worker.1] [none] ERROR c.a.n.c.r.client.grpc.GrpcClient - Server check fail, please check server 127.0.0.1, port 9848 is available, error ={}
java.util.concurrent.ExecutionException: com.alibaba.nacos.shaded.io.grpc.StatusRuntimeException: UNAVAILABLE: io exception
	at com.alibaba.nacos.shaded.com.google.common.util.concurrent.AbstractFuture.getDoneValue(AbstractFuture.java:596) ~[nacos-client-3.1.1.jar:na]
	at com.alibaba.nacos.shaded.com.google.common.util.concurrent.AbstractFuture.get(AbstractFuture.java:471) ~[nacos-client-3.1.1.jar:na]
	at com.alibaba.nacos.common.remote.client.grpc.GrpcClient.serverCheck(GrpcClient.java:234) ~[nacos-client-3.1.1.jar:na]
	at com.alibaba.nacos.common.remote.client.grpc.GrpcClient.connectToServer(GrpcClient.java:346) ~[nacos-client-3.1.1.jar:na]
	at com.alibaba.nacos.common.remote.client.RpcClient.reconnect(RpcClient.java:504) ~[nacos-client-3.1.1.jar:na]
	at com.alibaba.nacos.common.remote.client.RpcClient.lambda$start$1(RpcClient.java:330) ~[nacos-client-3.1.1.jar:na]
	at java.base/java.util.concurrent.Executors$RunnableAdapter.call(Executors.java:545) ~[na:na]
	at java.base/java.util.concurrent.FutureTask.run(FutureTask.java:330) ~[na:na]
	at java.base/java.util.concurrent.ScheduledThreadPoolExecutor$ScheduledFutureTask.run(ScheduledThreadPoolExecutor.java:309) ~[na:na]
	at java.base/java.util.concurrent.ThreadPoolExecutor.runWorker(ThreadPoolExecutor.java:1090) ~[na:na]
	at java.base/java.util.concurrent.ThreadPoolExecutor$Worker.run(ThreadPoolExecutor.java:614) ~[na:na]
	at java.base/java.lang.Thread.run(Thread.java:1516) ~[na:na]
Caused by: com.alibaba.nacos.shaded.io.grpc.StatusRuntimeException: UNAVAILABLE: io exception
	at com.alibaba.nacos.shaded.io.grpc.Status.asRuntimeException(Status.java:532) ~[nacos-client-3.1.1.jar:na]
	at com.alibaba.nacos.shaded.io.grpc.stub.ClientCalls$UnaryStreamToFuture.onClose(ClientCalls.java:638) ~[nacos-client-3.1.1.jar:na]
	at com.alibaba.nacos.shaded.io.grpc.internal.DelayedClientCall$DelayedListener$3.run(DelayedClientCall.java:487) ~[nacos-client-3.1.1.jar:na]
	at com.alibaba.nacos.shaded.io.grpc.internal.DelayedClientCall$DelayedListener.delayOrExecute(DelayedClientCall.java:451) ~[nacos-client-3.1.1.jar:na]
	at com.alibaba.nacos.shaded.io.grpc.internal.DelayedClientCall$DelayedListener.onClose(DelayedClientCall.java:484) ~[nacos-client-3.1.1.jar:na]
	at com.alibaba.nacos.shaded.io.grpc.internal.ClientCallImpl.closeObserver(ClientCallImpl.java:565) ~[nacos-client-3.1.1.jar:na]
	at com.alibaba.nacos.shaded.io.grpc.internal.ClientCallImpl.access$100(ClientCallImpl.java:72) ~[nacos-client-3.1.1.jar:na]
	at com.alibaba.nacos.shaded.io.grpc.internal.ClientCallImpl$ClientStreamListenerImpl$1StreamClosed.runInternal(ClientCallImpl.java:733) ~[nacos-client-3.1.1.jar:na]
	at com.alibaba.nacos.shaded.io.grpc.internal.ClientCallImpl$ClientStreamListenerImpl$1StreamClosed.runInContext(ClientCallImpl.java:714) ~[nacos-client-3.1.1.jar:na]
	at com.alibaba.nacos.shaded.io.grpc.internal.ContextRunnable.run(ContextRunnable.java:37) ~[nacos-client-3.1.1.jar:na]
	at com.alibaba.nacos.shaded.io.grpc.internal.SerializingExecutor.run(SerializingExecutor.java:133) ~[nacos-client-3.1.1.jar:na]
	... 3 common frames omitted
Caused by: com.alibaba.nacos.shaded.io.grpc.netty.shaded.io.netty.channel.AbstractChannel$AnnotatedConnectException: Connection refused: getsockopt: /127.0.0.1:9848
Caused by: java.net.ConnectException: Connection refused: getsockopt
	at java.base/sun.nio.ch.Net.pollConnect(Native Method) ~[na:na]
	at java.base/sun.nio.ch.Net.pollConnectNow(Net.java:642) ~[na:na]
	at java.base/sun.nio.ch.SocketChannelImpl.finishConnect(SocketChannelImpl.java:1043) ~[na:na]
	at com.alibaba.nacos.shaded.io.grpc.netty.shaded.io.netty.channel.socket.nio.NioSocketChannel.doFinishConnect(NioSocketChannel.java:336) ~[nacos-client-3.1.1.jar:na]
	at com.alibaba.nacos.shaded.io.grpc.netty.shaded.io.netty.channel.nio.AbstractNioChannel$AbstractNioUnsafe.finishConnect(AbstractNioChannel.java:339) ~[nacos-client-3.1.1.jar:na]
	at com.alibaba.nacos.shaded.io.grpc.netty.shaded.io.netty.channel.nio.NioEventLoop.processSelectedKey(NioEventLoop.java:784) ~[nacos-client-3.1.1.jar:na]
	at com.alibaba.nacos.shaded.io.grpc.netty.shaded.io.netty.channel.nio.NioEventLoop.processSelectedKeysOptimized(NioEventLoop.java:732) ~[nacos-client-3.1.1.jar:na]
	at com.alibaba.nacos.shaded.io.grpc.netty.shaded.io.netty.channel.nio.NioEventLoop.processSelectedKeys(NioEventLoop.java:658) ~[nacos-client-3.1.1.jar:na]
	at com.alibaba.nacos.shaded.io.grpc.netty.shaded.io.netty.channel.nio.NioEventLoop.run(NioEventLoop.java:562) ~[nacos-client-3.1.1.jar:na]
	at com.alibaba.nacos.shaded.io.grpc.netty.shaded.io.netty.util.concurrent.SingleThreadEventExecutor$4.run(SingleThreadEventExecutor.java:998) ~[nacos-client-3.1.1.jar:na]
	at com.alibaba.nacos.shaded.io.grpc.netty.shaded.io.netty.util.internal.ThreadExecutorMap$2.run(ThreadExecutorMap.java:74) ~[nacos-client-3.1.1.jar:na]
	at com.alibaba.nacos.shaded.io.grpc.netty.shaded.io.netty.util.concurrent.FastThreadLocalRunnable.run(FastThreadLocalRunnable.java:30) ~[nacos-client-3.1.1.jar:na]
	at java.base/java.lang.Thread.run(Thread.java:1516) ~[na:na]
2026-05-23 04:28:08.627 [com.alibaba.nacos.client.remote.worker.1] [none] INFO  c.alibaba.nacos.common.remote.client - [8a551e5b-2124-4ea3-8b61-6eddb879363e_config-0] Fail to connect server, after trying 6 times, last try server is {serverIp = '127.0.0.1', server main port = 8848}, error = unknown
2026-05-23 04:28:08.886 [com.alibaba.nacos.client.remote.worker.1] [none] INFO  c.a.n.c.r.client.grpc.GrpcClient - grpc client connection server: 127.0.0.1 ip, serverPort: 9848, grpcTslConfig: {"enableTls":false,"mutualAuthEnable":false,"trustAll":true}
2026-05-23 04:28:08.887 [com.alibaba.nacos.client.remote.worker.1] [none] INFO  c.a.n.c.r.client.grpc.GrpcClient - grpc client connection server: 127.0.0.1 ip, serverPort: 9848, grpcTslConfig: {"enableTls":false,"mutualAuthEnable":false,"trustAll":true}
2026-05-23 04:28:08.888 [com.alibaba.nacos.client.remote.worker.1] [none] ERROR c.a.n.c.r.client.grpc.GrpcClient - Server check fail, please check server 127.0.0.1, port 9848 is available, error ={}
java.util.concurrent.ExecutionException: com.alibaba.nacos.shaded.io.grpc.StatusRuntimeException: UNAVAILABLE: io exception
	at com.alibaba.nacos.shaded.com.google.common.util.concurrent.AbstractFuture.getDoneValue(AbstractFuture.java:596) ~[nacos-client-3.1.1.jar:na]
	at com.alibaba.nacos.shaded.com.google.common.util.concurrent.AbstractFuture.get(AbstractFuture.java:471) ~[nacos-client-3.1.1.jar:na]
	at com.alibaba.nacos.common.remote.client.grpc.GrpcClient.serverCheck(GrpcClient.java:234) ~[nacos-client-3.1.1.jar:na]
	at com.alibaba.nacos.common.remote.client.grpc.GrpcClient.connectToServer(GrpcClient.java:346) ~[nacos-client-3.1.1.jar:na]
	at com.alibaba.nacos.common.remote.client.RpcClient.reconnect(RpcClient.java:504) ~[nacos-client-3.1.1.jar:na]
	at com.alibaba.nacos.common.remote.client.RpcClient.lambda$start$1(RpcClient.java:330) ~[nacos-client-3.1.1.jar:na]
	at java.base/java.util.concurrent.Executors$RunnableAdapter.call(Executors.java:545) ~[na:na]
	at java.base/java.util.concurrent.FutureTask.run(FutureTask.java:330) ~[na:na]
	at java.base/java.util.concurrent.ScheduledThreadPoolExecutor$ScheduledFutureTask.run(ScheduledThreadPoolExecutor.java:309) ~[na:na]
	at java.base/java.util.concurrent.ThreadPoolExecutor.runWorker(ThreadPoolExecutor.java:1090) ~[na:na]
	at java.base/java.util.concurrent.ThreadPoolExecutor$Worker.run(ThreadPoolExecutor.java:614) ~[na:na]
	at java.base/java.lang.Thread.run(Thread.java:1516) ~[na:na]
Caused by: com.alibaba.nacos.shaded.io.grpc.StatusRuntimeException: UNAVAILABLE: io exception
	at com.alibaba.nacos.shaded.io.grpc.Status.asRuntimeException(Status.java:532) ~[nacos-client-3.1.1.jar:na]
	at com.alibaba.nacos.shaded.io.grpc.stub.ClientCalls$UnaryStreamToFuture.onClose(ClientCalls.java:638) ~[nacos-client-3.1.1.jar:na]
	at com.alibaba.nacos.shaded.io.grpc.internal.DelayedClientCall$DelayedListener$3.run(DelayedClientCall.java:487) ~[nacos-client-3.1.1.jar:na]
	at com.alibaba.nacos.shaded.io.grpc.internal.DelayedClientCall$DelayedListener.delayOrExecute(DelayedClientCall.java:451) ~[nacos-client-3.1.1.jar:na]
	at com.alibaba.nacos.shaded.io.grpc.internal.DelayedClientCall$DelayedListener.onClose(DelayedClientCall.java:484) ~[nacos-client-3.1.1.jar:na]
	at com.alibaba.nacos.shaded.io.grpc.internal.ClientCallImpl.closeObserver(ClientCallImpl.java:565) ~[nacos-client-3.1.1.jar:na]
	at com.alibaba.nacos.shaded.io.grpc.internal.ClientCallImpl.access$100(ClientCallImpl.java:72) ~[nacos-client-3.1.1.jar:na]
	at com.alibaba.nacos.shaded.io.grpc.internal.ClientCallImpl$ClientStreamListenerImpl$1StreamClosed.runInternal(ClientCallImpl.java:733) ~[nacos-client-3.1.1.jar:na]
	at com.alibaba.nacos.shaded.io.grpc.internal.ClientCallImpl$ClientStreamListenerImpl$1StreamClosed.runInContext(ClientCallImpl.java:714) ~[nacos-client-3.1.1.jar:na]
	at com.alibaba.nacos.shaded.io.grpc.internal.ContextRunnable.run(ContextRunnable.java:37) ~[nacos-client-3.1.1.jar:na]
	at com.alibaba.nacos.shaded.io.grpc.internal.SerializingExecutor.run(SerializingExecutor.java:133) ~[nacos-client-3.1.1.jar:na]
	... 3 common frames omitted
Caused by: com.alibaba.nacos.shaded.io.grpc.netty.shaded.io.netty.channel.AbstractChannel$AnnotatedConnectException: Connection refused: getsockopt: /127.0.0.1:9848
Caused by: java.net.ConnectException: Connection refused: getsockopt
	at java.base/sun.nio.ch.Net.pollConnect(Native Method) ~[na:na]
	at java.base/sun.nio.ch.Net.pollConnectNow(Net.java:642) ~[na:na]
	at java.base/sun.nio.ch.SocketChannelImpl.finishConnect(SocketChannelImpl.java:1043) ~[na:na]
	at com.alibaba.nacos.shaded.io.grpc.netty.shaded.io.netty.channel.socket.nio.NioSocketChannel.doFinishConnect(NioSocketChannel.java:336) ~[nacos-client-3.1.1.jar:na]
	at com.alibaba.nacos.shaded.io.grpc.netty.shaded.io.netty.channel.nio.AbstractNioChannel$AbstractNioUnsafe.finishConnect(AbstractNioChannel.java:339) ~[nacos-client-3.1.1.jar:na]
	at com.alibaba.nacos.shaded.io.grpc.netty.shaded.io.netty.channel.nio.NioEventLoop.processSelectedKey(NioEventLoop.java:784) ~[nacos-client-3.1.1.jar:na]
	at com.alibaba.nacos.shaded.io.grpc.netty.shaded.io.netty.channel.nio.NioEventLoop.processSelectedKeysOptimized(NioEventLoop.java:732) ~[nacos-client-3.1.1.jar:na]
	at com.alibaba.nacos.shaded.io.grpc.netty.shaded.io.netty.channel.nio.NioEventLoop.processSelectedKeys(NioEventLoop.java:658) ~[nacos-client-3.1.1.jar:na]
	at com.alibaba.nacos.shaded.io.grpc.netty.shaded.io.netty.channel.nio.NioEventLoop.run(NioEventLoop.java:562) ~[nacos-client-3.1.1.jar:na]
	at com.alibaba.nacos.shaded.io.grpc.netty.shaded.io.netty.util.concurrent.SingleThreadEventExecutor$4.run(SingleThreadEventExecutor.java:998) ~[nacos-client-3.1.1.jar:na]
	at com.alibaba.nacos.shaded.io.grpc.netty.shaded.io.netty.util.internal.ThreadExecutorMap$2.run(ThreadExecutorMap.java:74) ~[nacos-client-3.1.1.jar:na]
	at com.alibaba.nacos.shaded.io.grpc.netty.shaded.io.netty.util.concurrent.FastThreadLocalRunnable.run(FastThreadLocalRunnable.java:30) ~[nacos-client-3.1.1.jar:na]
	at java.base/java.lang.Thread.run(Thread.java:1516) ~[na:na]
2026-05-23 04:28:08.889 [com.alibaba.nacos.client.remote.worker.1] [none] INFO  c.alibaba.nacos.common.remote.client - [5cf17f69-490a-42ee-aaa9-3bf49c79b1fb_config-0] Fail to connect server, after trying 7 times, last try server is {serverIp = '127.0.0.1', server main port = 8848}, error = unknown
2026-05-23 04:28:08.889 [com.alibaba.nacos.client.remote.worker.1] [none] ERROR c.a.n.c.r.client.grpc.GrpcClient - Server check fail, please check server 127.0.0.1, port 9848 is available, error ={}
java.util.concurrent.ExecutionException: com.alibaba.nacos.shaded.io.grpc.StatusRuntimeException: UNAVAILABLE: io exception
	at com.alibaba.nacos.shaded.com.google.common.util.concurrent.AbstractFuture.getDoneValue(AbstractFuture.java:596) ~[nacos-client-3.1.1.jar:na]
	at com.alibaba.nacos.shaded.com.google.common.util.concurrent.AbstractFuture.get(AbstractFuture.java:471) ~[nacos-client-3.1.1.jar:na]
	at com.alibaba.nacos.common.remote.client.grpc.GrpcClient.serverCheck(GrpcClient.java:234) ~[nacos-client-3.1.1.jar:na]
	at com.alibaba.nacos.common.remote.client.grpc.GrpcClient.connectToServer(GrpcClient.java:346) ~[nacos-client-3.1.1.jar:na]
	at com.alibaba.nacos.common.remote.client.RpcClient.reconnect(RpcClient.java:504) ~[nacos-client-3.1.1.jar:na]
	at com.alibaba.nacos.common.remote.client.RpcClient.lambda$start$1(RpcClient.java:330) ~[nacos-client-3.1.1.jar:na]
	at java.base/java.util.concurrent.Executors$RunnableAdapter.call(Executors.java:545) ~[na:na]
	at java.base/java.util.concurrent.FutureTask.run(FutureTask.java:330) ~[na:na]
	at java.base/java.util.concurrent.ScheduledThreadPoolExecutor$ScheduledFutureTask.run(ScheduledThreadPoolExecutor.java:309) ~[na:na]
	at java.base/java.util.concurrent.ThreadPoolExecutor.runWorker(ThreadPoolExecutor.java:1090) ~[na:na]
	at java.base/java.util.concurrent.ThreadPoolExecutor$Worker.run(ThreadPoolExecutor.java:614) ~[na:na]
	at java.base/java.lang.Thread.run(Thread.java:1516) ~[na:na]
Caused by: com.alibaba.nacos.shaded.io.grpc.StatusRuntimeException: UNAVAILABLE: io exception
	at com.alibaba.nacos.shaded.io.grpc.Status.asRuntimeException(Status.java:532) ~[nacos-client-3.1.1.jar:na]
	at com.alibaba.nacos.shaded.io.grpc.stub.ClientCalls$UnaryStreamToFuture.onClose(ClientCalls.java:638) ~[nacos-client-3.1.1.jar:na]
	at com.alibaba.nacos.shaded.io.grpc.internal.DelayedClientCall$DelayedListener$3.run(DelayedClientCall.java:487) ~[nacos-client-3.1.1.jar:na]
	at com.alibaba.nacos.shaded.io.grpc.internal.DelayedClientCall$DelayedListener.delayOrExecute(DelayedClientCall.java:451) ~[nacos-client-3.1.1.jar:na]
	at com.alibaba.nacos.shaded.io.grpc.internal.DelayedClientCall$DelayedListener.onClose(DelayedClientCall.java:484) ~[nacos-client-3.1.1.jar:na]
	at com.alibaba.nacos.shaded.io.grpc.internal.ClientCallImpl.closeObserver(ClientCallImpl.java:565) ~[nacos-client-3.1.1.jar:na]
	at com.alibaba.nacos.shaded.io.grpc.internal.ClientCallImpl.access$100(ClientCallImpl.java:72) ~[nacos-client-3.1.1.jar:na]
	at com.alibaba.nacos.shaded.io.grpc.internal.ClientCallImpl$ClientStreamListenerImpl$1StreamClosed.runInternal(ClientCallImpl.java:733) ~[nacos-client-3.1.1.jar:na]
	at com.alibaba.nacos.shaded.io.grpc.internal.ClientCallImpl$ClientStreamListenerImpl$1StreamClosed.runInContext(ClientCallImpl.java:714) ~[nacos-client-3.1.1.jar:na]
	at com.alibaba.nacos.shaded.io.grpc.internal.ContextRunnable.run(ContextRunnable.java:37) ~[nacos-client-3.1.1.jar:na]
	at com.alibaba.nacos.shaded.io.grpc.internal.SerializingExecutor.run(SerializingExecutor.java:133) ~[nacos-client-3.1.1.jar:na]
	... 3 common frames omitted
Caused by: com.alibaba.nacos.shaded.io.grpc.netty.shaded.io.netty.channel.AbstractChannel$AnnotatedConnectException: Connection refused: getsockopt: /127.0.0.1:9848
Caused by: java.net.ConnectException: Connection refused: getsockopt
	at java.base/sun.nio.ch.Net.pollConnect(Native Method) ~[na:na]
	at java.base/sun.nio.ch.Net.pollConnectNow(Net.java:642) ~[na:na]
	at java.base/sun.nio.ch.SocketChannelImpl.finishConnect(SocketChannelImpl.java:1043) ~[na:na]
	at com.alibaba.nacos.shaded.io.grpc.netty.shaded.io.netty.channel.socket.nio.NioSocketChannel.doFinishConnect(NioSocketChannel.java:336) ~[nacos-client-3.1.1.jar:na]
	at com.alibaba.nacos.shaded.io.grpc.netty.shaded.io.netty.channel.nio.AbstractNioChannel$AbstractNioUnsafe.finishConnect(AbstractNioChannel.java:339) ~[nacos-client-3.1.1.jar:na]
	at com.alibaba.nacos.shaded.io.grpc.netty.shaded.io.netty.channel.nio.NioEventLoop.processSelectedKey(NioEventLoop.java:784) ~[nacos-client-3.1.1.jar:na]
	at com.alibaba.nacos.shaded.io.grpc.netty.shaded.io.netty.channel.nio.NioEventLoop.processSelectedKeysOptimized(NioEventLoop.java:732) ~[nacos-client-3.1.1.jar:na]
	at com.alibaba.nacos.shaded.io.grpc.netty.shaded.io.netty.channel.nio.NioEventLoop.processSelectedKeys(NioEventLoop.java:658) ~[nacos-client-3.1.1.jar:na]
	at com.alibaba.nacos.shaded.io.grpc.netty.shaded.io.netty.channel.nio.NioEventLoop.run(NioEventLoop.java:562) ~[nacos-client-3.1.1.jar:na]
	at com.alibaba.nacos.shaded.io.grpc.netty.shaded.io.netty.util.concurrent.SingleThreadEventExecutor$4.run(SingleThreadEventExecutor.java:998) ~[nacos-client-3.1.1.jar:na]
	at com.alibaba.nacos.shaded.io.grpc.netty.shaded.io.netty.util.internal.ThreadExecutorMap$2.run(ThreadExecutorMap.java:74) ~[nacos-client-3.1.1.jar:na]
	at com.alibaba.nacos.shaded.io.grpc.netty.shaded.io.netty.util.concurrent.FastThreadLocalRunnable.run(FastThreadLocalRunnable.java:30) ~[nacos-client-3.1.1.jar:na]
	at java.base/java.lang.Thread.run(Thread.java:1516) ~[na:na]
2026-05-23 04:28:08.889 [com.alibaba.nacos.client.remote.worker.1] [none] INFO  c.alibaba.nacos.common.remote.client - [6764362a-d121-495f-8655-2cae28919063_config-0] Fail to connect server, after trying 7 times, last try server is {serverIp = '127.0.0.1', server main port = 8848}, error = unknown
2026-05-23 04:28:08.936 [com.alibaba.nacos.client.remote.worker.0] [none] INFO  c.a.n.c.r.client.grpc.GrpcClient - grpc client connection server: 127.0.0.1 ip, serverPort: 9848, grpcTslConfig: {"enableTls":false,"mutualAuthEnable":false,"trustAll":true}
2026-05-23 04:28:08.938 [com.alibaba.nacos.client.remote.worker.0] [none] ERROR c.a.n.c.r.client.grpc.GrpcClient - Server check fail, please check server 127.0.0.1, port 9848 is available, error ={}
java.util.concurrent.ExecutionException: com.alibaba.nacos.shaded.io.grpc.StatusRuntimeException: UNAVAILABLE: io exception
	at com.alibaba.nacos.shaded.com.google.common.util.concurrent.AbstractFuture.getDoneValue(AbstractFuture.java:596) ~[nacos-client-3.1.1.jar:na]
	at com.alibaba.nacos.shaded.com.google.common.util.concurrent.AbstractFuture.get(AbstractFuture.java:471) ~[nacos-client-3.1.1.jar:na]
	at com.alibaba.nacos.common.remote.client.grpc.GrpcClient.serverCheck(GrpcClient.java:234) ~[nacos-client-3.1.1.jar:na]
	at com.alibaba.nacos.common.remote.client.grpc.GrpcClient.connectToServer(GrpcClient.java:346) ~[nacos-client-3.1.1.jar:na]
	at com.alibaba.nacos.common.remote.client.RpcClient.reconnect(RpcClient.java:504) ~[nacos-client-3.1.1.jar:na]
	at com.alibaba.nacos.common.remote.client.RpcClient.lambda$start$1(RpcClient.java:330) ~[nacos-client-3.1.1.jar:na]
	at java.base/java.util.concurrent.Executors$RunnableAdapter.call(Executors.java:545) ~[na:na]
	at java.base/java.util.concurrent.FutureTask.run(FutureTask.java:330) ~[na:na]
	at java.base/java.util.concurrent.ScheduledThreadPoolExecutor$ScheduledFutureTask.run(ScheduledThreadPoolExecutor.java:309) ~[na:na]
	at java.base/java.util.concurrent.ThreadPoolExecutor.runWorker(ThreadPoolExecutor.java:1090) ~[na:na]
	at java.base/java.util.concurrent.ThreadPoolExecutor$Worker.run(ThreadPoolExecutor.java:614) ~[na:na]
	at java.base/java.lang.Thread.run(Thread.java:1516) ~[na:na]
Caused by: com.alibaba.nacos.shaded.io.grpc.StatusRuntimeException: UNAVAILABLE: io exception
	at com.alibaba.nacos.shaded.io.grpc.Status.asRuntimeException(Status.java:532) ~[nacos-client-3.1.1.jar:na]
	at com.alibaba.nacos.shaded.io.grpc.stub.ClientCalls$UnaryStreamToFuture.onClose(ClientCalls.java:638) ~[nacos-client-3.1.1.jar:na]
	at com.alibaba.nacos.shaded.io.grpc.internal.DelayedClientCall$DelayedListener$3.run(DelayedClientCall.java:487) ~[nacos-client-3.1.1.jar:na]
	at com.alibaba.nacos.shaded.io.grpc.internal.DelayedClientCall$DelayedListener.delayOrExecute(DelayedClientCall.java:451) ~[nacos-client-3.1.1.jar:na]
	at com.alibaba.nacos.shaded.io.grpc.internal.DelayedClientCall$DelayedListener.onClose(DelayedClientCall.java:484) ~[nacos-client-3.1.1.jar:na]
	at com.alibaba.nacos.shaded.io.grpc.internal.ClientCallImpl.closeObserver(ClientCallImpl.java:565) ~[nacos-client-3.1.1.jar:na]
	at com.alibaba.nacos.shaded.io.grpc.internal.ClientCallImpl.access$100(ClientCallImpl.java:72) ~[nacos-client-3.1.1.jar:na]
	at com.alibaba.nacos.shaded.io.grpc.internal.ClientCallImpl$ClientStreamListenerImpl$1StreamClosed.runInternal(ClientCallImpl.java:733) ~[nacos-client-3.1.1.jar:na]
	at com.alibaba.nacos.shaded.io.grpc.internal.ClientCallImpl$ClientStreamListenerImpl$1StreamClosed.runInContext(ClientCallImpl.java:714) ~[nacos-client-3.1.1.jar:na]
	at com.alibaba.nacos.shaded.io.grpc.internal.ContextRunnable.run(ContextRunnable.java:37) ~[nacos-client-3.1.1.jar:na]
	at com.alibaba.nacos.shaded.io.grpc.internal.SerializingExecutor.run(SerializingExecutor.java:133) ~[nacos-client-3.1.1.jar:na]
	... 3 common frames omitted
Caused by: com.alibaba.nacos.shaded.io.grpc.netty.shaded.io.netty.channel.AbstractChannel$AnnotatedConnectException: Connection refused: getsockopt: /127.0.0.1:9848
Caused by: java.net.ConnectException: Connection refused: getsockopt
	at java.base/sun.nio.ch.Net.pollConnect(Native Method) ~[na:na]
	at java.base/sun.nio.ch.Net.pollConnectNow(Net.java:642) ~[na:na]
	at java.base/sun.nio.ch.SocketChannelImpl.finishConnect(SocketChannelImpl.java:1043) ~[na:na]
	at com.alibaba.nacos.shaded.io.grpc.netty.shaded.io.netty.channel.socket.nio.NioSocketChannel.doFinishConnect(NioSocketChannel.java:336) ~[nacos-client-3.1.1.jar:na]
	at com.alibaba.nacos.shaded.io.grpc.netty.shaded.io.netty.channel.nio.AbstractNioChannel$AbstractNioUnsafe.finishConnect(AbstractNioChannel.java:339) ~[nacos-client-3.1.1.jar:na]
	at com.alibaba.nacos.shaded.io.grpc.netty.shaded.io.netty.channel.nio.NioEventLoop.processSelectedKey(NioEventLoop.java:784) ~[nacos-client-3.1.1.jar:na]
	at com.alibaba.nacos.shaded.io.grpc.netty.shaded.io.netty.channel.nio.NioEventLoop.processSelectedKeysOptimized(NioEventLoop.java:732) ~[nacos-client-3.1.1.jar:na]
	at com.alibaba.nacos.shaded.io.grpc.netty.shaded.io.netty.channel.nio.NioEventLoop.processSelectedKeys(NioEventLoop.java:658) ~[nacos-client-3.1.1.jar:na]
	at com.alibaba.nacos.shaded.io.grpc.netty.shaded.io.netty.channel.nio.NioEventLoop.run(NioEventLoop.java:562) ~[nacos-client-3.1.1.jar:na]
	at com.alibaba.nacos.shaded.io.grpc.netty.shaded.io.netty.util.concurrent.SingleThreadEventExecutor$4.run(SingleThreadEventExecutor.java:998) ~[nacos-client-3.1.1.jar:na]
	at com.alibaba.nacos.shaded.io.grpc.netty.shaded.io.netty.util.internal.ThreadExecutorMap$2.run(ThreadExecutorMap.java:74) ~[nacos-client-3.1.1.jar:na]
	at com.alibaba.nacos.shaded.io.grpc.netty.shaded.io.netty.util.concurrent.FastThreadLocalRunnable.run(FastThreadLocalRunnable.java:30) ~[nacos-client-3.1.1.jar:na]
	at java.base/java.lang.Thread.run(Thread.java:1516) ~[na:na]
2026-05-23 04:28:08.940 [com.alibaba.nacos.client.remote.worker.0] [none] INFO  c.alibaba.nacos.common.remote.client - [fea55945-3dac-4285-95d6-70c18b982bdf] Fail to connect server, after trying 7 times, last try server is {serverIp = '127.0.0.1', server main port = 8848}, error = unknown
