2026-05-18 14:09:34.821 [main] [none] INFO  c.c.marketing.MarketingApplication - Starting MarketingApplication using Java 26.0.1 with PID 21580 (D:\Ide\IdeaProjects\CloudMart\mall-marketing\target\classes started by Administrator in D:\Ide\IdeaProjects\CloudMart)
2026-05-18 14:09:34.822 [main] [none] INFO  c.c.marketing.MarketingApplication - No active profile set, falling back to 1 default profile: "default"
2026-05-18 14:09:34.893 [main] [none] INFO  c.a.c.n.c.NacosConfigDataLoader - [Nacos Config] Load config[dataId=shared-logging.yml, group=DEFAULT_GROUP] success
2026-05-18 14:09:34.894 [main] [none] WARN  c.a.c.n.c.NacosConfigDataLoader - [Nacos Config] config[dataId=mall-marketing.yml, group=DEFAULT_GROUP] is empty
2026-05-18 14:09:37.693 [main] [none] INFO  o.s.d.r.c.RepositoryConfigurationDelegate - Multiple Spring Data modules found, entering strict repository configuration mode
2026-05-18 14:09:37.698 [main] [none] INFO  o.s.d.r.c.RepositoryConfigurationDelegate - Bootstrapping Spring Data Redis repositories in DEFAULT mode.
2026-05-18 14:09:37.757 [main] [none] INFO  o.s.d.r.c.RepositoryConfigurationDelegate - Finished Spring Data repository scanning in 20 ms. Found 0 Redis repository interfaces.
2026-05-18 14:09:38.914 [main] [none] INFO  o.s.cloud.context.scope.GenericScope - BeanFactory id=af6ca62b-3ec4-304e-93a3-97e83812aded
2026-05-18 14:09:41.411 [main] [none] INFO  o.s.boot.tomcat.TomcatWebServer - Tomcat initialized with port 9014 (http)
2026-05-18 14:09:41.441 [main] [none] INFO  o.a.catalina.core.StandardService - Starting service [Tomcat]
2026-05-18 14:09:41.442 [main] [none] INFO  o.a.catalina.core.StandardEngine - Starting Servlet engine: [Apache Tomcat/11.0.21]
2026-05-18 14:09:41.599 [main] [none] INFO  o.s.b.w.c.s.WebApplicationContextInitializer - Root WebApplicationContext: initialization completed in 6701 ms
2026-05-18 14:09:44.741 [main] [none] INFO  o.a.r.s.a.RocketMQAutoConfiguration - a producer (marketing-producer) init on namesrv 127.0.0.1:9876
2026-05-18 14:09:45.221 [main] [none] INFO  o.a.r.s.s.RocketMQMessageListenerContainerRegistrar - Register the listener to container, listenerBeanName:groupExpiredListener, containerBeanName:org.apache.rocketmq.spring.support.DefaultRocketMQListenerContainer_1
2026-05-18 14:09:45.679 [main] [none] WARN  o.s.b.s.a.UserDetailsServiceAutoConfiguration - 

Using generated security password: 2629fa5e-9200-4d17-81fa-d358315b769c

This generated password is for development use only. Your security configuration must be updated before running your application in production.

2026-05-18 14:09:45.703 [main] [none] INFO  o.s.s.c.a.a.c.InitializeUserDetailsBeanManagerConfigurer$InitializeUserDetailsManagerConfigurer - Global AuthenticationManager configured with UserDetailsService bean with name inMemoryUserDetailsManager
2026-05-18 14:09:46.339 [main] [none] INFO  c.a.c.s.SentinelWebMvcConfigurer - [Sentinel Starter] register SentinelWebInterceptor with urlPatterns: [/**].
2026-05-18 14:09:46.942 [main] [none] INFO  c.b.m.e.s.MybatisPlusApplicationContextAware - Register ApplicationContext instances org.springframework.boot.web.server.servlet.context.AnnotationConfigServletWebServerApplicationContext@68699afc
2026-05-18 14:09:48.719 [main] [none] WARN  o.s.c.l.c.LoadBalancerCacheAutoConfiguration$LoadBalancerCaffeineWarnLogger - Spring Cloud LoadBalancer is currently working with the default cache. While this cache implementation is useful for development and tests, it's recommended to use Caffeine cache in production.You can switch to using Caffeine cache, by adding it and org.springframework.cache.caffeine.CaffeineCacheManager to the classpath.
2026-05-18 14:09:48.806 [main] [none] INFO  o.s.b.a.e.web.EndpointLinksResolver - Exposing 4 endpoints beneath base path '/actuator'
2026-05-18 14:09:49.078 [main] [none] INFO  c.a.n.c.config.NacosConfigService - Nacos client key init properties: 
	serverAddr=127.0.0.1:8848
	username=nacos
	password=n***s

2026-05-18 14:09:49.080 [main] [none] INFO  c.a.n.c.a.AbstractServerListManager - Load and match ServerListProvider com.alibaba.nacos.client.address.EndpointServerListProvider, match result: false
2026-05-18 14:09:49.080 [main] [none] INFO  c.a.n.c.a.AbstractServerListManager - Load and match ServerListProvider com.alibaba.nacos.client.address.PropertiesListProvider, match result: true
2026-05-18 14:09:49.080 [main] [none] INFO  c.a.n.c.a.AbstractServerListManager - Will use com.alibaba.nacos.client.address.PropertiesListProvider as ServerListProvider
2026-05-18 14:09:49.081 [main] [none] INFO  com.alibaba.nacos.common.labels - DefaultLabelsCollectorManager get labels.....
2026-05-18 14:09:49.081 [main] [none] INFO  com.alibaba.nacos.common.labels - Process LabelsCollector with [name:defaultNacosLabelsCollector]
2026-05-18 14:09:49.081 [main] [none] INFO  com.alibaba.nacos.common.labels - default nacos collect properties raw labels: null
2026-05-18 14:09:49.081 [main] [none] INFO  com.alibaba.nacos.common.labels - default nacos collect properties labels: {}
2026-05-18 14:09:49.081 [main] [none] INFO  com.alibaba.nacos.common.labels - default nacos collect jvm raw labels: null
2026-05-18 14:09:49.081 [main] [none] INFO  com.alibaba.nacos.common.labels - default nacos collect jvm labels: {}
2026-05-18 14:09:49.081 [main] [none] INFO  com.alibaba.nacos.common.labels - default nacos collect env raw labels: null
2026-05-18 14:09:49.081 [main] [none] INFO  com.alibaba.nacos.common.labels - default nacos collect env labels: {}
2026-05-18 14:09:49.081 [main] [none] INFO  com.alibaba.nacos.common.labels - DefaultLabelsCollectorManager get labels finished,labels :{}
2026-05-18 14:09:49.082 [main] [none] INFO  c.a.n.p.a.s.c.ClientAuthPluginManager - [ClientAuthPluginManager] Load ClientAuthService com.alibaba.nacos.client.auth.impl.NacosClientAuthServiceImpl success.
2026-05-18 14:09:49.082 [main] [none] INFO  c.a.n.p.a.s.c.ClientAuthPluginManager - [ClientAuthPluginManager] Load ClientAuthService com.alibaba.nacos.client.auth.ram.RamClientAuthServiceImpl success.
2026-05-18 14:09:49.082 [main] [none] DEBUG c.a.n.c.c.i.ConfigHttpClientManager - HTTP method: POST, url: http://127.0.0.1:8848/nacos/v3/auth/user/login?username=nacos, body: {password=nacos}
2026-05-18 14:09:49.082 [main] [none] DEBUG c.a.n.c.c.i.ConfigHttpClientManager - Execute via interceptors :[com.alibaba.nacos.client.config.impl.ConfigHttpClientManager$LimiterHttpClientRequestInterceptor@41d0b71d]
2026-05-18 14:09:49.204 [main] [none] INFO  c.a.n.client.config.impl.CacheData - config listener notify warn timeout millis use default 60000 millis 
2026-05-18 14:09:49.204 [main] [none] INFO  c.a.n.client.config.impl.CacheData - nacos.cache.data.init.snapshot = true 
2026-05-18 14:09:49.204 [main] [none] INFO  c.a.n.c.config.impl.ClientWorker - [Config-fixed-public-127.0.0.1_8848] [subscribe] mall-marketing-degrade-rules+SENTINEL_GROUP+public
2026-05-18 14:09:49.217 [main] [none] INFO  c.a.n.client.config.impl.CacheData - [Config-fixed-public-127.0.0.1_8848] [add-listener] ok, tenant=public, dataId=mall-marketing-degrade-rules, group=SENTINEL_GROUP, cnt=1
2026-05-18 14:09:49.217 [main] [none] INFO  c.alibaba.nacos.common.remote.client - [RpcClientFactory] create a new rpc client of a0297d08-89c5-40bf-8618-9900aadd2a7b_config-0
2026-05-18 14:09:49.217 [main] [none] INFO  c.alibaba.nacos.common.remote.client - [a0297d08-89c5-40bf-8618-9900aadd2a7b_config-0] Register server push request handler:com.alibaba.nacos.client.config.impl.ClientWorker$ConfigRpcTransportClient$$Lambda/0x000000009b341c18
2026-05-18 14:09:49.217 [main] [none] INFO  c.alibaba.nacos.common.remote.client - [a0297d08-89c5-40bf-8618-9900aadd2a7b_config-0] Register server push request handler:com.alibaba.nacos.client.config.impl.ClientWorker$ConfigRpcTransportClient$$Lambda/0x000000009b342058
2026-05-18 14:09:49.217 [main] [none] INFO  c.alibaba.nacos.common.remote.client - [a0297d08-89c5-40bf-8618-9900aadd2a7b_config-0] Register server push request handler:com.alibaba.nacos.client.config.impl.ClientFuzzyWatchNotifyRequestHandler
2026-05-18 14:09:49.218 [main] [none] INFO  c.alibaba.nacos.common.remote.client - [a0297d08-89c5-40bf-8618-9900aadd2a7b_config-0] Registry connection listener to current client:com.alibaba.nacos.client.config.impl.ClientWorker$ConfigRpcTransportClient$1
2026-05-18 14:09:49.218 [main] [none] INFO  c.alibaba.nacos.common.remote.client - [a0297d08-89c5-40bf-8618-9900aadd2a7b_config-0] RpcClient init, ServerListFactory = com.alibaba.nacos.client.config.impl.ClientWorker$ConfigRpcTransportClient$2
2026-05-18 14:09:49.218 [main] [none] INFO  c.alibaba.nacos.common.remote.client - [a0297d08-89c5-40bf-8618-9900aadd2a7b_config-0] Try to connect to server on start up, server: {serverIp = '127.0.0.1', server main port = 8848}
2026-05-18 14:09:49.218 [main] [none] INFO  c.a.n.c.r.client.grpc.GrpcClient - grpc client connection server: 127.0.0.1 ip, serverPort: 9848, grpcTslConfig: {"enableTls":false,"mutualAuthEnable":false,"trustAll":true}
2026-05-18 14:09:49.244 [main] [none] INFO  c.alibaba.nacos.common.remote.client - [a0297d08-89c5-40bf-8618-9900aadd2a7b_config-0] Success to connect to server [127.0.0.1:8848] on start up, connectionId = 1779084589230_172.19.0.1_45940
2026-05-18 14:09:49.244 [main] [none] INFO  c.alibaba.nacos.common.remote.client - [a0297d08-89c5-40bf-8618-9900aadd2a7b_config-0] Register server push request handler:com.alibaba.nacos.common.remote.client.RpcClient$ConnectResetRequestHandler
2026-05-18 14:09:49.244 [main] [none] INFO  c.alibaba.nacos.common.remote.client - [a0297d08-89c5-40bf-8618-9900aadd2a7b_config-0] Register server push request handler:com.alibaba.nacos.common.remote.client.RpcClient$$Lambda/0x000000009b496aa8
2026-05-18 14:09:49.244 [com.alibaba.nacos.client.remote.worker.0] [none] INFO  c.alibaba.nacos.common.remote.client - [a0297d08-89c5-40bf-8618-9900aadd2a7b_config-0] Notify connected event to listeners.
2026-05-18 14:09:49.244 [com.alibaba.nacos.client.remote.worker.0] [none] INFO  c.a.n.c.config.impl.ClientWorker - [a0297d08-89c5-40bf-8618-9900aadd2a7b_config-0] Connected,notify listen context...
2026-05-18 14:09:49.245 [com.alibaba.nacos.client.remote.worker.0] [none] INFO  c.a.n.c.config.impl.ClientWorker - [a0297d08-89c5-40bf-8618-9900aadd2a7b_config-0] Connected,notify fuzzy listen context...
2026-05-18 14:09:49.252 [main] [none] INFO  c.a.c.s.d.c.SentinelConverter - converter can not convert rules because source is empty
2026-05-18 14:09:49.261 [main] [none] INFO  c.a.n.c.config.NacosConfigService - Nacos client key init properties: 
	serverAddr=127.0.0.1:8848
	username=nacos
	password=n***s

2026-05-18 14:09:49.264 [main] [none] INFO  c.a.n.c.a.AbstractServerListManager - Load and match ServerListProvider com.alibaba.nacos.client.address.EndpointServerListProvider, match result: false
2026-05-18 14:09:49.264 [main] [none] INFO  c.a.n.c.a.AbstractServerListManager - Load and match ServerListProvider com.alibaba.nacos.client.address.PropertiesListProvider, match result: true
2026-05-18 14:09:49.264 [main] [none] INFO  c.a.n.c.a.AbstractServerListManager - Will use com.alibaba.nacos.client.address.PropertiesListProvider as ServerListProvider
2026-05-18 14:09:49.265 [main] [none] INFO  com.alibaba.nacos.common.labels - DefaultLabelsCollectorManager get labels.....
2026-05-18 14:09:49.265 [main] [none] INFO  com.alibaba.nacos.common.labels - Process LabelsCollector with [name:defaultNacosLabelsCollector]
2026-05-18 14:09:49.265 [main] [none] INFO  com.alibaba.nacos.common.labels - default nacos collect properties raw labels: null
2026-05-18 14:09:49.265 [main] [none] INFO  com.alibaba.nacos.common.labels - default nacos collect properties labels: {}
2026-05-18 14:09:49.265 [main] [none] INFO  com.alibaba.nacos.common.labels - default nacos collect jvm raw labels: null
2026-05-18 14:09:49.265 [main] [none] INFO  com.alibaba.nacos.common.labels - default nacos collect jvm labels: {}
2026-05-18 14:09:49.265 [main] [none] INFO  com.alibaba.nacos.common.labels - default nacos collect env raw labels: null
2026-05-18 14:09:49.265 [main] [none] INFO  com.alibaba.nacos.common.labels - default nacos collect env labels: {}
2026-05-18 14:09:49.265 [main] [none] INFO  com.alibaba.nacos.common.labels - DefaultLabelsCollectorManager get labels finished,labels :{}
2026-05-18 14:09:49.266 [main] [none] INFO  c.a.n.p.a.s.c.ClientAuthPluginManager - [ClientAuthPluginManager] Load ClientAuthService com.alibaba.nacos.client.auth.impl.NacosClientAuthServiceImpl success.
2026-05-18 14:09:49.266 [main] [none] INFO  c.a.n.p.a.s.c.ClientAuthPluginManager - [ClientAuthPluginManager] Load ClientAuthService com.alibaba.nacos.client.auth.ram.RamClientAuthServiceImpl success.
2026-05-18 14:09:49.266 [main] [none] DEBUG c.a.n.c.c.i.ConfigHttpClientManager - HTTP method: POST, url: http://127.0.0.1:8848/nacos/v3/auth/user/login?username=nacos, body: {password=nacos}
2026-05-18 14:09:49.266 [main] [none] DEBUG c.a.n.c.c.i.ConfigHttpClientManager - Execute via interceptors :[com.alibaba.nacos.client.config.impl.ConfigHttpClientManager$LimiterHttpClientRequestInterceptor@41d0b71d]
2026-05-18 14:09:49.361 [main] [none] INFO  c.a.n.c.config.impl.ClientWorker - [Config-fixed-public-127.0.0.1_8848] [subscribe] mall-marketing-flow-rules+SENTINEL_GROUP+public
2026-05-18 14:09:49.361 [main] [none] INFO  c.a.n.client.config.impl.CacheData - [Config-fixed-public-127.0.0.1_8848] [add-listener] ok, tenant=public, dataId=mall-marketing-flow-rules, group=SENTINEL_GROUP, cnt=1
2026-05-18 14:09:49.362 [main] [none] INFO  c.alibaba.nacos.common.remote.client - [RpcClientFactory] create a new rpc client of 2796bac3-49a2-43fe-8fc4-b1982ef00f4e_config-0
2026-05-18 14:09:49.362 [main] [none] INFO  c.alibaba.nacos.common.remote.client - [2796bac3-49a2-43fe-8fc4-b1982ef00f4e_config-0] Register server push request handler:com.alibaba.nacos.client.config.impl.ClientWorker$ConfigRpcTransportClient$$Lambda/0x000000009b341c18
2026-05-18 14:09:49.362 [main] [none] INFO  c.alibaba.nacos.common.remote.client - [2796bac3-49a2-43fe-8fc4-b1982ef00f4e_config-0] Register server push request handler:com.alibaba.nacos.client.config.impl.ClientWorker$ConfigRpcTransportClient$$Lambda/0x000000009b342058
2026-05-18 14:09:49.362 [main] [none] INFO  c.alibaba.nacos.common.remote.client - [2796bac3-49a2-43fe-8fc4-b1982ef00f4e_config-0] Register server push request handler:com.alibaba.nacos.client.config.impl.ClientFuzzyWatchNotifyRequestHandler
2026-05-18 14:09:49.362 [main] [none] INFO  c.alibaba.nacos.common.remote.client - [2796bac3-49a2-43fe-8fc4-b1982ef00f4e_config-0] Registry connection listener to current client:com.alibaba.nacos.client.config.impl.ClientWorker$ConfigRpcTransportClient$1
2026-05-18 14:09:49.362 [main] [none] INFO  c.alibaba.nacos.common.remote.client - [2796bac3-49a2-43fe-8fc4-b1982ef00f4e_config-0] RpcClient init, ServerListFactory = com.alibaba.nacos.client.config.impl.ClientWorker$ConfigRpcTransportClient$2
2026-05-18 14:09:49.362 [main] [none] INFO  c.alibaba.nacos.common.remote.client - [2796bac3-49a2-43fe-8fc4-b1982ef00f4e_config-0] Try to connect to server on start up, server: {serverIp = '127.0.0.1', server main port = 8848}
2026-05-18 14:09:49.362 [main] [none] INFO  c.a.n.c.r.client.grpc.GrpcClient - grpc client connection server: 127.0.0.1 ip, serverPort: 9848, grpcTslConfig: {"enableTls":false,"mutualAuthEnable":false,"trustAll":true}
2026-05-18 14:09:49.386 [main] [none] INFO  c.alibaba.nacos.common.remote.client - [2796bac3-49a2-43fe-8fc4-b1982ef00f4e_config-0] Success to connect to server [127.0.0.1:8848] on start up, connectionId = 1779084589372_172.19.0.1_45952
2026-05-18 14:09:49.386 [main] [none] INFO  c.alibaba.nacos.common.remote.client - [2796bac3-49a2-43fe-8fc4-b1982ef00f4e_config-0] Register server push request handler:com.alibaba.nacos.common.remote.client.RpcClient$ConnectResetRequestHandler
2026-05-18 14:09:49.386 [main] [none] INFO  c.alibaba.nacos.common.remote.client - [2796bac3-49a2-43fe-8fc4-b1982ef00f4e_config-0] Register server push request handler:com.alibaba.nacos.common.remote.client.RpcClient$$Lambda/0x000000009b496aa8
2026-05-18 14:09:49.386 [com.alibaba.nacos.client.remote.worker.0] [none] INFO  c.alibaba.nacos.common.remote.client - [2796bac3-49a2-43fe-8fc4-b1982ef00f4e_config-0] Notify connected event to listeners.
2026-05-18 14:09:49.386 [com.alibaba.nacos.client.remote.worker.0] [none] INFO  c.a.n.c.config.impl.ClientWorker - [2796bac3-49a2-43fe-8fc4-b1982ef00f4e_config-0] Connected,notify listen context...
2026-05-18 14:09:49.386 [com.alibaba.nacos.client.remote.worker.0] [none] INFO  c.a.n.c.config.impl.ClientWorker - [2796bac3-49a2-43fe-8fc4-b1982ef00f4e_config-0] Connected,notify fuzzy listen context...
2026-05-18 14:09:49.395 [main] [none] INFO  c.a.c.s.d.c.SentinelConverter - converter can not convert rules because source is empty
2026-05-18 14:09:49.526 [main] [none] INFO  o.s.boot.tomcat.TomcatWebServer - Tomcat started on port 9014 (http) with context path '/'
2026-05-18 14:09:49.538 [main] [none] INFO  com.alibaba.nacos.client.naming - Nacos client key init properties: 
	serverAddr=127.0.0.1:8848
	username=nacos
	password=n***s

2026-05-18 14:09:49.538 [main] [none] INFO  com.alibaba.nacos.client.naming - initializer namespace from ans.namespace attribute : null
2026-05-18 14:09:49.539 [main] [none] INFO  com.alibaba.nacos.client.naming - initializer namespace from ALIBABA_ALIWARE_NAMESPACE attribute :null
2026-05-18 14:09:49.539 [main] [none] INFO  com.alibaba.nacos.client.naming - initializer namespace from namespace attribute :null
2026-05-18 14:09:49.551 [main] [none] INFO  com.alibaba.nacos.client.naming - FailoverDataSource type is class com.alibaba.nacos.client.naming.backups.datasource.DiskFailoverDataSource
2026-05-18 14:09:49.558 [main] [none] INFO  c.a.n.c.a.AbstractServerListManager - Load and match ServerListProvider com.alibaba.nacos.client.address.EndpointServerListProvider, match result: false
2026-05-18 14:09:49.558 [main] [none] INFO  c.a.n.c.a.AbstractServerListManager - Load and match ServerListProvider com.alibaba.nacos.client.address.PropertiesListProvider, match result: true
2026-05-18 14:09:49.558 [main] [none] INFO  c.a.n.c.a.AbstractServerListManager - Will use com.alibaba.nacos.client.address.PropertiesListProvider as ServerListProvider
2026-05-18 14:09:49.559 [main] [none] INFO  c.a.n.p.a.s.c.ClientAuthPluginManager - [ClientAuthPluginManager] Load ClientAuthService com.alibaba.nacos.client.auth.impl.NacosClientAuthServiceImpl success.
2026-05-18 14:09:49.560 [main] [none] INFO  c.a.n.p.a.s.c.ClientAuthPluginManager - [ClientAuthPluginManager] Load ClientAuthService com.alibaba.nacos.client.auth.ram.RamClientAuthServiceImpl success.
2026-05-18 14:09:49.560 [main] [none] DEBUG com.alibaba.nacos.client.naming - HTTP method: POST, url: http://127.0.0.1:8848/nacos/v3/auth/user/login?username=nacos, body: {password=nacos}
2026-05-18 14:09:49.561 [com.alibaba.nacos.naming.failover.0] [none] DEBUG com.alibaba.nacos.client.naming - failover switch is not found, 00-00---000-VIPSRV_FAILOVER_SWITCH-000---00-00
2026-05-18 14:09:49.685 [main] [none] INFO  c.alibaba.nacos.common.remote.client - [RpcClientFactory] create a new rpc client of ad9f35a8-472d-4294-a5a2-f999ad52d690
2026-05-18 14:09:49.689 [main] [none] INFO  com.alibaba.nacos.client.naming - Create naming rpc client for uuid->ad9f35a8-472d-4294-a5a2-f999ad52d690
2026-05-18 14:09:49.689 [main] [none] INFO  c.alibaba.nacos.common.remote.client - [ad9f35a8-472d-4294-a5a2-f999ad52d690] RpcClient init, ServerListFactory = com.alibaba.nacos.client.naming.core.NamingServerListManager
2026-05-18 14:09:49.689 [main] [none] INFO  c.alibaba.nacos.common.remote.client - [ad9f35a8-472d-4294-a5a2-f999ad52d690] Registry connection listener to current client:com.alibaba.nacos.client.naming.remote.gprc.redo.NamingGrpcRedoService
2026-05-18 14:09:49.690 [main] [none] INFO  c.alibaba.nacos.common.remote.client - [ad9f35a8-472d-4294-a5a2-f999ad52d690] Register server push request handler:com.alibaba.nacos.client.naming.remote.gprc.NamingPushRequestHandler
2026-05-18 14:09:49.691 [main] [none] INFO  c.alibaba.nacos.common.remote.client - [ad9f35a8-472d-4294-a5a2-f999ad52d690] Register server push request handler:com.alibaba.nacos.client.naming.remote.gprc.NamingFuzzyWatchNotifyRequestHandler
2026-05-18 14:09:49.692 [main] [none] INFO  c.alibaba.nacos.common.remote.client - [ad9f35a8-472d-4294-a5a2-f999ad52d690] Try to connect to server on start up, server: {serverIp = '127.0.0.1', server main port = 8848}
2026-05-18 14:09:49.692 [main] [none] INFO  c.a.n.c.r.client.grpc.GrpcClient - grpc client connection server: 127.0.0.1 ip, serverPort: 9848, grpcTslConfig: {"enableTls":false,"mutualAuthEnable":false,"trustAll":true}
2026-05-18 14:09:49.728 [main] [none] INFO  c.alibaba.nacos.common.remote.client - [ad9f35a8-472d-4294-a5a2-f999ad52d690] Success to connect to server [127.0.0.1:8848] on start up, connectionId = 1779084589711_172.19.0.1_45954
2026-05-18 14:09:49.729 [com.alibaba.nacos.client.remote.worker.0] [none] INFO  c.alibaba.nacos.common.remote.client - [ad9f35a8-472d-4294-a5a2-f999ad52d690] Notify connected event to listeners.
2026-05-18 14:09:49.729 [main] [none] INFO  c.alibaba.nacos.common.remote.client - [ad9f35a8-472d-4294-a5a2-f999ad52d690] Register server push request handler:com.alibaba.nacos.common.remote.client.RpcClient$ConnectResetRequestHandler
2026-05-18 14:09:49.729 [main] [none] INFO  c.alibaba.nacos.common.remote.client - [ad9f35a8-472d-4294-a5a2-f999ad52d690] Register server push request handler:com.alibaba.nacos.common.remote.client.RpcClient$$Lambda/0x000000009b496aa8
2026-05-18 14:09:49.729 [com.alibaba.nacos.client.remote.worker.0] [none] INFO  com.alibaba.nacos.client.naming - Grpc connection connect
2026-05-18 14:09:49.731 [main] [none] INFO  com.alibaba.nacos.client.naming - [REGISTER-SERVICE] public registering service mall-marketing with instance Instance{instanceId='null', ip='192.168.1.59', port=9014, weight=1.0, healthy=true, enabled=true, ephemeral=true, clusterName='', serviceName='null', metadata={IPv6=[240e:3b3:4007:6cf0:f1e6:cd52:25d7:5f99], preserved.register.source=SPRING_CLOUD}}
2026-05-18 14:09:49.767 [main] [none] INFO  c.a.c.n.r.NacosServiceRegistry - nacos registry, DEFAULT_GROUP mall-marketing 192.168.1.59:9014 register finished
2026-05-18 14:09:50.167 [main] [none] INFO  o.a.r.s.s.DefaultRocketMQListenerContainer - running container: DefaultRocketMQListenerContainer{consumerGroup='marketing-group-expired-consumer', namespace='', namespaceV2='', nameServer='127.0.0.1:9876', topic='marketing-group-expired', consumeMode=CONCURRENTLY, selectorType=TAG, selectorExpression='*', messageModel=CLUSTERING', tlsEnable=false, instanceName=DEFAULT}
2026-05-18 14:09:50.182 [main] [none] INFO  c.c.marketing.MarketingApplication - Started MarketingApplication in 18.819 seconds (process running for 20.412)
2026-05-18 14:09:50.194 [main] [none] INFO  c.a.n.c.config.impl.ClientWorker - [Config-fixed-public-127.0.0.1_8848] [subscribe] mall-marketing.yml+DEFAULT_GROUP+public
2026-05-18 14:09:50.194 [main] [none] INFO  c.a.n.client.config.impl.CacheData - [Config-fixed-public-127.0.0.1_8848] [add-listener] ok, tenant=public, dataId=mall-marketing.yml, group=DEFAULT_GROUP, cnt=1
2026-05-18 14:09:50.194 [main] [none] INFO  c.a.c.n.r.NacosContextRefresher - [Nacos Config] Listening config: dataId=mall-marketing.yml, group=DEFAULT_GROUP
2026-05-18 14:09:50.205 [main] [none] INFO  c.a.n.c.config.impl.ClientWorker - [Config-fixed-public-127.0.0.1_8848] [subscribe] shared-logging.yml+DEFAULT_GROUP+public
2026-05-18 14:09:50.205 [main] [none] INFO  c.a.n.client.config.impl.CacheData - [Config-fixed-public-127.0.0.1_8848] [add-listener] ok, tenant=public, dataId=shared-logging.yml, group=DEFAULT_GROUP, cnt=1
2026-05-18 14:09:50.205 [main] [none] INFO  c.a.c.n.r.NacosContextRefresher - [Nacos Config] Listening config: dataId=shared-logging.yml, group=DEFAULT_GROUP
2026-05-18 14:09:50.683 [RMI TCP Connection(2)-192.168.1.59] [none] INFO  c.a.c.s.e.SentinelHealthIndicator - Find sentinel dashboard server list: [Endpoint{protocol=HTTP, host='localhost, port=8088}]
2026-05-18 14:09:50.685 [RMI TCP Connection(2)-192.168.1.59] [none] WARN  c.a.c.s.e.SentinelHealthIndicator - Sentinel dashboard heartbeat message can't be sent to the dashboard servers [Endpoint{protocol=HTTP, host='localhost, port=8088}] one of them can't be connected
2026-05-18 14:09:50.688 [RMI TCP Connection(3)-192.168.1.59] [none] INFO  o.a.c.c.C.[Tomcat].[localhost].[/] - Initializing Spring DispatcherServlet 'dispatcherServlet'
2026-05-18 14:09:50.688 [RMI TCP Connection(3)-192.168.1.59] [none] INFO  o.s.web.servlet.DispatcherServlet - Initializing Servlet 'dispatcherServlet'
2026-05-18 14:09:50.693 [RMI TCP Connection(3)-192.168.1.59] [none] INFO  o.s.web.servlet.DispatcherServlet - Completed initialization in 5 ms
2026-05-18 14:09:50.702 [RMI TCP Connection(2)-192.168.1.59] [none] INFO  c.a.c.s.d.c.SentinelConverter - converter can not convert rules because source is empty
2026-05-18 14:09:50.715 [RMI TCP Connection(2)-192.168.1.59] [none] INFO  c.a.c.s.d.c.SentinelConverter - converter can not convert rules because source is empty
2026-05-18 14:09:50.723 [RMI TCP Connection(2)-192.168.1.59] [none] INFO  com.zaxxer.hikari.HikariDataSource - HikariPool-1 - Starting...
2026-05-18 14:09:50.995 [RMI TCP Connection(2)-192.168.1.59] [none] INFO  com.zaxxer.hikari.pool.HikariPool - HikariPool-1 - Added connection com.mysql.cj.jdbc.ConnectionImpl@3f87688c
2026-05-18 14:09:51.001 [RMI TCP Connection(2)-192.168.1.59] [none] INFO  com.zaxxer.hikari.HikariDataSource - HikariPool-1 - Start completed.
2026-05-18 14:09:54.565 [com.alibaba.nacos.naming.failover.0] [none] DEBUG com.alibaba.nacos.client.naming - failover switch is not found, 00-00---000-VIPSRV_FAILOVER_SWITCH-000---00-00
2026-05-18 14:09:59.569 [com.alibaba.nacos.naming.failover.0] [none] DEBUG com.alibaba.nacos.client.naming - failover switch is not found, 00-00---000-VIPSRV_FAILOVER_SWITCH-000---00-00
2026-05-18 14:10:04.573 [com.alibaba.nacos.naming.failover.0] [none] DEBUG com.alibaba.nacos.client.naming - failover switch is not found, 00-00---000-VIPSRV_FAILOVER_SWITCH-000---00-00
2026-05-18 14:10:09.574 [com.alibaba.nacos.naming.failover.0] [none] DEBUG com.alibaba.nacos.client.naming - failover switch is not found, 00-00---000-VIPSRV_FAILOVER_SWITCH-000---00-00
2026-05-18 14:10:14.576 [com.alibaba.nacos.naming.failover.0] [none] DEBUG com.alibaba.nacos.client.naming - failover switch is not found, 00-00---000-VIPSRV_FAILOVER_SWITCH-000---00-00
2026-05-18 14:10:19.581 [com.alibaba.nacos.naming.failover.0] [none] DEBUG com.alibaba.nacos.client.naming - failover switch is not found, 00-00---000-VIPSRV_FAILOVER_SWITCH-000---00-00
2026-05-18 14:10:24.582 [com.alibaba.nacos.naming.failover.0] [none] DEBUG com.alibaba.nacos.client.naming - failover switch is not found, 00-00---000-VIPSRV_FAILOVER_SWITCH-000---00-00
2026-05-18 14:10:29.621 [com.alibaba.nacos.naming.failover.0] [none] DEBUG com.alibaba.nacos.client.naming - failover switch is not found, 00-00---000-VIPSRV_FAILOVER_SWITCH-000---00-00
2026-05-18 14:10:34.624 [com.alibaba.nacos.naming.failover.0] [none] DEBUG com.alibaba.nacos.client.naming - failover switch is not found, 00-00---000-VIPSRV_FAILOVER_SWITCH-000---00-00
2026-05-18 14:10:39.626 [com.alibaba.nacos.naming.failover.0] [none] DEBUG com.alibaba.nacos.client.naming - failover switch is not found, 00-00---000-VIPSRV_FAILOVER_SWITCH-000---00-00
2026-05-18 14:10:44.628 [com.alibaba.nacos.naming.failover.0] [none] DEBUG com.alibaba.nacos.client.naming - failover switch is not found, 00-00---000-VIPSRV_FAILOVER_SWITCH-000---00-00
2026-05-18 14:10:49.630 [com.alibaba.nacos.naming.failover.0] [none] DEBUG com.alibaba.nacos.client.naming - failover switch is not found, 00-00---000-VIPSRV_FAILOVER_SWITCH-000---00-00
2026-05-18 14:10:54.631 [com.alibaba.nacos.naming.failover.0] [none] DEBUG com.alibaba.nacos.client.naming - failover switch is not found, 00-00---000-VIPSRV_FAILOVER_SWITCH-000---00-00
2026-05-18 14:10:59.632 [com.alibaba.nacos.naming.failover.0] [none] DEBUG com.alibaba.nacos.client.naming - failover switch is not found, 00-00---000-VIPSRV_FAILOVER_SWITCH-000---00-00
2026-05-18 14:11:04.645 [com.alibaba.nacos.naming.failover.0] [none] DEBUG com.alibaba.nacos.client.naming - failover switch is not found, 00-00---000-VIPSRV_FAILOVER_SWITCH-000---00-00
2026-05-18 14:11:09.674 [com.alibaba.nacos.naming.failover.0] [none] DEBUG com.alibaba.nacos.client.naming - failover switch is not found, 00-00---000-VIPSRV_FAILOVER_SWITCH-000---00-00
2026-05-18 14:11:14.676 [com.alibaba.nacos.naming.failover.0] [none] DEBUG com.alibaba.nacos.client.naming - failover switch is not found, 00-00---000-VIPSRV_FAILOVER_SWITCH-000---00-00
2026-05-18 14:11:19.677 [com.alibaba.nacos.naming.failover.0] [none] DEBUG com.alibaba.nacos.client.naming - failover switch is not found, 00-00---000-VIPSRV_FAILOVER_SWITCH-000---00-00
2026-05-18 14:11:24.739 [com.alibaba.nacos.naming.failover.0] [none] DEBUG com.alibaba.nacos.client.naming - failover switch is not found, 00-00---000-VIPSRV_FAILOVER_SWITCH-000---00-00
2026-05-18 14:11:29.747 [com.alibaba.nacos.naming.failover.0] [none] DEBUG com.alibaba.nacos.client.naming - failover switch is not found, 00-00---000-VIPSRV_FAILOVER_SWITCH-000---00-00
2026-05-18 14:11:34.750 [com.alibaba.nacos.naming.failover.0] [none] DEBUG com.alibaba.nacos.client.naming - failover switch is not found, 00-00---000-VIPSRV_FAILOVER_SWITCH-000---00-00
2026-05-18 14:11:39.751 [com.alibaba.nacos.naming.failover.0] [none] DEBUG com.alibaba.nacos.client.naming - failover switch is not found, 00-00---000-VIPSRV_FAILOVER_SWITCH-000---00-00
2026-05-18 14:11:44.753 [com.alibaba.nacos.naming.failover.0] [none] DEBUG com.alibaba.nacos.client.naming - failover switch is not found, 00-00---000-VIPSRV_FAILOVER_SWITCH-000---00-00
2026-05-18 14:11:49.756 [com.alibaba.nacos.naming.failover.0] [none] DEBUG com.alibaba.nacos.client.naming - failover switch is not found, 00-00---000-VIPSRV_FAILOVER_SWITCH-000---00-00
2026-05-18 14:11:54.761 [com.alibaba.nacos.naming.failover.0] [none] DEBUG com.alibaba.nacos.client.naming - failover switch is not found, 00-00---000-VIPSRV_FAILOVER_SWITCH-000---00-00
2026-05-18 14:11:59.809 [com.alibaba.nacos.naming.failover.0] [none] DEBUG com.alibaba.nacos.client.naming - failover switch is not found, 00-00---000-VIPSRV_FAILOVER_SWITCH-000---00-00
2026-05-18 14:12:04.811 [com.alibaba.nacos.naming.failover.0] [none] DEBUG com.alibaba.nacos.client.naming - failover switch is not found, 00-00---000-VIPSRV_FAILOVER_SWITCH-000---00-00
2026-05-18 14:12:09.830 [com.alibaba.nacos.naming.failover.0] [none] DEBUG com.alibaba.nacos.client.naming - failover switch is not found, 00-00---000-VIPSRV_FAILOVER_SWITCH-000---00-00
2026-05-18 14:12:14.833 [com.alibaba.nacos.naming.failover.0] [none] DEBUG com.alibaba.nacos.client.naming - failover switch is not found, 00-00---000-VIPSRV_FAILOVER_SWITCH-000---00-00
2026-05-18 14:12:19.834 [com.alibaba.nacos.naming.failover.0] [none] DEBUG com.alibaba.nacos.client.naming - failover switch is not found, 00-00---000-VIPSRV_FAILOVER_SWITCH-000---00-00
2026-05-18 14:12:24.835 [com.alibaba.nacos.naming.failover.0] [none] DEBUG com.alibaba.nacos.client.naming - failover switch is not found, 00-00---000-VIPSRV_FAILOVER_SWITCH-000---00-00
2026-05-18 14:12:29.837 [com.alibaba.nacos.naming.failover.0] [none] DEBUG com.alibaba.nacos.client.naming - failover switch is not found, 00-00---000-VIPSRV_FAILOVER_SWITCH-000---00-00
2026-05-18 14:12:34.841 [com.alibaba.nacos.naming.failover.0] [none] DEBUG com.alibaba.nacos.client.naming - failover switch is not found, 00-00---000-VIPSRV_FAILOVER_SWITCH-000---00-00
2026-05-18 14:12:39.843 [com.alibaba.nacos.naming.failover.0] [none] DEBUG com.alibaba.nacos.client.naming - failover switch is not found, 00-00---000-VIPSRV_FAILOVER_SWITCH-000---00-00
2026-05-18 14:12:44.844 [com.alibaba.nacos.naming.failover.0] [none] DEBUG com.alibaba.nacos.client.naming - failover switch is not found, 00-00---000-VIPSRV_FAILOVER_SWITCH-000---00-00
2026-05-18 14:12:49.846 [com.alibaba.nacos.naming.failover.0] [none] DEBUG com.alibaba.nacos.client.naming - failover switch is not found, 00-00---000-VIPSRV_FAILOVER_SWITCH-000---00-00
2026-05-18 14:12:54.847 [com.alibaba.nacos.naming.failover.0] [none] DEBUG com.alibaba.nacos.client.naming - failover switch is not found, 00-00---000-VIPSRV_FAILOVER_SWITCH-000---00-00
2026-05-18 14:12:59.849 [com.alibaba.nacos.naming.failover.0] [none] DEBUG com.alibaba.nacos.client.naming - failover switch is not found, 00-00---000-VIPSRV_FAILOVER_SWITCH-000---00-00
2026-05-18 14:13:04.850 [com.alibaba.nacos.naming.failover.0] [none] DEBUG com.alibaba.nacos.client.naming - failover switch is not found, 00-00---000-VIPSRV_FAILOVER_SWITCH-000---00-00
2026-05-18 14:13:09.852 [com.alibaba.nacos.naming.failover.0] [none] DEBUG com.alibaba.nacos.client.naming - failover switch is not found, 00-00---000-VIPSRV_FAILOVER_SWITCH-000---00-00
2026-05-18 14:13:14.853 [com.alibaba.nacos.naming.failover.0] [none] DEBUG com.alibaba.nacos.client.naming - failover switch is not found, 00-00---000-VIPSRV_FAILOVER_SWITCH-000---00-00
2026-05-18 14:13:19.855 [com.alibaba.nacos.naming.failover.0] [none] DEBUG com.alibaba.nacos.client.naming - failover switch is not found, 00-00---000-VIPSRV_FAILOVER_SWITCH-000---00-00
2026-05-18 14:13:24.855 [com.alibaba.nacos.naming.failover.0] [none] DEBUG com.alibaba.nacos.client.naming - failover switch is not found, 00-00---000-VIPSRV_FAILOVER_SWITCH-000---00-00
2026-05-18 14:13:29.856 [com.alibaba.nacos.naming.failover.0] [none] DEBUG com.alibaba.nacos.client.naming - failover switch is not found, 00-00---000-VIPSRV_FAILOVER_SWITCH-000---00-00
2026-05-18 14:13:34.858 [com.alibaba.nacos.naming.failover.0] [none] DEBUG com.alibaba.nacos.client.naming - failover switch is not found, 00-00---000-VIPSRV_FAILOVER_SWITCH-000---00-00
2026-05-18 14:13:39.859 [com.alibaba.nacos.naming.failover.0] [none] DEBUG com.alibaba.nacos.client.naming - failover switch is not found, 00-00---000-VIPSRV_FAILOVER_SWITCH-000---00-00
2026-05-18 14:13:44.860 [com.alibaba.nacos.naming.failover.0] [none] DEBUG com.alibaba.nacos.client.naming - failover switch is not found, 00-00---000-VIPSRV_FAILOVER_SWITCH-000---00-00
2026-05-18 14:13:49.861 [com.alibaba.nacos.naming.failover.0] [none] DEBUG com.alibaba.nacos.client.naming - failover switch is not found, 00-00---000-VIPSRV_FAILOVER_SWITCH-000---00-00
2026-05-18 14:13:54.865 [com.alibaba.nacos.naming.failover.0] [none] DEBUG com.alibaba.nacos.client.naming - failover switch is not found, 00-00---000-VIPSRV_FAILOVER_SWITCH-000---00-00
2026-05-18 14:13:59.877 [com.alibaba.nacos.naming.failover.0] [none] DEBUG com.alibaba.nacos.client.naming - failover switch is not found, 00-00---000-VIPSRV_FAILOVER_SWITCH-000---00-00
2026-05-18 14:14:04.879 [com.alibaba.nacos.naming.failover.0] [none] DEBUG com.alibaba.nacos.client.naming - failover switch is not found, 00-00---000-VIPSRV_FAILOVER_SWITCH-000---00-00
2026-05-18 14:14:09.888 [com.alibaba.nacos.naming.failover.0] [none] DEBUG com.alibaba.nacos.client.naming - failover switch is not found, 00-00---000-VIPSRV_FAILOVER_SWITCH-000---00-00
2026-05-18 14:14:14.891 [com.alibaba.nacos.naming.failover.0] [none] DEBUG com.alibaba.nacos.client.naming - failover switch is not found, 00-00---000-VIPSRV_FAILOVER_SWITCH-000---00-00
2026-05-18 14:14:19.898 [com.alibaba.nacos.naming.failover.0] [none] DEBUG com.alibaba.nacos.client.naming - failover switch is not found, 00-00---000-VIPSRV_FAILOVER_SWITCH-000---00-00
2026-05-18 14:14:24.908 [com.alibaba.nacos.naming.failover.0] [none] DEBUG com.alibaba.nacos.client.naming - failover switch is not found, 00-00---000-VIPSRV_FAILOVER_SWITCH-000---00-00
2026-05-18 14:14:29.917 [com.alibaba.nacos.naming.failover.0] [none] DEBUG com.alibaba.nacos.client.naming - failover switch is not found, 00-00---000-VIPSRV_FAILOVER_SWITCH-000---00-00
2026-05-18 14:14:34.922 [com.alibaba.nacos.naming.failover.0] [none] DEBUG com.alibaba.nacos.client.naming - failover switch is not found, 00-00---000-VIPSRV_FAILOVER_SWITCH-000---00-00
2026-05-18 14:14:39.924 [com.alibaba.nacos.naming.failover.0] [none] DEBUG com.alibaba.nacos.client.naming - failover switch is not found, 00-00---000-VIPSRV_FAILOVER_SWITCH-000---00-00
2026-05-18 14:14:44.925 [com.alibaba.nacos.naming.failover.0] [none] DEBUG com.alibaba.nacos.client.naming - failover switch is not found, 00-00---000-VIPSRV_FAILOVER_SWITCH-000---00-00
2026-05-18 14:14:49.930 [com.alibaba.nacos.naming.failover.0] [none] DEBUG com.alibaba.nacos.client.naming - failover switch is not found, 00-00---000-VIPSRV_FAILOVER_SWITCH-000---00-00
2026-05-18 14:14:54.944 [com.alibaba.nacos.naming.failover.0] [none] DEBUG com.alibaba.nacos.client.naming - failover switch is not found, 00-00---000-VIPSRV_FAILOVER_SWITCH-000---00-00
2026-05-18 14:14:59.952 [com.alibaba.nacos.naming.failover.0] [none] DEBUG com.alibaba.nacos.client.naming - failover switch is not found, 00-00---000-VIPSRV_FAILOVER_SWITCH-000---00-00
2026-05-18 14:15:05.013 [com.alibaba.nacos.naming.failover.0] [none] DEBUG com.alibaba.nacos.client.naming - failover switch is not found, 00-00---000-VIPSRV_FAILOVER_SWITCH-000---00-00
2026-05-18 14:15:10.018 [com.alibaba.nacos.naming.failover.0] [none] DEBUG com.alibaba.nacos.client.naming - failover switch is not found, 00-00---000-VIPSRV_FAILOVER_SWITCH-000---00-00
2026-05-18 14:15:15.030 [com.alibaba.nacos.naming.failover.0] [none] DEBUG com.alibaba.nacos.client.naming - failover switch is not found, 00-00---000-VIPSRV_FAILOVER_SWITCH-000---00-00
2026-05-18 14:15:20.037 [com.alibaba.nacos.naming.failover.0] [none] DEBUG com.alibaba.nacos.client.naming - failover switch is not found, 00-00---000-VIPSRV_FAILOVER_SWITCH-000---00-00
2026-05-18 14:15:25.048 [com.alibaba.nacos.naming.failover.0] [none] DEBUG com.alibaba.nacos.client.naming - failover switch is not found, 00-00---000-VIPSRV_FAILOVER_SWITCH-000---00-00
2026-05-18 14:15:30.058 [com.alibaba.nacos.naming.failover.0] [none] DEBUG com.alibaba.nacos.client.naming - failover switch is not found, 00-00---000-VIPSRV_FAILOVER_SWITCH-000---00-00
2026-05-18 14:15:35.063 [com.alibaba.nacos.naming.failover.0] [none] DEBUG com.alibaba.nacos.client.naming - failover switch is not found, 00-00---000-VIPSRV_FAILOVER_SWITCH-000---00-00
2026-05-18 14:15:40.072 [com.alibaba.nacos.naming.failover.0] [none] DEBUG com.alibaba.nacos.client.naming - failover switch is not found, 00-00---000-VIPSRV_FAILOVER_SWITCH-000---00-00
2026-05-18 14:15:45.083 [com.alibaba.nacos.naming.failover.0] [none] DEBUG com.alibaba.nacos.client.naming - failover switch is not found, 00-00---000-VIPSRV_FAILOVER_SWITCH-000---00-00
2026-05-18 14:15:50.085 [com.alibaba.nacos.naming.failover.0] [none] DEBUG com.alibaba.nacos.client.naming - failover switch is not found, 00-00---000-VIPSRV_FAILOVER_SWITCH-000---00-00
2026-05-18 14:15:55.099 [com.alibaba.nacos.naming.failover.0] [none] DEBUG com.alibaba.nacos.client.naming - failover switch is not found, 00-00---000-VIPSRV_FAILOVER_SWITCH-000---00-00
2026-05-18 14:16:00.102 [com.alibaba.nacos.naming.failover.0] [none] DEBUG com.alibaba.nacos.client.naming - failover switch is not found, 00-00---000-VIPSRV_FAILOVER_SWITCH-000---00-00
2026-05-18 14:16:05.108 [com.alibaba.nacos.naming.failover.0] [none] DEBUG com.alibaba.nacos.client.naming - failover switch is not found, 00-00---000-VIPSRV_FAILOVER_SWITCH-000---00-00
2026-05-18 14:16:10.113 [com.alibaba.nacos.naming.failover.0] [none] DEBUG com.alibaba.nacos.client.naming - failover switch is not found, 00-00---000-VIPSRV_FAILOVER_SWITCH-000---00-00
2026-05-18 14:16:15.114 [com.alibaba.nacos.naming.failover.0] [none] DEBUG com.alibaba.nacos.client.naming - failover switch is not found, 00-00---000-VIPSRV_FAILOVER_SWITCH-000---00-00
2026-05-18 14:16:20.115 [com.alibaba.nacos.naming.failover.0] [none] DEBUG com.alibaba.nacos.client.naming - failover switch is not found, 00-00---000-VIPSRV_FAILOVER_SWITCH-000---00-00
2026-05-18 14:16:25.116 [com.alibaba.nacos.naming.failover.0] [none] DEBUG com.alibaba.nacos.client.naming - failover switch is not found, 00-00---000-VIPSRV_FAILOVER_SWITCH-000---00-00
2026-05-18 14:16:30.118 [com.alibaba.nacos.naming.failover.0] [none] DEBUG com.alibaba.nacos.client.naming - failover switch is not found, 00-00---000-VIPSRV_FAILOVER_SWITCH-000---00-00
2026-05-18 14:16:35.120 [com.alibaba.nacos.naming.failover.0] [none] DEBUG com.alibaba.nacos.client.naming - failover switch is not found, 00-00---000-VIPSRV_FAILOVER_SWITCH-000---00-00
2026-05-18 14:16:40.121 [com.alibaba.nacos.naming.failover.0] [none] DEBUG com.alibaba.nacos.client.naming - failover switch is not found, 00-00---000-VIPSRV_FAILOVER_SWITCH-000---00-00
2026-05-18 14:16:45.123 [com.alibaba.nacos.naming.failover.0] [none] DEBUG com.alibaba.nacos.client.naming - failover switch is not found, 00-00---000-VIPSRV_FAILOVER_SWITCH-000---00-00
2026-05-18 14:16:50.125 [com.alibaba.nacos.naming.failover.0] [none] DEBUG com.alibaba.nacos.client.naming - failover switch is not found, 00-00---000-VIPSRV_FAILOVER_SWITCH-000---00-00
2026-05-18 14:16:55.127 [com.alibaba.nacos.naming.failover.0] [none] DEBUG com.alibaba.nacos.client.naming - failover switch is not found, 00-00---000-VIPSRV_FAILOVER_SWITCH-000---00-00
2026-05-18 14:17:00.148 [com.alibaba.nacos.naming.failover.0] [none] DEBUG com.alibaba.nacos.client.naming - failover switch is not found, 00-00---000-VIPSRV_FAILOVER_SWITCH-000---00-00
2026-05-18 14:17:05.151 [com.alibaba.nacos.naming.failover.0] [none] DEBUG com.alibaba.nacos.client.naming - failover switch is not found, 00-00---000-VIPSRV_FAILOVER_SWITCH-000---00-00
2026-05-18 14:17:10.153 [com.alibaba.nacos.naming.failover.0] [none] DEBUG com.alibaba.nacos.client.naming - failover switch is not found, 00-00---000-VIPSRV_FAILOVER_SWITCH-000---00-00
2026-05-18 14:17:15.153 [com.alibaba.nacos.naming.failover.0] [none] DEBUG com.alibaba.nacos.client.naming - failover switch is not found, 00-00---000-VIPSRV_FAILOVER_SWITCH-000---00-00
2026-05-18 14:17:20.154 [com.alibaba.nacos.naming.failover.0] [none] DEBUG com.alibaba.nacos.client.naming - failover switch is not found, 00-00---000-VIPSRV_FAILOVER_SWITCH-000---00-00
2026-05-18 14:17:25.154 [com.alibaba.nacos.naming.failover.0] [none] DEBUG com.alibaba.nacos.client.naming - failover switch is not found, 00-00---000-VIPSRV_FAILOVER_SWITCH-000---00-00
2026-05-18 14:17:30.156 [com.alibaba.nacos.naming.failover.0] [none] DEBUG com.alibaba.nacos.client.naming - failover switch is not found, 00-00---000-VIPSRV_FAILOVER_SWITCH-000---00-00
2026-05-18 14:17:35.156 [com.alibaba.nacos.naming.failover.0] [none] DEBUG com.alibaba.nacos.client.naming - failover switch is not found, 00-00---000-VIPSRV_FAILOVER_SWITCH-000---00-00
2026-05-18 14:17:40.159 [com.alibaba.nacos.naming.failover.0] [none] DEBUG com.alibaba.nacos.client.naming - failover switch is not found, 00-00---000-VIPSRV_FAILOVER_SWITCH-000---00-00
2026-05-18 14:17:45.161 [com.alibaba.nacos.naming.failover.0] [none] DEBUG com.alibaba.nacos.client.naming - failover switch is not found, 00-00---000-VIPSRV_FAILOVER_SWITCH-000---00-00
2026-05-18 14:17:50.163 [com.alibaba.nacos.naming.failover.0] [none] DEBUG com.alibaba.nacos.client.naming - failover switch is not found, 00-00---000-VIPSRV_FAILOVER_SWITCH-000---00-00
2026-05-18 14:17:55.164 [com.alibaba.nacos.naming.failover.0] [none] DEBUG com.alibaba.nacos.client.naming - failover switch is not found, 00-00---000-VIPSRV_FAILOVER_SWITCH-000---00-00
2026-05-18 14:18:00.166 [com.alibaba.nacos.naming.failover.0] [none] DEBUG com.alibaba.nacos.client.naming - failover switch is not found, 00-00---000-VIPSRV_FAILOVER_SWITCH-000---00-00
2026-05-18 14:18:05.167 [com.alibaba.nacos.naming.failover.0] [none] DEBUG com.alibaba.nacos.client.naming - failover switch is not found, 00-00---000-VIPSRV_FAILOVER_SWITCH-000---00-00
2026-05-18 14:18:10.172 [com.alibaba.nacos.naming.failover.0] [none] DEBUG com.alibaba.nacos.client.naming - failover switch is not found, 00-00---000-VIPSRV_FAILOVER_SWITCH-000---00-00
2026-05-18 14:18:15.194 [com.alibaba.nacos.naming.failover.0] [none] DEBUG com.alibaba.nacos.client.naming - failover switch is not found, 00-00---000-VIPSRV_FAILOVER_SWITCH-000---00-00
2026-05-18 14:18:20.201 [com.alibaba.nacos.naming.failover.0] [none] DEBUG com.alibaba.nacos.client.naming - failover switch is not found, 00-00---000-VIPSRV_FAILOVER_SWITCH-000---00-00
2026-05-18 14:18:25.203 [com.alibaba.nacos.naming.failover.0] [none] DEBUG com.alibaba.nacos.client.naming - failover switch is not found, 00-00---000-VIPSRV_FAILOVER_SWITCH-000---00-00
2026-05-18 14:18:30.204 [com.alibaba.nacos.naming.failover.0] [none] DEBUG com.alibaba.nacos.client.naming - failover switch is not found, 00-00---000-VIPSRV_FAILOVER_SWITCH-000---00-00
2026-05-18 14:18:35.205 [com.alibaba.nacos.naming.failover.0] [none] DEBUG com.alibaba.nacos.client.naming - failover switch is not found, 00-00---000-VIPSRV_FAILOVER_SWITCH-000---00-00
2026-05-18 14:18:40.206 [com.alibaba.nacos.naming.failover.0] [none] DEBUG com.alibaba.nacos.client.naming - failover switch is not found, 00-00---000-VIPSRV_FAILOVER_SWITCH-000---00-00
2026-05-18 14:18:45.233 [com.alibaba.nacos.naming.failover.0] [none] DEBUG com.alibaba.nacos.client.naming - failover switch is not found, 00-00---000-VIPSRV_FAILOVER_SWITCH-000---00-00
2026-05-18 14:18:50.234 [com.alibaba.nacos.naming.failover.0] [none] DEBUG com.alibaba.nacos.client.naming - failover switch is not found, 00-00---000-VIPSRV_FAILOVER_SWITCH-000---00-00
2026-05-18 14:18:55.240 [com.alibaba.nacos.naming.failover.0] [none] DEBUG com.alibaba.nacos.client.naming - failover switch is not found, 00-00---000-VIPSRV_FAILOVER_SWITCH-000---00-00
2026-05-18 14:19:00.261 [com.alibaba.nacos.naming.failover.0] [none] DEBUG com.alibaba.nacos.client.naming - failover switch is not found, 00-00---000-VIPSRV_FAILOVER_SWITCH-000---00-00
2026-05-18 14:19:05.263 [com.alibaba.nacos.naming.failover.0] [none] DEBUG com.alibaba.nacos.client.naming - failover switch is not found, 00-00---000-VIPSRV_FAILOVER_SWITCH-000---00-00
2026-05-18 14:19:10.265 [com.alibaba.nacos.naming.failover.0] [none] DEBUG com.alibaba.nacos.client.naming - failover switch is not found, 00-00---000-VIPSRV_FAILOVER_SWITCH-000---00-00
2026-05-18 14:19:15.283 [com.alibaba.nacos.naming.failover.0] [none] DEBUG com.alibaba.nacos.client.naming - failover switch is not found, 00-00---000-VIPSRV_FAILOVER_SWITCH-000---00-00
2026-05-18 14:19:20.285 [com.alibaba.nacos.naming.failover.0] [none] DEBUG com.alibaba.nacos.client.naming - failover switch is not found, 00-00---000-VIPSRV_FAILOVER_SWITCH-000---00-00
2026-05-18 14:19:25.287 [com.alibaba.nacos.naming.failover.0] [none] DEBUG com.alibaba.nacos.client.naming - failover switch is not found, 00-00---000-VIPSRV_FAILOVER_SWITCH-000---00-00
2026-05-18 14:19:30.289 [com.alibaba.nacos.naming.failover.0] [none] DEBUG com.alibaba.nacos.client.naming - failover switch is not found, 00-00---000-VIPSRV_FAILOVER_SWITCH-000---00-00
2026-05-18 14:19:35.291 [com.alibaba.nacos.naming.failover.0] [none] DEBUG com.alibaba.nacos.client.naming - failover switch is not found, 00-00---000-VIPSRV_FAILOVER_SWITCH-000---00-00
2026-05-18 14:19:40.293 [com.alibaba.nacos.naming.failover.0] [none] DEBUG com.alibaba.nacos.client.naming - failover switch is not found, 00-00---000-VIPSRV_FAILOVER_SWITCH-000---00-00
2026-05-18 14:19:45.304 [com.alibaba.nacos.naming.failover.0] [none] DEBUG com.alibaba.nacos.client.naming - failover switch is not found, 00-00---000-VIPSRV_FAILOVER_SWITCH-000---00-00
2026-05-18 14:19:50.308 [com.alibaba.nacos.naming.failover.0] [none] DEBUG com.alibaba.nacos.client.naming - failover switch is not found, 00-00---000-VIPSRV_FAILOVER_SWITCH-000---00-00
2026-05-18 14:19:55.308 [com.alibaba.nacos.naming.failover.0] [none] DEBUG com.alibaba.nacos.client.naming - failover switch is not found, 00-00---000-VIPSRV_FAILOVER_SWITCH-000---00-00
2026-05-18 14:20:00.308 [com.alibaba.nacos.naming.failover.0] [none] DEBUG com.alibaba.nacos.client.naming - failover switch is not found, 00-00---000-VIPSRV_FAILOVER_SWITCH-000---00-00
2026-05-18 14:20:05.310 [com.alibaba.nacos.naming.failover.0] [none] DEBUG com.alibaba.nacos.client.naming - failover switch is not found, 00-00---000-VIPSRV_FAILOVER_SWITCH-000---00-00
2026-05-18 14:20:10.311 [com.alibaba.nacos.naming.failover.0] [none] DEBUG com.alibaba.nacos.client.naming - failover switch is not found, 00-00---000-VIPSRV_FAILOVER_SWITCH-000---00-00
2026-05-18 14:20:15.312 [com.alibaba.nacos.naming.failover.0] [none] DEBUG com.alibaba.nacos.client.naming - failover switch is not found, 00-00---000-VIPSRV_FAILOVER_SWITCH-000---00-00
2026-05-18 14:20:20.313 [com.alibaba.nacos.naming.failover.0] [none] DEBUG com.alibaba.nacos.client.naming - failover switch is not found, 00-00---000-VIPSRV_FAILOVER_SWITCH-000---00-00
2026-05-18 14:20:25.314 [com.alibaba.nacos.naming.failover.0] [none] DEBUG com.alibaba.nacos.client.naming - failover switch is not found, 00-00---000-VIPSRV_FAILOVER_SWITCH-000---00-00
2026-05-18 14:20:30.315 [com.alibaba.nacos.naming.failover.0] [none] DEBUG com.alibaba.nacos.client.naming - failover switch is not found, 00-00---000-VIPSRV_FAILOVER_SWITCH-000---00-00
2026-05-18 14:20:35.316 [com.alibaba.nacos.naming.failover.0] [none] DEBUG com.alibaba.nacos.client.naming - failover switch is not found, 00-00---000-VIPSRV_FAILOVER_SWITCH-000---00-00
2026-05-18 14:20:40.316 [com.alibaba.nacos.naming.failover.0] [none] DEBUG com.alibaba.nacos.client.naming - failover switch is not found, 00-00---000-VIPSRV_FAILOVER_SWITCH-000---00-00
2026-05-18 14:20:45.317 [com.alibaba.nacos.naming.failover.0] [none] DEBUG com.alibaba.nacos.client.naming - failover switch is not found, 00-00---000-VIPSRV_FAILOVER_SWITCH-000---00-00
2026-05-18 14:20:50.318 [com.alibaba.nacos.naming.failover.0] [none] DEBUG com.alibaba.nacos.client.naming - failover switch is not found, 00-00---000-VIPSRV_FAILOVER_SWITCH-000---00-00
2026-05-18 14:20:55.344 [com.alibaba.nacos.naming.failover.0] [none] DEBUG com.alibaba.nacos.client.naming - failover switch is not found, 00-00---000-VIPSRV_FAILOVER_SWITCH-000---00-00
2026-05-18 14:21:00.345 [com.alibaba.nacos.naming.failover.0] [none] DEBUG com.alibaba.nacos.client.naming - failover switch is not found, 00-00---000-VIPSRV_FAILOVER_SWITCH-000---00-00
2026-05-18 14:21:05.346 [com.alibaba.nacos.naming.failover.0] [none] DEBUG com.alibaba.nacos.client.naming - failover switch is not found, 00-00---000-VIPSRV_FAILOVER_SWITCH-000---00-00
2026-05-18 14:21:10.348 [com.alibaba.nacos.naming.failover.0] [none] DEBUG com.alibaba.nacos.client.naming - failover switch is not found, 00-00---000-VIPSRV_FAILOVER_SWITCH-000---00-00
2026-05-18 14:21:15.349 [com.alibaba.nacos.naming.failover.0] [none] DEBUG com.alibaba.nacos.client.naming - failover switch is not found, 00-00---000-VIPSRV_FAILOVER_SWITCH-000---00-00
2026-05-18 14:21:20.351 [com.alibaba.nacos.naming.failover.0] [none] DEBUG com.alibaba.nacos.client.naming - failover switch is not found, 00-00---000-VIPSRV_FAILOVER_SWITCH-000---00-00
2026-05-18 14:21:25.353 [com.alibaba.nacos.naming.failover.0] [none] DEBUG com.alibaba.nacos.client.naming - failover switch is not found, 00-00---000-VIPSRV_FAILOVER_SWITCH-000---00-00
2026-05-18 14:21:30.355 [com.alibaba.nacos.naming.failover.0] [none] DEBUG com.alibaba.nacos.client.naming - failover switch is not found, 00-00---000-VIPSRV_FAILOVER_SWITCH-000---00-00
2026-05-18 14:21:35.356 [com.alibaba.nacos.naming.failover.0] [none] DEBUG com.alibaba.nacos.client.naming - failover switch is not found, 00-00---000-VIPSRV_FAILOVER_SWITCH-000---00-00
2026-05-18 14:21:40.358 [com.alibaba.nacos.naming.failover.0] [none] DEBUG com.alibaba.nacos.client.naming - failover switch is not found, 00-00---000-VIPSRV_FAILOVER_SWITCH-000---00-00
2026-05-18 14:21:45.359 [com.alibaba.nacos.naming.failover.0] [none] DEBUG com.alibaba.nacos.client.naming - failover switch is not found, 00-00---000-VIPSRV_FAILOVER_SWITCH-000---00-00
2026-05-18 14:21:50.383 [com.alibaba.nacos.naming.failover.0] [none] DEBUG com.alibaba.nacos.client.naming - failover switch is not found, 00-00---000-VIPSRV_FAILOVER_SWITCH-000---00-00
2026-05-18 14:21:55.405 [com.alibaba.nacos.naming.failover.0] [none] DEBUG com.alibaba.nacos.client.naming - failover switch is not found, 00-00---000-VIPSRV_FAILOVER_SWITCH-000---00-00
2026-05-18 14:22:00.408 [com.alibaba.nacos.naming.failover.0] [none] DEBUG com.alibaba.nacos.client.naming - failover switch is not found, 00-00---000-VIPSRV_FAILOVER_SWITCH-000---00-00
2026-05-18 14:22:05.425 [com.alibaba.nacos.naming.failover.0] [none] DEBUG com.alibaba.nacos.client.naming - failover switch is not found, 00-00---000-VIPSRV_FAILOVER_SWITCH-000---00-00
2026-05-18 14:22:10.425 [com.alibaba.nacos.naming.failover.0] [none] DEBUG com.alibaba.nacos.client.naming - failover switch is not found, 00-00---000-VIPSRV_FAILOVER_SWITCH-000---00-00
2026-05-18 14:22:15.431 [com.alibaba.nacos.naming.failover.0] [none] DEBUG com.alibaba.nacos.client.naming - failover switch is not found, 00-00---000-VIPSRV_FAILOVER_SWITCH-000---00-00
2026-05-18 14:22:20.456 [com.alibaba.nacos.naming.failover.0] [none] DEBUG com.alibaba.nacos.client.naming - failover switch is not found, 00-00---000-VIPSRV_FAILOVER_SWITCH-000---00-00
2026-05-18 14:22:25.458 [com.alibaba.nacos.naming.failover.0] [none] DEBUG com.alibaba.nacos.client.naming - failover switch is not found, 00-00---000-VIPSRV_FAILOVER_SWITCH-000---00-00
2026-05-18 14:22:30.460 [com.alibaba.nacos.naming.failover.0] [none] DEBUG com.alibaba.nacos.client.naming - failover switch is not found, 00-00---000-VIPSRV_FAILOVER_SWITCH-000---00-00
2026-05-18 14:22:35.463 [com.alibaba.nacos.naming.failover.0] [none] DEBUG com.alibaba.nacos.client.naming - failover switch is not found, 00-00---000-VIPSRV_FAILOVER_SWITCH-000---00-00
2026-05-18 14:22:40.479 [com.alibaba.nacos.naming.failover.0] [none] DEBUG com.alibaba.nacos.client.naming - failover switch is not found, 00-00---000-VIPSRV_FAILOVER_SWITCH-000---00-00
2026-05-18 14:22:45.490 [com.alibaba.nacos.naming.failover.0] [none] DEBUG com.alibaba.nacos.client.naming - failover switch is not found, 00-00---000-VIPSRV_FAILOVER_SWITCH-000---00-00
2026-05-18 14:22:50.495 [com.alibaba.nacos.naming.failover.0] [none] DEBUG com.alibaba.nacos.client.naming - failover switch is not found, 00-00---000-VIPSRV_FAILOVER_SWITCH-000---00-00
2026-05-18 14:22:55.510 [com.alibaba.nacos.naming.failover.0] [none] DEBUG com.alibaba.nacos.client.naming - failover switch is not found, 00-00---000-VIPSRV_FAILOVER_SWITCH-000---00-00
2026-05-18 14:23:00.525 [com.alibaba.nacos.naming.failover.0] [none] DEBUG com.alibaba.nacos.client.naming - failover switch is not found, 00-00---000-VIPSRV_FAILOVER_SWITCH-000---00-00
2026-05-18 14:23:05.530 [com.alibaba.nacos.naming.failover.0] [none] DEBUG com.alibaba.nacos.client.naming - failover switch is not found, 00-00---000-VIPSRV_FAILOVER_SWITCH-000---00-00
2026-05-18 14:23:10.536 [com.alibaba.nacos.naming.failover.0] [none] DEBUG com.alibaba.nacos.client.naming - failover switch is not found, 00-00---000-VIPSRV_FAILOVER_SWITCH-000---00-00
2026-05-18 14:23:15.537 [com.alibaba.nacos.naming.failover.0] [none] DEBUG com.alibaba.nacos.client.naming - failover switch is not found, 00-00---000-VIPSRV_FAILOVER_SWITCH-000---00-00
2026-05-18 14:23:20.537 [com.alibaba.nacos.naming.failover.0] [none] DEBUG com.alibaba.nacos.client.naming - failover switch is not found, 00-00---000-VIPSRV_FAILOVER_SWITCH-000---00-00
2026-05-18 14:23:25.538 [com.alibaba.nacos.naming.failover.0] [none] DEBUG com.alibaba.nacos.client.naming - failover switch is not found, 00-00---000-VIPSRV_FAILOVER_SWITCH-000---00-00
2026-05-18 14:23:30.541 [com.alibaba.nacos.naming.failover.0] [none] DEBUG com.alibaba.nacos.client.naming - failover switch is not found, 00-00---000-VIPSRV_FAILOVER_SWITCH-000---00-00
2026-05-18 14:23:35.543 [com.alibaba.nacos.naming.failover.0] [none] DEBUG com.alibaba.nacos.client.naming - failover switch is not found, 00-00---000-VIPSRV_FAILOVER_SWITCH-000---00-00
2026-05-18 14:23:40.544 [com.alibaba.nacos.naming.failover.0] [none] DEBUG com.alibaba.nacos.client.naming - failover switch is not found, 00-00---000-VIPSRV_FAILOVER_SWITCH-000---00-00
2026-05-18 14:23:45.544 [com.alibaba.nacos.naming.failover.0] [none] DEBUG com.alibaba.nacos.client.naming - failover switch is not found, 00-00---000-VIPSRV_FAILOVER_SWITCH-000---00-00
2026-05-18 14:23:50.546 [com.alibaba.nacos.naming.failover.0] [none] DEBUG com.alibaba.nacos.client.naming - failover switch is not found, 00-00---000-VIPSRV_FAILOVER_SWITCH-000---00-00
2026-05-18 14:23:55.547 [com.alibaba.nacos.naming.failover.0] [none] DEBUG com.alibaba.nacos.client.naming - failover switch is not found, 00-00---000-VIPSRV_FAILOVER_SWITCH-000---00-00
2026-05-18 14:24:00.548 [com.alibaba.nacos.naming.failover.0] [none] DEBUG com.alibaba.nacos.client.naming - failover switch is not found, 00-00---000-VIPSRV_FAILOVER_SWITCH-000---00-00
2026-05-18 14:24:05.548 [com.alibaba.nacos.naming.failover.0] [none] DEBUG com.alibaba.nacos.client.naming - failover switch is not found, 00-00---000-VIPSRV_FAILOVER_SWITCH-000---00-00
2026-05-18 14:24:10.550 [com.alibaba.nacos.naming.failover.0] [none] DEBUG com.alibaba.nacos.client.naming - failover switch is not found, 00-00---000-VIPSRV_FAILOVER_SWITCH-000---00-00
2026-05-18 14:24:15.551 [com.alibaba.nacos.naming.failover.0] [none] DEBUG com.alibaba.nacos.client.naming - failover switch is not found, 00-00---000-VIPSRV_FAILOVER_SWITCH-000---00-00
2026-05-18 14:24:20.552 [com.alibaba.nacos.naming.failover.0] [none] DEBUG com.alibaba.nacos.client.naming - failover switch is not found, 00-00---000-VIPSRV_FAILOVER_SWITCH-000---00-00
2026-05-18 14:24:25.553 [com.alibaba.nacos.naming.failover.0] [none] DEBUG com.alibaba.nacos.client.naming - failover switch is not found, 00-00---000-VIPSRV_FAILOVER_SWITCH-000---00-00
2026-05-18 14:24:30.555 [com.alibaba.nacos.naming.failover.0] [none] DEBUG com.alibaba.nacos.client.naming - failover switch is not found, 00-00---000-VIPSRV_FAILOVER_SWITCH-000---00-00
2026-05-18 14:24:35.557 [com.alibaba.nacos.naming.failover.0] [none] DEBUG com.alibaba.nacos.client.naming - failover switch is not found, 00-00---000-VIPSRV_FAILOVER_SWITCH-000---00-00
2026-05-18 14:24:40.557 [com.alibaba.nacos.naming.failover.0] [none] DEBUG com.alibaba.nacos.client.naming - failover switch is not found, 00-00---000-VIPSRV_FAILOVER_SWITCH-000---00-00
2026-05-18 14:24:45.558 [com.alibaba.nacos.naming.failover.0] [none] DEBUG com.alibaba.nacos.client.naming - failover switch is not found, 00-00---000-VIPSRV_FAILOVER_SWITCH-000---00-00
2026-05-18 14:24:50.558 [com.alibaba.nacos.naming.failover.0] [none] DEBUG com.alibaba.nacos.client.naming - failover switch is not found, 00-00---000-VIPSRV_FAILOVER_SWITCH-000---00-00
2026-05-18 14:24:55.560 [com.alibaba.nacos.naming.failover.0] [none] DEBUG com.alibaba.nacos.client.naming - failover switch is not found, 00-00---000-VIPSRV_FAILOVER_SWITCH-000---00-00
2026-05-18 14:25:00.561 [com.alibaba.nacos.naming.failover.0] [none] DEBUG com.alibaba.nacos.client.naming - failover switch is not found, 00-00---000-VIPSRV_FAILOVER_SWITCH-000---00-00
2026-05-18 14:25:05.562 [com.alibaba.nacos.naming.failover.0] [none] DEBUG com.alibaba.nacos.client.naming - failover switch is not found, 00-00---000-VIPSRV_FAILOVER_SWITCH-000---00-00
2026-05-18 14:25:10.564 [com.alibaba.nacos.naming.failover.0] [none] DEBUG com.alibaba.nacos.client.naming - failover switch is not found, 00-00---000-VIPSRV_FAILOVER_SWITCH-000---00-00
2026-05-18 14:25:15.565 [com.alibaba.nacos.naming.failover.0] [none] DEBUG com.alibaba.nacos.client.naming - failover switch is not found, 00-00---000-VIPSRV_FAILOVER_SWITCH-000---00-00
2026-05-18 14:25:20.567 [com.alibaba.nacos.naming.failover.0] [none] DEBUG com.alibaba.nacos.client.naming - failover switch is not found, 00-00---000-VIPSRV_FAILOVER_SWITCH-000---00-00
2026-05-18 14:25:25.567 [com.alibaba.nacos.naming.failover.0] [none] DEBUG com.alibaba.nacos.client.naming - failover switch is not found, 00-00---000-VIPSRV_FAILOVER_SWITCH-000---00-00
2026-05-18 14:25:30.569 [com.alibaba.nacos.naming.failover.0] [none] DEBUG com.alibaba.nacos.client.naming - failover switch is not found, 00-00---000-VIPSRV_FAILOVER_SWITCH-000---00-00
2026-05-18 14:25:35.569 [com.alibaba.nacos.naming.failover.0] [none] DEBUG com.alibaba.nacos.client.naming - failover switch is not found, 00-00---000-VIPSRV_FAILOVER_SWITCH-000---00-00
2026-05-18 14:25:40.571 [com.alibaba.nacos.naming.failover.0] [none] DEBUG com.alibaba.nacos.client.naming - failover switch is not found, 00-00---000-VIPSRV_FAILOVER_SWITCH-000---00-00
2026-05-18 14:25:45.571 [com.alibaba.nacos.naming.failover.0] [none] DEBUG com.alibaba.nacos.client.naming - failover switch is not found, 00-00---000-VIPSRV_FAILOVER_SWITCH-000---00-00
2026-05-18 14:25:50.573 [com.alibaba.nacos.naming.failover.0] [none] DEBUG com.alibaba.nacos.client.naming - failover switch is not found, 00-00---000-VIPSRV_FAILOVER_SWITCH-000---00-00
2026-05-18 14:25:55.575 [com.alibaba.nacos.naming.failover.0] [none] DEBUG com.alibaba.nacos.client.naming - failover switch is not found, 00-00---000-VIPSRV_FAILOVER_SWITCH-000---00-00
2026-05-18 14:26:00.576 [com.alibaba.nacos.naming.failover.0] [none] DEBUG com.alibaba.nacos.client.naming - failover switch is not found, 00-00---000-VIPSRV_FAILOVER_SWITCH-000---00-00
2026-05-18 14:26:05.576 [com.alibaba.nacos.naming.failover.0] [none] DEBUG com.alibaba.nacos.client.naming - failover switch is not found, 00-00---000-VIPSRV_FAILOVER_SWITCH-000---00-00
2026-05-18 14:26:10.577 [com.alibaba.nacos.naming.failover.0] [none] DEBUG com.alibaba.nacos.client.naming - failover switch is not found, 00-00---000-VIPSRV_FAILOVER_SWITCH-000---00-00
2026-05-18 14:26:15.577 [com.alibaba.nacos.naming.failover.0] [none] DEBUG com.alibaba.nacos.client.naming - failover switch is not found, 00-00---000-VIPSRV_FAILOVER_SWITCH-000---00-00
2026-05-18 14:26:20.578 [com.alibaba.nacos.naming.failover.0] [none] DEBUG com.alibaba.nacos.client.naming - failover switch is not found, 00-00---000-VIPSRV_FAILOVER_SWITCH-000---00-00
2026-05-18 14:26:25.578 [com.alibaba.nacos.naming.failover.0] [none] DEBUG com.alibaba.nacos.client.naming - failover switch is not found, 00-00---000-VIPSRV_FAILOVER_SWITCH-000---00-00
2026-05-18 14:26:30.579 [com.alibaba.nacos.naming.failover.0] [none] DEBUG com.alibaba.nacos.client.naming - failover switch is not found, 00-00---000-VIPSRV_FAILOVER_SWITCH-000---00-00
2026-05-18 14:26:35.580 [com.alibaba.nacos.naming.failover.0] [none] DEBUG com.alibaba.nacos.client.naming - failover switch is not found, 00-00---000-VIPSRV_FAILOVER_SWITCH-000---00-00
2026-05-18 14:26:40.583 [com.alibaba.nacos.naming.failover.0] [none] DEBUG com.alibaba.nacos.client.naming - failover switch is not found, 00-00---000-VIPSRV_FAILOVER_SWITCH-000---00-00
2026-05-18 14:26:45.584 [com.alibaba.nacos.naming.failover.0] [none] DEBUG com.alibaba.nacos.client.naming - failover switch is not found, 00-00---000-VIPSRV_FAILOVER_SWITCH-000---00-00
2026-05-18 14:26:50.586 [com.alibaba.nacos.naming.failover.0] [none] DEBUG com.alibaba.nacos.client.naming - failover switch is not found, 00-00---000-VIPSRV_FAILOVER_SWITCH-000---00-00
2026-05-18 14:26:55.586 [com.alibaba.nacos.naming.failover.0] [none] DEBUG com.alibaba.nacos.client.naming - failover switch is not found, 00-00---000-VIPSRV_FAILOVER_SWITCH-000---00-00
2026-05-18 14:27:00.588 [com.alibaba.nacos.naming.failover.0] [none] DEBUG com.alibaba.nacos.client.naming - failover switch is not found, 00-00---000-VIPSRV_FAILOVER_SWITCH-000---00-00
2026-05-18 14:27:05.590 [com.alibaba.nacos.naming.failover.0] [none] DEBUG com.alibaba.nacos.client.naming - failover switch is not found, 00-00---000-VIPSRV_FAILOVER_SWITCH-000---00-00
2026-05-18 14:27:10.592 [com.alibaba.nacos.naming.failover.0] [none] DEBUG com.alibaba.nacos.client.naming - failover switch is not found, 00-00---000-VIPSRV_FAILOVER_SWITCH-000---00-00
2026-05-18 14:27:15.595 [com.alibaba.nacos.naming.failover.0] [none] DEBUG com.alibaba.nacos.client.naming - failover switch is not found, 00-00---000-VIPSRV_FAILOVER_SWITCH-000---00-00
2026-05-18 14:27:20.602 [com.alibaba.nacos.naming.failover.0] [none] DEBUG com.alibaba.nacos.client.naming - failover switch is not found, 00-00---000-VIPSRV_FAILOVER_SWITCH-000---00-00
2026-05-18 14:27:25.612 [com.alibaba.nacos.naming.failover.0] [none] DEBUG com.alibaba.nacos.client.naming - failover switch is not found, 00-00---000-VIPSRV_FAILOVER_SWITCH-000---00-00
2026-05-18 14:27:30.628 [com.alibaba.nacos.naming.failover.0] [none] DEBUG com.alibaba.nacos.client.naming - failover switch is not found, 00-00---000-VIPSRV_FAILOVER_SWITCH-000---00-00
2026-05-18 14:27:35.640 [com.alibaba.nacos.naming.failover.0] [none] DEBUG com.alibaba.nacos.client.naming - failover switch is not found, 00-00---000-VIPSRV_FAILOVER_SWITCH-000---00-00
2026-05-18 14:27:40.650 [com.alibaba.nacos.naming.failover.0] [none] DEBUG com.alibaba.nacos.client.naming - failover switch is not found, 00-00---000-VIPSRV_FAILOVER_SWITCH-000---00-00
2026-05-18 14:27:45.664 [com.alibaba.nacos.naming.failover.0] [none] DEBUG com.alibaba.nacos.client.naming - failover switch is not found, 00-00---000-VIPSRV_FAILOVER_SWITCH-000---00-00
2026-05-18 14:27:50.669 [com.alibaba.nacos.naming.failover.0] [none] DEBUG com.alibaba.nacos.client.naming - failover switch is not found, 00-00---000-VIPSRV_FAILOVER_SWITCH-000---00-00
2026-05-18 14:27:55.673 [com.alibaba.nacos.naming.failover.0] [none] DEBUG com.alibaba.nacos.client.naming - failover switch is not found, 00-00---000-VIPSRV_FAILOVER_SWITCH-000---00-00
2026-05-18 14:28:00.673 [com.alibaba.nacos.naming.failover.0] [none] DEBUG com.alibaba.nacos.client.naming - failover switch is not found, 00-00---000-VIPSRV_FAILOVER_SWITCH-000---00-00
2026-05-18 14:28:05.687 [com.alibaba.nacos.naming.failover.0] [none] DEBUG com.alibaba.nacos.client.naming - failover switch is not found, 00-00---000-VIPSRV_FAILOVER_SWITCH-000---00-00
2026-05-18 14:28:10.689 [com.alibaba.nacos.naming.failover.0] [none] DEBUG com.alibaba.nacos.client.naming - failover switch is not found, 00-00---000-VIPSRV_FAILOVER_SWITCH-000---00-00
2026-05-18 14:28:15.696 [com.alibaba.nacos.naming.failover.0] [none] DEBUG com.alibaba.nacos.client.naming - failover switch is not found, 00-00---000-VIPSRV_FAILOVER_SWITCH-000---00-00
2026-05-18 14:28:20.703 [com.alibaba.nacos.naming.failover.0] [none] DEBUG com.alibaba.nacos.client.naming - failover switch is not found, 00-00---000-VIPSRV_FAILOVER_SWITCH-000---00-00
2026-05-18 14:28:25.710 [com.alibaba.nacos.naming.failover.0] [none] DEBUG com.alibaba.nacos.client.naming - failover switch is not found, 00-00---000-VIPSRV_FAILOVER_SWITCH-000---00-00
2026-05-18 14:28:30.719 [com.alibaba.nacos.naming.failover.0] [none] DEBUG com.alibaba.nacos.client.naming - failover switch is not found, 00-00---000-VIPSRV_FAILOVER_SWITCH-000---00-00
2026-05-18 14:28:35.724 [com.alibaba.nacos.naming.failover.0] [none] DEBUG com.alibaba.nacos.client.naming - failover switch is not found, 00-00---000-VIPSRV_FAILOVER_SWITCH-000---00-00
2026-05-18 14:28:40.727 [com.alibaba.nacos.naming.failover.0] [none] DEBUG com.alibaba.nacos.client.naming - failover switch is not found, 00-00---000-VIPSRV_FAILOVER_SWITCH-000---00-00
2026-05-18 14:28:45.737 [com.alibaba.nacos.naming.failover.0] [none] DEBUG com.alibaba.nacos.client.naming - failover switch is not found, 00-00---000-VIPSRV_FAILOVER_SWITCH-000---00-00
2026-05-18 14:28:50.741 [com.alibaba.nacos.naming.failover.0] [none] DEBUG com.alibaba.nacos.client.naming - failover switch is not found, 00-00---000-VIPSRV_FAILOVER_SWITCH-000---00-00
2026-05-18 14:28:55.744 [com.alibaba.nacos.naming.failover.0] [none] DEBUG com.alibaba.nacos.client.naming - failover switch is not found, 00-00---000-VIPSRV_FAILOVER_SWITCH-000---00-00
2026-05-18 14:29:00.745 [com.alibaba.nacos.naming.failover.0] [none] DEBUG com.alibaba.nacos.client.naming - failover switch is not found, 00-00---000-VIPSRV_FAILOVER_SWITCH-000---00-00
2026-05-18 14:29:05.758 [com.alibaba.nacos.naming.failover.0] [none] DEBUG com.alibaba.nacos.client.naming - failover switch is not found, 00-00---000-VIPSRV_FAILOVER_SWITCH-000---00-00
2026-05-18 14:29:10.765 [com.alibaba.nacos.naming.failover.0] [none] DEBUG com.alibaba.nacos.client.naming - failover switch is not found, 00-00---000-VIPSRV_FAILOVER_SWITCH-000---00-00
2026-05-18 14:29:15.775 [com.alibaba.nacos.naming.failover.0] [none] DEBUG com.alibaba.nacos.client.naming - failover switch is not found, 00-00---000-VIPSRV_FAILOVER_SWITCH-000---00-00
2026-05-18 14:29:20.778 [com.alibaba.nacos.naming.failover.0] [none] DEBUG com.alibaba.nacos.client.naming - failover switch is not found, 00-00---000-VIPSRV_FAILOVER_SWITCH-000---00-00
2026-05-18 14:29:25.782 [com.alibaba.nacos.naming.failover.0] [none] DEBUG com.alibaba.nacos.client.naming - failover switch is not found, 00-00---000-VIPSRV_FAILOVER_SWITCH-000---00-00
2026-05-18 14:29:30.792 [com.alibaba.nacos.naming.failover.0] [none] DEBUG com.alibaba.nacos.client.naming - failover switch is not found, 00-00---000-VIPSRV_FAILOVER_SWITCH-000---00-00
2026-05-18 14:29:35.802 [com.alibaba.nacos.naming.failover.0] [none] DEBUG com.alibaba.nacos.client.naming - failover switch is not found, 00-00---000-VIPSRV_FAILOVER_SWITCH-000---00-00
2026-05-18 14:29:40.819 [com.alibaba.nacos.naming.failover.0] [none] DEBUG com.alibaba.nacos.client.naming - failover switch is not found, 00-00---000-VIPSRV_FAILOVER_SWITCH-000---00-00
2026-05-18 14:29:45.825 [com.alibaba.nacos.naming.failover.0] [none] DEBUG com.alibaba.nacos.client.naming - failover switch is not found, 00-00---000-VIPSRV_FAILOVER_SWITCH-000---00-00
2026-05-18 14:29:50.831 [com.alibaba.nacos.naming.failover.0] [none] DEBUG com.alibaba.nacos.client.naming - failover switch is not found, 00-00---000-VIPSRV_FAILOVER_SWITCH-000---00-00
2026-05-18 14:29:55.843 [com.alibaba.nacos.naming.failover.0] [none] DEBUG com.alibaba.nacos.client.naming - failover switch is not found, 00-00---000-VIPSRV_FAILOVER_SWITCH-000---00-00
2026-05-18 14:30:00.847 [com.alibaba.nacos.naming.failover.0] [none] DEBUG com.alibaba.nacos.client.naming - failover switch is not found, 00-00---000-VIPSRV_FAILOVER_SWITCH-000---00-00
2026-05-18 14:30:05.860 [com.alibaba.nacos.naming.failover.0] [none] DEBUG com.alibaba.nacos.client.naming - failover switch is not found, 00-00---000-VIPSRV_FAILOVER_SWITCH-000---00-00
2026-05-18 14:30:10.862 [com.alibaba.nacos.naming.failover.0] [none] DEBUG com.alibaba.nacos.client.naming - failover switch is not found, 00-00---000-VIPSRV_FAILOVER_SWITCH-000---00-00
2026-05-18 14:30:15.867 [com.alibaba.nacos.naming.failover.0] [none] DEBUG com.alibaba.nacos.client.naming - failover switch is not found, 00-00---000-VIPSRV_FAILOVER_SWITCH-000---00-00
2026-05-18 14:30:20.868 [com.alibaba.nacos.naming.failover.0] [none] DEBUG com.alibaba.nacos.client.naming - failover switch is not found, 00-00---000-VIPSRV_FAILOVER_SWITCH-000---00-00
2026-05-18 14:30:25.881 [com.alibaba.nacos.naming.failover.0] [none] DEBUG com.alibaba.nacos.client.naming - failover switch is not found, 00-00---000-VIPSRV_FAILOVER_SWITCH-000---00-00
2026-05-18 14:30:30.892 [com.alibaba.nacos.naming.failover.0] [none] DEBUG com.alibaba.nacos.client.naming - failover switch is not found, 00-00---000-VIPSRV_FAILOVER_SWITCH-000---00-00
2026-05-18 14:30:35.894 [com.alibaba.nacos.naming.failover.0] [none] DEBUG com.alibaba.nacos.client.naming - failover switch is not found, 00-00---000-VIPSRV_FAILOVER_SWITCH-000---00-00
2026-05-18 14:30:40.899 [com.alibaba.nacos.naming.failover.0] [none] DEBUG com.alibaba.nacos.client.naming - failover switch is not found, 00-00---000-VIPSRV_FAILOVER_SWITCH-000---00-00
2026-05-18 14:30:45.904 [com.alibaba.nacos.naming.failover.0] [none] DEBUG com.alibaba.nacos.client.naming - failover switch is not found, 00-00---000-VIPSRV_FAILOVER_SWITCH-000---00-00
2026-05-18 14:30:50.911 [com.alibaba.nacos.naming.failover.0] [none] DEBUG com.alibaba.nacos.client.naming - failover switch is not found, 00-00---000-VIPSRV_FAILOVER_SWITCH-000---00-00
2026-05-18 14:30:56.004 [com.alibaba.nacos.naming.failover.0] [none] DEBUG com.alibaba.nacos.client.naming - failover switch is not found, 00-00---000-VIPSRV_FAILOVER_SWITCH-000---00-00
2026-05-18 14:31:01.057 [com.alibaba.nacos.naming.failover.0] [none] DEBUG com.alibaba.nacos.client.naming - failover switch is not found, 00-00---000-VIPSRV_FAILOVER_SWITCH-000---00-00
2026-05-18 14:31:06.064 [com.alibaba.nacos.naming.failover.0] [none] DEBUG com.alibaba.nacos.client.naming - failover switch is not found, 00-00---000-VIPSRV_FAILOVER_SWITCH-000---00-00
2026-05-18 14:31:11.069 [com.alibaba.nacos.naming.failover.0] [none] DEBUG com.alibaba.nacos.client.naming - failover switch is not found, 00-00---000-VIPSRV_FAILOVER_SWITCH-000---00-00
2026-05-18 14:31:16.079 [com.alibaba.nacos.naming.failover.0] [none] DEBUG com.alibaba.nacos.client.naming - failover switch is not found, 00-00---000-VIPSRV_FAILOVER_SWITCH-000---00-00
2026-05-18 14:31:21.088 [com.alibaba.nacos.naming.failover.0] [none] DEBUG com.alibaba.nacos.client.naming - failover switch is not found, 00-00---000-VIPSRV_FAILOVER_SWITCH-000---00-00
2026-05-18 14:31:26.104 [com.alibaba.nacos.naming.failover.0] [none] DEBUG com.alibaba.nacos.client.naming - failover switch is not found, 00-00---000-VIPSRV_FAILOVER_SWITCH-000---00-00
2026-05-18 14:31:31.109 [com.alibaba.nacos.naming.failover.0] [none] DEBUG com.alibaba.nacos.client.naming - failover switch is not found, 00-00---000-VIPSRV_FAILOVER_SWITCH-000---00-00
2026-05-18 14:31:36.119 [com.alibaba.nacos.naming.failover.0] [none] DEBUG com.alibaba.nacos.client.naming - failover switch is not found, 00-00---000-VIPSRV_FAILOVER_SWITCH-000---00-00
2026-05-18 14:31:41.120 [com.alibaba.nacos.naming.failover.0] [none] DEBUG com.alibaba.nacos.client.naming - failover switch is not found, 00-00---000-VIPSRV_FAILOVER_SWITCH-000---00-00
2026-05-18 14:31:46.125 [com.alibaba.nacos.naming.failover.0] [none] DEBUG com.alibaba.nacos.client.naming - failover switch is not found, 00-00---000-VIPSRV_FAILOVER_SWITCH-000---00-00
2026-05-18 14:31:51.129 [com.alibaba.nacos.naming.failover.0] [none] DEBUG com.alibaba.nacos.client.naming - failover switch is not found, 00-00---000-VIPSRV_FAILOVER_SWITCH-000---00-00
2026-05-18 14:31:56.151 [com.alibaba.nacos.naming.failover.0] [none] DEBUG com.alibaba.nacos.client.naming - failover switch is not found, 00-00---000-VIPSRV_FAILOVER_SWITCH-000---00-00
2026-05-18 14:32:01.159 [com.alibaba.nacos.naming.failover.0] [none] DEBUG com.alibaba.nacos.client.naming - failover switch is not found, 00-00---000-VIPSRV_FAILOVER_SWITCH-000---00-00
2026-05-18 14:32:06.172 [com.alibaba.nacos.naming.failover.0] [none] DEBUG com.alibaba.nacos.client.naming - failover switch is not found, 00-00---000-VIPSRV_FAILOVER_SWITCH-000---00-00
2026-05-18 14:32:11.183 [com.alibaba.nacos.naming.failover.0] [none] DEBUG com.alibaba.nacos.client.naming - failover switch is not found, 00-00---000-VIPSRV_FAILOVER_SWITCH-000---00-00
2026-05-18 14:32:16.196 [com.alibaba.nacos.naming.failover.0] [none] DEBUG com.alibaba.nacos.client.naming - failover switch is not found, 00-00---000-VIPSRV_FAILOVER_SWITCH-000---00-00
2026-05-18 14:32:21.199 [com.alibaba.nacos.naming.failover.0] [none] DEBUG com.alibaba.nacos.client.naming - failover switch is not found, 00-00---000-VIPSRV_FAILOVER_SWITCH-000---00-00
2026-05-18 14:32:26.210 [com.alibaba.nacos.naming.failover.0] [none] DEBUG com.alibaba.nacos.client.naming - failover switch is not found, 00-00---000-VIPSRV_FAILOVER_SWITCH-000---00-00
2026-05-18 14:32:31.212 [com.alibaba.nacos.naming.failover.0] [none] DEBUG com.alibaba.nacos.client.naming - failover switch is not found, 00-00---000-VIPSRV_FAILOVER_SWITCH-000---00-00
2026-05-18 14:32:36.223 [com.alibaba.nacos.naming.failover.0] [none] DEBUG com.alibaba.nacos.client.naming - failover switch is not found, 00-00---000-VIPSRV_FAILOVER_SWITCH-000---00-00
2026-05-18 14:32:41.223 [com.alibaba.nacos.naming.failover.0] [none] DEBUG com.alibaba.nacos.client.naming - failover switch is not found, 00-00---000-VIPSRV_FAILOVER_SWITCH-000---00-00
2026-05-18 14:32:46.227 [com.alibaba.nacos.naming.failover.0] [none] DEBUG com.alibaba.nacos.client.naming - failover switch is not found, 00-00---000-VIPSRV_FAILOVER_SWITCH-000---00-00
2026-05-18 14:32:51.238 [com.alibaba.nacos.naming.failover.0] [none] DEBUG com.alibaba.nacos.client.naming - failover switch is not found, 00-00---000-VIPSRV_FAILOVER_SWITCH-000---00-00
2026-05-18 14:32:56.246 [com.alibaba.nacos.naming.failover.0] [none] DEBUG com.alibaba.nacos.client.naming - failover switch is not found, 00-00---000-VIPSRV_FAILOVER_SWITCH-000---00-00
2026-05-18 14:33:01.257 [com.alibaba.nacos.naming.failover.0] [none] DEBUG com.alibaba.nacos.client.naming - failover switch is not found, 00-00---000-VIPSRV_FAILOVER_SWITCH-000---00-00
2026-05-18 14:33:06.264 [com.alibaba.nacos.naming.failover.0] [none] DEBUG com.alibaba.nacos.client.naming - failover switch is not found, 00-00---000-VIPSRV_FAILOVER_SWITCH-000---00-00
2026-05-18 14:33:11.265 [com.alibaba.nacos.naming.failover.0] [none] DEBUG com.alibaba.nacos.client.naming - failover switch is not found, 00-00---000-VIPSRV_FAILOVER_SWITCH-000---00-00
2026-05-18 14:33:16.280 [com.alibaba.nacos.naming.failover.0] [none] DEBUG com.alibaba.nacos.client.naming - failover switch is not found, 00-00---000-VIPSRV_FAILOVER_SWITCH-000---00-00
2026-05-18 14:33:21.288 [com.alibaba.nacos.naming.failover.0] [none] DEBUG com.alibaba.nacos.client.naming - failover switch is not found, 00-00---000-VIPSRV_FAILOVER_SWITCH-000---00-00
2026-05-18 14:33:26.293 [com.alibaba.nacos.naming.failover.0] [none] DEBUG com.alibaba.nacos.client.naming - failover switch is not found, 00-00---000-VIPSRV_FAILOVER_SWITCH-000---00-00
2026-05-18 14:33:31.302 [com.alibaba.nacos.naming.failover.0] [none] DEBUG com.alibaba.nacos.client.naming - failover switch is not found, 00-00---000-VIPSRV_FAILOVER_SWITCH-000---00-00
2026-05-18 14:33:36.315 [com.alibaba.nacos.naming.failover.0] [none] DEBUG com.alibaba.nacos.client.naming - failover switch is not found, 00-00---000-VIPSRV_FAILOVER_SWITCH-000---00-00
2026-05-18 14:33:41.324 [com.alibaba.nacos.naming.failover.0] [none] DEBUG com.alibaba.nacos.client.naming - failover switch is not found, 00-00---000-VIPSRV_FAILOVER_SWITCH-000---00-00
2026-05-18 14:33:46.330 [com.alibaba.nacos.naming.failover.0] [none] DEBUG com.alibaba.nacos.client.naming - failover switch is not found, 00-00---000-VIPSRV_FAILOVER_SWITCH-000---00-00
2026-05-18 14:33:51.332 [com.alibaba.nacos.naming.failover.0] [none] DEBUG com.alibaba.nacos.client.naming - failover switch is not found, 00-00---000-VIPSRV_FAILOVER_SWITCH-000---00-00
2026-05-18 14:33:56.339 [com.alibaba.nacos.naming.failover.0] [none] DEBUG com.alibaba.nacos.client.naming - failover switch is not found, 00-00---000-VIPSRV_FAILOVER_SWITCH-000---00-00
2026-05-18 14:34:01.353 [com.alibaba.nacos.naming.failover.0] [none] DEBUG com.alibaba.nacos.client.naming - failover switch is not found, 00-00---000-VIPSRV_FAILOVER_SWITCH-000---00-00
2026-05-18 14:34:06.358 [com.alibaba.nacos.naming.failover.0] [none] DEBUG com.alibaba.nacos.client.naming - failover switch is not found, 00-00---000-VIPSRV_FAILOVER_SWITCH-000---00-00
2026-05-18 14:34:11.361 [com.alibaba.nacos.naming.failover.0] [none] DEBUG com.alibaba.nacos.client.naming - failover switch is not found, 00-00---000-VIPSRV_FAILOVER_SWITCH-000---00-00
2026-05-18 14:34:16.375 [com.alibaba.nacos.naming.failover.0] [none] DEBUG com.alibaba.nacos.client.naming - failover switch is not found, 00-00---000-VIPSRV_FAILOVER_SWITCH-000---00-00
2026-05-18 14:34:21.405 [com.alibaba.nacos.naming.failover.0] [none] DEBUG com.alibaba.nacos.client.naming - failover switch is not found, 00-00---000-VIPSRV_FAILOVER_SWITCH-000---00-00
2026-05-18 14:34:26.411 [com.alibaba.nacos.naming.failover.0] [none] DEBUG com.alibaba.nacos.client.naming - failover switch is not found, 00-00---000-VIPSRV_FAILOVER_SWITCH-000---00-00
2026-05-18 14:34:31.415 [com.alibaba.nacos.naming.failover.0] [none] DEBUG com.alibaba.nacos.client.naming - failover switch is not found, 00-00---000-VIPSRV_FAILOVER_SWITCH-000---00-00
2026-05-18 14:34:36.424 [com.alibaba.nacos.naming.failover.0] [none] DEBUG com.alibaba.nacos.client.naming - failover switch is not found, 00-00---000-VIPSRV_FAILOVER_SWITCH-000---00-00
2026-05-18 14:34:41.429 [com.alibaba.nacos.naming.failover.0] [none] DEBUG com.alibaba.nacos.client.naming - failover switch is not found, 00-00---000-VIPSRV_FAILOVER_SWITCH-000---00-00
2026-05-18 14:34:46.445 [com.alibaba.nacos.naming.failover.0] [none] DEBUG com.alibaba.nacos.client.naming - failover switch is not found, 00-00---000-VIPSRV_FAILOVER_SWITCH-000---00-00
2026-05-18 14:34:51.459 [com.alibaba.nacos.naming.failover.0] [none] DEBUG com.alibaba.nacos.client.naming - failover switch is not found, 00-00---000-VIPSRV_FAILOVER_SWITCH-000---00-00
2026-05-18 14:34:56.462 [com.alibaba.nacos.naming.failover.0] [none] DEBUG com.alibaba.nacos.client.naming - failover switch is not found, 00-00---000-VIPSRV_FAILOVER_SWITCH-000---00-00
2026-05-18 14:35:01.468 [com.alibaba.nacos.naming.failover.0] [none] DEBUG com.alibaba.nacos.client.naming - failover switch is not found, 00-00---000-VIPSRV_FAILOVER_SWITCH-000---00-00
2026-05-18 14:35:06.479 [com.alibaba.nacos.naming.failover.0] [none] DEBUG com.alibaba.nacos.client.naming - failover switch is not found, 00-00---000-VIPSRV_FAILOVER_SWITCH-000---00-00
2026-05-18 14:35:11.485 [com.alibaba.nacos.naming.failover.0] [none] DEBUG com.alibaba.nacos.client.naming - failover switch is not found, 00-00---000-VIPSRV_FAILOVER_SWITCH-000---00-00
2026-05-18 14:35:16.486 [com.alibaba.nacos.naming.failover.0] [none] DEBUG com.alibaba.nacos.client.naming - failover switch is not found, 00-00---000-VIPSRV_FAILOVER_SWITCH-000---00-00
2026-05-18 14:35:21.498 [com.alibaba.nacos.naming.failover.0] [none] DEBUG com.alibaba.nacos.client.naming - failover switch is not found, 00-00---000-VIPSRV_FAILOVER_SWITCH-000---00-00
2026-05-18 14:35:26.502 [com.alibaba.nacos.naming.failover.0] [none] DEBUG com.alibaba.nacos.client.naming - failover switch is not found, 00-00---000-VIPSRV_FAILOVER_SWITCH-000---00-00
2026-05-18 14:35:31.507 [com.alibaba.nacos.naming.failover.0] [none] DEBUG com.alibaba.nacos.client.naming - failover switch is not found, 00-00---000-VIPSRV_FAILOVER_SWITCH-000---00-00
2026-05-18 14:35:36.513 [com.alibaba.nacos.naming.failover.0] [none] DEBUG com.alibaba.nacos.client.naming - failover switch is not found, 00-00---000-VIPSRV_FAILOVER_SWITCH-000---00-00
2026-05-18 14:35:41.520 [com.alibaba.nacos.naming.failover.0] [none] DEBUG com.alibaba.nacos.client.naming - failover switch is not found, 00-00---000-VIPSRV_FAILOVER_SWITCH-000---00-00
2026-05-18 14:35:46.535 [com.alibaba.nacos.naming.failover.0] [none] DEBUG com.alibaba.nacos.client.naming - failover switch is not found, 00-00---000-VIPSRV_FAILOVER_SWITCH-000---00-00
2026-05-18 14:35:51.541 [com.alibaba.nacos.naming.failover.0] [none] DEBUG com.alibaba.nacos.client.naming - failover switch is not found, 00-00---000-VIPSRV_FAILOVER_SWITCH-000---00-00
2026-05-18 14:35:56.545 [com.alibaba.nacos.naming.failover.0] [none] DEBUG com.alibaba.nacos.client.naming - failover switch is not found, 00-00---000-VIPSRV_FAILOVER_SWITCH-000---00-00
2026-05-18 14:36:01.555 [com.alibaba.nacos.naming.failover.0] [none] DEBUG com.alibaba.nacos.client.naming - failover switch is not found, 00-00---000-VIPSRV_FAILOVER_SWITCH-000---00-00
2026-05-18 14:36:06.562 [com.alibaba.nacos.naming.failover.0] [none] DEBUG com.alibaba.nacos.client.naming - failover switch is not found, 00-00---000-VIPSRV_FAILOVER_SWITCH-000---00-00
2026-05-18 14:36:11.566 [com.alibaba.nacos.naming.failover.0] [none] DEBUG com.alibaba.nacos.client.naming - failover switch is not found, 00-00---000-VIPSRV_FAILOVER_SWITCH-000---00-00
2026-05-18 14:36:16.571 [com.alibaba.nacos.naming.failover.0] [none] DEBUG com.alibaba.nacos.client.naming - failover switch is not found, 00-00---000-VIPSRV_FAILOVER_SWITCH-000---00-00
2026-05-18 14:36:21.575 [com.alibaba.nacos.naming.failover.0] [none] DEBUG com.alibaba.nacos.client.naming - failover switch is not found, 00-00---000-VIPSRV_FAILOVER_SWITCH-000---00-00
2026-05-18 14:36:26.585 [com.alibaba.nacos.naming.failover.0] [none] DEBUG com.alibaba.nacos.client.naming - failover switch is not found, 00-00---000-VIPSRV_FAILOVER_SWITCH-000---00-00
2026-05-18 14:36:31.590 [com.alibaba.nacos.naming.failover.0] [none] DEBUG com.alibaba.nacos.client.naming - failover switch is not found, 00-00---000-VIPSRV_FAILOVER_SWITCH-000---00-00
2026-05-18 14:36:36.605 [com.alibaba.nacos.naming.failover.0] [none] DEBUG com.alibaba.nacos.client.naming - failover switch is not found, 00-00---000-VIPSRV_FAILOVER_SWITCH-000---00-00
2026-05-18 14:36:41.613 [com.alibaba.nacos.naming.failover.0] [none] DEBUG com.alibaba.nacos.client.naming - failover switch is not found, 00-00---000-VIPSRV_FAILOVER_SWITCH-000---00-00
2026-05-18 14:36:46.625 [com.alibaba.nacos.naming.failover.0] [none] DEBUG com.alibaba.nacos.client.naming - failover switch is not found, 00-00---000-VIPSRV_FAILOVER_SWITCH-000---00-00
2026-05-18 14:36:51.626 [com.alibaba.nacos.naming.failover.0] [none] DEBUG com.alibaba.nacos.client.naming - failover switch is not found, 00-00---000-VIPSRV_FAILOVER_SWITCH-000---00-00
2026-05-18 14:36:56.637 [com.alibaba.nacos.naming.failover.0] [none] DEBUG com.alibaba.nacos.client.naming - failover switch is not found, 00-00---000-VIPSRV_FAILOVER_SWITCH-000---00-00
2026-05-18 14:37:01.645 [com.alibaba.nacos.naming.failover.0] [none] DEBUG com.alibaba.nacos.client.naming - failover switch is not found, 00-00---000-VIPSRV_FAILOVER_SWITCH-000---00-00
2026-05-18 14:37:06.660 [com.alibaba.nacos.naming.failover.0] [none] DEBUG com.alibaba.nacos.client.naming - failover switch is not found, 00-00---000-VIPSRV_FAILOVER_SWITCH-000---00-00
2026-05-18 14:37:11.665 [com.alibaba.nacos.naming.failover.0] [none] DEBUG com.alibaba.nacos.client.naming - failover switch is not found, 00-00---000-VIPSRV_FAILOVER_SWITCH-000---00-00
2026-05-18 14:37:16.669 [com.alibaba.nacos.naming.failover.0] [none] DEBUG com.alibaba.nacos.client.naming - failover switch is not found, 00-00---000-VIPSRV_FAILOVER_SWITCH-000---00-00
2026-05-18 14:37:21.675 [com.alibaba.nacos.naming.failover.0] [none] DEBUG com.alibaba.nacos.client.naming - failover switch is not found, 00-00---000-VIPSRV_FAILOVER_SWITCH-000---00-00
2026-05-18 14:37:26.687 [com.alibaba.nacos.naming.failover.0] [none] DEBUG com.alibaba.nacos.client.naming - failover switch is not found, 00-00---000-VIPSRV_FAILOVER_SWITCH-000---00-00
2026-05-18 14:37:31.689 [com.alibaba.nacos.naming.failover.0] [none] DEBUG com.alibaba.nacos.client.naming - failover switch is not found, 00-00---000-VIPSRV_FAILOVER_SWITCH-000---00-00
2026-05-18 14:37:36.690 [com.alibaba.nacos.naming.failover.0] [none] DEBUG com.alibaba.nacos.client.naming - failover switch is not found, 00-00---000-VIPSRV_FAILOVER_SWITCH-000---00-00
2026-05-18 14:37:41.695 [com.alibaba.nacos.naming.failover.0] [none] DEBUG com.alibaba.nacos.client.naming - failover switch is not found, 00-00---000-VIPSRV_FAILOVER_SWITCH-000---00-00
2026-05-18 14:37:46.705 [com.alibaba.nacos.naming.failover.0] [none] DEBUG com.alibaba.nacos.client.naming - failover switch is not found, 00-00---000-VIPSRV_FAILOVER_SWITCH-000---00-00
2026-05-18 14:37:51.721 [com.alibaba.nacos.naming.failover.0] [none] DEBUG com.alibaba.nacos.client.naming - failover switch is not found, 00-00---000-VIPSRV_FAILOVER_SWITCH-000---00-00
2026-05-18 14:37:56.724 [com.alibaba.nacos.naming.failover.0] [none] DEBUG com.alibaba.nacos.client.naming - failover switch is not found, 00-00---000-VIPSRV_FAILOVER_SWITCH-000---00-00
2026-05-18 14:38:01.733 [com.alibaba.nacos.naming.failover.0] [none] DEBUG com.alibaba.nacos.client.naming - failover switch is not found, 00-00---000-VIPSRV_FAILOVER_SWITCH-000---00-00
2026-05-18 14:38:06.738 [com.alibaba.nacos.naming.failover.0] [none] DEBUG com.alibaba.nacos.client.naming - failover switch is not found, 00-00---000-VIPSRV_FAILOVER_SWITCH-000---00-00
2026-05-18 14:38:11.754 [com.alibaba.nacos.naming.failover.0] [none] DEBUG com.alibaba.nacos.client.naming - failover switch is not found, 00-00---000-VIPSRV_FAILOVER_SWITCH-000---00-00
2026-05-18 14:38:16.760 [com.alibaba.nacos.naming.failover.0] [none] DEBUG com.alibaba.nacos.client.naming - failover switch is not found, 00-00---000-VIPSRV_FAILOVER_SWITCH-000---00-00
2026-05-18 14:38:21.766 [com.alibaba.nacos.naming.failover.0] [none] DEBUG com.alibaba.nacos.client.naming - failover switch is not found, 00-00---000-VIPSRV_FAILOVER_SWITCH-000---00-00
2026-05-18 14:38:26.769 [com.alibaba.nacos.naming.failover.0] [none] DEBUG com.alibaba.nacos.client.naming - failover switch is not found, 00-00---000-VIPSRV_FAILOVER_SWITCH-000---00-00
2026-05-18 14:38:31.772 [com.alibaba.nacos.naming.failover.0] [none] DEBUG com.alibaba.nacos.client.naming - failover switch is not found, 00-00---000-VIPSRV_FAILOVER_SWITCH-000---00-00
2026-05-18 14:38:36.783 [com.alibaba.nacos.naming.failover.0] [none] DEBUG com.alibaba.nacos.client.naming - failover switch is not found, 00-00---000-VIPSRV_FAILOVER_SWITCH-000---00-00
2026-05-18 14:38:41.797 [com.alibaba.nacos.naming.failover.0] [none] DEBUG com.alibaba.nacos.client.naming - failover switch is not found, 00-00---000-VIPSRV_FAILOVER_SWITCH-000---00-00
2026-05-18 14:38:46.805 [com.alibaba.nacos.naming.failover.0] [none] DEBUG com.alibaba.nacos.client.naming - failover switch is not found, 00-00---000-VIPSRV_FAILOVER_SWITCH-000---00-00
2026-05-18 14:38:51.817 [com.alibaba.nacos.naming.failover.0] [none] DEBUG com.alibaba.nacos.client.naming - failover switch is not found, 00-00---000-VIPSRV_FAILOVER_SWITCH-000---00-00
2026-05-18 14:38:56.831 [com.alibaba.nacos.naming.failover.0] [none] DEBUG com.alibaba.nacos.client.naming - failover switch is not found, 00-00---000-VIPSRV_FAILOVER_SWITCH-000---00-00
2026-05-18 14:39:01.834 [com.alibaba.nacos.naming.failover.0] [none] DEBUG com.alibaba.nacos.client.naming - failover switch is not found, 00-00---000-VIPSRV_FAILOVER_SWITCH-000---00-00
2026-05-18 14:39:06.840 [com.alibaba.nacos.naming.failover.0] [none] DEBUG com.alibaba.nacos.client.naming - failover switch is not found, 00-00---000-VIPSRV_FAILOVER_SWITCH-000---00-00
2026-05-18 14:39:11.845 [com.alibaba.nacos.naming.failover.0] [none] DEBUG com.alibaba.nacos.client.naming - failover switch is not found, 00-00---000-VIPSRV_FAILOVER_SWITCH-000---00-00
2026-05-18 14:39:16.845 [com.alibaba.nacos.naming.failover.0] [none] DEBUG com.alibaba.nacos.client.naming - failover switch is not found, 00-00---000-VIPSRV_FAILOVER_SWITCH-000---00-00
2026-05-18 14:39:21.855 [com.alibaba.nacos.naming.failover.0] [none] DEBUG com.alibaba.nacos.client.naming - failover switch is not found, 00-00---000-VIPSRV_FAILOVER_SWITCH-000---00-00
2026-05-18 14:39:26.862 [com.alibaba.nacos.naming.failover.0] [none] DEBUG com.alibaba.nacos.client.naming - failover switch is not found, 00-00---000-VIPSRV_FAILOVER_SWITCH-000---00-00
2026-05-18 14:39:31.867 [com.alibaba.nacos.naming.failover.0] [none] DEBUG com.alibaba.nacos.client.naming - failover switch is not found, 00-00---000-VIPSRV_FAILOVER_SWITCH-000---00-00
2026-05-18 14:39:36.876 [com.alibaba.nacos.naming.failover.0] [none] DEBUG com.alibaba.nacos.client.naming - failover switch is not found, 00-00---000-VIPSRV_FAILOVER_SWITCH-000---00-00
2026-05-18 14:39:41.889 [com.alibaba.nacos.naming.failover.0] [none] DEBUG com.alibaba.nacos.client.naming - failover switch is not found, 00-00---000-VIPSRV_FAILOVER_SWITCH-000---00-00
2026-05-18 14:39:46.895 [com.alibaba.nacos.naming.failover.0] [none] DEBUG com.alibaba.nacos.client.naming - failover switch is not found, 00-00---000-VIPSRV_FAILOVER_SWITCH-000---00-00
2026-05-18 14:39:51.901 [com.alibaba.nacos.naming.failover.0] [none] DEBUG com.alibaba.nacos.client.naming - failover switch is not found, 00-00---000-VIPSRV_FAILOVER_SWITCH-000---00-00
2026-05-18 14:39:56.909 [com.alibaba.nacos.naming.failover.0] [none] DEBUG com.alibaba.nacos.client.naming - failover switch is not found, 00-00---000-VIPSRV_FAILOVER_SWITCH-000---00-00
2026-05-18 14:40:01.922 [com.alibaba.nacos.naming.failover.0] [none] DEBUG com.alibaba.nacos.client.naming - failover switch is not found, 00-00---000-VIPSRV_FAILOVER_SWITCH-000---00-00
2026-05-18 14:40:06.927 [com.alibaba.nacos.naming.failover.0] [none] DEBUG com.alibaba.nacos.client.naming - failover switch is not found, 00-00---000-VIPSRV_FAILOVER_SWITCH-000---00-00
2026-05-18 14:40:11.937 [com.alibaba.nacos.naming.failover.0] [none] DEBUG com.alibaba.nacos.client.naming - failover switch is not found, 00-00---000-VIPSRV_FAILOVER_SWITCH-000---00-00
2026-05-18 14:40:16.941 [com.alibaba.nacos.naming.failover.0] [none] DEBUG com.alibaba.nacos.client.naming - failover switch is not found, 00-00---000-VIPSRV_FAILOVER_SWITCH-000---00-00
2026-05-18 14:40:21.955 [com.alibaba.nacos.naming.failover.0] [none] DEBUG com.alibaba.nacos.client.naming - failover switch is not found, 00-00---000-VIPSRV_FAILOVER_SWITCH-000---00-00
2026-05-18 14:40:26.965 [com.alibaba.nacos.naming.failover.0] [none] DEBUG com.alibaba.nacos.client.naming - failover switch is not found, 00-00---000-VIPSRV_FAILOVER_SWITCH-000---00-00
2026-05-18 14:40:31.977 [com.alibaba.nacos.naming.failover.0] [none] DEBUG com.alibaba.nacos.client.naming - failover switch is not found, 00-00---000-VIPSRV_FAILOVER_SWITCH-000---00-00
2026-05-18 14:40:36.986 [com.alibaba.nacos.naming.failover.0] [none] DEBUG com.alibaba.nacos.client.naming - failover switch is not found, 00-00---000-VIPSRV_FAILOVER_SWITCH-000---00-00
2026-05-18 14:40:41.993 [com.alibaba.nacos.naming.failover.0] [none] DEBUG com.alibaba.nacos.client.naming - failover switch is not found, 00-00---000-VIPSRV_FAILOVER_SWITCH-000---00-00
2026-05-18 14:40:46.997 [com.alibaba.nacos.naming.failover.0] [none] DEBUG com.alibaba.nacos.client.naming - failover switch is not found, 00-00---000-VIPSRV_FAILOVER_SWITCH-000---00-00
2026-05-18 14:40:52.007 [com.alibaba.nacos.naming.failover.0] [none] DEBUG com.alibaba.nacos.client.naming - failover switch is not found, 00-00---000-VIPSRV_FAILOVER_SWITCH-000---00-00
2026-05-18 14:40:57.015 [com.alibaba.nacos.naming.failover.0] [none] DEBUG com.alibaba.nacos.client.naming - failover switch is not found, 00-00---000-VIPSRV_FAILOVER_SWITCH-000---00-00
2026-05-18 14:41:02.021 [com.alibaba.nacos.naming.failover.0] [none] DEBUG com.alibaba.nacos.client.naming - failover switch is not found, 00-00---000-VIPSRV_FAILOVER_SWITCH-000---00-00
2026-05-18 14:41:07.030 [com.alibaba.nacos.naming.failover.0] [none] DEBUG com.alibaba.nacos.client.naming - failover switch is not found, 00-00---000-VIPSRV_FAILOVER_SWITCH-000---00-00
2026-05-18 14:41:12.039 [com.alibaba.nacos.naming.failover.0] [none] DEBUG com.alibaba.nacos.client.naming - failover switch is not found, 00-00---000-VIPSRV_FAILOVER_SWITCH-000---00-00
2026-05-18 14:41:17.069 [com.alibaba.nacos.naming.failover.0] [none] DEBUG com.alibaba.nacos.client.naming - failover switch is not found, 00-00---000-VIPSRV_FAILOVER_SWITCH-000---00-00
2026-05-18 14:41:22.078 [com.alibaba.nacos.naming.failover.0] [none] DEBUG com.alibaba.nacos.client.naming - failover switch is not found, 00-00---000-VIPSRV_FAILOVER_SWITCH-000---00-00
2026-05-18 14:41:27.083 [com.alibaba.nacos.naming.failover.0] [none] DEBUG com.alibaba.nacos.client.naming - failover switch is not found, 00-00---000-VIPSRV_FAILOVER_SWITCH-000---00-00
2026-05-18 14:41:32.092 [com.alibaba.nacos.naming.failover.0] [none] DEBUG com.alibaba.nacos.client.naming - failover switch is not found, 00-00---000-VIPSRV_FAILOVER_SWITCH-000---00-00
2026-05-18 14:41:37.097 [com.alibaba.nacos.naming.failover.0] [none] DEBUG com.alibaba.nacos.client.naming - failover switch is not found, 00-00---000-VIPSRV_FAILOVER_SWITCH-000---00-00
2026-05-18 14:41:42.108 [com.alibaba.nacos.naming.failover.0] [none] DEBUG com.alibaba.nacos.client.naming - failover switch is not found, 00-00---000-VIPSRV_FAILOVER_SWITCH-000---00-00
2026-05-18 14:41:47.114 [com.alibaba.nacos.naming.failover.0] [none] DEBUG com.alibaba.nacos.client.naming - failover switch is not found, 00-00---000-VIPSRV_FAILOVER_SWITCH-000---00-00
2026-05-18 14:41:52.115 [com.alibaba.nacos.naming.failover.0] [none] DEBUG com.alibaba.nacos.client.naming - failover switch is not found, 00-00---000-VIPSRV_FAILOVER_SWITCH-000---00-00
2026-05-18 14:41:57.124 [com.alibaba.nacos.naming.failover.0] [none] DEBUG com.alibaba.nacos.client.naming - failover switch is not found, 00-00---000-VIPSRV_FAILOVER_SWITCH-000---00-00
2026-05-18 14:42:02.138 [com.alibaba.nacos.naming.failover.0] [none] DEBUG com.alibaba.nacos.client.naming - failover switch is not found, 00-00---000-VIPSRV_FAILOVER_SWITCH-000---00-00
2026-05-18 14:42:07.143 [com.alibaba.nacos.naming.failover.0] [none] DEBUG com.alibaba.nacos.client.naming - failover switch is not found, 00-00---000-VIPSRV_FAILOVER_SWITCH-000---00-00
2026-05-18 14:42:12.145 [com.alibaba.nacos.naming.failover.0] [none] DEBUG com.alibaba.nacos.client.naming - failover switch is not found, 00-00---000-VIPSRV_FAILOVER_SWITCH-000---00-00
2026-05-18 14:42:17.161 [com.alibaba.nacos.naming.failover.0] [none] DEBUG com.alibaba.nacos.client.naming - failover switch is not found, 00-00---000-VIPSRV_FAILOVER_SWITCH-000---00-00
2026-05-18 14:42:22.175 [com.alibaba.nacos.naming.failover.0] [none] DEBUG com.alibaba.nacos.client.naming - failover switch is not found, 00-00---000-VIPSRV_FAILOVER_SWITCH-000---00-00
2026-05-18 14:42:27.185 [com.alibaba.nacos.naming.failover.0] [none] DEBUG com.alibaba.nacos.client.naming - failover switch is not found, 00-00---000-VIPSRV_FAILOVER_SWITCH-000---00-00
2026-05-18 14:42:32.199 [com.alibaba.nacos.naming.failover.0] [none] DEBUG com.alibaba.nacos.client.naming - failover switch is not found, 00-00---000-VIPSRV_FAILOVER_SWITCH-000---00-00
2026-05-18 14:42:37.212 [com.alibaba.nacos.naming.failover.0] [none] DEBUG com.alibaba.nacos.client.naming - failover switch is not found, 00-00---000-VIPSRV_FAILOVER_SWITCH-000---00-00
2026-05-18 14:42:42.212 [com.alibaba.nacos.naming.failover.0] [none] DEBUG com.alibaba.nacos.client.naming - failover switch is not found, 00-00---000-VIPSRV_FAILOVER_SWITCH-000---00-00
2026-05-18 14:42:47.215 [com.alibaba.nacos.naming.failover.0] [none] DEBUG com.alibaba.nacos.client.naming - failover switch is not found, 00-00---000-VIPSRV_FAILOVER_SWITCH-000---00-00
2026-05-18 14:42:52.217 [com.alibaba.nacos.naming.failover.0] [none] DEBUG com.alibaba.nacos.client.naming - failover switch is not found, 00-00---000-VIPSRV_FAILOVER_SWITCH-000---00-00
2026-05-18 14:42:57.227 [com.alibaba.nacos.naming.failover.0] [none] DEBUG com.alibaba.nacos.client.naming - failover switch is not found, 00-00---000-VIPSRV_FAILOVER_SWITCH-000---00-00
2026-05-18 14:43:02.230 [com.alibaba.nacos.naming.failover.0] [none] DEBUG com.alibaba.nacos.client.naming - failover switch is not found, 00-00---000-VIPSRV_FAILOVER_SWITCH-000---00-00
2026-05-18 14:43:07.234 [com.alibaba.nacos.naming.failover.0] [none] DEBUG com.alibaba.nacos.client.naming - failover switch is not found, 00-00---000-VIPSRV_FAILOVER_SWITCH-000---00-00
2026-05-18 14:43:12.240 [com.alibaba.nacos.naming.failover.0] [none] DEBUG com.alibaba.nacos.client.naming - failover switch is not found, 00-00---000-VIPSRV_FAILOVER_SWITCH-000---00-00
2026-05-18 14:43:17.243 [com.alibaba.nacos.naming.failover.0] [none] DEBUG com.alibaba.nacos.client.naming - failover switch is not found, 00-00---000-VIPSRV_FAILOVER_SWITCH-000---00-00
2026-05-18 14:43:22.247 [com.alibaba.nacos.naming.failover.0] [none] DEBUG com.alibaba.nacos.client.naming - failover switch is not found, 00-00---000-VIPSRV_FAILOVER_SWITCH-000---00-00
2026-05-18 14:43:27.257 [com.alibaba.nacos.naming.failover.0] [none] DEBUG com.alibaba.nacos.client.naming - failover switch is not found, 00-00---000-VIPSRV_FAILOVER_SWITCH-000---00-00
2026-05-18 14:43:32.272 [com.alibaba.nacos.naming.failover.0] [none] DEBUG com.alibaba.nacos.client.naming - failover switch is not found, 00-00---000-VIPSRV_FAILOVER_SWITCH-000---00-00
2026-05-18 14:43:37.281 [com.alibaba.nacos.naming.failover.0] [none] DEBUG com.alibaba.nacos.client.naming - failover switch is not found, 00-00---000-VIPSRV_FAILOVER_SWITCH-000---00-00
2026-05-18 14:43:42.285 [com.alibaba.nacos.naming.failover.0] [none] DEBUG com.alibaba.nacos.client.naming - failover switch is not found, 00-00---000-VIPSRV_FAILOVER_SWITCH-000---00-00
2026-05-18 14:43:47.285 [com.alibaba.nacos.naming.failover.0] [none] DEBUG com.alibaba.nacos.client.naming - failover switch is not found, 00-00---000-VIPSRV_FAILOVER_SWITCH-000---00-00
2026-05-18 14:43:52.289 [com.alibaba.nacos.naming.failover.0] [none] DEBUG com.alibaba.nacos.client.naming - failover switch is not found, 00-00---000-VIPSRV_FAILOVER_SWITCH-000---00-00
2026-05-18 14:43:57.293 [com.alibaba.nacos.naming.failover.0] [none] DEBUG com.alibaba.nacos.client.naming - failover switch is not found, 00-00---000-VIPSRV_FAILOVER_SWITCH-000---00-00
2026-05-18 14:44:02.302 [com.alibaba.nacos.naming.failover.0] [none] DEBUG com.alibaba.nacos.client.naming - failover switch is not found, 00-00---000-VIPSRV_FAILOVER_SWITCH-000---00-00
2026-05-18 14:44:07.303 [com.alibaba.nacos.naming.failover.0] [none] DEBUG com.alibaba.nacos.client.naming - failover switch is not found, 00-00---000-VIPSRV_FAILOVER_SWITCH-000---00-00
2026-05-18 14:44:12.314 [com.alibaba.nacos.naming.failover.0] [none] DEBUG com.alibaba.nacos.client.naming - failover switch is not found, 00-00---000-VIPSRV_FAILOVER_SWITCH-000---00-00
2026-05-18 14:44:17.315 [com.alibaba.nacos.naming.failover.0] [none] DEBUG com.alibaba.nacos.client.naming - failover switch is not found, 00-00---000-VIPSRV_FAILOVER_SWITCH-000---00-00
2026-05-18 14:44:22.316 [com.alibaba.nacos.naming.failover.0] [none] DEBUG com.alibaba.nacos.client.naming - failover switch is not found, 00-00---000-VIPSRV_FAILOVER_SWITCH-000---00-00
2026-05-18 14:44:27.330 [com.alibaba.nacos.naming.failover.0] [none] DEBUG com.alibaba.nacos.client.naming - failover switch is not found, 00-00---000-VIPSRV_FAILOVER_SWITCH-000---00-00
2026-05-18 14:44:32.340 [com.alibaba.nacos.naming.failover.0] [none] DEBUG com.alibaba.nacos.client.naming - failover switch is not found, 00-00---000-VIPSRV_FAILOVER_SWITCH-000---00-00
2026-05-18 14:44:37.343 [com.alibaba.nacos.naming.failover.0] [none] DEBUG com.alibaba.nacos.client.naming - failover switch is not found, 00-00---000-VIPSRV_FAILOVER_SWITCH-000---00-00
2026-05-18 14:44:42.345 [com.alibaba.nacos.naming.failover.0] [none] DEBUG com.alibaba.nacos.client.naming - failover switch is not found, 00-00---000-VIPSRV_FAILOVER_SWITCH-000---00-00
2026-05-18 14:44:47.352 [com.alibaba.nacos.naming.failover.0] [none] DEBUG com.alibaba.nacos.client.naming - failover switch is not found, 00-00---000-VIPSRV_FAILOVER_SWITCH-000---00-00
2026-05-18 14:44:52.353 [com.alibaba.nacos.naming.failover.0] [none] DEBUG com.alibaba.nacos.client.naming - failover switch is not found, 00-00---000-VIPSRV_FAILOVER_SWITCH-000---00-00
2026-05-18 14:44:57.362 [com.alibaba.nacos.naming.failover.0] [none] DEBUG com.alibaba.nacos.client.naming - failover switch is not found, 00-00---000-VIPSRV_FAILOVER_SWITCH-000---00-00
2026-05-18 14:45:02.370 [com.alibaba.nacos.naming.failover.0] [none] DEBUG com.alibaba.nacos.client.naming - failover switch is not found, 00-00---000-VIPSRV_FAILOVER_SWITCH-000---00-00
2026-05-18 14:45:07.374 [com.alibaba.nacos.naming.failover.0] [none] DEBUG com.alibaba.nacos.client.naming - failover switch is not found, 00-00---000-VIPSRV_FAILOVER_SWITCH-000---00-00
2026-05-18 14:45:12.375 [com.alibaba.nacos.naming.failover.0] [none] DEBUG com.alibaba.nacos.client.naming - failover switch is not found, 00-00---000-VIPSRV_FAILOVER_SWITCH-000---00-00
2026-05-18 14:45:17.385 [com.alibaba.nacos.naming.failover.0] [none] DEBUG com.alibaba.nacos.client.naming - failover switch is not found, 00-00---000-VIPSRV_FAILOVER_SWITCH-000---00-00
2026-05-18 14:45:22.394 [com.alibaba.nacos.naming.failover.0] [none] DEBUG com.alibaba.nacos.client.naming - failover switch is not found, 00-00---000-VIPSRV_FAILOVER_SWITCH-000---00-00
2026-05-18 14:45:27.408 [com.alibaba.nacos.naming.failover.0] [none] DEBUG com.alibaba.nacos.client.naming - failover switch is not found, 00-00---000-VIPSRV_FAILOVER_SWITCH-000---00-00
2026-05-18 14:45:32.421 [com.alibaba.nacos.naming.failover.0] [none] DEBUG com.alibaba.nacos.client.naming - failover switch is not found, 00-00---000-VIPSRV_FAILOVER_SWITCH-000---00-00
2026-05-18 14:45:37.436 [com.alibaba.nacos.naming.failover.0] [none] DEBUG com.alibaba.nacos.client.naming - failover switch is not found, 00-00---000-VIPSRV_FAILOVER_SWITCH-000---00-00
2026-05-18 14:45:42.442 [com.alibaba.nacos.naming.failover.0] [none] DEBUG com.alibaba.nacos.client.naming - failover switch is not found, 00-00---000-VIPSRV_FAILOVER_SWITCH-000---00-00
2026-05-18 14:45:47.455 [com.alibaba.nacos.naming.failover.0] [none] DEBUG com.alibaba.nacos.client.naming - failover switch is not found, 00-00---000-VIPSRV_FAILOVER_SWITCH-000---00-00
2026-05-18 14:45:52.470 [com.alibaba.nacos.naming.failover.0] [none] DEBUG com.alibaba.nacos.client.naming - failover switch is not found, 00-00---000-VIPSRV_FAILOVER_SWITCH-000---00-00
2026-05-18 14:45:57.472 [com.alibaba.nacos.naming.failover.0] [none] DEBUG com.alibaba.nacos.client.naming - failover switch is not found, 00-00---000-VIPSRV_FAILOVER_SWITCH-000---00-00
2026-05-18 14:46:02.478 [com.alibaba.nacos.naming.failover.0] [none] DEBUG com.alibaba.nacos.client.naming - failover switch is not found, 00-00---000-VIPSRV_FAILOVER_SWITCH-000---00-00
2026-05-18 14:46:07.490 [com.alibaba.nacos.naming.failover.0] [none] DEBUG com.alibaba.nacos.client.naming - failover switch is not found, 00-00---000-VIPSRV_FAILOVER_SWITCH-000---00-00
2026-05-18 14:46:12.495 [com.alibaba.nacos.naming.failover.0] [none] DEBUG com.alibaba.nacos.client.naming - failover switch is not found, 00-00---000-VIPSRV_FAILOVER_SWITCH-000---00-00
2026-05-18 14:46:17.500 [com.alibaba.nacos.naming.failover.0] [none] DEBUG com.alibaba.nacos.client.naming - failover switch is not found, 00-00---000-VIPSRV_FAILOVER_SWITCH-000---00-00
2026-05-18 14:46:22.512 [com.alibaba.nacos.naming.failover.0] [none] DEBUG com.alibaba.nacos.client.naming - failover switch is not found, 00-00---000-VIPSRV_FAILOVER_SWITCH-000---00-00
2026-05-18 14:46:27.525 [com.alibaba.nacos.naming.failover.0] [none] DEBUG com.alibaba.nacos.client.naming - failover switch is not found, 00-00---000-VIPSRV_FAILOVER_SWITCH-000---00-00
2026-05-18 14:46:32.538 [com.alibaba.nacos.naming.failover.0] [none] DEBUG com.alibaba.nacos.client.naming - failover switch is not found, 00-00---000-VIPSRV_FAILOVER_SWITCH-000---00-00
2026-05-18 14:46:37.548 [com.alibaba.nacos.naming.failover.0] [none] DEBUG com.alibaba.nacos.client.naming - failover switch is not found, 00-00---000-VIPSRV_FAILOVER_SWITCH-000---00-00
2026-05-18 14:46:42.569 [com.alibaba.nacos.naming.failover.0] [none] DEBUG com.alibaba.nacos.client.naming - failover switch is not found, 00-00---000-VIPSRV_FAILOVER_SWITCH-000---00-00
2026-05-18 14:46:47.580 [com.alibaba.nacos.naming.failover.0] [none] DEBUG com.alibaba.nacos.client.naming - failover switch is not found, 00-00---000-VIPSRV_FAILOVER_SWITCH-000---00-00
2026-05-18 14:46:52.585 [com.alibaba.nacos.naming.failover.0] [none] DEBUG com.alibaba.nacos.client.naming - failover switch is not found, 00-00---000-VIPSRV_FAILOVER_SWITCH-000---00-00
2026-05-18 14:46:57.596 [com.alibaba.nacos.naming.failover.0] [none] DEBUG com.alibaba.nacos.client.naming - failover switch is not found, 00-00---000-VIPSRV_FAILOVER_SWITCH-000---00-00
2026-05-18 14:47:02.609 [com.alibaba.nacos.naming.failover.0] [none] DEBUG com.alibaba.nacos.client.naming - failover switch is not found, 00-00---000-VIPSRV_FAILOVER_SWITCH-000---00-00
2026-05-18 14:47:07.619 [com.alibaba.nacos.naming.failover.0] [none] DEBUG com.alibaba.nacos.client.naming - failover switch is not found, 00-00---000-VIPSRV_FAILOVER_SWITCH-000---00-00
2026-05-18 14:47:12.625 [com.alibaba.nacos.naming.failover.0] [none] DEBUG com.alibaba.nacos.client.naming - failover switch is not found, 00-00---000-VIPSRV_FAILOVER_SWITCH-000---00-00
2026-05-18 14:47:17.638 [com.alibaba.nacos.naming.failover.0] [none] DEBUG com.alibaba.nacos.client.naming - failover switch is not found, 00-00---000-VIPSRV_FAILOVER_SWITCH-000---00-00
2026-05-18 14:47:22.652 [com.alibaba.nacos.naming.failover.0] [none] DEBUG com.alibaba.nacos.client.naming - failover switch is not found, 00-00---000-VIPSRV_FAILOVER_SWITCH-000---00-00
2026-05-18 14:47:27.658 [com.alibaba.nacos.naming.failover.0] [none] DEBUG com.alibaba.nacos.client.naming - failover switch is not found, 00-00---000-VIPSRV_FAILOVER_SWITCH-000---00-00
2026-05-18 14:47:32.660 [com.alibaba.nacos.naming.failover.0] [none] DEBUG com.alibaba.nacos.client.naming - failover switch is not found, 00-00---000-VIPSRV_FAILOVER_SWITCH-000---00-00
2026-05-18 14:47:37.675 [com.alibaba.nacos.naming.failover.0] [none] DEBUG com.alibaba.nacos.client.naming - failover switch is not found, 00-00---000-VIPSRV_FAILOVER_SWITCH-000---00-00
2026-05-18 14:47:42.679 [com.alibaba.nacos.naming.failover.0] [none] DEBUG com.alibaba.nacos.client.naming - failover switch is not found, 00-00---000-VIPSRV_FAILOVER_SWITCH-000---00-00
2026-05-18 14:47:47.690 [com.alibaba.nacos.naming.failover.0] [none] DEBUG com.alibaba.nacos.client.naming - failover switch is not found, 00-00---000-VIPSRV_FAILOVER_SWITCH-000---00-00
2026-05-18 14:47:52.699 [com.alibaba.nacos.naming.failover.0] [none] DEBUG com.alibaba.nacos.client.naming - failover switch is not found, 00-00---000-VIPSRV_FAILOVER_SWITCH-000---00-00
2026-05-18 14:47:57.706 [com.alibaba.nacos.naming.failover.0] [none] DEBUG com.alibaba.nacos.client.naming - failover switch is not found, 00-00---000-VIPSRV_FAILOVER_SWITCH-000---00-00
2026-05-18 14:48:02.709 [com.alibaba.nacos.naming.failover.0] [none] DEBUG com.alibaba.nacos.client.naming - failover switch is not found, 00-00---000-VIPSRV_FAILOVER_SWITCH-000---00-00
2026-05-18 14:48:07.722 [com.alibaba.nacos.naming.failover.0] [none] DEBUG com.alibaba.nacos.client.naming - failover switch is not found, 00-00---000-VIPSRV_FAILOVER_SWITCH-000---00-00
2026-05-18 14:48:12.726 [com.alibaba.nacos.naming.failover.0] [none] DEBUG com.alibaba.nacos.client.naming - failover switch is not found, 00-00---000-VIPSRV_FAILOVER_SWITCH-000---00-00
2026-05-18 14:48:17.731 [com.alibaba.nacos.naming.failover.0] [none] DEBUG com.alibaba.nacos.client.naming - failover switch is not found, 00-00---000-VIPSRV_FAILOVER_SWITCH-000---00-00
2026-05-18 14:48:22.733 [com.alibaba.nacos.naming.failover.0] [none] DEBUG com.alibaba.nacos.client.naming - failover switch is not found, 00-00---000-VIPSRV_FAILOVER_SWITCH-000---00-00
2026-05-18 14:48:27.744 [com.alibaba.nacos.naming.failover.0] [none] DEBUG com.alibaba.nacos.client.naming - failover switch is not found, 00-00---000-VIPSRV_FAILOVER_SWITCH-000---00-00
2026-05-18 14:48:32.759 [com.alibaba.nacos.naming.failover.0] [none] DEBUG com.alibaba.nacos.client.naming - failover switch is not found, 00-00---000-VIPSRV_FAILOVER_SWITCH-000---00-00
2026-05-18 14:48:37.763 [com.alibaba.nacos.naming.failover.0] [none] DEBUG com.alibaba.nacos.client.naming - failover switch is not found, 00-00---000-VIPSRV_FAILOVER_SWITCH-000---00-00
2026-05-18 14:48:42.777 [com.alibaba.nacos.naming.failover.0] [none] DEBUG com.alibaba.nacos.client.naming - failover switch is not found, 00-00---000-VIPSRV_FAILOVER_SWITCH-000---00-00
2026-05-18 14:48:47.777 [com.alibaba.nacos.naming.failover.0] [none] DEBUG com.alibaba.nacos.client.naming - failover switch is not found, 00-00---000-VIPSRV_FAILOVER_SWITCH-000---00-00
2026-05-18 14:48:52.786 [com.alibaba.nacos.naming.failover.0] [none] DEBUG com.alibaba.nacos.client.naming - failover switch is not found, 00-00---000-VIPSRV_FAILOVER_SWITCH-000---00-00
2026-05-18 14:48:57.801 [com.alibaba.nacos.naming.failover.0] [none] DEBUG com.alibaba.nacos.client.naming - failover switch is not found, 00-00---000-VIPSRV_FAILOVER_SWITCH-000---00-00
2026-05-18 14:49:02.811 [com.alibaba.nacos.naming.failover.0] [none] DEBUG com.alibaba.nacos.client.naming - failover switch is not found, 00-00---000-VIPSRV_FAILOVER_SWITCH-000---00-00
2026-05-18 14:49:07.828 [com.alibaba.nacos.naming.failover.0] [none] DEBUG com.alibaba.nacos.client.naming - failover switch is not found, 00-00---000-VIPSRV_FAILOVER_SWITCH-000---00-00
2026-05-18 14:49:12.830 [com.alibaba.nacos.naming.failover.0] [none] DEBUG com.alibaba.nacos.client.naming - failover switch is not found, 00-00---000-VIPSRV_FAILOVER_SWITCH-000---00-00
2026-05-18 14:49:17.839 [com.alibaba.nacos.naming.failover.0] [none] DEBUG com.alibaba.nacos.client.naming - failover switch is not found, 00-00---000-VIPSRV_FAILOVER_SWITCH-000---00-00
2026-05-18 14:49:22.843 [com.alibaba.nacos.naming.failover.0] [none] DEBUG com.alibaba.nacos.client.naming - failover switch is not found, 00-00---000-VIPSRV_FAILOVER_SWITCH-000---00-00
2026-05-18 14:49:27.857 [com.alibaba.nacos.naming.failover.0] [none] DEBUG com.alibaba.nacos.client.naming - failover switch is not found, 00-00---000-VIPSRV_FAILOVER_SWITCH-000---00-00
2026-05-18 14:49:32.867 [com.alibaba.nacos.naming.failover.0] [none] DEBUG com.alibaba.nacos.client.naming - failover switch is not found, 00-00---000-VIPSRV_FAILOVER_SWITCH-000---00-00
2026-05-18 14:49:37.878 [com.alibaba.nacos.naming.failover.0] [none] DEBUG com.alibaba.nacos.client.naming - failover switch is not found, 00-00---000-VIPSRV_FAILOVER_SWITCH-000---00-00
2026-05-18 14:49:42.890 [com.alibaba.nacos.naming.failover.0] [none] DEBUG com.alibaba.nacos.client.naming - failover switch is not found, 00-00---000-VIPSRV_FAILOVER_SWITCH-000---00-00
2026-05-18 14:49:47.905 [com.alibaba.nacos.naming.failover.0] [none] DEBUG com.alibaba.nacos.client.naming - failover switch is not found, 00-00---000-VIPSRV_FAILOVER_SWITCH-000---00-00
2026-05-18 14:49:52.918 [com.alibaba.nacos.naming.failover.0] [none] DEBUG com.alibaba.nacos.client.naming - failover switch is not found, 00-00---000-VIPSRV_FAILOVER_SWITCH-000---00-00
2026-05-18 14:49:57.920 [com.alibaba.nacos.naming.failover.0] [none] DEBUG com.alibaba.nacos.client.naming - failover switch is not found, 00-00---000-VIPSRV_FAILOVER_SWITCH-000---00-00
2026-05-18 14:50:02.924 [com.alibaba.nacos.naming.failover.0] [none] DEBUG com.alibaba.nacos.client.naming - failover switch is not found, 00-00---000-VIPSRV_FAILOVER_SWITCH-000---00-00
2026-05-18 14:50:07.928 [com.alibaba.nacos.naming.failover.0] [none] DEBUG com.alibaba.nacos.client.naming - failover switch is not found, 00-00---000-VIPSRV_FAILOVER_SWITCH-000---00-00
2026-05-18 14:50:12.943 [com.alibaba.nacos.naming.failover.0] [none] DEBUG com.alibaba.nacos.client.naming - failover switch is not found, 00-00---000-VIPSRV_FAILOVER_SWITCH-000---00-00
2026-05-18 14:50:17.945 [com.alibaba.nacos.naming.failover.0] [none] DEBUG com.alibaba.nacos.client.naming - failover switch is not found, 00-00---000-VIPSRV_FAILOVER_SWITCH-000---00-00
2026-05-18 14:50:22.955 [com.alibaba.nacos.naming.failover.0] [none] DEBUG com.alibaba.nacos.client.naming - failover switch is not found, 00-00---000-VIPSRV_FAILOVER_SWITCH-000---00-00
2026-05-18 14:50:27.957 [com.alibaba.nacos.naming.failover.0] [none] DEBUG com.alibaba.nacos.client.naming - failover switch is not found, 00-00---000-VIPSRV_FAILOVER_SWITCH-000---00-00
2026-05-18 14:50:32.966 [com.alibaba.nacos.naming.failover.0] [none] DEBUG com.alibaba.nacos.client.naming - failover switch is not found, 00-00---000-VIPSRV_FAILOVER_SWITCH-000---00-00
2026-05-18 14:50:37.980 [com.alibaba.nacos.naming.failover.0] [none] DEBUG com.alibaba.nacos.client.naming - failover switch is not found, 00-00---000-VIPSRV_FAILOVER_SWITCH-000---00-00
2026-05-18 14:50:42.994 [com.alibaba.nacos.naming.failover.0] [none] DEBUG com.alibaba.nacos.client.naming - failover switch is not found, 00-00---000-VIPSRV_FAILOVER_SWITCH-000---00-00
2026-05-18 14:50:48.008 [com.alibaba.nacos.naming.failover.0] [none] DEBUG com.alibaba.nacos.client.naming - failover switch is not found, 00-00---000-VIPSRV_FAILOVER_SWITCH-000---00-00
2026-05-18 14:50:53.024 [com.alibaba.nacos.naming.failover.0] [none] DEBUG com.alibaba.nacos.client.naming - failover switch is not found, 00-00---000-VIPSRV_FAILOVER_SWITCH-000---00-00
2026-05-18 14:50:58.025 [com.alibaba.nacos.naming.failover.0] [none] DEBUG com.alibaba.nacos.client.naming - failover switch is not found, 00-00---000-VIPSRV_FAILOVER_SWITCH-000---00-00
2026-05-18 14:51:03.030 [com.alibaba.nacos.naming.failover.0] [none] DEBUG com.alibaba.nacos.client.naming - failover switch is not found, 00-00---000-VIPSRV_FAILOVER_SWITCH-000---00-00
2026-05-18 14:51:08.039 [com.alibaba.nacos.naming.failover.0] [none] DEBUG com.alibaba.nacos.client.naming - failover switch is not found, 00-00---000-VIPSRV_FAILOVER_SWITCH-000---00-00
2026-05-18 14:51:13.047 [com.alibaba.nacos.naming.failover.0] [none] DEBUG com.alibaba.nacos.client.naming - failover switch is not found, 00-00---000-VIPSRV_FAILOVER_SWITCH-000---00-00
2026-05-18 14:51:18.052 [com.alibaba.nacos.naming.failover.0] [none] DEBUG com.alibaba.nacos.client.naming - failover switch is not found, 00-00---000-VIPSRV_FAILOVER_SWITCH-000---00-00
2026-05-18 14:51:23.063 [com.alibaba.nacos.naming.failover.0] [none] DEBUG com.alibaba.nacos.client.naming - failover switch is not found, 00-00---000-VIPSRV_FAILOVER_SWITCH-000---00-00
2026-05-18 14:51:28.072 [com.alibaba.nacos.naming.failover.0] [none] DEBUG com.alibaba.nacos.client.naming - failover switch is not found, 00-00---000-VIPSRV_FAILOVER_SWITCH-000---00-00
2026-05-18 14:51:33.074 [com.alibaba.nacos.naming.failover.0] [none] DEBUG com.alibaba.nacos.client.naming - failover switch is not found, 00-00---000-VIPSRV_FAILOVER_SWITCH-000---00-00
2026-05-18 14:51:38.076 [com.alibaba.nacos.naming.failover.0] [none] DEBUG com.alibaba.nacos.client.naming - failover switch is not found, 00-00---000-VIPSRV_FAILOVER_SWITCH-000---00-00
2026-05-18 14:51:43.080 [com.alibaba.nacos.naming.failover.0] [none] DEBUG com.alibaba.nacos.client.naming - failover switch is not found, 00-00---000-VIPSRV_FAILOVER_SWITCH-000---00-00
2026-05-18 14:51:48.083 [com.alibaba.nacos.naming.failover.0] [none] DEBUG com.alibaba.nacos.client.naming - failover switch is not found, 00-00---000-VIPSRV_FAILOVER_SWITCH-000---00-00
2026-05-18 14:51:53.087 [com.alibaba.nacos.naming.failover.0] [none] DEBUG com.alibaba.nacos.client.naming - failover switch is not found, 00-00---000-VIPSRV_FAILOVER_SWITCH-000---00-00
2026-05-18 14:51:58.092 [com.alibaba.nacos.naming.failover.0] [none] DEBUG com.alibaba.nacos.client.naming - failover switch is not found, 00-00---000-VIPSRV_FAILOVER_SWITCH-000---00-00
2026-05-18 14:52:03.102 [com.alibaba.nacos.naming.failover.0] [none] DEBUG com.alibaba.nacos.client.naming - failover switch is not found, 00-00---000-VIPSRV_FAILOVER_SWITCH-000---00-00
2026-05-18 14:52:08.113 [com.alibaba.nacos.naming.failover.0] [none] DEBUG com.alibaba.nacos.client.naming - failover switch is not found, 00-00---000-VIPSRV_FAILOVER_SWITCH-000---00-00
2026-05-18 14:52:13.125 [com.alibaba.nacos.naming.failover.0] [none] DEBUG com.alibaba.nacos.client.naming - failover switch is not found, 00-00---000-VIPSRV_FAILOVER_SWITCH-000---00-00
2026-05-18 14:52:18.163 [com.alibaba.nacos.naming.failover.0] [none] DEBUG com.alibaba.nacos.client.naming - failover switch is not found, 00-00---000-VIPSRV_FAILOVER_SWITCH-000---00-00
2026-05-18 14:52:23.174 [com.alibaba.nacos.naming.failover.0] [none] DEBUG com.alibaba.nacos.client.naming - failover switch is not found, 00-00---000-VIPSRV_FAILOVER_SWITCH-000---00-00
2026-05-18 14:52:28.179 [com.alibaba.nacos.naming.failover.0] [none] DEBUG com.alibaba.nacos.client.naming - failover switch is not found, 00-00---000-VIPSRV_FAILOVER_SWITCH-000---00-00
2026-05-18 14:52:33.189 [com.alibaba.nacos.naming.failover.0] [none] DEBUG com.alibaba.nacos.client.naming - failover switch is not found, 00-00---000-VIPSRV_FAILOVER_SWITCH-000---00-00
2026-05-18 14:52:38.200 [com.alibaba.nacos.naming.failover.0] [none] DEBUG com.alibaba.nacos.client.naming - failover switch is not found, 00-00---000-VIPSRV_FAILOVER_SWITCH-000---00-00
2026-05-18 14:52:43.202 [com.alibaba.nacos.naming.failover.0] [none] DEBUG com.alibaba.nacos.client.naming - failover switch is not found, 00-00---000-VIPSRV_FAILOVER_SWITCH-000---00-00
2026-05-18 14:52:48.207 [com.alibaba.nacos.naming.failover.0] [none] DEBUG com.alibaba.nacos.client.naming - failover switch is not found, 00-00---000-VIPSRV_FAILOVER_SWITCH-000---00-00
2026-05-18 14:52:53.215 [com.alibaba.nacos.naming.failover.0] [none] DEBUG com.alibaba.nacos.client.naming - failover switch is not found, 00-00---000-VIPSRV_FAILOVER_SWITCH-000---00-00
2026-05-18 14:52:58.216 [com.alibaba.nacos.naming.failover.0] [none] DEBUG com.alibaba.nacos.client.naming - failover switch is not found, 00-00---000-VIPSRV_FAILOVER_SWITCH-000---00-00
2026-05-18 14:53:03.230 [com.alibaba.nacos.naming.failover.0] [none] DEBUG com.alibaba.nacos.client.naming - failover switch is not found, 00-00---000-VIPSRV_FAILOVER_SWITCH-000---00-00
2026-05-18 14:53:08.245 [com.alibaba.nacos.naming.failover.0] [none] DEBUG com.alibaba.nacos.client.naming - failover switch is not found, 00-00---000-VIPSRV_FAILOVER_SWITCH-000---00-00
2026-05-18 14:53:13.252 [com.alibaba.nacos.naming.failover.0] [none] DEBUG com.alibaba.nacos.client.naming - failover switch is not found, 00-00---000-VIPSRV_FAILOVER_SWITCH-000---00-00
2026-05-18 14:53:18.266 [com.alibaba.nacos.naming.failover.0] [none] DEBUG com.alibaba.nacos.client.naming - failover switch is not found, 00-00---000-VIPSRV_FAILOVER_SWITCH-000---00-00
2026-05-18 14:53:23.279 [com.alibaba.nacos.naming.failover.0] [none] DEBUG com.alibaba.nacos.client.naming - failover switch is not found, 00-00---000-VIPSRV_FAILOVER_SWITCH-000---00-00
2026-05-18 14:53:28.286 [com.alibaba.nacos.naming.failover.0] [none] DEBUG com.alibaba.nacos.client.naming - failover switch is not found, 00-00---000-VIPSRV_FAILOVER_SWITCH-000---00-00
2026-05-18 14:53:33.289 [com.alibaba.nacos.naming.failover.0] [none] DEBUG com.alibaba.nacos.client.naming - failover switch is not found, 00-00---000-VIPSRV_FAILOVER_SWITCH-000---00-00
2026-05-18 14:53:38.301 [com.alibaba.nacos.naming.failover.0] [none] DEBUG com.alibaba.nacos.client.naming - failover switch is not found, 00-00---000-VIPSRV_FAILOVER_SWITCH-000---00-00
2026-05-18 14:53:43.304 [com.alibaba.nacos.naming.failover.0] [none] DEBUG com.alibaba.nacos.client.naming - failover switch is not found, 00-00---000-VIPSRV_FAILOVER_SWITCH-000---00-00
2026-05-18 14:53:48.307 [com.alibaba.nacos.naming.failover.0] [none] DEBUG com.alibaba.nacos.client.naming - failover switch is not found, 00-00---000-VIPSRV_FAILOVER_SWITCH-000---00-00
2026-05-18 14:53:53.316 [com.alibaba.nacos.naming.failover.0] [none] DEBUG com.alibaba.nacos.client.naming - failover switch is not found, 00-00---000-VIPSRV_FAILOVER_SWITCH-000---00-00
2026-05-18 14:53:58.328 [com.alibaba.nacos.naming.failover.0] [none] DEBUG com.alibaba.nacos.client.naming - failover switch is not found, 00-00---000-VIPSRV_FAILOVER_SWITCH-000---00-00
2026-05-18 14:54:03.339 [com.alibaba.nacos.naming.failover.0] [none] DEBUG com.alibaba.nacos.client.naming - failover switch is not found, 00-00---000-VIPSRV_FAILOVER_SWITCH-000---00-00
2026-05-18 14:54:08.341 [com.alibaba.nacos.naming.failover.0] [none] DEBUG com.alibaba.nacos.client.naming - failover switch is not found, 00-00---000-VIPSRV_FAILOVER_SWITCH-000---00-00
2026-05-18 14:54:13.347 [com.alibaba.nacos.naming.failover.0] [none] DEBUG com.alibaba.nacos.client.naming - failover switch is not found, 00-00---000-VIPSRV_FAILOVER_SWITCH-000---00-00
2026-05-18 14:54:18.371 [com.alibaba.nacos.naming.failover.0] [none] DEBUG com.alibaba.nacos.client.naming - failover switch is not found, 00-00---000-VIPSRV_FAILOVER_SWITCH-000---00-00
2026-05-18 14:54:23.380 [com.alibaba.nacos.naming.failover.0] [none] DEBUG com.alibaba.nacos.client.naming - failover switch is not found, 00-00---000-VIPSRV_FAILOVER_SWITCH-000---00-00
2026-05-18 14:54:28.393 [com.alibaba.nacos.naming.failover.0] [none] DEBUG com.alibaba.nacos.client.naming - failover switch is not found, 00-00---000-VIPSRV_FAILOVER_SWITCH-000---00-00
2026-05-18 14:54:33.394 [com.alibaba.nacos.naming.failover.0] [none] DEBUG com.alibaba.nacos.client.naming - failover switch is not found, 00-00---000-VIPSRV_FAILOVER_SWITCH-000---00-00
2026-05-18 14:54:38.403 [com.alibaba.nacos.naming.failover.0] [none] DEBUG com.alibaba.nacos.client.naming - failover switch is not found, 00-00---000-VIPSRV_FAILOVER_SWITCH-000---00-00
2026-05-18 14:54:43.406 [com.alibaba.nacos.naming.failover.0] [none] DEBUG com.alibaba.nacos.client.naming - failover switch is not found, 00-00---000-VIPSRV_FAILOVER_SWITCH-000---00-00
2026-05-18 14:54:48.410 [com.alibaba.nacos.naming.failover.0] [none] DEBUG com.alibaba.nacos.client.naming - failover switch is not found, 00-00---000-VIPSRV_FAILOVER_SWITCH-000---00-00
2026-05-18 14:54:53.421 [com.alibaba.nacos.naming.failover.0] [none] DEBUG com.alibaba.nacos.client.naming - failover switch is not found, 00-00---000-VIPSRV_FAILOVER_SWITCH-000---00-00
2026-05-18 14:54:58.429 [com.alibaba.nacos.naming.failover.0] [none] DEBUG com.alibaba.nacos.client.naming - failover switch is not found, 00-00---000-VIPSRV_FAILOVER_SWITCH-000---00-00
2026-05-18 14:55:03.439 [com.alibaba.nacos.naming.failover.0] [none] DEBUG com.alibaba.nacos.client.naming - failover switch is not found, 00-00---000-VIPSRV_FAILOVER_SWITCH-000---00-00
2026-05-18 14:55:08.447 [com.alibaba.nacos.naming.failover.0] [none] DEBUG com.alibaba.nacos.client.naming - failover switch is not found, 00-00---000-VIPSRV_FAILOVER_SWITCH-000---00-00
2026-05-18 14:55:13.450 [com.alibaba.nacos.naming.failover.0] [none] DEBUG com.alibaba.nacos.client.naming - failover switch is not found, 00-00---000-VIPSRV_FAILOVER_SWITCH-000---00-00
2026-05-18 14:55:18.458 [com.alibaba.nacos.naming.failover.0] [none] DEBUG com.alibaba.nacos.client.naming - failover switch is not found, 00-00---000-VIPSRV_FAILOVER_SWITCH-000---00-00
2026-05-18 14:55:23.469 [com.alibaba.nacos.naming.failover.0] [none] DEBUG com.alibaba.nacos.client.naming - failover switch is not found, 00-00---000-VIPSRV_FAILOVER_SWITCH-000---00-00
2026-05-18 14:55:28.476 [com.alibaba.nacos.naming.failover.0] [none] DEBUG com.alibaba.nacos.client.naming - failover switch is not found, 00-00---000-VIPSRV_FAILOVER_SWITCH-000---00-00
2026-05-18 14:55:33.486 [com.alibaba.nacos.naming.failover.0] [none] DEBUG com.alibaba.nacos.client.naming - failover switch is not found, 00-00---000-VIPSRV_FAILOVER_SWITCH-000---00-00
2026-05-18 14:55:38.490 [com.alibaba.nacos.naming.failover.0] [none] DEBUG com.alibaba.nacos.client.naming - failover switch is not found, 00-00---000-VIPSRV_FAILOVER_SWITCH-000---00-00
2026-05-18 14:55:43.493 [com.alibaba.nacos.naming.failover.0] [none] DEBUG com.alibaba.nacos.client.naming - failover switch is not found, 00-00---000-VIPSRV_FAILOVER_SWITCH-000---00-00
2026-05-18 14:55:48.494 [com.alibaba.nacos.naming.failover.0] [none] DEBUG com.alibaba.nacos.client.naming - failover switch is not found, 00-00---000-VIPSRV_FAILOVER_SWITCH-000---00-00
2026-05-18 14:55:53.507 [com.alibaba.nacos.naming.failover.0] [none] DEBUG com.alibaba.nacos.client.naming - failover switch is not found, 00-00---000-VIPSRV_FAILOVER_SWITCH-000---00-00
2026-05-18 14:55:58.514 [com.alibaba.nacos.naming.failover.0] [none] DEBUG com.alibaba.nacos.client.naming - failover switch is not found, 00-00---000-VIPSRV_FAILOVER_SWITCH-000---00-00
2026-05-18 14:56:03.515 [com.alibaba.nacos.naming.failover.0] [none] DEBUG com.alibaba.nacos.client.naming - failover switch is not found, 00-00---000-VIPSRV_FAILOVER_SWITCH-000---00-00
2026-05-18 14:56:08.525 [com.alibaba.nacos.naming.failover.0] [none] DEBUG com.alibaba.nacos.client.naming - failover switch is not found, 00-00---000-VIPSRV_FAILOVER_SWITCH-000---00-00
2026-05-18 14:56:13.528 [com.alibaba.nacos.naming.failover.0] [none] DEBUG com.alibaba.nacos.client.naming - failover switch is not found, 00-00---000-VIPSRV_FAILOVER_SWITCH-000---00-00
2026-05-18 14:56:18.530 [com.alibaba.nacos.naming.failover.0] [none] DEBUG com.alibaba.nacos.client.naming - failover switch is not found, 00-00---000-VIPSRV_FAILOVER_SWITCH-000---00-00
2026-05-18 14:56:23.540 [com.alibaba.nacos.naming.failover.0] [none] DEBUG com.alibaba.nacos.client.naming - failover switch is not found, 00-00---000-VIPSRV_FAILOVER_SWITCH-000---00-00
2026-05-18 14:56:28.544 [com.alibaba.nacos.naming.failover.0] [none] DEBUG com.alibaba.nacos.client.naming - failover switch is not found, 00-00---000-VIPSRV_FAILOVER_SWITCH-000---00-00
2026-05-18 14:56:33.549 [com.alibaba.nacos.naming.failover.0] [none] DEBUG com.alibaba.nacos.client.naming - failover switch is not found, 00-00---000-VIPSRV_FAILOVER_SWITCH-000---00-00
2026-05-18 14:56:38.553 [com.alibaba.nacos.naming.failover.0] [none] DEBUG com.alibaba.nacos.client.naming - failover switch is not found, 00-00---000-VIPSRV_FAILOVER_SWITCH-000---00-00
2026-05-18 14:56:43.563 [com.alibaba.nacos.naming.failover.0] [none] DEBUG com.alibaba.nacos.client.naming - failover switch is not found, 00-00---000-VIPSRV_FAILOVER_SWITCH-000---00-00
2026-05-18 14:56:48.564 [com.alibaba.nacos.naming.failover.0] [none] DEBUG com.alibaba.nacos.client.naming - failover switch is not found, 00-00---000-VIPSRV_FAILOVER_SWITCH-000---00-00
2026-05-18 14:56:53.566 [com.alibaba.nacos.naming.failover.0] [none] DEBUG com.alibaba.nacos.client.naming - failover switch is not found, 00-00---000-VIPSRV_FAILOVER_SWITCH-000---00-00
2026-05-18 14:56:58.575 [com.alibaba.nacos.naming.failover.0] [none] DEBUG com.alibaba.nacos.client.naming - failover switch is not found, 00-00---000-VIPSRV_FAILOVER_SWITCH-000---00-00
2026-05-18 14:57:03.584 [com.alibaba.nacos.naming.failover.0] [none] DEBUG com.alibaba.nacos.client.naming - failover switch is not found, 00-00---000-VIPSRV_FAILOVER_SWITCH-000---00-00
2026-05-18 14:57:08.593 [com.alibaba.nacos.naming.failover.0] [none] DEBUG com.alibaba.nacos.client.naming - failover switch is not found, 00-00---000-VIPSRV_FAILOVER_SWITCH-000---00-00
2026-05-18 14:57:13.597 [com.alibaba.nacos.naming.failover.0] [none] DEBUG com.alibaba.nacos.client.naming - failover switch is not found, 00-00---000-VIPSRV_FAILOVER_SWITCH-000---00-00
2026-05-18 14:57:18.612 [com.alibaba.nacos.naming.failover.0] [none] DEBUG com.alibaba.nacos.client.naming - failover switch is not found, 00-00---000-VIPSRV_FAILOVER_SWITCH-000---00-00
2026-05-18 14:57:23.624 [com.alibaba.nacos.naming.failover.0] [none] DEBUG com.alibaba.nacos.client.naming - failover switch is not found, 00-00---000-VIPSRV_FAILOVER_SWITCH-000---00-00
2026-05-18 14:57:28.625 [com.alibaba.nacos.naming.failover.0] [none] DEBUG com.alibaba.nacos.client.naming - failover switch is not found, 00-00---000-VIPSRV_FAILOVER_SWITCH-000---00-00
2026-05-18 14:57:33.631 [com.alibaba.nacos.naming.failover.0] [none] DEBUG com.alibaba.nacos.client.naming - failover switch is not found, 00-00---000-VIPSRV_FAILOVER_SWITCH-000---00-00
2026-05-18 14:57:38.640 [com.alibaba.nacos.naming.failover.0] [none] DEBUG com.alibaba.nacos.client.naming - failover switch is not found, 00-00---000-VIPSRV_FAILOVER_SWITCH-000---00-00
2026-05-18 14:57:43.649 [com.alibaba.nacos.naming.failover.0] [none] DEBUG com.alibaba.nacos.client.naming - failover switch is not found, 00-00---000-VIPSRV_FAILOVER_SWITCH-000---00-00
2026-05-18 14:57:48.654 [com.alibaba.nacos.naming.failover.0] [none] DEBUG com.alibaba.nacos.client.naming - failover switch is not found, 00-00---000-VIPSRV_FAILOVER_SWITCH-000---00-00
2026-05-18 14:57:53.655 [com.alibaba.nacos.naming.failover.0] [none] DEBUG com.alibaba.nacos.client.naming - failover switch is not found, 00-00---000-VIPSRV_FAILOVER_SWITCH-000---00-00
2026-05-18 14:57:58.665 [com.alibaba.nacos.naming.failover.0] [none] DEBUG com.alibaba.nacos.client.naming - failover switch is not found, 00-00---000-VIPSRV_FAILOVER_SWITCH-000---00-00
2026-05-18 14:58:03.666 [com.alibaba.nacos.naming.failover.0] [none] DEBUG com.alibaba.nacos.client.naming - failover switch is not found, 00-00---000-VIPSRV_FAILOVER_SWITCH-000---00-00
2026-05-18 14:58:08.675 [com.alibaba.nacos.naming.failover.0] [none] DEBUG com.alibaba.nacos.client.naming - failover switch is not found, 00-00---000-VIPSRV_FAILOVER_SWITCH-000---00-00
2026-05-18 14:58:13.685 [com.alibaba.nacos.naming.failover.0] [none] DEBUG com.alibaba.nacos.client.naming - failover switch is not found, 00-00---000-VIPSRV_FAILOVER_SWITCH-000---00-00
2026-05-18 14:58:18.690 [com.alibaba.nacos.naming.failover.0] [none] DEBUG com.alibaba.nacos.client.naming - failover switch is not found, 00-00---000-VIPSRV_FAILOVER_SWITCH-000---00-00
2026-05-18 14:58:23.704 [com.alibaba.nacos.naming.failover.0] [none] DEBUG com.alibaba.nacos.client.naming - failover switch is not found, 00-00---000-VIPSRV_FAILOVER_SWITCH-000---00-00
2026-05-18 14:58:28.709 [com.alibaba.nacos.naming.failover.0] [none] DEBUG com.alibaba.nacos.client.naming - failover switch is not found, 00-00---000-VIPSRV_FAILOVER_SWITCH-000---00-00
2026-05-18 14:58:33.723 [com.alibaba.nacos.naming.failover.0] [none] DEBUG com.alibaba.nacos.client.naming - failover switch is not found, 00-00---000-VIPSRV_FAILOVER_SWITCH-000---00-00
2026-05-18 14:58:38.731 [com.alibaba.nacos.naming.failover.0] [none] DEBUG com.alibaba.nacos.client.naming - failover switch is not found, 00-00---000-VIPSRV_FAILOVER_SWITCH-000---00-00
2026-05-18 14:58:43.736 [com.alibaba.nacos.naming.failover.0] [none] DEBUG com.alibaba.nacos.client.naming - failover switch is not found, 00-00---000-VIPSRV_FAILOVER_SWITCH-000---00-00
2026-05-18 14:58:48.737 [com.alibaba.nacos.naming.failover.0] [none] DEBUG com.alibaba.nacos.client.naming - failover switch is not found, 00-00---000-VIPSRV_FAILOVER_SWITCH-000---00-00
2026-05-18 14:58:53.739 [com.alibaba.nacos.naming.failover.0] [none] DEBUG com.alibaba.nacos.client.naming - failover switch is not found, 00-00---000-VIPSRV_FAILOVER_SWITCH-000---00-00
2026-05-18 14:58:58.746 [com.alibaba.nacos.naming.failover.0] [none] DEBUG com.alibaba.nacos.client.naming - failover switch is not found, 00-00---000-VIPSRV_FAILOVER_SWITCH-000---00-00
2026-05-18 14:59:03.753 [com.alibaba.nacos.naming.failover.0] [none] DEBUG com.alibaba.nacos.client.naming - failover switch is not found, 00-00---000-VIPSRV_FAILOVER_SWITCH-000---00-00
2026-05-18 14:59:08.767 [com.alibaba.nacos.naming.failover.0] [none] DEBUG com.alibaba.nacos.client.naming - failover switch is not found, 00-00---000-VIPSRV_FAILOVER_SWITCH-000---00-00
2026-05-18 14:59:13.770 [com.alibaba.nacos.naming.failover.0] [none] DEBUG com.alibaba.nacos.client.naming - failover switch is not found, 00-00---000-VIPSRV_FAILOVER_SWITCH-000---00-00
2026-05-18 14:59:18.777 [com.alibaba.nacos.naming.failover.0] [none] DEBUG com.alibaba.nacos.client.naming - failover switch is not found, 00-00---000-VIPSRV_FAILOVER_SWITCH-000---00-00
2026-05-18 14:59:23.782 [com.alibaba.nacos.naming.failover.0] [none] DEBUG com.alibaba.nacos.client.naming - failover switch is not found, 00-00---000-VIPSRV_FAILOVER_SWITCH-000---00-00
2026-05-18 14:59:28.785 [com.alibaba.nacos.naming.failover.0] [none] DEBUG com.alibaba.nacos.client.naming - failover switch is not found, 00-00---000-VIPSRV_FAILOVER_SWITCH-000---00-00
2026-05-18 14:59:33.789 [com.alibaba.nacos.naming.failover.0] [none] DEBUG com.alibaba.nacos.client.naming - failover switch is not found, 00-00---000-VIPSRV_FAILOVER_SWITCH-000---00-00
2026-05-18 14:59:38.790 [com.alibaba.nacos.naming.failover.0] [none] DEBUG com.alibaba.nacos.client.naming - failover switch is not found, 00-00---000-VIPSRV_FAILOVER_SWITCH-000---00-00
2026-05-18 14:59:43.793 [com.alibaba.nacos.naming.failover.0] [none] DEBUG com.alibaba.nacos.client.naming - failover switch is not found, 00-00---000-VIPSRV_FAILOVER_SWITCH-000---00-00
2026-05-18 14:59:48.808 [com.alibaba.nacos.naming.failover.0] [none] DEBUG com.alibaba.nacos.client.naming - failover switch is not found, 00-00---000-VIPSRV_FAILOVER_SWITCH-000---00-00
2026-05-18 14:59:53.822 [com.alibaba.nacos.naming.failover.0] [none] DEBUG com.alibaba.nacos.client.naming - failover switch is not found, 00-00---000-VIPSRV_FAILOVER_SWITCH-000---00-00
2026-05-18 14:59:58.837 [com.alibaba.nacos.naming.failover.0] [none] DEBUG com.alibaba.nacos.client.naming - failover switch is not found, 00-00---000-VIPSRV_FAILOVER_SWITCH-000---00-00
2026-05-18 15:00:03.851 [com.alibaba.nacos.naming.failover.0] [none] DEBUG com.alibaba.nacos.client.naming - failover switch is not found, 00-00---000-VIPSRV_FAILOVER_SWITCH-000---00-00
2026-05-18 15:00:08.854 [com.alibaba.nacos.naming.failover.0] [none] DEBUG com.alibaba.nacos.client.naming - failover switch is not found, 00-00---000-VIPSRV_FAILOVER_SWITCH-000---00-00
2026-05-18 15:00:13.862 [com.alibaba.nacos.naming.failover.0] [none] DEBUG com.alibaba.nacos.client.naming - failover switch is not found, 00-00---000-VIPSRV_FAILOVER_SWITCH-000---00-00
2026-05-18 15:00:18.874 [com.alibaba.nacos.naming.failover.0] [none] DEBUG com.alibaba.nacos.client.naming - failover switch is not found, 00-00---000-VIPSRV_FAILOVER_SWITCH-000---00-00
2026-05-18 15:00:23.876 [com.alibaba.nacos.naming.failover.0] [none] DEBUG com.alibaba.nacos.client.naming - failover switch is not found, 00-00---000-VIPSRV_FAILOVER_SWITCH-000---00-00
2026-05-18 15:00:28.893 [com.alibaba.nacos.naming.failover.0] [none] DEBUG com.alibaba.nacos.client.naming - failover switch is not found, 00-00---000-VIPSRV_FAILOVER_SWITCH-000---00-00
2026-05-18 15:00:33.902 [com.alibaba.nacos.naming.failover.0] [none] DEBUG com.alibaba.nacos.client.naming - failover switch is not found, 00-00---000-VIPSRV_FAILOVER_SWITCH-000---00-00
2026-05-18 15:00:38.915 [com.alibaba.nacos.naming.failover.0] [none] DEBUG com.alibaba.nacos.client.naming - failover switch is not found, 00-00---000-VIPSRV_FAILOVER_SWITCH-000---00-00
2026-05-18 15:00:43.917 [com.alibaba.nacos.naming.failover.0] [none] DEBUG com.alibaba.nacos.client.naming - failover switch is not found, 00-00---000-VIPSRV_FAILOVER_SWITCH-000---00-00
2026-05-18 15:00:48.920 [com.alibaba.nacos.naming.failover.0] [none] DEBUG com.alibaba.nacos.client.naming - failover switch is not found, 00-00---000-VIPSRV_FAILOVER_SWITCH-000---00-00
2026-05-18 15:00:53.921 [com.alibaba.nacos.naming.failover.0] [none] DEBUG com.alibaba.nacos.client.naming - failover switch is not found, 00-00---000-VIPSRV_FAILOVER_SWITCH-000---00-00
2026-05-18 15:00:58.927 [com.alibaba.nacos.naming.failover.0] [none] DEBUG com.alibaba.nacos.client.naming - failover switch is not found, 00-00---000-VIPSRV_FAILOVER_SWITCH-000---00-00
2026-05-18 15:01:03.942 [com.alibaba.nacos.naming.failover.0] [none] DEBUG com.alibaba.nacos.client.naming - failover switch is not found, 00-00---000-VIPSRV_FAILOVER_SWITCH-000---00-00
2026-05-18 15:01:08.955 [com.alibaba.nacos.naming.failover.0] [none] DEBUG com.alibaba.nacos.client.naming - failover switch is not found, 00-00---000-VIPSRV_FAILOVER_SWITCH-000---00-00
2026-05-18 15:01:13.966 [com.alibaba.nacos.naming.failover.0] [none] DEBUG com.alibaba.nacos.client.naming - failover switch is not found, 00-00---000-VIPSRV_FAILOVER_SWITCH-000---00-00
2026-05-18 15:01:18.982 [com.alibaba.nacos.naming.failover.0] [none] DEBUG com.alibaba.nacos.client.naming - failover switch is not found, 00-00---000-VIPSRV_FAILOVER_SWITCH-000---00-00
2026-05-18 15:01:23.984 [com.alibaba.nacos.naming.failover.0] [none] DEBUG com.alibaba.nacos.client.naming - failover switch is not found, 00-00---000-VIPSRV_FAILOVER_SWITCH-000---00-00
2026-05-18 15:01:28.995 [com.alibaba.nacos.naming.failover.0] [none] DEBUG com.alibaba.nacos.client.naming - failover switch is not found, 00-00---000-VIPSRV_FAILOVER_SWITCH-000---00-00
2026-05-18 15:01:34.010 [com.alibaba.nacos.naming.failover.0] [none] DEBUG com.alibaba.nacos.client.naming - failover switch is not found, 00-00---000-VIPSRV_FAILOVER_SWITCH-000---00-00
2026-05-18 15:01:39.014 [com.alibaba.nacos.naming.failover.0] [none] DEBUG com.alibaba.nacos.client.naming - failover switch is not found, 00-00---000-VIPSRV_FAILOVER_SWITCH-000---00-00
2026-05-18 15:01:44.024 [com.alibaba.nacos.naming.failover.0] [none] DEBUG com.alibaba.nacos.client.naming - failover switch is not found, 00-00---000-VIPSRV_FAILOVER_SWITCH-000---00-00
2026-05-18 15:01:49.030 [com.alibaba.nacos.naming.failover.0] [none] DEBUG com.alibaba.nacos.client.naming - failover switch is not found, 00-00---000-VIPSRV_FAILOVER_SWITCH-000---00-00
2026-05-18 15:01:54.039 [com.alibaba.nacos.naming.failover.0] [none] DEBUG com.alibaba.nacos.client.naming - failover switch is not found, 00-00---000-VIPSRV_FAILOVER_SWITCH-000---00-00
2026-05-18 15:01:59.047 [com.alibaba.nacos.naming.failover.0] [none] DEBUG com.alibaba.nacos.client.naming - failover switch is not found, 00-00---000-VIPSRV_FAILOVER_SWITCH-000---00-00
2026-05-18 15:02:04.061 [com.alibaba.nacos.naming.failover.0] [none] DEBUG com.alibaba.nacos.client.naming - failover switch is not found, 00-00---000-VIPSRV_FAILOVER_SWITCH-000---00-00
2026-05-18 15:02:09.066 [com.alibaba.nacos.naming.failover.0] [none] DEBUG com.alibaba.nacos.client.naming - failover switch is not found, 00-00---000-VIPSRV_FAILOVER_SWITCH-000---00-00
2026-05-18 15:02:14.075 [com.alibaba.nacos.naming.failover.0] [none] DEBUG com.alibaba.nacos.client.naming - failover switch is not found, 00-00---000-VIPSRV_FAILOVER_SWITCH-000---00-00
2026-05-18 15:02:19.085 [com.alibaba.nacos.naming.failover.0] [none] DEBUG com.alibaba.nacos.client.naming - failover switch is not found, 00-00---000-VIPSRV_FAILOVER_SWITCH-000---00-00
2026-05-18 15:02:24.090 [com.alibaba.nacos.naming.failover.0] [none] DEBUG com.alibaba.nacos.client.naming - failover switch is not found, 00-00---000-VIPSRV_FAILOVER_SWITCH-000---00-00
2026-05-18 15:02:29.100 [com.alibaba.nacos.naming.failover.0] [none] DEBUG com.alibaba.nacos.client.naming - failover switch is not found, 00-00---000-VIPSRV_FAILOVER_SWITCH-000---00-00
2026-05-18 15:02:34.114 [com.alibaba.nacos.naming.failover.0] [none] DEBUG com.alibaba.nacos.client.naming - failover switch is not found, 00-00---000-VIPSRV_FAILOVER_SWITCH-000---00-00
2026-05-18 15:02:39.124 [com.alibaba.nacos.naming.failover.0] [none] DEBUG com.alibaba.nacos.client.naming - failover switch is not found, 00-00---000-VIPSRV_FAILOVER_SWITCH-000---00-00
2026-05-18 15:02:44.131 [com.alibaba.nacos.naming.failover.0] [none] DEBUG com.alibaba.nacos.client.naming - failover switch is not found, 00-00---000-VIPSRV_FAILOVER_SWITCH-000---00-00
2026-05-18 15:02:49.141 [com.alibaba.nacos.naming.failover.0] [none] DEBUG com.alibaba.nacos.client.naming - failover switch is not found, 00-00---000-VIPSRV_FAILOVER_SWITCH-000---00-00
2026-05-18 15:02:54.150 [com.alibaba.nacos.naming.failover.0] [none] DEBUG com.alibaba.nacos.client.naming - failover switch is not found, 00-00---000-VIPSRV_FAILOVER_SWITCH-000---00-00
2026-05-18 15:02:59.162 [com.alibaba.nacos.naming.failover.0] [none] DEBUG com.alibaba.nacos.client.naming - failover switch is not found, 00-00---000-VIPSRV_FAILOVER_SWITCH-000---00-00
2026-05-18 15:03:04.169 [com.alibaba.nacos.naming.failover.0] [none] DEBUG com.alibaba.nacos.client.naming - failover switch is not found, 00-00---000-VIPSRV_FAILOVER_SWITCH-000---00-00
2026-05-18 15:03:09.175 [com.alibaba.nacos.naming.failover.0] [none] DEBUG com.alibaba.nacos.client.naming - failover switch is not found, 00-00---000-VIPSRV_FAILOVER_SWITCH-000---00-00
2026-05-18 15:03:14.183 [com.alibaba.nacos.naming.failover.0] [none] DEBUG com.alibaba.nacos.client.naming - failover switch is not found, 00-00---000-VIPSRV_FAILOVER_SWITCH-000---00-00
2026-05-18 15:03:19.187 [com.alibaba.nacos.naming.failover.0] [none] DEBUG com.alibaba.nacos.client.naming - failover switch is not found, 00-00---000-VIPSRV_FAILOVER_SWITCH-000---00-00
2026-05-18 15:03:24.200 [com.alibaba.nacos.naming.failover.0] [none] DEBUG com.alibaba.nacos.client.naming - failover switch is not found, 00-00---000-VIPSRV_FAILOVER_SWITCH-000---00-00
2026-05-18 15:03:29.214 [com.alibaba.nacos.naming.failover.0] [none] DEBUG com.alibaba.nacos.client.naming - failover switch is not found, 00-00---000-VIPSRV_FAILOVER_SWITCH-000---00-00
2026-05-18 15:03:34.232 [com.alibaba.nacos.naming.failover.0] [none] DEBUG com.alibaba.nacos.client.naming - failover switch is not found, 00-00---000-VIPSRV_FAILOVER_SWITCH-000---00-00
2026-05-18 15:03:39.239 [com.alibaba.nacos.naming.failover.0] [none] DEBUG com.alibaba.nacos.client.naming - failover switch is not found, 00-00---000-VIPSRV_FAILOVER_SWITCH-000---00-00
2026-05-18 15:03:44.250 [com.alibaba.nacos.naming.failover.0] [none] DEBUG com.alibaba.nacos.client.naming - failover switch is not found, 00-00---000-VIPSRV_FAILOVER_SWITCH-000---00-00
2026-05-18 15:03:49.262 [com.alibaba.nacos.naming.failover.0] [none] DEBUG com.alibaba.nacos.client.naming - failover switch is not found, 00-00---000-VIPSRV_FAILOVER_SWITCH-000---00-00
2026-05-18 15:03:54.272 [com.alibaba.nacos.naming.failover.0] [none] DEBUG com.alibaba.nacos.client.naming - failover switch is not found, 00-00---000-VIPSRV_FAILOVER_SWITCH-000---00-00
2026-05-18 15:03:59.276 [com.alibaba.nacos.naming.failover.0] [none] DEBUG com.alibaba.nacos.client.naming - failover switch is not found, 00-00---000-VIPSRV_FAILOVER_SWITCH-000---00-00
2026-05-18 15:04:04.290 [com.alibaba.nacos.naming.failover.0] [none] DEBUG com.alibaba.nacos.client.naming - failover switch is not found, 00-00---000-VIPSRV_FAILOVER_SWITCH-000---00-00
2026-05-18 15:04:09.293 [com.alibaba.nacos.naming.failover.0] [none] DEBUG com.alibaba.nacos.client.naming - failover switch is not found, 00-00---000-VIPSRV_FAILOVER_SWITCH-000---00-00
2026-05-18 15:04:14.302 [com.alibaba.nacos.naming.failover.0] [none] DEBUG com.alibaba.nacos.client.naming - failover switch is not found, 00-00---000-VIPSRV_FAILOVER_SWITCH-000---00-00
2026-05-18 15:04:19.315 [com.alibaba.nacos.naming.failover.0] [none] DEBUG com.alibaba.nacos.client.naming - failover switch is not found, 00-00---000-VIPSRV_FAILOVER_SWITCH-000---00-00
2026-05-18 15:04:24.321 [com.alibaba.nacos.naming.failover.0] [none] DEBUG com.alibaba.nacos.client.naming - failover switch is not found, 00-00---000-VIPSRV_FAILOVER_SWITCH-000---00-00
2026-05-18 15:04:29.330 [com.alibaba.nacos.naming.failover.0] [none] DEBUG com.alibaba.nacos.client.naming - failover switch is not found, 00-00---000-VIPSRV_FAILOVER_SWITCH-000---00-00
2026-05-18 15:04:34.331 [com.alibaba.nacos.naming.failover.0] [none] DEBUG com.alibaba.nacos.client.naming - failover switch is not found, 00-00---000-VIPSRV_FAILOVER_SWITCH-000---00-00
2026-05-18 15:04:39.337 [com.alibaba.nacos.naming.failover.0] [none] DEBUG com.alibaba.nacos.client.naming - failover switch is not found, 00-00---000-VIPSRV_FAILOVER_SWITCH-000---00-00
2026-05-18 15:04:44.346 [com.alibaba.nacos.naming.failover.0] [none] DEBUG com.alibaba.nacos.client.naming - failover switch is not found, 00-00---000-VIPSRV_FAILOVER_SWITCH-000---00-00
2026-05-18 15:04:49.352 [com.alibaba.nacos.naming.failover.0] [none] DEBUG com.alibaba.nacos.client.naming - failover switch is not found, 00-00---000-VIPSRV_FAILOVER_SWITCH-000---00-00
2026-05-18 15:04:54.359 [com.alibaba.nacos.naming.failover.0] [none] DEBUG com.alibaba.nacos.client.naming - failover switch is not found, 00-00---000-VIPSRV_FAILOVER_SWITCH-000---00-00
2026-05-18 15:04:59.370 [com.alibaba.nacos.naming.failover.0] [none] DEBUG com.alibaba.nacos.client.naming - failover switch is not found, 00-00---000-VIPSRV_FAILOVER_SWITCH-000---00-00
2026-05-18 15:05:04.383 [com.alibaba.nacos.naming.failover.0] [none] DEBUG com.alibaba.nacos.client.naming - failover switch is not found, 00-00---000-VIPSRV_FAILOVER_SWITCH-000---00-00
2026-05-18 15:05:09.393 [com.alibaba.nacos.naming.failover.0] [none] DEBUG com.alibaba.nacos.client.naming - failover switch is not found, 00-00---000-VIPSRV_FAILOVER_SWITCH-000---00-00
2026-05-18 15:05:14.401 [com.alibaba.nacos.naming.failover.0] [none] DEBUG com.alibaba.nacos.client.naming - failover switch is not found, 00-00---000-VIPSRV_FAILOVER_SWITCH-000---00-00
2026-05-18 15:05:19.410 [com.alibaba.nacos.naming.failover.0] [none] DEBUG com.alibaba.nacos.client.naming - failover switch is not found, 00-00---000-VIPSRV_FAILOVER_SWITCH-000---00-00
2026-05-18 15:05:24.421 [com.alibaba.nacos.naming.failover.0] [none] DEBUG com.alibaba.nacos.client.naming - failover switch is not found, 00-00---000-VIPSRV_FAILOVER_SWITCH-000---00-00
2026-05-18 15:05:29.426 [com.alibaba.nacos.naming.failover.0] [none] DEBUG com.alibaba.nacos.client.naming - failover switch is not found, 00-00---000-VIPSRV_FAILOVER_SWITCH-000---00-00
2026-05-18 15:05:34.431 [com.alibaba.nacos.naming.failover.0] [none] DEBUG com.alibaba.nacos.client.naming - failover switch is not found, 00-00---000-VIPSRV_FAILOVER_SWITCH-000---00-00
2026-05-18 15:05:39.443 [com.alibaba.nacos.naming.failover.0] [none] DEBUG com.alibaba.nacos.client.naming - failover switch is not found, 00-00---000-VIPSRV_FAILOVER_SWITCH-000---00-00
2026-05-18 15:05:44.449 [com.alibaba.nacos.naming.failover.0] [none] DEBUG com.alibaba.nacos.client.naming - failover switch is not found, 00-00---000-VIPSRV_FAILOVER_SWITCH-000---00-00
2026-05-18 15:05:49.453 [com.alibaba.nacos.naming.failover.0] [none] DEBUG com.alibaba.nacos.client.naming - failover switch is not found, 00-00---000-VIPSRV_FAILOVER_SWITCH-000---00-00
2026-05-18 15:05:54.465 [com.alibaba.nacos.naming.failover.0] [none] DEBUG com.alibaba.nacos.client.naming - failover switch is not found, 00-00---000-VIPSRV_FAILOVER_SWITCH-000---00-00
2026-05-18 15:05:59.467 [com.alibaba.nacos.naming.failover.0] [none] DEBUG com.alibaba.nacos.client.naming - failover switch is not found, 00-00---000-VIPSRV_FAILOVER_SWITCH-000---00-00
2026-05-18 15:06:04.481 [com.alibaba.nacos.naming.failover.0] [none] DEBUG com.alibaba.nacos.client.naming - failover switch is not found, 00-00---000-VIPSRV_FAILOVER_SWITCH-000---00-00
2026-05-18 15:06:09.498 [com.alibaba.nacos.naming.failover.0] [none] DEBUG com.alibaba.nacos.client.naming - failover switch is not found, 00-00---000-VIPSRV_FAILOVER_SWITCH-000---00-00
2026-05-18 15:06:14.502 [com.alibaba.nacos.naming.failover.0] [none] DEBUG com.alibaba.nacos.client.naming - failover switch is not found, 00-00---000-VIPSRV_FAILOVER_SWITCH-000---00-00
2026-05-18 15:06:19.520 [com.alibaba.nacos.naming.failover.0] [none] DEBUG com.alibaba.nacos.client.naming - failover switch is not found, 00-00---000-VIPSRV_FAILOVER_SWITCH-000---00-00
2026-05-18 15:06:24.530 [com.alibaba.nacos.naming.failover.0] [none] DEBUG com.alibaba.nacos.client.naming - failover switch is not found, 00-00---000-VIPSRV_FAILOVER_SWITCH-000---00-00
2026-05-18 15:06:29.535 [com.alibaba.nacos.naming.failover.0] [none] DEBUG com.alibaba.nacos.client.naming - failover switch is not found, 00-00---000-VIPSRV_FAILOVER_SWITCH-000---00-00
2026-05-18 15:06:34.538 [com.alibaba.nacos.naming.failover.0] [none] DEBUG com.alibaba.nacos.client.naming - failover switch is not found, 00-00---000-VIPSRV_FAILOVER_SWITCH-000---00-00
2026-05-18 15:06:39.549 [com.alibaba.nacos.naming.failover.0] [none] DEBUG com.alibaba.nacos.client.naming - failover switch is not found, 00-00---000-VIPSRV_FAILOVER_SWITCH-000---00-00
2026-05-18 15:06:44.558 [com.alibaba.nacos.naming.failover.0] [none] DEBUG com.alibaba.nacos.client.naming - failover switch is not found, 00-00---000-VIPSRV_FAILOVER_SWITCH-000---00-00
2026-05-18 15:06:49.676 [com.alibaba.nacos.naming.failover.0] [none] DEBUG com.alibaba.nacos.client.naming - failover switch is not found, 00-00---000-VIPSRV_FAILOVER_SWITCH-000---00-00
2026-05-18 15:06:54.681 [com.alibaba.nacos.naming.failover.0] [none] DEBUG com.alibaba.nacos.client.naming - failover switch is not found, 00-00---000-VIPSRV_FAILOVER_SWITCH-000---00-00
2026-05-18 15:06:59.689 [com.alibaba.nacos.naming.failover.0] [none] DEBUG com.alibaba.nacos.client.naming - failover switch is not found, 00-00---000-VIPSRV_FAILOVER_SWITCH-000---00-00
2026-05-18 15:07:04.698 [com.alibaba.nacos.naming.failover.0] [none] DEBUG com.alibaba.nacos.client.naming - failover switch is not found, 00-00---000-VIPSRV_FAILOVER_SWITCH-000---00-00
2026-05-18 15:07:09.761 [com.alibaba.nacos.naming.failover.0] [none] DEBUG com.alibaba.nacos.client.naming - failover switch is not found, 00-00---000-VIPSRV_FAILOVER_SWITCH-000---00-00
2026-05-18 15:07:14.776 [com.alibaba.nacos.naming.failover.0] [none] DEBUG com.alibaba.nacos.client.naming - failover switch is not found, 00-00---000-VIPSRV_FAILOVER_SWITCH-000---00-00
2026-05-18 15:07:19.782 [com.alibaba.nacos.naming.failover.0] [none] DEBUG com.alibaba.nacos.client.naming - failover switch is not found, 00-00---000-VIPSRV_FAILOVER_SWITCH-000---00-00
2026-05-18 15:07:24.793 [com.alibaba.nacos.naming.failover.0] [none] DEBUG com.alibaba.nacos.client.naming - failover switch is not found, 00-00---000-VIPSRV_FAILOVER_SWITCH-000---00-00
2026-05-18 15:07:29.798 [com.alibaba.nacos.naming.failover.0] [none] DEBUG com.alibaba.nacos.client.naming - failover switch is not found, 00-00---000-VIPSRV_FAILOVER_SWITCH-000---00-00
2026-05-18 15:07:34.806 [com.alibaba.nacos.naming.failover.0] [none] DEBUG com.alibaba.nacos.client.naming - failover switch is not found, 00-00---000-VIPSRV_FAILOVER_SWITCH-000---00-00
2026-05-18 15:07:39.827 [com.alibaba.nacos.naming.failover.0] [none] DEBUG com.alibaba.nacos.client.naming - failover switch is not found, 00-00---000-VIPSRV_FAILOVER_SWITCH-000---00-00
2026-05-18 15:07:44.833 [com.alibaba.nacos.naming.failover.0] [none] DEBUG com.alibaba.nacos.client.naming - failover switch is not found, 00-00---000-VIPSRV_FAILOVER_SWITCH-000---00-00
2026-05-18 15:07:49.845 [com.alibaba.nacos.naming.failover.0] [none] DEBUG com.alibaba.nacos.client.naming - failover switch is not found, 00-00---000-VIPSRV_FAILOVER_SWITCH-000---00-00
2026-05-18 15:07:54.855 [com.alibaba.nacos.naming.failover.0] [none] DEBUG com.alibaba.nacos.client.naming - failover switch is not found, 00-00---000-VIPSRV_FAILOVER_SWITCH-000---00-00
2026-05-18 15:07:59.867 [com.alibaba.nacos.naming.failover.0] [none] DEBUG com.alibaba.nacos.client.naming - failover switch is not found, 00-00---000-VIPSRV_FAILOVER_SWITCH-000---00-00
2026-05-18 15:08:04.871 [com.alibaba.nacos.naming.failover.0] [none] DEBUG com.alibaba.nacos.client.naming - failover switch is not found, 00-00---000-VIPSRV_FAILOVER_SWITCH-000---00-00
2026-05-18 15:08:09.923 [com.alibaba.nacos.naming.failover.0] [none] DEBUG com.alibaba.nacos.client.naming - failover switch is not found, 00-00---000-VIPSRV_FAILOVER_SWITCH-000---00-00
2026-05-18 15:08:14.927 [com.alibaba.nacos.naming.failover.0] [none] DEBUG com.alibaba.nacos.client.naming - failover switch is not found, 00-00---000-VIPSRV_FAILOVER_SWITCH-000---00-00
2026-05-18 15:08:19.939 [com.alibaba.nacos.naming.failover.0] [none] DEBUG com.alibaba.nacos.client.naming - failover switch is not found, 00-00---000-VIPSRV_FAILOVER_SWITCH-000---00-00
2026-05-18 15:08:24.952 [com.alibaba.nacos.naming.failover.0] [none] DEBUG com.alibaba.nacos.client.naming - failover switch is not found, 00-00---000-VIPSRV_FAILOVER_SWITCH-000---00-00
2026-05-18 15:08:29.968 [com.alibaba.nacos.naming.failover.0] [none] DEBUG com.alibaba.nacos.client.naming - failover switch is not found, 00-00---000-VIPSRV_FAILOVER_SWITCH-000---00-00
2026-05-18 15:08:34.978 [com.alibaba.nacos.naming.failover.0] [none] DEBUG com.alibaba.nacos.client.naming - failover switch is not found, 00-00---000-VIPSRV_FAILOVER_SWITCH-000---00-00
2026-05-18 15:08:39.986 [com.alibaba.nacos.naming.failover.0] [none] DEBUG com.alibaba.nacos.client.naming - failover switch is not found, 00-00---000-VIPSRV_FAILOVER_SWITCH-000---00-00
2026-05-18 15:08:44.992 [com.alibaba.nacos.naming.failover.0] [none] DEBUG com.alibaba.nacos.client.naming - failover switch is not found, 00-00---000-VIPSRV_FAILOVER_SWITCH-000---00-00
2026-05-18 15:08:50.000 [com.alibaba.nacos.naming.failover.0] [none] DEBUG com.alibaba.nacos.client.naming - failover switch is not found, 00-00---000-VIPSRV_FAILOVER_SWITCH-000---00-00
2026-05-18 15:08:55.013 [com.alibaba.nacos.naming.failover.0] [none] DEBUG com.alibaba.nacos.client.naming - failover switch is not found, 00-00---000-VIPSRV_FAILOVER_SWITCH-000---00-00
2026-05-18 15:09:00.017 [com.alibaba.nacos.naming.failover.0] [none] DEBUG com.alibaba.nacos.client.naming - failover switch is not found, 00-00---000-VIPSRV_FAILOVER_SWITCH-000---00-00
2026-05-18 15:09:05.021 [com.alibaba.nacos.naming.failover.0] [none] DEBUG com.alibaba.nacos.client.naming - failover switch is not found, 00-00---000-VIPSRV_FAILOVER_SWITCH-000---00-00
2026-05-18 15:09:10.040 [com.alibaba.nacos.naming.failover.0] [none] DEBUG com.alibaba.nacos.client.naming - failover switch is not found, 00-00---000-VIPSRV_FAILOVER_SWITCH-000---00-00
2026-05-18 15:09:15.047 [com.alibaba.nacos.naming.failover.0] [none] DEBUG com.alibaba.nacos.client.naming - failover switch is not found, 00-00---000-VIPSRV_FAILOVER_SWITCH-000---00-00
2026-05-18 15:09:20.057 [com.alibaba.nacos.naming.failover.0] [none] DEBUG com.alibaba.nacos.client.naming - failover switch is not found, 00-00---000-VIPSRV_FAILOVER_SWITCH-000---00-00
2026-05-18 15:09:25.064 [com.alibaba.nacos.naming.failover.0] [none] DEBUG com.alibaba.nacos.client.naming - failover switch is not found, 00-00---000-VIPSRV_FAILOVER_SWITCH-000---00-00
2026-05-18 15:09:30.075 [com.alibaba.nacos.naming.failover.0] [none] DEBUG com.alibaba.nacos.client.naming - failover switch is not found, 00-00---000-VIPSRV_FAILOVER_SWITCH-000---00-00
2026-05-18 15:09:35.083 [com.alibaba.nacos.naming.failover.0] [none] DEBUG com.alibaba.nacos.client.naming - failover switch is not found, 00-00---000-VIPSRV_FAILOVER_SWITCH-000---00-00
2026-05-18 15:09:40.090 [com.alibaba.nacos.naming.failover.0] [none] DEBUG com.alibaba.nacos.client.naming - failover switch is not found, 00-00---000-VIPSRV_FAILOVER_SWITCH-000---00-00
2026-05-18 15:09:45.093 [com.alibaba.nacos.naming.failover.0] [none] DEBUG com.alibaba.nacos.client.naming - failover switch is not found, 00-00---000-VIPSRV_FAILOVER_SWITCH-000---00-00
2026-05-18 15:09:50.098 [com.alibaba.nacos.naming.failover.0] [none] DEBUG com.alibaba.nacos.client.naming - failover switch is not found, 00-00---000-VIPSRV_FAILOVER_SWITCH-000---00-00
2026-05-18 15:09:55.112 [com.alibaba.nacos.naming.failover.0] [none] DEBUG com.alibaba.nacos.client.naming - failover switch is not found, 00-00---000-VIPSRV_FAILOVER_SWITCH-000---00-00
2026-05-18 15:10:00.127 [com.alibaba.nacos.naming.failover.0] [none] DEBUG com.alibaba.nacos.client.naming - failover switch is not found, 00-00---000-VIPSRV_FAILOVER_SWITCH-000---00-00
2026-05-18 15:10:05.139 [com.alibaba.nacos.naming.failover.0] [none] DEBUG com.alibaba.nacos.client.naming - failover switch is not found, 00-00---000-VIPSRV_FAILOVER_SWITCH-000---00-00
2026-05-18 15:10:10.139 [com.alibaba.nacos.naming.failover.0] [none] DEBUG com.alibaba.nacos.client.naming - failover switch is not found, 00-00---000-VIPSRV_FAILOVER_SWITCH-000---00-00
2026-05-18 15:10:15.149 [com.alibaba.nacos.naming.failover.0] [none] DEBUG com.alibaba.nacos.client.naming - failover switch is not found, 00-00---000-VIPSRV_FAILOVER_SWITCH-000---00-00
2026-05-18 15:10:20.150 [com.alibaba.nacos.naming.failover.0] [none] DEBUG com.alibaba.nacos.client.naming - failover switch is not found, 00-00---000-VIPSRV_FAILOVER_SWITCH-000---00-00
2026-05-18 15:10:25.154 [com.alibaba.nacos.naming.failover.0] [none] DEBUG com.alibaba.nacos.client.naming - failover switch is not found, 00-00---000-VIPSRV_FAILOVER_SWITCH-000---00-00
2026-05-18 15:10:30.158 [com.alibaba.nacos.naming.failover.0] [none] DEBUG com.alibaba.nacos.client.naming - failover switch is not found, 00-00---000-VIPSRV_FAILOVER_SWITCH-000---00-00
2026-05-18 15:10:35.172 [com.alibaba.nacos.naming.failover.0] [none] DEBUG com.alibaba.nacos.client.naming - failover switch is not found, 00-00---000-VIPSRV_FAILOVER_SWITCH-000---00-00
2026-05-18 15:10:40.172 [com.alibaba.nacos.naming.failover.0] [none] DEBUG com.alibaba.nacos.client.naming - failover switch is not found, 00-00---000-VIPSRV_FAILOVER_SWITCH-000---00-00
2026-05-18 15:10:45.177 [com.alibaba.nacos.naming.failover.0] [none] DEBUG com.alibaba.nacos.client.naming - failover switch is not found, 00-00---000-VIPSRV_FAILOVER_SWITCH-000---00-00
2026-05-18 15:10:50.181 [com.alibaba.nacos.naming.failover.0] [none] DEBUG com.alibaba.nacos.client.naming - failover switch is not found, 00-00---000-VIPSRV_FAILOVER_SWITCH-000---00-00
2026-05-18 15:10:55.185 [com.alibaba.nacos.naming.failover.0] [none] DEBUG com.alibaba.nacos.client.naming - failover switch is not found, 00-00---000-VIPSRV_FAILOVER_SWITCH-000---00-00
2026-05-18 15:11:00.192 [com.alibaba.nacos.naming.failover.0] [none] DEBUG com.alibaba.nacos.client.naming - failover switch is not found, 00-00---000-VIPSRV_FAILOVER_SWITCH-000---00-00
2026-05-18 15:11:05.199 [com.alibaba.nacos.naming.failover.0] [none] DEBUG com.alibaba.nacos.client.naming - failover switch is not found, 00-00---000-VIPSRV_FAILOVER_SWITCH-000---00-00
2026-05-18 15:11:10.209 [com.alibaba.nacos.naming.failover.0] [none] DEBUG com.alibaba.nacos.client.naming - failover switch is not found, 00-00---000-VIPSRV_FAILOVER_SWITCH-000---00-00
2026-05-18 15:11:15.217 [com.alibaba.nacos.naming.failover.0] [none] DEBUG com.alibaba.nacos.client.naming - failover switch is not found, 00-00---000-VIPSRV_FAILOVER_SWITCH-000---00-00
2026-05-18 15:11:20.225 [com.alibaba.nacos.naming.failover.0] [none] DEBUG com.alibaba.nacos.client.naming - failover switch is not found, 00-00---000-VIPSRV_FAILOVER_SWITCH-000---00-00
2026-05-18 15:11:25.231 [com.alibaba.nacos.naming.failover.0] [none] DEBUG com.alibaba.nacos.client.naming - failover switch is not found, 00-00---000-VIPSRV_FAILOVER_SWITCH-000---00-00
2026-05-18 15:11:30.239 [com.alibaba.nacos.naming.failover.0] [none] DEBUG com.alibaba.nacos.client.naming - failover switch is not found, 00-00---000-VIPSRV_FAILOVER_SWITCH-000---00-00
2026-05-18 15:11:35.249 [com.alibaba.nacos.naming.failover.0] [none] DEBUG com.alibaba.nacos.client.naming - failover switch is not found, 00-00---000-VIPSRV_FAILOVER_SWITCH-000---00-00
2026-05-18 15:11:40.254 [com.alibaba.nacos.naming.failover.0] [none] DEBUG com.alibaba.nacos.client.naming - failover switch is not found, 00-00---000-VIPSRV_FAILOVER_SWITCH-000---00-00
2026-05-18 15:11:45.263 [com.alibaba.nacos.naming.failover.0] [none] DEBUG com.alibaba.nacos.client.naming - failover switch is not found, 00-00---000-VIPSRV_FAILOVER_SWITCH-000---00-00
2026-05-18 15:11:50.274 [com.alibaba.nacos.naming.failover.0] [none] DEBUG com.alibaba.nacos.client.naming - failover switch is not found, 00-00---000-VIPSRV_FAILOVER_SWITCH-000---00-00
2026-05-18 15:11:55.278 [com.alibaba.nacos.naming.failover.0] [none] DEBUG com.alibaba.nacos.client.naming - failover switch is not found, 00-00---000-VIPSRV_FAILOVER_SWITCH-000---00-00
2026-05-18 15:12:00.280 [com.alibaba.nacos.naming.failover.0] [none] DEBUG com.alibaba.nacos.client.naming - failover switch is not found, 00-00---000-VIPSRV_FAILOVER_SWITCH-000---00-00
2026-05-18 15:12:05.291 [com.alibaba.nacos.naming.failover.0] [none] DEBUG com.alibaba.nacos.client.naming - failover switch is not found, 00-00---000-VIPSRV_FAILOVER_SWITCH-000---00-00
2026-05-18 15:12:10.295 [com.alibaba.nacos.naming.failover.0] [none] DEBUG com.alibaba.nacos.client.naming - failover switch is not found, 00-00---000-VIPSRV_FAILOVER_SWITCH-000---00-00
2026-05-18 15:12:15.305 [com.alibaba.nacos.naming.failover.0] [none] DEBUG com.alibaba.nacos.client.naming - failover switch is not found, 00-00---000-VIPSRV_FAILOVER_SWITCH-000---00-00
2026-05-18 15:12:20.309 [com.alibaba.nacos.naming.failover.0] [none] DEBUG com.alibaba.nacos.client.naming - failover switch is not found, 00-00---000-VIPSRV_FAILOVER_SWITCH-000---00-00
2026-05-18 15:12:25.314 [com.alibaba.nacos.naming.failover.0] [none] DEBUG com.alibaba.nacos.client.naming - failover switch is not found, 00-00---000-VIPSRV_FAILOVER_SWITCH-000---00-00
2026-05-18 15:12:30.314 [com.alibaba.nacos.naming.failover.0] [none] DEBUG com.alibaba.nacos.client.naming - failover switch is not found, 00-00---000-VIPSRV_FAILOVER_SWITCH-000---00-00
2026-05-18 15:12:35.323 [com.alibaba.nacos.naming.failover.0] [none] DEBUG com.alibaba.nacos.client.naming - failover switch is not found, 00-00---000-VIPSRV_FAILOVER_SWITCH-000---00-00
2026-05-18 15:12:40.325 [com.alibaba.nacos.naming.failover.0] [none] DEBUG com.alibaba.nacos.client.naming - failover switch is not found, 00-00---000-VIPSRV_FAILOVER_SWITCH-000---00-00
2026-05-18 15:12:45.336 [com.alibaba.nacos.naming.failover.0] [none] DEBUG com.alibaba.nacos.client.naming - failover switch is not found, 00-00---000-VIPSRV_FAILOVER_SWITCH-000---00-00
2026-05-18 15:12:50.349 [com.alibaba.nacos.naming.failover.0] [none] DEBUG com.alibaba.nacos.client.naming - failover switch is not found, 00-00---000-VIPSRV_FAILOVER_SWITCH-000---00-00
2026-05-18 15:12:55.354 [com.alibaba.nacos.naming.failover.0] [none] DEBUG com.alibaba.nacos.client.naming - failover switch is not found, 00-00---000-VIPSRV_FAILOVER_SWITCH-000---00-00
2026-05-18 15:13:00.359 [com.alibaba.nacos.naming.failover.0] [none] DEBUG com.alibaba.nacos.client.naming - failover switch is not found, 00-00---000-VIPSRV_FAILOVER_SWITCH-000---00-00
2026-05-18 15:13:05.375 [com.alibaba.nacos.naming.failover.0] [none] DEBUG com.alibaba.nacos.client.naming - failover switch is not found, 00-00---000-VIPSRV_FAILOVER_SWITCH-000---00-00
2026-05-18 15:13:10.383 [com.alibaba.nacos.naming.failover.0] [none] DEBUG com.alibaba.nacos.client.naming - failover switch is not found, 00-00---000-VIPSRV_FAILOVER_SWITCH-000---00-00
2026-05-18 15:13:15.398 [com.alibaba.nacos.naming.failover.0] [none] DEBUG com.alibaba.nacos.client.naming - failover switch is not found, 00-00---000-VIPSRV_FAILOVER_SWITCH-000---00-00
2026-05-18 15:13:20.399 [com.alibaba.nacos.naming.failover.0] [none] DEBUG com.alibaba.nacos.client.naming - failover switch is not found, 00-00---000-VIPSRV_FAILOVER_SWITCH-000---00-00
2026-05-18 15:13:25.399 [com.alibaba.nacos.naming.failover.0] [none] DEBUG com.alibaba.nacos.client.naming - failover switch is not found, 00-00---000-VIPSRV_FAILOVER_SWITCH-000---00-00
2026-05-18 15:13:30.405 [com.alibaba.nacos.naming.failover.0] [none] DEBUG com.alibaba.nacos.client.naming - failover switch is not found, 00-00---000-VIPSRV_FAILOVER_SWITCH-000---00-00
2026-05-18 15:13:35.411 [com.alibaba.nacos.naming.failover.0] [none] DEBUG com.alibaba.nacos.client.naming - failover switch is not found, 00-00---000-VIPSRV_FAILOVER_SWITCH-000---00-00
2026-05-18 15:13:40.424 [com.alibaba.nacos.naming.failover.0] [none] DEBUG com.alibaba.nacos.client.naming - failover switch is not found, 00-00---000-VIPSRV_FAILOVER_SWITCH-000---00-00
2026-05-18 15:13:45.439 [com.alibaba.nacos.naming.failover.0] [none] DEBUG com.alibaba.nacos.client.naming - failover switch is not found, 00-00---000-VIPSRV_FAILOVER_SWITCH-000---00-00
2026-05-18 15:13:50.447 [com.alibaba.nacos.naming.failover.0] [none] DEBUG com.alibaba.nacos.client.naming - failover switch is not found, 00-00---000-VIPSRV_FAILOVER_SWITCH-000---00-00
2026-05-18 15:13:55.457 [com.alibaba.nacos.naming.failover.0] [none] DEBUG com.alibaba.nacos.client.naming - failover switch is not found, 00-00---000-VIPSRV_FAILOVER_SWITCH-000---00-00
2026-05-18 15:14:00.460 [com.alibaba.nacos.naming.failover.0] [none] DEBUG com.alibaba.nacos.client.naming - failover switch is not found, 00-00---000-VIPSRV_FAILOVER_SWITCH-000---00-00
2026-05-18 15:14:05.470 [com.alibaba.nacos.naming.failover.0] [none] DEBUG com.alibaba.nacos.client.naming - failover switch is not found, 00-00---000-VIPSRV_FAILOVER_SWITCH-000---00-00
2026-05-18 15:14:10.485 [com.alibaba.nacos.naming.failover.0] [none] DEBUG com.alibaba.nacos.client.naming - failover switch is not found, 00-00---000-VIPSRV_FAILOVER_SWITCH-000---00-00
2026-05-18 15:14:15.499 [com.alibaba.nacos.naming.failover.0] [none] DEBUG com.alibaba.nacos.client.naming - failover switch is not found, 00-00---000-VIPSRV_FAILOVER_SWITCH-000---00-00
2026-05-18 15:14:20.508 [com.alibaba.nacos.naming.failover.0] [none] DEBUG com.alibaba.nacos.client.naming - failover switch is not found, 00-00---000-VIPSRV_FAILOVER_SWITCH-000---00-00
2026-05-18 15:14:25.520 [com.alibaba.nacos.naming.failover.0] [none] DEBUG com.alibaba.nacos.client.naming - failover switch is not found, 00-00---000-VIPSRV_FAILOVER_SWITCH-000---00-00
2026-05-18 15:14:30.522 [com.alibaba.nacos.naming.failover.0] [none] DEBUG com.alibaba.nacos.client.naming - failover switch is not found, 00-00---000-VIPSRV_FAILOVER_SWITCH-000---00-00
2026-05-18 15:14:35.524 [com.alibaba.nacos.naming.failover.0] [none] DEBUG com.alibaba.nacos.client.naming - failover switch is not found, 00-00---000-VIPSRV_FAILOVER_SWITCH-000---00-00
2026-05-18 15:14:40.525 [com.alibaba.nacos.naming.failover.0] [none] DEBUG com.alibaba.nacos.client.naming - failover switch is not found, 00-00---000-VIPSRV_FAILOVER_SWITCH-000---00-00
2026-05-18 15:14:45.536 [com.alibaba.nacos.naming.failover.0] [none] DEBUG com.alibaba.nacos.client.naming - failover switch is not found, 00-00---000-VIPSRV_FAILOVER_SWITCH-000---00-00
2026-05-18 15:14:50.544 [com.alibaba.nacos.naming.failover.0] [none] DEBUG com.alibaba.nacos.client.naming - failover switch is not found, 00-00---000-VIPSRV_FAILOVER_SWITCH-000---00-00
2026-05-18 15:14:55.559 [com.alibaba.nacos.naming.failover.0] [none] DEBUG com.alibaba.nacos.client.naming - failover switch is not found, 00-00---000-VIPSRV_FAILOVER_SWITCH-000---00-00
2026-05-18 15:15:00.574 [com.alibaba.nacos.naming.failover.0] [none] DEBUG com.alibaba.nacos.client.naming - failover switch is not found, 00-00---000-VIPSRV_FAILOVER_SWITCH-000---00-00
2026-05-18 15:15:05.578 [com.alibaba.nacos.naming.failover.0] [none] DEBUG com.alibaba.nacos.client.naming - failover switch is not found, 00-00---000-VIPSRV_FAILOVER_SWITCH-000---00-00
2026-05-18 15:15:10.588 [com.alibaba.nacos.naming.failover.0] [none] DEBUG com.alibaba.nacos.client.naming - failover switch is not found, 00-00---000-VIPSRV_FAILOVER_SWITCH-000---00-00
2026-05-18 15:15:15.592 [com.alibaba.nacos.naming.failover.0] [none] DEBUG com.alibaba.nacos.client.naming - failover switch is not found, 00-00---000-VIPSRV_FAILOVER_SWITCH-000---00-00
2026-05-18 15:15:20.595 [com.alibaba.nacos.naming.failover.0] [none] DEBUG com.alibaba.nacos.client.naming - failover switch is not found, 00-00---000-VIPSRV_FAILOVER_SWITCH-000---00-00
2026-05-18 15:15:25.601 [com.alibaba.nacos.naming.failover.0] [none] DEBUG com.alibaba.nacos.client.naming - failover switch is not found, 00-00---000-VIPSRV_FAILOVER_SWITCH-000---00-00
2026-05-18 15:15:30.610 [com.alibaba.nacos.naming.failover.0] [none] DEBUG com.alibaba.nacos.client.naming - failover switch is not found, 00-00---000-VIPSRV_FAILOVER_SWITCH-000---00-00
2026-05-18 15:15:35.619 [com.alibaba.nacos.naming.failover.0] [none] DEBUG com.alibaba.nacos.client.naming - failover switch is not found, 00-00---000-VIPSRV_FAILOVER_SWITCH-000---00-00
2026-05-18 15:15:40.624 [com.alibaba.nacos.naming.failover.0] [none] DEBUG com.alibaba.nacos.client.naming - failover switch is not found, 00-00---000-VIPSRV_FAILOVER_SWITCH-000---00-00
2026-05-18 15:15:45.637 [com.alibaba.nacos.naming.failover.0] [none] DEBUG com.alibaba.nacos.client.naming - failover switch is not found, 00-00---000-VIPSRV_FAILOVER_SWITCH-000---00-00
2026-05-18 15:15:50.644 [com.alibaba.nacos.naming.failover.0] [none] DEBUG com.alibaba.nacos.client.naming - failover switch is not found, 00-00---000-VIPSRV_FAILOVER_SWITCH-000---00-00
2026-05-18 15:15:55.650 [com.alibaba.nacos.naming.failover.0] [none] DEBUG com.alibaba.nacos.client.naming - failover switch is not found, 00-00---000-VIPSRV_FAILOVER_SWITCH-000---00-00
2026-05-18 15:16:00.661 [com.alibaba.nacos.naming.failover.0] [none] DEBUG com.alibaba.nacos.client.naming - failover switch is not found, 00-00---000-VIPSRV_FAILOVER_SWITCH-000---00-00
2026-05-18 15:16:05.679 [com.alibaba.nacos.naming.failover.0] [none] DEBUG com.alibaba.nacos.client.naming - failover switch is not found, 00-00---000-VIPSRV_FAILOVER_SWITCH-000---00-00
2026-05-18 15:16:10.691 [com.alibaba.nacos.naming.failover.0] [none] DEBUG com.alibaba.nacos.client.naming - failover switch is not found, 00-00---000-VIPSRV_FAILOVER_SWITCH-000---00-00
2026-05-18 15:16:15.694 [com.alibaba.nacos.naming.failover.0] [none] DEBUG com.alibaba.nacos.client.naming - failover switch is not found, 00-00---000-VIPSRV_FAILOVER_SWITCH-000---00-00
2026-05-18 15:16:20.703 [com.alibaba.nacos.naming.failover.0] [none] DEBUG com.alibaba.nacos.client.naming - failover switch is not found, 00-00---000-VIPSRV_FAILOVER_SWITCH-000---00-00
2026-05-18 15:16:25.703 [com.alibaba.nacos.naming.failover.0] [none] DEBUG com.alibaba.nacos.client.naming - failover switch is not found, 00-00---000-VIPSRV_FAILOVER_SWITCH-000---00-00
2026-05-18 15:16:30.708 [com.alibaba.nacos.naming.failover.0] [none] DEBUG com.alibaba.nacos.client.naming - failover switch is not found, 00-00---000-VIPSRV_FAILOVER_SWITCH-000---00-00
2026-05-18 15:16:35.724 [com.alibaba.nacos.naming.failover.0] [none] DEBUG com.alibaba.nacos.client.naming - failover switch is not found, 00-00---000-VIPSRV_FAILOVER_SWITCH-000---00-00
2026-05-18 15:16:40.732 [com.alibaba.nacos.naming.failover.0] [none] DEBUG com.alibaba.nacos.client.naming - failover switch is not found, 00-00---000-VIPSRV_FAILOVER_SWITCH-000---00-00
2026-05-18 15:16:45.746 [com.alibaba.nacos.naming.failover.0] [none] DEBUG com.alibaba.nacos.client.naming - failover switch is not found, 00-00---000-VIPSRV_FAILOVER_SWITCH-000---00-00
2026-05-18 15:16:50.758 [com.alibaba.nacos.naming.failover.0] [none] DEBUG com.alibaba.nacos.client.naming - failover switch is not found, 00-00---000-VIPSRV_FAILOVER_SWITCH-000---00-00
2026-05-18 15:16:55.763 [com.alibaba.nacos.naming.failover.0] [none] DEBUG com.alibaba.nacos.client.naming - failover switch is not found, 00-00---000-VIPSRV_FAILOVER_SWITCH-000---00-00
2026-05-18 15:17:00.769 [com.alibaba.nacos.naming.failover.0] [none] DEBUG com.alibaba.nacos.client.naming - failover switch is not found, 00-00---000-VIPSRV_FAILOVER_SWITCH-000---00-00
2026-05-18 15:17:05.778 [com.alibaba.nacos.naming.failover.0] [none] DEBUG com.alibaba.nacos.client.naming - failover switch is not found, 00-00---000-VIPSRV_FAILOVER_SWITCH-000---00-00
2026-05-18 15:17:10.793 [com.alibaba.nacos.naming.failover.0] [none] DEBUG com.alibaba.nacos.client.naming - failover switch is not found, 00-00---000-VIPSRV_FAILOVER_SWITCH-000---00-00
2026-05-18 15:17:15.808 [com.alibaba.nacos.naming.failover.0] [none] DEBUG com.alibaba.nacos.client.naming - failover switch is not found, 00-00---000-VIPSRV_FAILOVER_SWITCH-000---00-00
2026-05-18 15:17:20.820 [com.alibaba.nacos.naming.failover.0] [none] DEBUG com.alibaba.nacos.client.naming - failover switch is not found, 00-00---000-VIPSRV_FAILOVER_SWITCH-000---00-00
2026-05-18 15:17:25.826 [com.alibaba.nacos.naming.failover.0] [none] DEBUG com.alibaba.nacos.client.naming - failover switch is not found, 00-00---000-VIPSRV_FAILOVER_SWITCH-000---00-00
2026-05-18 15:17:30.839 [com.alibaba.nacos.naming.failover.0] [none] DEBUG com.alibaba.nacos.client.naming - failover switch is not found, 00-00---000-VIPSRV_FAILOVER_SWITCH-000---00-00
2026-05-18 15:17:35.850 [com.alibaba.nacos.naming.failover.0] [none] DEBUG com.alibaba.nacos.client.naming - failover switch is not found, 00-00---000-VIPSRV_FAILOVER_SWITCH-000---00-00
2026-05-18 15:17:40.860 [com.alibaba.nacos.naming.failover.0] [none] DEBUG com.alibaba.nacos.client.naming - failover switch is not found, 00-00---000-VIPSRV_FAILOVER_SWITCH-000---00-00
2026-05-18 15:17:45.871 [com.alibaba.nacos.naming.failover.0] [none] DEBUG com.alibaba.nacos.client.naming - failover switch is not found, 00-00---000-VIPSRV_FAILOVER_SWITCH-000---00-00
2026-05-18 15:17:50.873 [com.alibaba.nacos.naming.failover.0] [none] DEBUG com.alibaba.nacos.client.naming - failover switch is not found, 00-00---000-VIPSRV_FAILOVER_SWITCH-000---00-00
2026-05-18 15:17:55.883 [com.alibaba.nacos.naming.failover.0] [none] DEBUG com.alibaba.nacos.client.naming - failover switch is not found, 00-00---000-VIPSRV_FAILOVER_SWITCH-000---00-00
2026-05-18 15:18:00.889 [com.alibaba.nacos.naming.failover.0] [none] DEBUG com.alibaba.nacos.client.naming - failover switch is not found, 00-00---000-VIPSRV_FAILOVER_SWITCH-000---00-00
2026-05-18 15:18:05.894 [com.alibaba.nacos.naming.failover.0] [none] DEBUG com.alibaba.nacos.client.naming - failover switch is not found, 00-00---000-VIPSRV_FAILOVER_SWITCH-000---00-00
2026-05-18 15:18:10.905 [com.alibaba.nacos.naming.failover.0] [none] DEBUG com.alibaba.nacos.client.naming - failover switch is not found, 00-00---000-VIPSRV_FAILOVER_SWITCH-000---00-00
2026-05-18 15:18:15.909 [com.alibaba.nacos.naming.failover.0] [none] DEBUG com.alibaba.nacos.client.naming - failover switch is not found, 00-00---000-VIPSRV_FAILOVER_SWITCH-000---00-00
2026-05-18 15:18:20.910 [com.alibaba.nacos.naming.failover.0] [none] DEBUG com.alibaba.nacos.client.naming - failover switch is not found, 00-00---000-VIPSRV_FAILOVER_SWITCH-000---00-00
2026-05-18 15:18:25.915 [com.alibaba.nacos.naming.failover.0] [none] DEBUG com.alibaba.nacos.client.naming - failover switch is not found, 00-00---000-VIPSRV_FAILOVER_SWITCH-000---00-00
2026-05-18 15:18:30.924 [com.alibaba.nacos.naming.failover.0] [none] DEBUG com.alibaba.nacos.client.naming - failover switch is not found, 00-00---000-VIPSRV_FAILOVER_SWITCH-000---00-00
2026-05-18 15:18:35.932 [com.alibaba.nacos.naming.failover.0] [none] DEBUG com.alibaba.nacos.client.naming - failover switch is not found, 00-00---000-VIPSRV_FAILOVER_SWITCH-000---00-00
2026-05-18 15:18:40.942 [com.alibaba.nacos.naming.failover.0] [none] DEBUG com.alibaba.nacos.client.naming - failover switch is not found, 00-00---000-VIPSRV_FAILOVER_SWITCH-000---00-00
2026-05-18 15:18:45.951 [com.alibaba.nacos.naming.failover.0] [none] DEBUG com.alibaba.nacos.client.naming - failover switch is not found, 00-00---000-VIPSRV_FAILOVER_SWITCH-000---00-00
2026-05-18 15:18:50.955 [com.alibaba.nacos.naming.failover.0] [none] DEBUG com.alibaba.nacos.client.naming - failover switch is not found, 00-00---000-VIPSRV_FAILOVER_SWITCH-000---00-00
2026-05-18 15:18:55.956 [com.alibaba.nacos.naming.failover.0] [none] DEBUG com.alibaba.nacos.client.naming - failover switch is not found, 00-00---000-VIPSRV_FAILOVER_SWITCH-000---00-00
2026-05-18 15:19:00.958 [com.alibaba.nacos.naming.failover.0] [none] DEBUG com.alibaba.nacos.client.naming - failover switch is not found, 00-00---000-VIPSRV_FAILOVER_SWITCH-000---00-00
2026-05-18 15:19:05.968 [com.alibaba.nacos.naming.failover.0] [none] DEBUG com.alibaba.nacos.client.naming - failover switch is not found, 00-00---000-VIPSRV_FAILOVER_SWITCH-000---00-00
2026-05-18 15:19:10.984 [com.alibaba.nacos.naming.failover.0] [none] DEBUG com.alibaba.nacos.client.naming - failover switch is not found, 00-00---000-VIPSRV_FAILOVER_SWITCH-000---00-00
2026-05-18 15:19:15.987 [com.alibaba.nacos.naming.failover.0] [none] DEBUG com.alibaba.nacos.client.naming - failover switch is not found, 00-00---000-VIPSRV_FAILOVER_SWITCH-000---00-00
2026-05-18 15:19:20.993 [com.alibaba.nacos.naming.failover.0] [none] DEBUG com.alibaba.nacos.client.naming - failover switch is not found, 00-00---000-VIPSRV_FAILOVER_SWITCH-000---00-00
2026-05-18 15:19:25.999 [com.alibaba.nacos.naming.failover.0] [none] DEBUG com.alibaba.nacos.client.naming - failover switch is not found, 00-00---000-VIPSRV_FAILOVER_SWITCH-000---00-00
2026-05-18 15:19:31.015 [com.alibaba.nacos.naming.failover.0] [none] DEBUG com.alibaba.nacos.client.naming - failover switch is not found, 00-00---000-VIPSRV_FAILOVER_SWITCH-000---00-00
2026-05-18 15:19:36.028 [com.alibaba.nacos.naming.failover.0] [none] DEBUG com.alibaba.nacos.client.naming - failover switch is not found, 00-00---000-VIPSRV_FAILOVER_SWITCH-000---00-00
2026-05-18 15:19:41.039 [com.alibaba.nacos.naming.failover.0] [none] DEBUG com.alibaba.nacos.client.naming - failover switch is not found, 00-00---000-VIPSRV_FAILOVER_SWITCH-000---00-00
2026-05-18 15:19:46.043 [com.alibaba.nacos.naming.failover.0] [none] DEBUG com.alibaba.nacos.client.naming - failover switch is not found, 00-00---000-VIPSRV_FAILOVER_SWITCH-000---00-00
2026-05-18 15:19:51.048 [com.alibaba.nacos.naming.failover.0] [none] DEBUG com.alibaba.nacos.client.naming - failover switch is not found, 00-00---000-VIPSRV_FAILOVER_SWITCH-000---00-00
2026-05-18 15:19:56.056 [com.alibaba.nacos.naming.failover.0] [none] DEBUG com.alibaba.nacos.client.naming - failover switch is not found, 00-00---000-VIPSRV_FAILOVER_SWITCH-000---00-00
2026-05-18 15:20:01.071 [com.alibaba.nacos.naming.failover.0] [none] DEBUG com.alibaba.nacos.client.naming - failover switch is not found, 00-00---000-VIPSRV_FAILOVER_SWITCH-000---00-00
2026-05-18 15:20:06.081 [com.alibaba.nacos.naming.failover.0] [none] DEBUG com.alibaba.nacos.client.naming - failover switch is not found, 00-00---000-VIPSRV_FAILOVER_SWITCH-000---00-00
2026-05-18 15:20:11.090 [com.alibaba.nacos.naming.failover.0] [none] DEBUG com.alibaba.nacos.client.naming - failover switch is not found, 00-00---000-VIPSRV_FAILOVER_SWITCH-000---00-00
2026-05-18 15:20:16.095 [com.alibaba.nacos.naming.failover.0] [none] DEBUG com.alibaba.nacos.client.naming - failover switch is not found, 00-00---000-VIPSRV_FAILOVER_SWITCH-000---00-00
2026-05-18 15:20:21.098 [com.alibaba.nacos.naming.failover.0] [none] DEBUG com.alibaba.nacos.client.naming - failover switch is not found, 00-00---000-VIPSRV_FAILOVER_SWITCH-000---00-00
2026-05-18 15:20:26.104 [com.alibaba.nacos.naming.failover.0] [none] DEBUG com.alibaba.nacos.client.naming - failover switch is not found, 00-00---000-VIPSRV_FAILOVER_SWITCH-000---00-00
2026-05-18 15:20:31.119 [com.alibaba.nacos.naming.failover.0] [none] DEBUG com.alibaba.nacos.client.naming - failover switch is not found, 00-00---000-VIPSRV_FAILOVER_SWITCH-000---00-00
2026-05-18 15:20:36.131 [com.alibaba.nacos.naming.failover.0] [none] DEBUG com.alibaba.nacos.client.naming - failover switch is not found, 00-00---000-VIPSRV_FAILOVER_SWITCH-000---00-00
2026-05-18 15:20:41.141 [com.alibaba.nacos.naming.failover.0] [none] DEBUG com.alibaba.nacos.client.naming - failover switch is not found, 00-00---000-VIPSRV_FAILOVER_SWITCH-000---00-00
2026-05-18 15:20:46.145 [com.alibaba.nacos.naming.failover.0] [none] DEBUG com.alibaba.nacos.client.naming - failover switch is not found, 00-00---000-VIPSRV_FAILOVER_SWITCH-000---00-00
2026-05-18 15:20:51.147 [com.alibaba.nacos.naming.failover.0] [none] DEBUG com.alibaba.nacos.client.naming - failover switch is not found, 00-00---000-VIPSRV_FAILOVER_SWITCH-000---00-00
2026-05-18 15:20:56.162 [com.alibaba.nacos.naming.failover.0] [none] DEBUG com.alibaba.nacos.client.naming - failover switch is not found, 00-00---000-VIPSRV_FAILOVER_SWITCH-000---00-00
2026-05-18 15:21:01.167 [com.alibaba.nacos.naming.failover.0] [none] DEBUG com.alibaba.nacos.client.naming - failover switch is not found, 00-00---000-VIPSRV_FAILOVER_SWITCH-000---00-00
2026-05-18 15:21:06.168 [com.alibaba.nacos.naming.failover.0] [none] DEBUG com.alibaba.nacos.client.naming - failover switch is not found, 00-00---000-VIPSRV_FAILOVER_SWITCH-000---00-00
2026-05-18 15:21:11.177 [com.alibaba.nacos.naming.failover.0] [none] DEBUG com.alibaba.nacos.client.naming - failover switch is not found, 00-00---000-VIPSRV_FAILOVER_SWITCH-000---00-00
2026-05-18 15:21:16.190 [com.alibaba.nacos.naming.failover.0] [none] DEBUG com.alibaba.nacos.client.naming - failover switch is not found, 00-00---000-VIPSRV_FAILOVER_SWITCH-000---00-00
2026-05-18 15:21:21.198 [com.alibaba.nacos.naming.failover.0] [none] DEBUG com.alibaba.nacos.client.naming - failover switch is not found, 00-00---000-VIPSRV_FAILOVER_SWITCH-000---00-00
2026-05-18 15:21:26.199 [com.alibaba.nacos.naming.failover.0] [none] DEBUG com.alibaba.nacos.client.naming - failover switch is not found, 00-00---000-VIPSRV_FAILOVER_SWITCH-000---00-00
2026-05-18 15:21:31.205 [com.alibaba.nacos.naming.failover.0] [none] DEBUG com.alibaba.nacos.client.naming - failover switch is not found, 00-00---000-VIPSRV_FAILOVER_SWITCH-000---00-00
2026-05-18 15:21:36.216 [com.alibaba.nacos.naming.failover.0] [none] DEBUG com.alibaba.nacos.client.naming - failover switch is not found, 00-00---000-VIPSRV_FAILOVER_SWITCH-000---00-00
2026-05-18 15:21:41.220 [com.alibaba.nacos.naming.failover.0] [none] DEBUG com.alibaba.nacos.client.naming - failover switch is not found, 00-00---000-VIPSRV_FAILOVER_SWITCH-000---00-00
2026-05-18 15:21:46.230 [com.alibaba.nacos.naming.failover.0] [none] DEBUG com.alibaba.nacos.client.naming - failover switch is not found, 00-00---000-VIPSRV_FAILOVER_SWITCH-000---00-00
2026-05-18 15:21:51.238 [com.alibaba.nacos.naming.failover.0] [none] DEBUG com.alibaba.nacos.client.naming - failover switch is not found, 00-00---000-VIPSRV_FAILOVER_SWITCH-000---00-00
2026-05-18 15:21:56.247 [com.alibaba.nacos.naming.failover.0] [none] DEBUG com.alibaba.nacos.client.naming - failover switch is not found, 00-00---000-VIPSRV_FAILOVER_SWITCH-000---00-00
2026-05-18 15:22:01.255 [com.alibaba.nacos.naming.failover.0] [none] DEBUG com.alibaba.nacos.client.naming - failover switch is not found, 00-00---000-VIPSRV_FAILOVER_SWITCH-000---00-00
2026-05-18 15:22:06.265 [com.alibaba.nacos.naming.failover.0] [none] DEBUG com.alibaba.nacos.client.naming - failover switch is not found, 00-00---000-VIPSRV_FAILOVER_SWITCH-000---00-00
2026-05-18 15:22:11.270 [com.alibaba.nacos.naming.failover.0] [none] DEBUG com.alibaba.nacos.client.naming - failover switch is not found, 00-00---000-VIPSRV_FAILOVER_SWITCH-000---00-00
2026-05-18 15:22:16.274 [com.alibaba.nacos.naming.failover.0] [none] DEBUG com.alibaba.nacos.client.naming - failover switch is not found, 00-00---000-VIPSRV_FAILOVER_SWITCH-000---00-00
2026-05-18 15:22:21.284 [com.alibaba.nacos.naming.failover.0] [none] DEBUG com.alibaba.nacos.client.naming - failover switch is not found, 00-00---000-VIPSRV_FAILOVER_SWITCH-000---00-00
2026-05-18 15:22:26.298 [com.alibaba.nacos.naming.failover.0] [none] DEBUG com.alibaba.nacos.client.naming - failover switch is not found, 00-00---000-VIPSRV_FAILOVER_SWITCH-000---00-00
2026-05-18 15:22:31.305 [com.alibaba.nacos.naming.failover.0] [none] DEBUG com.alibaba.nacos.client.naming - failover switch is not found, 00-00---000-VIPSRV_FAILOVER_SWITCH-000---00-00
2026-05-18 15:22:36.313 [com.alibaba.nacos.naming.failover.0] [none] DEBUG com.alibaba.nacos.client.naming - failover switch is not found, 00-00---000-VIPSRV_FAILOVER_SWITCH-000---00-00
2026-05-18 15:22:41.331 [com.alibaba.nacos.naming.failover.0] [none] DEBUG com.alibaba.nacos.client.naming - failover switch is not found, 00-00---000-VIPSRV_FAILOVER_SWITCH-000---00-00
2026-05-18 15:22:46.347 [com.alibaba.nacos.naming.failover.0] [none] DEBUG com.alibaba.nacos.client.naming - failover switch is not found, 00-00---000-VIPSRV_FAILOVER_SWITCH-000---00-00
2026-05-18 15:22:51.350 [com.alibaba.nacos.naming.failover.0] [none] DEBUG com.alibaba.nacos.client.naming - failover switch is not found, 00-00---000-VIPSRV_FAILOVER_SWITCH-000---00-00
2026-05-18 15:22:56.351 [com.alibaba.nacos.naming.failover.0] [none] DEBUG com.alibaba.nacos.client.naming - failover switch is not found, 00-00---000-VIPSRV_FAILOVER_SWITCH-000---00-00
2026-05-18 15:23:01.360 [com.alibaba.nacos.naming.failover.0] [none] DEBUG com.alibaba.nacos.client.naming - failover switch is not found, 00-00---000-VIPSRV_FAILOVER_SWITCH-000---00-00
2026-05-18 15:23:06.364 [com.alibaba.nacos.naming.failover.0] [none] DEBUG com.alibaba.nacos.client.naming - failover switch is not found, 00-00---000-VIPSRV_FAILOVER_SWITCH-000---00-00
2026-05-18 15:23:11.372 [com.alibaba.nacos.naming.failover.0] [none] DEBUG com.alibaba.nacos.client.naming - failover switch is not found, 00-00---000-VIPSRV_FAILOVER_SWITCH-000---00-00
2026-05-18 15:23:16.382 [com.alibaba.nacos.naming.failover.0] [none] DEBUG com.alibaba.nacos.client.naming - failover switch is not found, 00-00---000-VIPSRV_FAILOVER_SWITCH-000---00-00
2026-05-18 15:23:21.389 [com.alibaba.nacos.naming.failover.0] [none] DEBUG com.alibaba.nacos.client.naming - failover switch is not found, 00-00---000-VIPSRV_FAILOVER_SWITCH-000---00-00
2026-05-18 15:23:26.399 [com.alibaba.nacos.naming.failover.0] [none] DEBUG com.alibaba.nacos.client.naming - failover switch is not found, 00-00---000-VIPSRV_FAILOVER_SWITCH-000---00-00
2026-05-18 15:23:31.410 [com.alibaba.nacos.naming.failover.0] [none] DEBUG com.alibaba.nacos.client.naming - failover switch is not found, 00-00---000-VIPSRV_FAILOVER_SWITCH-000---00-00
2026-05-18 15:23:36.424 [com.alibaba.nacos.naming.failover.0] [none] DEBUG com.alibaba.nacos.client.naming - failover switch is not found, 00-00---000-VIPSRV_FAILOVER_SWITCH-000---00-00
2026-05-18 15:23:41.431 [com.alibaba.nacos.naming.failover.0] [none] DEBUG com.alibaba.nacos.client.naming - failover switch is not found, 00-00---000-VIPSRV_FAILOVER_SWITCH-000---00-00
2026-05-18 15:23:46.433 [com.alibaba.nacos.naming.failover.0] [none] DEBUG com.alibaba.nacos.client.naming - failover switch is not found, 00-00---000-VIPSRV_FAILOVER_SWITCH-000---00-00
2026-05-18 15:23:51.446 [com.alibaba.nacos.naming.failover.0] [none] DEBUG com.alibaba.nacos.client.naming - failover switch is not found, 00-00---000-VIPSRV_FAILOVER_SWITCH-000---00-00
2026-05-18 15:23:56.454 [com.alibaba.nacos.naming.failover.0] [none] DEBUG com.alibaba.nacos.client.naming - failover switch is not found, 00-00---000-VIPSRV_FAILOVER_SWITCH-000---00-00
2026-05-18 15:24:01.468 [com.alibaba.nacos.naming.failover.0] [none] DEBUG com.alibaba.nacos.client.naming - failover switch is not found, 00-00---000-VIPSRV_FAILOVER_SWITCH-000---00-00
2026-05-18 15:24:06.476 [com.alibaba.nacos.naming.failover.0] [none] DEBUG com.alibaba.nacos.client.naming - failover switch is not found, 00-00---000-VIPSRV_FAILOVER_SWITCH-000---00-00
2026-05-18 15:24:11.487 [com.alibaba.nacos.naming.failover.0] [none] DEBUG com.alibaba.nacos.client.naming - failover switch is not found, 00-00---000-VIPSRV_FAILOVER_SWITCH-000---00-00
2026-05-18 15:24:16.498 [com.alibaba.nacos.naming.failover.0] [none] DEBUG com.alibaba.nacos.client.naming - failover switch is not found, 00-00---000-VIPSRV_FAILOVER_SWITCH-000---00-00
2026-05-18 15:24:21.510 [com.alibaba.nacos.naming.failover.0] [none] DEBUG com.alibaba.nacos.client.naming - failover switch is not found, 00-00---000-VIPSRV_FAILOVER_SWITCH-000---00-00
2026-05-18 15:24:26.512 [com.alibaba.nacos.naming.failover.0] [none] DEBUG com.alibaba.nacos.client.naming - failover switch is not found, 00-00---000-VIPSRV_FAILOVER_SWITCH-000---00-00
2026-05-18 15:24:31.523 [com.alibaba.nacos.naming.failover.0] [none] DEBUG com.alibaba.nacos.client.naming - failover switch is not found, 00-00---000-VIPSRV_FAILOVER_SWITCH-000---00-00
2026-05-18 15:24:36.531 [com.alibaba.nacos.naming.failover.0] [none] DEBUG com.alibaba.nacos.client.naming - failover switch is not found, 00-00---000-VIPSRV_FAILOVER_SWITCH-000---00-00
2026-05-18 15:24:41.539 [com.alibaba.nacos.naming.failover.0] [none] DEBUG com.alibaba.nacos.client.naming - failover switch is not found, 00-00---000-VIPSRV_FAILOVER_SWITCH-000---00-00
2026-05-18 15:24:46.546 [com.alibaba.nacos.naming.failover.0] [none] DEBUG com.alibaba.nacos.client.naming - failover switch is not found, 00-00---000-VIPSRV_FAILOVER_SWITCH-000---00-00
2026-05-18 15:24:51.550 [com.alibaba.nacos.naming.failover.0] [none] DEBUG com.alibaba.nacos.client.naming - failover switch is not found, 00-00---000-VIPSRV_FAILOVER_SWITCH-000---00-00
2026-05-18 15:24:56.555 [com.alibaba.nacos.naming.failover.0] [none] DEBUG com.alibaba.nacos.client.naming - failover switch is not found, 00-00---000-VIPSRV_FAILOVER_SWITCH-000---00-00
2026-05-18 15:25:01.564 [com.alibaba.nacos.naming.failover.0] [none] DEBUG com.alibaba.nacos.client.naming - failover switch is not found, 00-00---000-VIPSRV_FAILOVER_SWITCH-000---00-00
2026-05-18 15:25:06.568 [com.alibaba.nacos.naming.failover.0] [none] DEBUG com.alibaba.nacos.client.naming - failover switch is not found, 00-00---000-VIPSRV_FAILOVER_SWITCH-000---00-00
2026-05-18 15:25:11.577 [com.alibaba.nacos.naming.failover.0] [none] DEBUG com.alibaba.nacos.client.naming - failover switch is not found, 00-00---000-VIPSRV_FAILOVER_SWITCH-000---00-00
2026-05-18 15:25:16.587 [com.alibaba.nacos.naming.failover.0] [none] DEBUG com.alibaba.nacos.client.naming - failover switch is not found, 00-00---000-VIPSRV_FAILOVER_SWITCH-000---00-00
2026-05-18 15:25:21.587 [com.alibaba.nacos.naming.failover.0] [none] DEBUG com.alibaba.nacos.client.naming - failover switch is not found, 00-00---000-VIPSRV_FAILOVER_SWITCH-000---00-00
2026-05-18 15:25:26.591 [com.alibaba.nacos.naming.failover.0] [none] DEBUG com.alibaba.nacos.client.naming - failover switch is not found, 00-00---000-VIPSRV_FAILOVER_SWITCH-000---00-00
2026-05-18 15:25:31.598 [com.alibaba.nacos.naming.failover.0] [none] DEBUG com.alibaba.nacos.client.naming - failover switch is not found, 00-00---000-VIPSRV_FAILOVER_SWITCH-000---00-00
2026-05-18 15:25:36.610 [com.alibaba.nacos.naming.failover.0] [none] DEBUG com.alibaba.nacos.client.naming - failover switch is not found, 00-00---000-VIPSRV_FAILOVER_SWITCH-000---00-00
2026-05-18 15:25:41.624 [com.alibaba.nacos.naming.failover.0] [none] DEBUG com.alibaba.nacos.client.naming - failover switch is not found, 00-00---000-VIPSRV_FAILOVER_SWITCH-000---00-00
2026-05-18 15:25:46.630 [com.alibaba.nacos.naming.failover.0] [none] DEBUG com.alibaba.nacos.client.naming - failover switch is not found, 00-00---000-VIPSRV_FAILOVER_SWITCH-000---00-00
2026-05-18 15:25:51.638 [com.alibaba.nacos.naming.failover.0] [none] DEBUG com.alibaba.nacos.client.naming - failover switch is not found, 00-00---000-VIPSRV_FAILOVER_SWITCH-000---00-00
2026-05-18 15:25:56.640 [com.alibaba.nacos.naming.failover.0] [none] DEBUG com.alibaba.nacos.client.naming - failover switch is not found, 00-00---000-VIPSRV_FAILOVER_SWITCH-000---00-00
2026-05-18 15:26:01.653 [com.alibaba.nacos.naming.failover.0] [none] DEBUG com.alibaba.nacos.client.naming - failover switch is not found, 00-00---000-VIPSRV_FAILOVER_SWITCH-000---00-00
2026-05-18 15:26:06.663 [com.alibaba.nacos.naming.failover.0] [none] DEBUG com.alibaba.nacos.client.naming - failover switch is not found, 00-00---000-VIPSRV_FAILOVER_SWITCH-000---00-00
2026-05-18 15:26:11.669 [com.alibaba.nacos.naming.failover.0] [none] DEBUG com.alibaba.nacos.client.naming - failover switch is not found, 00-00---000-VIPSRV_FAILOVER_SWITCH-000---00-00
2026-05-18 15:26:16.679 [com.alibaba.nacos.naming.failover.0] [none] DEBUG com.alibaba.nacos.client.naming - failover switch is not found, 00-00---000-VIPSRV_FAILOVER_SWITCH-000---00-00
2026-05-18 15:26:21.689 [com.alibaba.nacos.naming.failover.0] [none] DEBUG com.alibaba.nacos.client.naming - failover switch is not found, 00-00---000-VIPSRV_FAILOVER_SWITCH-000---00-00
2026-05-18 15:26:26.697 [com.alibaba.nacos.naming.failover.0] [none] DEBUG com.alibaba.nacos.client.naming - failover switch is not found, 00-00---000-VIPSRV_FAILOVER_SWITCH-000---00-00
2026-05-18 15:26:31.713 [com.alibaba.nacos.naming.failover.0] [none] DEBUG com.alibaba.nacos.client.naming - failover switch is not found, 00-00---000-VIPSRV_FAILOVER_SWITCH-000---00-00
2026-05-18 15:26:36.721 [com.alibaba.nacos.naming.failover.0] [none] DEBUG com.alibaba.nacos.client.naming - failover switch is not found, 00-00---000-VIPSRV_FAILOVER_SWITCH-000---00-00
2026-05-18 15:26:41.729 [com.alibaba.nacos.naming.failover.0] [none] DEBUG com.alibaba.nacos.client.naming - failover switch is not found, 00-00---000-VIPSRV_FAILOVER_SWITCH-000---00-00
2026-05-18 15:26:46.738 [com.alibaba.nacos.naming.failover.0] [none] DEBUG com.alibaba.nacos.client.naming - failover switch is not found, 00-00---000-VIPSRV_FAILOVER_SWITCH-000---00-00
2026-05-18 15:26:51.746 [com.alibaba.nacos.naming.failover.0] [none] DEBUG com.alibaba.nacos.client.naming - failover switch is not found, 00-00---000-VIPSRV_FAILOVER_SWITCH-000---00-00
2026-05-18 15:26:56.751 [com.alibaba.nacos.naming.failover.0] [none] DEBUG com.alibaba.nacos.client.naming - failover switch is not found, 00-00---000-VIPSRV_FAILOVER_SWITCH-000---00-00
2026-05-18 15:27:01.759 [com.alibaba.nacos.naming.failover.0] [none] DEBUG com.alibaba.nacos.client.naming - failover switch is not found, 00-00---000-VIPSRV_FAILOVER_SWITCH-000---00-00
2026-05-18 15:27:06.773 [com.alibaba.nacos.naming.failover.0] [none] DEBUG com.alibaba.nacos.client.naming - failover switch is not found, 00-00---000-VIPSRV_FAILOVER_SWITCH-000---00-00
2026-05-18 15:27:11.776 [com.alibaba.nacos.naming.failover.0] [none] DEBUG com.alibaba.nacos.client.naming - failover switch is not found, 00-00---000-VIPSRV_FAILOVER_SWITCH-000---00-00
2026-05-18 15:27:16.777 [com.alibaba.nacos.naming.failover.0] [none] DEBUG com.alibaba.nacos.client.naming - failover switch is not found, 00-00---000-VIPSRV_FAILOVER_SWITCH-000---00-00
2026-05-18 15:27:21.781 [com.alibaba.nacos.naming.failover.0] [none] DEBUG com.alibaba.nacos.client.naming - failover switch is not found, 00-00---000-VIPSRV_FAILOVER_SWITCH-000---00-00
2026-05-18 15:27:26.796 [com.alibaba.nacos.naming.failover.0] [none] DEBUG com.alibaba.nacos.client.naming - failover switch is not found, 00-00---000-VIPSRV_FAILOVER_SWITCH-000---00-00
2026-05-18 15:27:31.809 [com.alibaba.nacos.naming.failover.0] [none] DEBUG com.alibaba.nacos.client.naming - failover switch is not found, 00-00---000-VIPSRV_FAILOVER_SWITCH-000---00-00
2026-05-18 15:27:36.815 [com.alibaba.nacos.naming.failover.0] [none] DEBUG com.alibaba.nacos.client.naming - failover switch is not found, 00-00---000-VIPSRV_FAILOVER_SWITCH-000---00-00
2026-05-18 15:27:41.829 [com.alibaba.nacos.naming.failover.0] [none] DEBUG com.alibaba.nacos.client.naming - failover switch is not found, 00-00---000-VIPSRV_FAILOVER_SWITCH-000---00-00
2026-05-18 15:27:46.844 [com.alibaba.nacos.naming.failover.0] [none] DEBUG com.alibaba.nacos.client.naming - failover switch is not found, 00-00---000-VIPSRV_FAILOVER_SWITCH-000---00-00
2026-05-18 15:27:51.849 [com.alibaba.nacos.naming.failover.0] [none] DEBUG com.alibaba.nacos.client.naming - failover switch is not found, 00-00---000-VIPSRV_FAILOVER_SWITCH-000---00-00
2026-05-18 15:27:56.858 [com.alibaba.nacos.naming.failover.0] [none] DEBUG com.alibaba.nacos.client.naming - failover switch is not found, 00-00---000-VIPSRV_FAILOVER_SWITCH-000---00-00
2026-05-18 15:28:01.874 [com.alibaba.nacos.naming.failover.0] [none] DEBUG com.alibaba.nacos.client.naming - failover switch is not found, 00-00---000-VIPSRV_FAILOVER_SWITCH-000---00-00
2026-05-18 15:28:06.881 [com.alibaba.nacos.naming.failover.0] [none] DEBUG com.alibaba.nacos.client.naming - failover switch is not found, 00-00---000-VIPSRV_FAILOVER_SWITCH-000---00-00
2026-05-18 15:28:11.895 [com.alibaba.nacos.naming.failover.0] [none] DEBUG com.alibaba.nacos.client.naming - failover switch is not found, 00-00---000-VIPSRV_FAILOVER_SWITCH-000---00-00
2026-05-18 15:28:16.911 [com.alibaba.nacos.naming.failover.0] [none] DEBUG com.alibaba.nacos.client.naming - failover switch is not found, 00-00---000-VIPSRV_FAILOVER_SWITCH-000---00-00
2026-05-18 15:28:21.919 [com.alibaba.nacos.naming.failover.0] [none] DEBUG com.alibaba.nacos.client.naming - failover switch is not found, 00-00---000-VIPSRV_FAILOVER_SWITCH-000---00-00
2026-05-18 15:28:26.932 [com.alibaba.nacos.naming.failover.0] [none] DEBUG com.alibaba.nacos.client.naming - failover switch is not found, 00-00---000-VIPSRV_FAILOVER_SWITCH-000---00-00
2026-05-18 15:28:31.941 [com.alibaba.nacos.naming.failover.0] [none] DEBUG com.alibaba.nacos.client.naming - failover switch is not found, 00-00---000-VIPSRV_FAILOVER_SWITCH-000---00-00
2026-05-18 15:28:36.944 [com.alibaba.nacos.naming.failover.0] [none] DEBUG com.alibaba.nacos.client.naming - failover switch is not found, 00-00---000-VIPSRV_FAILOVER_SWITCH-000---00-00
2026-05-18 15:28:41.955 [com.alibaba.nacos.naming.failover.0] [none] DEBUG com.alibaba.nacos.client.naming - failover switch is not found, 00-00---000-VIPSRV_FAILOVER_SWITCH-000---00-00
2026-05-18 15:28:46.970 [com.alibaba.nacos.naming.failover.0] [none] DEBUG com.alibaba.nacos.client.naming - failover switch is not found, 00-00---000-VIPSRV_FAILOVER_SWITCH-000---00-00
2026-05-18 15:28:51.984 [com.alibaba.nacos.naming.failover.0] [none] DEBUG com.alibaba.nacos.client.naming - failover switch is not found, 00-00---000-VIPSRV_FAILOVER_SWITCH-000---00-00
2026-05-18 15:28:56.989 [com.alibaba.nacos.naming.failover.0] [none] DEBUG com.alibaba.nacos.client.naming - failover switch is not found, 00-00---000-VIPSRV_FAILOVER_SWITCH-000---00-00
2026-05-18 15:29:01.990 [com.alibaba.nacos.naming.failover.0] [none] DEBUG com.alibaba.nacos.client.naming - failover switch is not found, 00-00---000-VIPSRV_FAILOVER_SWITCH-000---00-00
2026-05-18 15:29:06.992 [com.alibaba.nacos.naming.failover.0] [none] DEBUG com.alibaba.nacos.client.naming - failover switch is not found, 00-00---000-VIPSRV_FAILOVER_SWITCH-000---00-00
2026-05-18 15:29:12.000 [com.alibaba.nacos.naming.failover.0] [none] DEBUG com.alibaba.nacos.client.naming - failover switch is not found, 00-00---000-VIPSRV_FAILOVER_SWITCH-000---00-00
2026-05-18 15:29:17.007 [com.alibaba.nacos.naming.failover.0] [none] DEBUG com.alibaba.nacos.client.naming - failover switch is not found, 00-00---000-VIPSRV_FAILOVER_SWITCH-000---00-00
2026-05-18 15:29:22.011 [com.alibaba.nacos.naming.failover.0] [none] DEBUG com.alibaba.nacos.client.naming - failover switch is not found, 00-00---000-VIPSRV_FAILOVER_SWITCH-000---00-00
2026-05-18 15:29:27.028 [com.alibaba.nacos.naming.failover.0] [none] DEBUG com.alibaba.nacos.client.naming - failover switch is not found, 00-00---000-VIPSRV_FAILOVER_SWITCH-000---00-00
2026-05-18 15:29:32.042 [com.alibaba.nacos.naming.failover.0] [none] DEBUG com.alibaba.nacos.client.naming - failover switch is not found, 00-00---000-VIPSRV_FAILOVER_SWITCH-000---00-00
2026-05-18 15:29:37.049 [com.alibaba.nacos.naming.failover.0] [none] DEBUG com.alibaba.nacos.client.naming - failover switch is not found, 00-00---000-VIPSRV_FAILOVER_SWITCH-000---00-00
2026-05-18 15:29:42.058 [com.alibaba.nacos.naming.failover.0] [none] DEBUG com.alibaba.nacos.client.naming - failover switch is not found, 00-00---000-VIPSRV_FAILOVER_SWITCH-000---00-00
2026-05-18 15:29:47.071 [com.alibaba.nacos.naming.failover.0] [none] DEBUG com.alibaba.nacos.client.naming - failover switch is not found, 00-00---000-VIPSRV_FAILOVER_SWITCH-000---00-00
2026-05-18 15:29:52.077 [com.alibaba.nacos.naming.failover.0] [none] DEBUG com.alibaba.nacos.client.naming - failover switch is not found, 00-00---000-VIPSRV_FAILOVER_SWITCH-000---00-00
2026-05-18 15:29:57.091 [com.alibaba.nacos.naming.failover.0] [none] DEBUG com.alibaba.nacos.client.naming - failover switch is not found, 00-00---000-VIPSRV_FAILOVER_SWITCH-000---00-00
2026-05-18 15:30:02.101 [com.alibaba.nacos.naming.failover.0] [none] DEBUG com.alibaba.nacos.client.naming - failover switch is not found, 00-00---000-VIPSRV_FAILOVER_SWITCH-000---00-00
2026-05-18 15:30:07.114 [com.alibaba.nacos.naming.failover.0] [none] DEBUG com.alibaba.nacos.client.naming - failover switch is not found, 00-00---000-VIPSRV_FAILOVER_SWITCH-000---00-00
2026-05-18 15:30:12.124 [com.alibaba.nacos.naming.failover.0] [none] DEBUG com.alibaba.nacos.client.naming - failover switch is not found, 00-00---000-VIPSRV_FAILOVER_SWITCH-000---00-00
2026-05-18 15:30:17.126 [com.alibaba.nacos.naming.failover.0] [none] DEBUG com.alibaba.nacos.client.naming - failover switch is not found, 00-00---000-VIPSRV_FAILOVER_SWITCH-000---00-00
2026-05-18 15:30:22.139 [com.alibaba.nacos.naming.failover.0] [none] DEBUG com.alibaba.nacos.client.naming - failover switch is not found, 00-00---000-VIPSRV_FAILOVER_SWITCH-000---00-00
2026-05-18 15:30:27.148 [com.alibaba.nacos.naming.failover.0] [none] DEBUG com.alibaba.nacos.client.naming - failover switch is not found, 00-00---000-VIPSRV_FAILOVER_SWITCH-000---00-00
2026-05-18 15:30:32.160 [com.alibaba.nacos.naming.failover.0] [none] DEBUG com.alibaba.nacos.client.naming - failover switch is not found, 00-00---000-VIPSRV_FAILOVER_SWITCH-000---00-00
2026-05-18 15:30:37.174 [com.alibaba.nacos.naming.failover.0] [none] DEBUG com.alibaba.nacos.client.naming - failover switch is not found, 00-00---000-VIPSRV_FAILOVER_SWITCH-000---00-00
2026-05-18 15:30:42.180 [com.alibaba.nacos.naming.failover.0] [none] DEBUG com.alibaba.nacos.client.naming - failover switch is not found, 00-00---000-VIPSRV_FAILOVER_SWITCH-000---00-00
2026-05-18 15:30:47.186 [com.alibaba.nacos.naming.failover.0] [none] DEBUG com.alibaba.nacos.client.naming - failover switch is not found, 00-00---000-VIPSRV_FAILOVER_SWITCH-000---00-00
2026-05-18 15:30:52.189 [com.alibaba.nacos.naming.failover.0] [none] DEBUG com.alibaba.nacos.client.naming - failover switch is not found, 00-00---000-VIPSRV_FAILOVER_SWITCH-000---00-00
2026-05-18 15:30:57.197 [com.alibaba.nacos.naming.failover.0] [none] DEBUG com.alibaba.nacos.client.naming - failover switch is not found, 00-00---000-VIPSRV_FAILOVER_SWITCH-000---00-00
2026-05-18 15:31:02.212 [com.alibaba.nacos.naming.failover.0] [none] DEBUG com.alibaba.nacos.client.naming - failover switch is not found, 00-00---000-VIPSRV_FAILOVER_SWITCH-000---00-00
2026-05-18 15:31:07.324 [com.alibaba.nacos.naming.failover.0] [none] DEBUG com.alibaba.nacos.client.naming - failover switch is not found, 00-00---000-VIPSRV_FAILOVER_SWITCH-000---00-00
2026-05-18 15:31:12.337 [com.alibaba.nacos.naming.failover.0] [none] DEBUG com.alibaba.nacos.client.naming - failover switch is not found, 00-00---000-VIPSRV_FAILOVER_SWITCH-000---00-00
2026-05-18 15:31:17.347 [com.alibaba.nacos.naming.failover.0] [none] DEBUG com.alibaba.nacos.client.naming - failover switch is not found, 00-00---000-VIPSRV_FAILOVER_SWITCH-000---00-00
2026-05-18 15:31:22.357 [com.alibaba.nacos.naming.failover.0] [none] DEBUG com.alibaba.nacos.client.naming - failover switch is not found, 00-00---000-VIPSRV_FAILOVER_SWITCH-000---00-00
2026-05-18 15:31:27.358 [com.alibaba.nacos.naming.failover.0] [none] DEBUG com.alibaba.nacos.client.naming - failover switch is not found, 00-00---000-VIPSRV_FAILOVER_SWITCH-000---00-00
2026-05-18 15:31:32.369 [com.alibaba.nacos.naming.failover.0] [none] DEBUG com.alibaba.nacos.client.naming - failover switch is not found, 00-00---000-VIPSRV_FAILOVER_SWITCH-000---00-00
2026-05-18 15:31:37.375 [com.alibaba.nacos.naming.failover.0] [none] DEBUG com.alibaba.nacos.client.naming - failover switch is not found, 00-00---000-VIPSRV_FAILOVER_SWITCH-000---00-00
2026-05-18 15:31:42.383 [com.alibaba.nacos.naming.failover.0] [none] DEBUG com.alibaba.nacos.client.naming - failover switch is not found, 00-00---000-VIPSRV_FAILOVER_SWITCH-000---00-00
2026-05-18 15:31:47.393 [com.alibaba.nacos.naming.failover.0] [none] DEBUG com.alibaba.nacos.client.naming - failover switch is not found, 00-00---000-VIPSRV_FAILOVER_SWITCH-000---00-00
2026-05-18 15:31:52.397 [com.alibaba.nacos.naming.failover.0] [none] DEBUG com.alibaba.nacos.client.naming - failover switch is not found, 00-00---000-VIPSRV_FAILOVER_SWITCH-000---00-00
2026-05-18 15:31:57.411 [com.alibaba.nacos.naming.failover.0] [none] DEBUG com.alibaba.nacos.client.naming - failover switch is not found, 00-00---000-VIPSRV_FAILOVER_SWITCH-000---00-00
2026-05-18 15:32:02.419 [com.alibaba.nacos.naming.failover.0] [none] DEBUG com.alibaba.nacos.client.naming - failover switch is not found, 00-00---000-VIPSRV_FAILOVER_SWITCH-000---00-00
2026-05-18 15:32:07.429 [com.alibaba.nacos.naming.failover.0] [none] DEBUG com.alibaba.nacos.client.naming - failover switch is not found, 00-00---000-VIPSRV_FAILOVER_SWITCH-000---00-00
2026-05-18 15:32:12.439 [com.alibaba.nacos.naming.failover.0] [none] DEBUG com.alibaba.nacos.client.naming - failover switch is not found, 00-00---000-VIPSRV_FAILOVER_SWITCH-000---00-00
2026-05-18 15:32:17.440 [com.alibaba.nacos.naming.failover.0] [none] DEBUG com.alibaba.nacos.client.naming - failover switch is not found, 00-00---000-VIPSRV_FAILOVER_SWITCH-000---00-00
2026-05-18 15:32:22.448 [com.alibaba.nacos.naming.failover.0] [none] DEBUG com.alibaba.nacos.client.naming - failover switch is not found, 00-00---000-VIPSRV_FAILOVER_SWITCH-000---00-00
2026-05-18 15:32:27.451 [com.alibaba.nacos.naming.failover.0] [none] DEBUG com.alibaba.nacos.client.naming - failover switch is not found, 00-00---000-VIPSRV_FAILOVER_SWITCH-000---00-00
2026-05-18 15:32:32.463 [com.alibaba.nacos.naming.failover.0] [none] DEBUG com.alibaba.nacos.client.naming - failover switch is not found, 00-00---000-VIPSRV_FAILOVER_SWITCH-000---00-00
2026-05-18 15:32:37.480 [com.alibaba.nacos.naming.failover.0] [none] DEBUG com.alibaba.nacos.client.naming - failover switch is not found, 00-00---000-VIPSRV_FAILOVER_SWITCH-000---00-00
2026-05-18 15:32:42.489 [com.alibaba.nacos.naming.failover.0] [none] DEBUG com.alibaba.nacos.client.naming - failover switch is not found, 00-00---000-VIPSRV_FAILOVER_SWITCH-000---00-00
2026-05-18 15:32:47.489 [com.alibaba.nacos.naming.failover.0] [none] DEBUG com.alibaba.nacos.client.naming - failover switch is not found, 00-00---000-VIPSRV_FAILOVER_SWITCH-000---00-00
2026-05-18 15:32:52.494 [com.alibaba.nacos.naming.failover.0] [none] DEBUG com.alibaba.nacos.client.naming - failover switch is not found, 00-00---000-VIPSRV_FAILOVER_SWITCH-000---00-00
2026-05-18 15:32:57.499 [com.alibaba.nacos.naming.failover.0] [none] DEBUG com.alibaba.nacos.client.naming - failover switch is not found, 00-00---000-VIPSRV_FAILOVER_SWITCH-000---00-00
2026-05-18 15:33:02.515 [com.alibaba.nacos.naming.failover.0] [none] DEBUG com.alibaba.nacos.client.naming - failover switch is not found, 00-00---000-VIPSRV_FAILOVER_SWITCH-000---00-00
2026-05-18 15:33:07.517 [com.alibaba.nacos.naming.failover.0] [none] DEBUG com.alibaba.nacos.client.naming - failover switch is not found, 00-00---000-VIPSRV_FAILOVER_SWITCH-000---00-00
2026-05-18 15:33:12.523 [com.alibaba.nacos.naming.failover.0] [none] DEBUG com.alibaba.nacos.client.naming - failover switch is not found, 00-00---000-VIPSRV_FAILOVER_SWITCH-000---00-00
2026-05-18 15:33:17.526 [com.alibaba.nacos.naming.failover.0] [none] DEBUG com.alibaba.nacos.client.naming - failover switch is not found, 00-00---000-VIPSRV_FAILOVER_SWITCH-000---00-00
2026-05-18 15:33:22.529 [com.alibaba.nacos.naming.failover.0] [none] DEBUG com.alibaba.nacos.client.naming - failover switch is not found, 00-00---000-VIPSRV_FAILOVER_SWITCH-000---00-00
2026-05-18 15:33:27.534 [com.alibaba.nacos.naming.failover.0] [none] DEBUG com.alibaba.nacos.client.naming - failover switch is not found, 00-00---000-VIPSRV_FAILOVER_SWITCH-000---00-00
2026-05-18 15:33:32.550 [com.alibaba.nacos.naming.failover.0] [none] DEBUG com.alibaba.nacos.client.naming - failover switch is not found, 00-00---000-VIPSRV_FAILOVER_SWITCH-000---00-00
2026-05-18 15:33:37.551 [com.alibaba.nacos.naming.failover.0] [none] DEBUG com.alibaba.nacos.client.naming - failover switch is not found, 00-00---000-VIPSRV_FAILOVER_SWITCH-000---00-00
2026-05-18 15:33:42.561 [com.alibaba.nacos.naming.failover.0] [none] DEBUG com.alibaba.nacos.client.naming - failover switch is not found, 00-00---000-VIPSRV_FAILOVER_SWITCH-000---00-00
2026-05-18 15:33:47.568 [com.alibaba.nacos.naming.failover.0] [none] DEBUG com.alibaba.nacos.client.naming - failover switch is not found, 00-00---000-VIPSRV_FAILOVER_SWITCH-000---00-00
2026-05-18 15:33:52.580 [com.alibaba.nacos.naming.failover.0] [none] DEBUG com.alibaba.nacos.client.naming - failover switch is not found, 00-00---000-VIPSRV_FAILOVER_SWITCH-000---00-00
2026-05-18 15:33:57.582 [com.alibaba.nacos.naming.failover.0] [none] DEBUG com.alibaba.nacos.client.naming - failover switch is not found, 00-00---000-VIPSRV_FAILOVER_SWITCH-000---00-00
2026-05-18 15:34:02.592 [com.alibaba.nacos.naming.failover.0] [none] DEBUG com.alibaba.nacos.client.naming - failover switch is not found, 00-00---000-VIPSRV_FAILOVER_SWITCH-000---00-00
2026-05-18 15:34:07.596 [com.alibaba.nacos.naming.failover.0] [none] DEBUG com.alibaba.nacos.client.naming - failover switch is not found, 00-00---000-VIPSRV_FAILOVER_SWITCH-000---00-00
2026-05-18 15:34:12.599 [com.alibaba.nacos.naming.failover.0] [none] DEBUG com.alibaba.nacos.client.naming - failover switch is not found, 00-00---000-VIPSRV_FAILOVER_SWITCH-000---00-00
2026-05-18 15:34:17.608 [com.alibaba.nacos.naming.failover.0] [none] DEBUG com.alibaba.nacos.client.naming - failover switch is not found, 00-00---000-VIPSRV_FAILOVER_SWITCH-000---00-00
2026-05-18 15:34:22.618 [com.alibaba.nacos.naming.failover.0] [none] DEBUG com.alibaba.nacos.client.naming - failover switch is not found, 00-00---000-VIPSRV_FAILOVER_SWITCH-000---00-00
2026-05-18 15:34:27.622 [com.alibaba.nacos.naming.failover.0] [none] DEBUG com.alibaba.nacos.client.naming - failover switch is not found, 00-00---000-VIPSRV_FAILOVER_SWITCH-000---00-00
2026-05-18 15:34:32.629 [com.alibaba.nacos.naming.failover.0] [none] DEBUG com.alibaba.nacos.client.naming - failover switch is not found, 00-00---000-VIPSRV_FAILOVER_SWITCH-000---00-00
2026-05-18 15:34:37.636 [com.alibaba.nacos.naming.failover.0] [none] DEBUG com.alibaba.nacos.client.naming - failover switch is not found, 00-00---000-VIPSRV_FAILOVER_SWITCH-000---00-00
2026-05-18 15:34:42.649 [com.alibaba.nacos.naming.failover.0] [none] DEBUG com.alibaba.nacos.client.naming - failover switch is not found, 00-00---000-VIPSRV_FAILOVER_SWITCH-000---00-00
2026-05-18 15:34:47.659 [com.alibaba.nacos.naming.failover.0] [none] DEBUG com.alibaba.nacos.client.naming - failover switch is not found, 00-00---000-VIPSRV_FAILOVER_SWITCH-000---00-00
2026-05-18 15:34:52.669 [com.alibaba.nacos.naming.failover.0] [none] DEBUG com.alibaba.nacos.client.naming - failover switch is not found, 00-00---000-VIPSRV_FAILOVER_SWITCH-000---00-00
2026-05-18 15:34:57.674 [com.alibaba.nacos.naming.failover.0] [none] DEBUG com.alibaba.nacos.client.naming - failover switch is not found, 00-00---000-VIPSRV_FAILOVER_SWITCH-000---00-00
2026-05-18 15:35:02.689 [com.alibaba.nacos.naming.failover.0] [none] DEBUG com.alibaba.nacos.client.naming - failover switch is not found, 00-00---000-VIPSRV_FAILOVER_SWITCH-000---00-00
2026-05-18 15:35:07.697 [com.alibaba.nacos.naming.failover.0] [none] DEBUG com.alibaba.nacos.client.naming - failover switch is not found, 00-00---000-VIPSRV_FAILOVER_SWITCH-000---00-00
2026-05-18 15:35:12.701 [com.alibaba.nacos.naming.failover.0] [none] DEBUG com.alibaba.nacos.client.naming - failover switch is not found, 00-00---000-VIPSRV_FAILOVER_SWITCH-000---00-00
2026-05-18 15:35:17.711 [com.alibaba.nacos.naming.failover.0] [none] DEBUG com.alibaba.nacos.client.naming - failover switch is not found, 00-00---000-VIPSRV_FAILOVER_SWITCH-000---00-00
2026-05-18 15:35:22.724 [com.alibaba.nacos.naming.failover.0] [none] DEBUG com.alibaba.nacos.client.naming - failover switch is not found, 00-00---000-VIPSRV_FAILOVER_SWITCH-000---00-00
2026-05-18 15:35:27.739 [com.alibaba.nacos.naming.failover.0] [none] DEBUG com.alibaba.nacos.client.naming - failover switch is not found, 00-00---000-VIPSRV_FAILOVER_SWITCH-000---00-00
2026-05-18 15:35:32.749 [com.alibaba.nacos.naming.failover.0] [none] DEBUG com.alibaba.nacos.client.naming - failover switch is not found, 00-00---000-VIPSRV_FAILOVER_SWITCH-000---00-00
2026-05-18 15:35:37.754 [com.alibaba.nacos.naming.failover.0] [none] DEBUG com.alibaba.nacos.client.naming - failover switch is not found, 00-00---000-VIPSRV_FAILOVER_SWITCH-000---00-00
2026-05-18 15:35:42.761 [com.alibaba.nacos.naming.failover.0] [none] DEBUG com.alibaba.nacos.client.naming - failover switch is not found, 00-00---000-VIPSRV_FAILOVER_SWITCH-000---00-00
2026-05-18 15:35:47.774 [com.alibaba.nacos.naming.failover.0] [none] DEBUG com.alibaba.nacos.client.naming - failover switch is not found, 00-00---000-VIPSRV_FAILOVER_SWITCH-000---00-00
2026-05-18 15:35:52.782 [com.alibaba.nacos.naming.failover.0] [none] DEBUG com.alibaba.nacos.client.naming - failover switch is not found, 00-00---000-VIPSRV_FAILOVER_SWITCH-000---00-00
2026-05-18 15:35:57.794 [com.alibaba.nacos.naming.failover.0] [none] DEBUG com.alibaba.nacos.client.naming - failover switch is not found, 00-00---000-VIPSRV_FAILOVER_SWITCH-000---00-00
2026-05-18 15:36:02.806 [com.alibaba.nacos.naming.failover.0] [none] DEBUG com.alibaba.nacos.client.naming - failover switch is not found, 00-00---000-VIPSRV_FAILOVER_SWITCH-000---00-00
2026-05-18 15:36:07.819 [com.alibaba.nacos.naming.failover.0] [none] DEBUG com.alibaba.nacos.client.naming - failover switch is not found, 00-00---000-VIPSRV_FAILOVER_SWITCH-000---00-00
2026-05-18 15:36:12.821 [com.alibaba.nacos.naming.failover.0] [none] DEBUG com.alibaba.nacos.client.naming - failover switch is not found, 00-00---000-VIPSRV_FAILOVER_SWITCH-000---00-00
2026-05-18 15:36:17.842 [com.alibaba.nacos.naming.failover.0] [none] DEBUG com.alibaba.nacos.client.naming - failover switch is not found, 00-00---000-VIPSRV_FAILOVER_SWITCH-000---00-00
2026-05-18 15:36:22.852 [com.alibaba.nacos.naming.failover.0] [none] DEBUG com.alibaba.nacos.client.naming - failover switch is not found, 00-00---000-VIPSRV_FAILOVER_SWITCH-000---00-00
2026-05-18 15:36:27.857 [com.alibaba.nacos.naming.failover.0] [none] DEBUG com.alibaba.nacos.client.naming - failover switch is not found, 00-00---000-VIPSRV_FAILOVER_SWITCH-000---00-00
2026-05-18 15:36:32.858 [com.alibaba.nacos.naming.failover.0] [none] DEBUG com.alibaba.nacos.client.naming - failover switch is not found, 00-00---000-VIPSRV_FAILOVER_SWITCH-000---00-00
2026-05-18 15:36:37.862 [com.alibaba.nacos.naming.failover.0] [none] DEBUG com.alibaba.nacos.client.naming - failover switch is not found, 00-00---000-VIPSRV_FAILOVER_SWITCH-000---00-00
2026-05-18 15:36:42.875 [com.alibaba.nacos.naming.failover.0] [none] DEBUG com.alibaba.nacos.client.naming - failover switch is not found, 00-00---000-VIPSRV_FAILOVER_SWITCH-000---00-00
2026-05-18 15:36:47.881 [com.alibaba.nacos.naming.failover.0] [none] DEBUG com.alibaba.nacos.client.naming - failover switch is not found, 00-00---000-VIPSRV_FAILOVER_SWITCH-000---00-00
2026-05-18 15:36:52.883 [com.alibaba.nacos.naming.failover.0] [none] DEBUG com.alibaba.nacos.client.naming - failover switch is not found, 00-00---000-VIPSRV_FAILOVER_SWITCH-000---00-00
2026-05-18 15:36:57.893 [com.alibaba.nacos.naming.failover.0] [none] DEBUG com.alibaba.nacos.client.naming - failover switch is not found, 00-00---000-VIPSRV_FAILOVER_SWITCH-000---00-00
2026-05-18 15:37:02.903 [com.alibaba.nacos.naming.failover.0] [none] DEBUG com.alibaba.nacos.client.naming - failover switch is not found, 00-00---000-VIPSRV_FAILOVER_SWITCH-000---00-00
2026-05-18 15:37:07.913 [com.alibaba.nacos.naming.failover.0] [none] DEBUG com.alibaba.nacos.client.naming - failover switch is not found, 00-00---000-VIPSRV_FAILOVER_SWITCH-000---00-00
2026-05-18 15:37:12.916 [com.alibaba.nacos.naming.failover.0] [none] DEBUG com.alibaba.nacos.client.naming - failover switch is not found, 00-00---000-VIPSRV_FAILOVER_SWITCH-000---00-00
2026-05-18 15:37:17.922 [com.alibaba.nacos.naming.failover.0] [none] DEBUG com.alibaba.nacos.client.naming - failover switch is not found, 00-00---000-VIPSRV_FAILOVER_SWITCH-000---00-00
2026-05-18 15:37:22.936 [com.alibaba.nacos.naming.failover.0] [none] DEBUG com.alibaba.nacos.client.naming - failover switch is not found, 00-00---000-VIPSRV_FAILOVER_SWITCH-000---00-00
2026-05-18 15:37:27.946 [com.alibaba.nacos.naming.failover.0] [none] DEBUG com.alibaba.nacos.client.naming - failover switch is not found, 00-00---000-VIPSRV_FAILOVER_SWITCH-000---00-00
2026-05-18 15:37:32.949 [com.alibaba.nacos.naming.failover.0] [none] DEBUG com.alibaba.nacos.client.naming - failover switch is not found, 00-00---000-VIPSRV_FAILOVER_SWITCH-000---00-00
2026-05-18 15:37:37.960 [com.alibaba.nacos.naming.failover.0] [none] DEBUG com.alibaba.nacos.client.naming - failover switch is not found, 00-00---000-VIPSRV_FAILOVER_SWITCH-000---00-00
2026-05-18 15:37:42.963 [com.alibaba.nacos.naming.failover.0] [none] DEBUG com.alibaba.nacos.client.naming - failover switch is not found, 00-00---000-VIPSRV_FAILOVER_SWITCH-000---00-00
2026-05-18 15:37:47.963 [com.alibaba.nacos.naming.failover.0] [none] DEBUG com.alibaba.nacos.client.naming - failover switch is not found, 00-00---000-VIPSRV_FAILOVER_SWITCH-000---00-00
2026-05-18 15:37:52.972 [com.alibaba.nacos.naming.failover.0] [none] DEBUG com.alibaba.nacos.client.naming - failover switch is not found, 00-00---000-VIPSRV_FAILOVER_SWITCH-000---00-00
2026-05-18 15:37:57.976 [com.alibaba.nacos.naming.failover.0] [none] DEBUG com.alibaba.nacos.client.naming - failover switch is not found, 00-00---000-VIPSRV_FAILOVER_SWITCH-000---00-00
2026-05-18 15:38:02.991 [com.alibaba.nacos.naming.failover.0] [none] DEBUG com.alibaba.nacos.client.naming - failover switch is not found, 00-00---000-VIPSRV_FAILOVER_SWITCH-000---00-00
2026-05-18 15:38:07.996 [com.alibaba.nacos.naming.failover.0] [none] DEBUG com.alibaba.nacos.client.naming - failover switch is not found, 00-00---000-VIPSRV_FAILOVER_SWITCH-000---00-00
2026-05-18 15:38:13.012 [com.alibaba.nacos.naming.failover.0] [none] DEBUG com.alibaba.nacos.client.naming - failover switch is not found, 00-00---000-VIPSRV_FAILOVER_SWITCH-000---00-00
2026-05-18 15:38:18.013 [com.alibaba.nacos.naming.failover.0] [none] DEBUG com.alibaba.nacos.client.naming - failover switch is not found, 00-00---000-VIPSRV_FAILOVER_SWITCH-000---00-00
2026-05-18 15:38:23.025 [com.alibaba.nacos.naming.failover.0] [none] DEBUG com.alibaba.nacos.client.naming - failover switch is not found, 00-00---000-VIPSRV_FAILOVER_SWITCH-000---00-00
2026-05-18 15:38:28.029 [com.alibaba.nacos.naming.failover.0] [none] DEBUG com.alibaba.nacos.client.naming - failover switch is not found, 00-00---000-VIPSRV_FAILOVER_SWITCH-000---00-00
2026-05-18 15:38:33.041 [com.alibaba.nacos.naming.failover.0] [none] DEBUG com.alibaba.nacos.client.naming - failover switch is not found, 00-00---000-VIPSRV_FAILOVER_SWITCH-000---00-00
2026-05-18 15:38:38.045 [com.alibaba.nacos.naming.failover.0] [none] DEBUG com.alibaba.nacos.client.naming - failover switch is not found, 00-00---000-VIPSRV_FAILOVER_SWITCH-000---00-00
2026-05-18 15:38:43.056 [com.alibaba.nacos.naming.failover.0] [none] DEBUG com.alibaba.nacos.client.naming - failover switch is not found, 00-00---000-VIPSRV_FAILOVER_SWITCH-000---00-00
2026-05-18 15:38:48.069 [com.alibaba.nacos.naming.failover.0] [none] DEBUG com.alibaba.nacos.client.naming - failover switch is not found, 00-00---000-VIPSRV_FAILOVER_SWITCH-000---00-00
2026-05-18 15:38:53.079 [com.alibaba.nacos.naming.failover.0] [none] DEBUG com.alibaba.nacos.client.naming - failover switch is not found, 00-00---000-VIPSRV_FAILOVER_SWITCH-000---00-00
2026-05-18 15:38:58.088 [com.alibaba.nacos.naming.failover.0] [none] DEBUG com.alibaba.nacos.client.naming - failover switch is not found, 00-00---000-VIPSRV_FAILOVER_SWITCH-000---00-00
2026-05-18 15:39:03.098 [com.alibaba.nacos.naming.failover.0] [none] DEBUG com.alibaba.nacos.client.naming - failover switch is not found, 00-00---000-VIPSRV_FAILOVER_SWITCH-000---00-00
2026-05-18 15:39:08.109 [com.alibaba.nacos.naming.failover.0] [none] DEBUG com.alibaba.nacos.client.naming - failover switch is not found, 00-00---000-VIPSRV_FAILOVER_SWITCH-000---00-00
2026-05-18 15:39:13.112 [com.alibaba.nacos.naming.failover.0] [none] DEBUG com.alibaba.nacos.client.naming - failover switch is not found, 00-00---000-VIPSRV_FAILOVER_SWITCH-000---00-00
2026-05-18 15:39:18.116 [com.alibaba.nacos.naming.failover.0] [none] DEBUG com.alibaba.nacos.client.naming - failover switch is not found, 00-00---000-VIPSRV_FAILOVER_SWITCH-000---00-00
2026-05-18 15:39:23.123 [com.alibaba.nacos.naming.failover.0] [none] DEBUG com.alibaba.nacos.client.naming - failover switch is not found, 00-00---000-VIPSRV_FAILOVER_SWITCH-000---00-00
2026-05-18 15:39:28.129 [com.alibaba.nacos.naming.failover.0] [none] DEBUG com.alibaba.nacos.client.naming - failover switch is not found, 00-00---000-VIPSRV_FAILOVER_SWITCH-000---00-00
2026-05-18 15:39:33.136 [com.alibaba.nacos.naming.failover.0] [none] DEBUG com.alibaba.nacos.client.naming - failover switch is not found, 00-00---000-VIPSRV_FAILOVER_SWITCH-000---00-00
2026-05-18 15:39:38.140 [com.alibaba.nacos.naming.failover.0] [none] DEBUG com.alibaba.nacos.client.naming - failover switch is not found, 00-00---000-VIPSRV_FAILOVER_SWITCH-000---00-00
2026-05-18 15:39:43.152 [com.alibaba.nacos.naming.failover.0] [none] DEBUG com.alibaba.nacos.client.naming - failover switch is not found, 00-00---000-VIPSRV_FAILOVER_SWITCH-000---00-00
2026-05-18 15:39:48.167 [com.alibaba.nacos.naming.failover.0] [none] DEBUG com.alibaba.nacos.client.naming - failover switch is not found, 00-00---000-VIPSRV_FAILOVER_SWITCH-000---00-00
2026-05-18 15:39:53.174 [com.alibaba.nacos.naming.failover.0] [none] DEBUG com.alibaba.nacos.client.naming - failover switch is not found, 00-00---000-VIPSRV_FAILOVER_SWITCH-000---00-00
2026-05-18 15:39:58.179 [com.alibaba.nacos.naming.failover.0] [none] DEBUG com.alibaba.nacos.client.naming - failover switch is not found, 00-00---000-VIPSRV_FAILOVER_SWITCH-000---00-00
2026-05-18 15:40:03.183 [com.alibaba.nacos.naming.failover.0] [none] DEBUG com.alibaba.nacos.client.naming - failover switch is not found, 00-00---000-VIPSRV_FAILOVER_SWITCH-000---00-00
2026-05-18 15:40:08.193 [com.alibaba.nacos.naming.failover.0] [none] DEBUG com.alibaba.nacos.client.naming - failover switch is not found, 00-00---000-VIPSRV_FAILOVER_SWITCH-000---00-00
2026-05-18 15:40:13.207 [com.alibaba.nacos.naming.failover.0] [none] DEBUG com.alibaba.nacos.client.naming - failover switch is not found, 00-00---000-VIPSRV_FAILOVER_SWITCH-000---00-00
2026-05-18 15:40:18.209 [com.alibaba.nacos.naming.failover.0] [none] DEBUG com.alibaba.nacos.client.naming - failover switch is not found, 00-00---000-VIPSRV_FAILOVER_SWITCH-000---00-00
2026-05-18 15:40:23.212 [com.alibaba.nacos.naming.failover.0] [none] DEBUG com.alibaba.nacos.client.naming - failover switch is not found, 00-00---000-VIPSRV_FAILOVER_SWITCH-000---00-00
2026-05-18 15:40:28.219 [com.alibaba.nacos.naming.failover.0] [none] DEBUG com.alibaba.nacos.client.naming - failover switch is not found, 00-00---000-VIPSRV_FAILOVER_SWITCH-000---00-00
2026-05-18 15:40:33.221 [com.alibaba.nacos.naming.failover.0] [none] DEBUG com.alibaba.nacos.client.naming - failover switch is not found, 00-00---000-VIPSRV_FAILOVER_SWITCH-000---00-00
2026-05-18 15:40:38.234 [com.alibaba.nacos.naming.failover.0] [none] DEBUG com.alibaba.nacos.client.naming - failover switch is not found, 00-00---000-VIPSRV_FAILOVER_SWITCH-000---00-00
2026-05-18 15:40:43.245 [com.alibaba.nacos.naming.failover.0] [none] DEBUG com.alibaba.nacos.client.naming - failover switch is not found, 00-00---000-VIPSRV_FAILOVER_SWITCH-000---00-00
2026-05-18 15:40:48.252 [com.alibaba.nacos.naming.failover.0] [none] DEBUG com.alibaba.nacos.client.naming - failover switch is not found, 00-00---000-VIPSRV_FAILOVER_SWITCH-000---00-00
2026-05-18 15:40:53.256 [com.alibaba.nacos.naming.failover.0] [none] DEBUG com.alibaba.nacos.client.naming - failover switch is not found, 00-00---000-VIPSRV_FAILOVER_SWITCH-000---00-00
2026-05-18 15:40:58.260 [com.alibaba.nacos.naming.failover.0] [none] DEBUG com.alibaba.nacos.client.naming - failover switch is not found, 00-00---000-VIPSRV_FAILOVER_SWITCH-000---00-00
2026-05-18 15:41:03.267 [com.alibaba.nacos.naming.failover.0] [none] DEBUG com.alibaba.nacos.client.naming - failover switch is not found, 00-00---000-VIPSRV_FAILOVER_SWITCH-000---00-00
2026-05-18 15:41:08.281 [com.alibaba.nacos.naming.failover.0] [none] DEBUG com.alibaba.nacos.client.naming - failover switch is not found, 00-00---000-VIPSRV_FAILOVER_SWITCH-000---00-00
2026-05-18 15:41:13.295 [com.alibaba.nacos.naming.failover.0] [none] DEBUG com.alibaba.nacos.client.naming - failover switch is not found, 00-00---000-VIPSRV_FAILOVER_SWITCH-000---00-00
2026-05-18 15:41:18.302 [com.alibaba.nacos.naming.failover.0] [none] DEBUG com.alibaba.nacos.client.naming - failover switch is not found, 00-00---000-VIPSRV_FAILOVER_SWITCH-000---00-00
2026-05-18 15:41:23.316 [com.alibaba.nacos.naming.failover.0] [none] DEBUG com.alibaba.nacos.client.naming - failover switch is not found, 00-00---000-VIPSRV_FAILOVER_SWITCH-000---00-00
2026-05-18 15:41:28.324 [com.alibaba.nacos.naming.failover.0] [none] DEBUG com.alibaba.nacos.client.naming - failover switch is not found, 00-00---000-VIPSRV_FAILOVER_SWITCH-000---00-00
2026-05-18 15:41:33.329 [com.alibaba.nacos.naming.failover.0] [none] DEBUG com.alibaba.nacos.client.naming - failover switch is not found, 00-00---000-VIPSRV_FAILOVER_SWITCH-000---00-00
2026-05-18 15:41:38.330 [com.alibaba.nacos.naming.failover.0] [none] DEBUG com.alibaba.nacos.client.naming - failover switch is not found, 00-00---000-VIPSRV_FAILOVER_SWITCH-000---00-00
2026-05-18 15:41:43.343 [com.alibaba.nacos.naming.failover.0] [none] DEBUG com.alibaba.nacos.client.naming - failover switch is not found, 00-00---000-VIPSRV_FAILOVER_SWITCH-000---00-00
2026-05-18 15:41:48.352 [com.alibaba.nacos.naming.failover.0] [none] DEBUG com.alibaba.nacos.client.naming - failover switch is not found, 00-00---000-VIPSRV_FAILOVER_SWITCH-000---00-00
2026-05-18 15:41:53.360 [com.alibaba.nacos.naming.failover.0] [none] DEBUG com.alibaba.nacos.client.naming - failover switch is not found, 00-00---000-VIPSRV_FAILOVER_SWITCH-000---00-00
2026-05-18 15:41:58.371 [com.alibaba.nacos.naming.failover.0] [none] DEBUG com.alibaba.nacos.client.naming - failover switch is not found, 00-00---000-VIPSRV_FAILOVER_SWITCH-000---00-00
2026-05-18 15:42:03.386 [com.alibaba.nacos.naming.failover.0] [none] DEBUG com.alibaba.nacos.client.naming - failover switch is not found, 00-00---000-VIPSRV_FAILOVER_SWITCH-000---00-00
2026-05-18 15:42:08.396 [com.alibaba.nacos.naming.failover.0] [none] DEBUG com.alibaba.nacos.client.naming - failover switch is not found, 00-00---000-VIPSRV_FAILOVER_SWITCH-000---00-00
2026-05-18 15:42:13.401 [com.alibaba.nacos.naming.failover.0] [none] DEBUG com.alibaba.nacos.client.naming - failover switch is not found, 00-00---000-VIPSRV_FAILOVER_SWITCH-000---00-00
2026-05-18 15:42:18.410 [com.alibaba.nacos.naming.failover.0] [none] DEBUG com.alibaba.nacos.client.naming - failover switch is not found, 00-00---000-VIPSRV_FAILOVER_SWITCH-000---00-00
2026-05-18 15:42:23.418 [com.alibaba.nacos.naming.failover.0] [none] DEBUG com.alibaba.nacos.client.naming - failover switch is not found, 00-00---000-VIPSRV_FAILOVER_SWITCH-000---00-00
2026-05-18 15:42:28.426 [com.alibaba.nacos.naming.failover.0] [none] DEBUG com.alibaba.nacos.client.naming - failover switch is not found, 00-00---000-VIPSRV_FAILOVER_SWITCH-000---00-00
2026-05-18 15:42:33.441 [com.alibaba.nacos.naming.failover.0] [none] DEBUG com.alibaba.nacos.client.naming - failover switch is not found, 00-00---000-VIPSRV_FAILOVER_SWITCH-000---00-00
2026-05-18 15:42:38.449 [com.alibaba.nacos.naming.failover.0] [none] DEBUG com.alibaba.nacos.client.naming - failover switch is not found, 00-00---000-VIPSRV_FAILOVER_SWITCH-000---00-00
2026-05-18 15:42:43.460 [com.alibaba.nacos.naming.failover.0] [none] DEBUG com.alibaba.nacos.client.naming - failover switch is not found, 00-00---000-VIPSRV_FAILOVER_SWITCH-000---00-00
2026-05-18 15:42:48.469 [com.alibaba.nacos.naming.failover.0] [none] DEBUG com.alibaba.nacos.client.naming - failover switch is not found, 00-00---000-VIPSRV_FAILOVER_SWITCH-000---00-00
2026-05-18 15:42:53.479 [com.alibaba.nacos.naming.failover.0] [none] DEBUG com.alibaba.nacos.client.naming - failover switch is not found, 00-00---000-VIPSRV_FAILOVER_SWITCH-000---00-00
2026-05-18 15:42:58.480 [com.alibaba.nacos.naming.failover.0] [none] DEBUG com.alibaba.nacos.client.naming - failover switch is not found, 00-00---000-VIPSRV_FAILOVER_SWITCH-000---00-00
2026-05-18 15:43:03.492 [com.alibaba.nacos.naming.failover.0] [none] DEBUG com.alibaba.nacos.client.naming - failover switch is not found, 00-00---000-VIPSRV_FAILOVER_SWITCH-000---00-00
2026-05-18 15:43:08.493 [com.alibaba.nacos.naming.failover.0] [none] DEBUG com.alibaba.nacos.client.naming - failover switch is not found, 00-00---000-VIPSRV_FAILOVER_SWITCH-000---00-00
2026-05-18 15:43:13.506 [com.alibaba.nacos.naming.failover.0] [none] DEBUG com.alibaba.nacos.client.naming - failover switch is not found, 00-00---000-VIPSRV_FAILOVER_SWITCH-000---00-00
2026-05-18 15:43:18.519 [com.alibaba.nacos.naming.failover.0] [none] DEBUG com.alibaba.nacos.client.naming - failover switch is not found, 00-00---000-VIPSRV_FAILOVER_SWITCH-000---00-00
2026-05-18 15:43:23.519 [com.alibaba.nacos.naming.failover.0] [none] DEBUG com.alibaba.nacos.client.naming - failover switch is not found, 00-00---000-VIPSRV_FAILOVER_SWITCH-000---00-00
2026-05-18 15:43:28.530 [com.alibaba.nacos.naming.failover.0] [none] DEBUG com.alibaba.nacos.client.naming - failover switch is not found, 00-00---000-VIPSRV_FAILOVER_SWITCH-000---00-00
2026-05-18 15:43:33.544 [com.alibaba.nacos.naming.failover.0] [none] DEBUG com.alibaba.nacos.client.naming - failover switch is not found, 00-00---000-VIPSRV_FAILOVER_SWITCH-000---00-00
2026-05-18 15:43:38.554 [com.alibaba.nacos.naming.failover.0] [none] DEBUG com.alibaba.nacos.client.naming - failover switch is not found, 00-00---000-VIPSRV_FAILOVER_SWITCH-000---00-00
2026-05-18 15:43:43.559 [com.alibaba.nacos.naming.failover.0] [none] DEBUG com.alibaba.nacos.client.naming - failover switch is not found, 00-00---000-VIPSRV_FAILOVER_SWITCH-000---00-00
2026-05-18 15:43:48.570 [com.alibaba.nacos.naming.failover.0] [none] DEBUG com.alibaba.nacos.client.naming - failover switch is not found, 00-00---000-VIPSRV_FAILOVER_SWITCH-000---00-00
2026-05-18 15:43:53.577 [com.alibaba.nacos.naming.failover.0] [none] DEBUG com.alibaba.nacos.client.naming - failover switch is not found, 00-00---000-VIPSRV_FAILOVER_SWITCH-000---00-00
2026-05-18 15:43:58.579 [com.alibaba.nacos.naming.failover.0] [none] DEBUG com.alibaba.nacos.client.naming - failover switch is not found, 00-00---000-VIPSRV_FAILOVER_SWITCH-000---00-00
2026-05-18 15:44:03.580 [com.alibaba.nacos.naming.failover.0] [none] DEBUG com.alibaba.nacos.client.naming - failover switch is not found, 00-00---000-VIPSRV_FAILOVER_SWITCH-000---00-00
2026-05-18 15:44:08.595 [com.alibaba.nacos.naming.failover.0] [none] DEBUG com.alibaba.nacos.client.naming - failover switch is not found, 00-00---000-VIPSRV_FAILOVER_SWITCH-000---00-00
2026-05-18 15:44:13.607 [com.alibaba.nacos.naming.failover.0] [none] DEBUG com.alibaba.nacos.client.naming - failover switch is not found, 00-00---000-VIPSRV_FAILOVER_SWITCH-000---00-00
2026-05-18 15:44:18.609 [com.alibaba.nacos.naming.failover.0] [none] DEBUG com.alibaba.nacos.client.naming - failover switch is not found, 00-00---000-VIPSRV_FAILOVER_SWITCH-000---00-00
2026-05-18 15:44:23.616 [com.alibaba.nacos.naming.failover.0] [none] DEBUG com.alibaba.nacos.client.naming - failover switch is not found, 00-00---000-VIPSRV_FAILOVER_SWITCH-000---00-00
2026-05-18 15:44:28.616 [com.alibaba.nacos.naming.failover.0] [none] DEBUG com.alibaba.nacos.client.naming - failover switch is not found, 00-00---000-VIPSRV_FAILOVER_SWITCH-000---00-00
2026-05-18 15:44:33.621 [com.alibaba.nacos.naming.failover.0] [none] DEBUG com.alibaba.nacos.client.naming - failover switch is not found, 00-00---000-VIPSRV_FAILOVER_SWITCH-000---00-00
2026-05-18 15:44:38.629 [com.alibaba.nacos.naming.failover.0] [none] DEBUG com.alibaba.nacos.client.naming - failover switch is not found, 00-00---000-VIPSRV_FAILOVER_SWITCH-000---00-00
2026-05-18 15:44:43.639 [com.alibaba.nacos.naming.failover.0] [none] DEBUG com.alibaba.nacos.client.naming - failover switch is not found, 00-00---000-VIPSRV_FAILOVER_SWITCH-000---00-00
2026-05-18 15:44:48.644 [com.alibaba.nacos.naming.failover.0] [none] DEBUG com.alibaba.nacos.client.naming - failover switch is not found, 00-00---000-VIPSRV_FAILOVER_SWITCH-000---00-00
2026-05-18 15:44:53.658 [com.alibaba.nacos.naming.failover.0] [none] DEBUG com.alibaba.nacos.client.naming - failover switch is not found, 00-00---000-VIPSRV_FAILOVER_SWITCH-000---00-00
2026-05-18 15:44:58.673 [com.alibaba.nacos.naming.failover.0] [none] DEBUG com.alibaba.nacos.client.naming - failover switch is not found, 00-00---000-VIPSRV_FAILOVER_SWITCH-000---00-00
2026-05-18 15:45:03.687 [com.alibaba.nacos.naming.failover.0] [none] DEBUG com.alibaba.nacos.client.naming - failover switch is not found, 00-00---000-VIPSRV_FAILOVER_SWITCH-000---00-00
2026-05-18 15:45:08.696 [com.alibaba.nacos.naming.failover.0] [none] DEBUG com.alibaba.nacos.client.naming - failover switch is not found, 00-00---000-VIPSRV_FAILOVER_SWITCH-000---00-00
2026-05-18 15:45:13.710 [com.alibaba.nacos.naming.failover.0] [none] DEBUG com.alibaba.nacos.client.naming - failover switch is not found, 00-00---000-VIPSRV_FAILOVER_SWITCH-000---00-00
2026-05-18 15:45:18.712 [com.alibaba.nacos.naming.failover.0] [none] DEBUG com.alibaba.nacos.client.naming - failover switch is not found, 00-00---000-VIPSRV_FAILOVER_SWITCH-000---00-00
2026-05-18 15:45:23.720 [com.alibaba.nacos.naming.failover.0] [none] DEBUG com.alibaba.nacos.client.naming - failover switch is not found, 00-00---000-VIPSRV_FAILOVER_SWITCH-000---00-00
2026-05-18 15:45:28.728 [com.alibaba.nacos.naming.failover.0] [none] DEBUG com.alibaba.nacos.client.naming - failover switch is not found, 00-00---000-VIPSRV_FAILOVER_SWITCH-000---00-00
2026-05-18 15:45:33.733 [com.alibaba.nacos.naming.failover.0] [none] DEBUG com.alibaba.nacos.client.naming - failover switch is not found, 00-00---000-VIPSRV_FAILOVER_SWITCH-000---00-00
2026-05-18 15:45:38.742 [com.alibaba.nacos.naming.failover.0] [none] DEBUG com.alibaba.nacos.client.naming - failover switch is not found, 00-00---000-VIPSRV_FAILOVER_SWITCH-000---00-00
2026-05-18 15:45:43.754 [com.alibaba.nacos.naming.failover.0] [none] DEBUG com.alibaba.nacos.client.naming - failover switch is not found, 00-00---000-VIPSRV_FAILOVER_SWITCH-000---00-00
2026-05-18 15:45:48.762 [com.alibaba.nacos.naming.failover.0] [none] DEBUG com.alibaba.nacos.client.naming - failover switch is not found, 00-00---000-VIPSRV_FAILOVER_SWITCH-000---00-00
2026-05-18 15:45:53.763 [com.alibaba.nacos.naming.failover.0] [none] DEBUG com.alibaba.nacos.client.naming - failover switch is not found, 00-00---000-VIPSRV_FAILOVER_SWITCH-000---00-00
2026-05-18 15:45:58.775 [com.alibaba.nacos.naming.failover.0] [none] DEBUG com.alibaba.nacos.client.naming - failover switch is not found, 00-00---000-VIPSRV_FAILOVER_SWITCH-000---00-00
2026-05-18 15:46:03.789 [com.alibaba.nacos.naming.failover.0] [none] DEBUG com.alibaba.nacos.client.naming - failover switch is not found, 00-00---000-VIPSRV_FAILOVER_SWITCH-000---00-00
2026-05-18 15:46:08.794 [com.alibaba.nacos.naming.failover.0] [none] DEBUG com.alibaba.nacos.client.naming - failover switch is not found, 00-00---000-VIPSRV_FAILOVER_SWITCH-000---00-00
2026-05-18 15:46:13.848 [com.alibaba.nacos.naming.failover.0] [none] DEBUG com.alibaba.nacos.client.naming - failover switch is not found, 00-00---000-VIPSRV_FAILOVER_SWITCH-000---00-00
2026-05-18 15:46:18.866 [com.alibaba.nacos.naming.failover.0] [none] DEBUG com.alibaba.nacos.client.naming - failover switch is not found, 00-00---000-VIPSRV_FAILOVER_SWITCH-000---00-00
2026-05-18 15:46:23.878 [com.alibaba.nacos.naming.failover.0] [none] DEBUG com.alibaba.nacos.client.naming - failover switch is not found, 00-00---000-VIPSRV_FAILOVER_SWITCH-000---00-00
2026-05-18 15:46:28.882 [com.alibaba.nacos.naming.failover.0] [none] DEBUG com.alibaba.nacos.client.naming - failover switch is not found, 00-00---000-VIPSRV_FAILOVER_SWITCH-000---00-00
2026-05-18 15:46:33.891 [com.alibaba.nacos.naming.failover.0] [none] DEBUG com.alibaba.nacos.client.naming - failover switch is not found, 00-00---000-VIPSRV_FAILOVER_SWITCH-000---00-00
2026-05-18 15:46:38.901 [com.alibaba.nacos.naming.failover.0] [none] DEBUG com.alibaba.nacos.client.naming - failover switch is not found, 00-00---000-VIPSRV_FAILOVER_SWITCH-000---00-00
2026-05-18 15:46:43.904 [com.alibaba.nacos.naming.failover.0] [none] DEBUG com.alibaba.nacos.client.naming - failover switch is not found, 00-00---000-VIPSRV_FAILOVER_SWITCH-000---00-00
2026-05-18 15:46:48.914 [com.alibaba.nacos.naming.failover.0] [none] DEBUG com.alibaba.nacos.client.naming - failover switch is not found, 00-00---000-VIPSRV_FAILOVER_SWITCH-000---00-00
2026-05-18 15:46:53.919 [com.alibaba.nacos.naming.failover.0] [none] DEBUG com.alibaba.nacos.client.naming - failover switch is not found, 00-00---000-VIPSRV_FAILOVER_SWITCH-000---00-00
2026-05-18 15:46:58.933 [com.alibaba.nacos.naming.failover.0] [none] DEBUG com.alibaba.nacos.client.naming - failover switch is not found, 00-00---000-VIPSRV_FAILOVER_SWITCH-000---00-00
2026-05-18 15:47:03.946 [com.alibaba.nacos.naming.failover.0] [none] DEBUG com.alibaba.nacos.client.naming - failover switch is not found, 00-00---000-VIPSRV_FAILOVER_SWITCH-000---00-00
2026-05-18 15:47:08.961 [com.alibaba.nacos.naming.failover.0] [none] DEBUG com.alibaba.nacos.client.naming - failover switch is not found, 00-00---000-VIPSRV_FAILOVER_SWITCH-000---00-00
2026-05-18 15:47:13.971 [com.alibaba.nacos.naming.failover.0] [none] DEBUG com.alibaba.nacos.client.naming - failover switch is not found, 00-00---000-VIPSRV_FAILOVER_SWITCH-000---00-00
2026-05-18 15:47:18.974 [com.alibaba.nacos.naming.failover.0] [none] DEBUG com.alibaba.nacos.client.naming - failover switch is not found, 00-00---000-VIPSRV_FAILOVER_SWITCH-000---00-00
2026-05-18 15:47:23.980 [com.alibaba.nacos.naming.failover.0] [none] DEBUG com.alibaba.nacos.client.naming - failover switch is not found, 00-00---000-VIPSRV_FAILOVER_SWITCH-000---00-00
2026-05-18 15:47:28.984 [com.alibaba.nacos.naming.failover.0] [none] DEBUG com.alibaba.nacos.client.naming - failover switch is not found, 00-00---000-VIPSRV_FAILOVER_SWITCH-000---00-00
2026-05-18 15:47:34.001 [com.alibaba.nacos.naming.failover.0] [none] DEBUG com.alibaba.nacos.client.naming - failover switch is not found, 00-00---000-VIPSRV_FAILOVER_SWITCH-000---00-00
2026-05-18 15:47:39.013 [com.alibaba.nacos.naming.failover.0] [none] DEBUG com.alibaba.nacos.client.naming - failover switch is not found, 00-00---000-VIPSRV_FAILOVER_SWITCH-000---00-00
2026-05-18 15:47:44.028 [com.alibaba.nacos.naming.failover.0] [none] DEBUG com.alibaba.nacos.client.naming - failover switch is not found, 00-00---000-VIPSRV_FAILOVER_SWITCH-000---00-00
2026-05-18 15:47:49.039 [com.alibaba.nacos.naming.failover.0] [none] DEBUG com.alibaba.nacos.client.naming - failover switch is not found, 00-00---000-VIPSRV_FAILOVER_SWITCH-000---00-00
2026-05-18 15:47:54.040 [com.alibaba.nacos.naming.failover.0] [none] DEBUG com.alibaba.nacos.client.naming - failover switch is not found, 00-00---000-VIPSRV_FAILOVER_SWITCH-000---00-00
2026-05-18 15:47:59.051 [com.alibaba.nacos.naming.failover.0] [none] DEBUG com.alibaba.nacos.client.naming - failover switch is not found, 00-00---000-VIPSRV_FAILOVER_SWITCH-000---00-00
2026-05-18 15:48:04.067 [com.alibaba.nacos.naming.failover.0] [none] DEBUG com.alibaba.nacos.client.naming - failover switch is not found, 00-00---000-VIPSRV_FAILOVER_SWITCH-000---00-00
2026-05-18 15:48:09.070 [com.alibaba.nacos.naming.failover.0] [none] DEBUG com.alibaba.nacos.client.naming - failover switch is not found, 00-00---000-VIPSRV_FAILOVER_SWITCH-000---00-00
2026-05-18 15:48:14.077 [com.alibaba.nacos.naming.failover.0] [none] DEBUG com.alibaba.nacos.client.naming - failover switch is not found, 00-00---000-VIPSRV_FAILOVER_SWITCH-000---00-00
2026-05-18 15:48:19.088 [com.alibaba.nacos.naming.failover.0] [none] DEBUG com.alibaba.nacos.client.naming - failover switch is not found, 00-00---000-VIPSRV_FAILOVER_SWITCH-000---00-00
2026-05-18 15:48:24.102 [com.alibaba.nacos.naming.failover.0] [none] DEBUG com.alibaba.nacos.client.naming - failover switch is not found, 00-00---000-VIPSRV_FAILOVER_SWITCH-000---00-00
2026-05-18 15:48:29.103 [com.alibaba.nacos.naming.failover.0] [none] DEBUG com.alibaba.nacos.client.naming - failover switch is not found, 00-00---000-VIPSRV_FAILOVER_SWITCH-000---00-00
2026-05-18 15:48:34.120 [com.alibaba.nacos.naming.failover.0] [none] DEBUG com.alibaba.nacos.client.naming - failover switch is not found, 00-00---000-VIPSRV_FAILOVER_SWITCH-000---00-00
2026-05-18 15:48:39.131 [com.alibaba.nacos.naming.failover.0] [none] DEBUG com.alibaba.nacos.client.naming - failover switch is not found, 00-00---000-VIPSRV_FAILOVER_SWITCH-000---00-00
2026-05-18 15:48:44.143 [com.alibaba.nacos.naming.failover.0] [none] DEBUG com.alibaba.nacos.client.naming - failover switch is not found, 00-00---000-VIPSRV_FAILOVER_SWITCH-000---00-00
2026-05-18 15:48:49.156 [com.alibaba.nacos.naming.failover.0] [none] DEBUG com.alibaba.nacos.client.naming - failover switch is not found, 00-00---000-VIPSRV_FAILOVER_SWITCH-000---00-00
2026-05-18 15:48:54.165 [com.alibaba.nacos.naming.failover.0] [none] DEBUG com.alibaba.nacos.client.naming - failover switch is not found, 00-00---000-VIPSRV_FAILOVER_SWITCH-000---00-00
2026-05-18 15:48:59.170 [com.alibaba.nacos.naming.failover.0] [none] DEBUG com.alibaba.nacos.client.naming - failover switch is not found, 00-00---000-VIPSRV_FAILOVER_SWITCH-000---00-00
2026-05-18 15:49:04.173 [com.alibaba.nacos.naming.failover.0] [none] DEBUG com.alibaba.nacos.client.naming - failover switch is not found, 00-00---000-VIPSRV_FAILOVER_SWITCH-000---00-00
2026-05-18 15:49:09.185 [com.alibaba.nacos.naming.failover.0] [none] DEBUG com.alibaba.nacos.client.naming - failover switch is not found, 00-00---000-VIPSRV_FAILOVER_SWITCH-000---00-00
2026-05-18 15:49:14.199 [com.alibaba.nacos.naming.failover.0] [none] DEBUG com.alibaba.nacos.client.naming - failover switch is not found, 00-00---000-VIPSRV_FAILOVER_SWITCH-000---00-00
2026-05-18 15:49:19.207 [com.alibaba.nacos.naming.failover.0] [none] DEBUG com.alibaba.nacos.client.naming - failover switch is not found, 00-00---000-VIPSRV_FAILOVER_SWITCH-000---00-00
2026-05-18 15:49:24.212 [com.alibaba.nacos.naming.failover.0] [none] DEBUG com.alibaba.nacos.client.naming - failover switch is not found, 00-00---000-VIPSRV_FAILOVER_SWITCH-000---00-00
2026-05-18 15:49:29.219 [com.alibaba.nacos.naming.failover.0] [none] DEBUG com.alibaba.nacos.client.naming - failover switch is not found, 00-00---000-VIPSRV_FAILOVER_SWITCH-000---00-00
2026-05-18 15:49:34.224 [com.alibaba.nacos.naming.failover.0] [none] DEBUG com.alibaba.nacos.client.naming - failover switch is not found, 00-00---000-VIPSRV_FAILOVER_SWITCH-000---00-00
2026-05-18 15:49:39.227 [com.alibaba.nacos.naming.failover.0] [none] DEBUG com.alibaba.nacos.client.naming - failover switch is not found, 00-00---000-VIPSRV_FAILOVER_SWITCH-000---00-00
2026-05-18 15:49:44.238 [com.alibaba.nacos.naming.failover.0] [none] DEBUG com.alibaba.nacos.client.naming - failover switch is not found, 00-00---000-VIPSRV_FAILOVER_SWITCH-000---00-00
2026-05-18 15:49:49.242 [com.alibaba.nacos.naming.failover.0] [none] DEBUG com.alibaba.nacos.client.naming - failover switch is not found, 00-00---000-VIPSRV_FAILOVER_SWITCH-000---00-00
2026-05-18 15:49:54.251 [com.alibaba.nacos.naming.failover.0] [none] DEBUG com.alibaba.nacos.client.naming - failover switch is not found, 00-00---000-VIPSRV_FAILOVER_SWITCH-000---00-00
2026-05-18 15:49:59.266 [com.alibaba.nacos.naming.failover.0] [none] DEBUG com.alibaba.nacos.client.naming - failover switch is not found, 00-00---000-VIPSRV_FAILOVER_SWITCH-000---00-00
2026-05-18 15:50:04.274 [com.alibaba.nacos.naming.failover.0] [none] DEBUG com.alibaba.nacos.client.naming - failover switch is not found, 00-00---000-VIPSRV_FAILOVER_SWITCH-000---00-00
2026-05-18 15:50:09.285 [com.alibaba.nacos.naming.failover.0] [none] DEBUG com.alibaba.nacos.client.naming - failover switch is not found, 00-00---000-VIPSRV_FAILOVER_SWITCH-000---00-00
2026-05-18 15:50:14.294 [com.alibaba.nacos.naming.failover.0] [none] DEBUG com.alibaba.nacos.client.naming - failover switch is not found, 00-00---000-VIPSRV_FAILOVER_SWITCH-000---00-00
2026-05-18 15:50:19.302 [com.alibaba.nacos.naming.failover.0] [none] DEBUG com.alibaba.nacos.client.naming - failover switch is not found, 00-00---000-VIPSRV_FAILOVER_SWITCH-000---00-00
2026-05-18 15:50:24.310 [com.alibaba.nacos.naming.failover.0] [none] DEBUG com.alibaba.nacos.client.naming - failover switch is not found, 00-00---000-VIPSRV_FAILOVER_SWITCH-000---00-00
2026-05-18 15:50:29.323 [com.alibaba.nacos.naming.failover.0] [none] DEBUG com.alibaba.nacos.client.naming - failover switch is not found, 00-00---000-VIPSRV_FAILOVER_SWITCH-000---00-00
2026-05-18 15:50:34.333 [com.alibaba.nacos.naming.failover.0] [none] DEBUG com.alibaba.nacos.client.naming - failover switch is not found, 00-00---000-VIPSRV_FAILOVER_SWITCH-000---00-00
2026-05-18 15:50:39.344 [com.alibaba.nacos.naming.failover.0] [none] DEBUG com.alibaba.nacos.client.naming - failover switch is not found, 00-00---000-VIPSRV_FAILOVER_SWITCH-000---00-00
2026-05-18 15:50:44.357 [com.alibaba.nacos.naming.failover.0] [none] DEBUG com.alibaba.nacos.client.naming - failover switch is not found, 00-00---000-VIPSRV_FAILOVER_SWITCH-000---00-00
2026-05-18 15:50:49.370 [com.alibaba.nacos.naming.failover.0] [none] DEBUG com.alibaba.nacos.client.naming - failover switch is not found, 00-00---000-VIPSRV_FAILOVER_SWITCH-000---00-00
2026-05-18 15:50:54.382 [com.alibaba.nacos.naming.failover.0] [none] DEBUG com.alibaba.nacos.client.naming - failover switch is not found, 00-00---000-VIPSRV_FAILOVER_SWITCH-000---00-00
2026-05-18 15:50:59.384 [com.alibaba.nacos.naming.failover.0] [none] DEBUG com.alibaba.nacos.client.naming - failover switch is not found, 00-00---000-VIPSRV_FAILOVER_SWITCH-000---00-00
2026-05-18 15:51:04.387 [com.alibaba.nacos.naming.failover.0] [none] DEBUG com.alibaba.nacos.client.naming - failover switch is not found, 00-00---000-VIPSRV_FAILOVER_SWITCH-000---00-00
2026-05-18 15:51:09.402 [com.alibaba.nacos.naming.failover.0] [none] DEBUG com.alibaba.nacos.client.naming - failover switch is not found, 00-00---000-VIPSRV_FAILOVER_SWITCH-000---00-00
2026-05-18 15:51:14.413 [com.alibaba.nacos.naming.failover.0] [none] DEBUG com.alibaba.nacos.client.naming - failover switch is not found, 00-00---000-VIPSRV_FAILOVER_SWITCH-000---00-00
2026-05-18 15:51:19.415 [com.alibaba.nacos.naming.failover.0] [none] DEBUG com.alibaba.nacos.client.naming - failover switch is not found, 00-00---000-VIPSRV_FAILOVER_SWITCH-000---00-00
2026-05-18 15:51:24.425 [com.alibaba.nacos.naming.failover.0] [none] DEBUG com.alibaba.nacos.client.naming - failover switch is not found, 00-00---000-VIPSRV_FAILOVER_SWITCH-000---00-00
2026-05-18 15:51:29.466 [com.alibaba.nacos.naming.failover.0] [none] DEBUG com.alibaba.nacos.client.naming - failover switch is not found, 00-00---000-VIPSRV_FAILOVER_SWITCH-000---00-00
2026-05-18 15:51:34.470 [com.alibaba.nacos.naming.failover.0] [none] DEBUG com.alibaba.nacos.client.naming - failover switch is not found, 00-00---000-VIPSRV_FAILOVER_SWITCH-000---00-00
2026-05-18 15:51:39.472 [com.alibaba.nacos.naming.failover.0] [none] DEBUG com.alibaba.nacos.client.naming - failover switch is not found, 00-00---000-VIPSRV_FAILOVER_SWITCH-000---00-00
2026-05-18 15:51:44.474 [com.alibaba.nacos.naming.failover.0] [none] DEBUG com.alibaba.nacos.client.naming - failover switch is not found, 00-00---000-VIPSRV_FAILOVER_SWITCH-000---00-00
2026-05-18 15:51:49.488 [com.alibaba.nacos.naming.failover.0] [none] DEBUG com.alibaba.nacos.client.naming - failover switch is not found, 00-00---000-VIPSRV_FAILOVER_SWITCH-000---00-00
2026-05-18 15:51:54.524 [com.alibaba.nacos.naming.failover.0] [none] DEBUG com.alibaba.nacos.client.naming - failover switch is not found, 00-00---000-VIPSRV_FAILOVER_SWITCH-000---00-00
2026-05-18 15:51:59.530 [com.alibaba.nacos.naming.failover.0] [none] DEBUG com.alibaba.nacos.client.naming - failover switch is not found, 00-00---000-VIPSRV_FAILOVER_SWITCH-000---00-00
2026-05-18 15:52:04.622 [com.alibaba.nacos.naming.failover.0] [none] DEBUG com.alibaba.nacos.client.naming - failover switch is not found, 00-00---000-VIPSRV_FAILOVER_SWITCH-000---00-00
2026-05-18 15:52:09.624 [com.alibaba.nacos.naming.failover.0] [none] DEBUG com.alibaba.nacos.client.naming - failover switch is not found, 00-00---000-VIPSRV_FAILOVER_SWITCH-000---00-00
2026-05-18 15:52:14.638 [com.alibaba.nacos.naming.failover.0] [none] DEBUG com.alibaba.nacos.client.naming - failover switch is not found, 00-00---000-VIPSRV_FAILOVER_SWITCH-000---00-00
2026-05-18 15:52:19.647 [com.alibaba.nacos.naming.failover.0] [none] DEBUG com.alibaba.nacos.client.naming - failover switch is not found, 00-00---000-VIPSRV_FAILOVER_SWITCH-000---00-00
2026-05-18 15:52:24.655 [com.alibaba.nacos.naming.failover.0] [none] DEBUG com.alibaba.nacos.client.naming - failover switch is not found, 00-00---000-VIPSRV_FAILOVER_SWITCH-000---00-00
2026-05-18 15:52:29.663 [com.alibaba.nacos.naming.failover.0] [none] DEBUG com.alibaba.nacos.client.naming - failover switch is not found, 00-00---000-VIPSRV_FAILOVER_SWITCH-000---00-00
2026-05-18 15:52:34.674 [com.alibaba.nacos.naming.failover.0] [none] DEBUG com.alibaba.nacos.client.naming - failover switch is not found, 00-00---000-VIPSRV_FAILOVER_SWITCH-000---00-00
2026-05-18 15:52:39.687 [com.alibaba.nacos.naming.failover.0] [none] DEBUG com.alibaba.nacos.client.naming - failover switch is not found, 00-00---000-VIPSRV_FAILOVER_SWITCH-000---00-00
2026-05-18 15:52:44.712 [com.alibaba.nacos.naming.failover.0] [none] DEBUG com.alibaba.nacos.client.naming - failover switch is not found, 00-00---000-VIPSRV_FAILOVER_SWITCH-000---00-00
2026-05-18 15:52:49.718 [com.alibaba.nacos.naming.failover.0] [none] DEBUG com.alibaba.nacos.client.naming - failover switch is not found, 00-00---000-VIPSRV_FAILOVER_SWITCH-000---00-00
2026-05-18 15:52:54.727 [com.alibaba.nacos.naming.failover.0] [none] DEBUG com.alibaba.nacos.client.naming - failover switch is not found, 00-00---000-VIPSRV_FAILOVER_SWITCH-000---00-00
2026-05-18 15:52:59.734 [com.alibaba.nacos.naming.failover.0] [none] DEBUG com.alibaba.nacos.client.naming - failover switch is not found, 00-00---000-VIPSRV_FAILOVER_SWITCH-000---00-00
2026-05-18 15:53:04.737 [com.alibaba.nacos.naming.failover.0] [none] DEBUG com.alibaba.nacos.client.naming - failover switch is not found, 00-00---000-VIPSRV_FAILOVER_SWITCH-000---00-00
2026-05-18 15:53:09.740 [com.alibaba.nacos.naming.failover.0] [none] DEBUG com.alibaba.nacos.client.naming - failover switch is not found, 00-00---000-VIPSRV_FAILOVER_SWITCH-000---00-00
2026-05-18 15:53:14.745 [com.alibaba.nacos.naming.failover.0] [none] DEBUG com.alibaba.nacos.client.naming - failover switch is not found, 00-00---000-VIPSRV_FAILOVER_SWITCH-000---00-00
2026-05-18 15:53:19.750 [com.alibaba.nacos.naming.failover.0] [none] DEBUG com.alibaba.nacos.client.naming - failover switch is not found, 00-00---000-VIPSRV_FAILOVER_SWITCH-000---00-00
2026-05-18 15:53:24.754 [com.alibaba.nacos.naming.failover.0] [none] DEBUG com.alibaba.nacos.client.naming - failover switch is not found, 00-00---000-VIPSRV_FAILOVER_SWITCH-000---00-00
2026-05-18 15:53:29.769 [com.alibaba.nacos.naming.failover.0] [none] DEBUG com.alibaba.nacos.client.naming - failover switch is not found, 00-00---000-VIPSRV_FAILOVER_SWITCH-000---00-00
2026-05-18 15:53:34.784 [com.alibaba.nacos.naming.failover.0] [none] DEBUG com.alibaba.nacos.client.naming - failover switch is not found, 00-00---000-VIPSRV_FAILOVER_SWITCH-000---00-00
2026-05-18 15:53:39.794 [com.alibaba.nacos.naming.failover.0] [none] DEBUG com.alibaba.nacos.client.naming - failover switch is not found, 00-00---000-VIPSRV_FAILOVER_SWITCH-000---00-00
2026-05-18 15:53:44.797 [com.alibaba.nacos.naming.failover.0] [none] DEBUG com.alibaba.nacos.client.naming - failover switch is not found, 00-00---000-VIPSRV_FAILOVER_SWITCH-000---00-00
2026-05-18 15:53:49.804 [com.alibaba.nacos.naming.failover.0] [none] DEBUG com.alibaba.nacos.client.naming - failover switch is not found, 00-00---000-VIPSRV_FAILOVER_SWITCH-000---00-00
2026-05-18 15:53:54.805 [com.alibaba.nacos.naming.failover.0] [none] DEBUG com.alibaba.nacos.client.naming - failover switch is not found, 00-00---000-VIPSRV_FAILOVER_SWITCH-000---00-00
2026-05-18 15:53:59.809 [com.alibaba.nacos.naming.failover.0] [none] DEBUG com.alibaba.nacos.client.naming - failover switch is not found, 00-00---000-VIPSRV_FAILOVER_SWITCH-000---00-00
2026-05-18 15:54:04.814 [com.alibaba.nacos.naming.failover.0] [none] DEBUG com.alibaba.nacos.client.naming - failover switch is not found, 00-00---000-VIPSRV_FAILOVER_SWITCH-000---00-00
2026-05-18 15:54:09.818 [com.alibaba.nacos.naming.failover.0] [none] DEBUG com.alibaba.nacos.client.naming - failover switch is not found, 00-00---000-VIPSRV_FAILOVER_SWITCH-000---00-00
2026-05-18 15:54:14.824 [com.alibaba.nacos.naming.failover.0] [none] DEBUG com.alibaba.nacos.client.naming - failover switch is not found, 00-00---000-VIPSRV_FAILOVER_SWITCH-000---00-00
2026-05-18 15:54:19.838 [com.alibaba.nacos.naming.failover.0] [none] DEBUG com.alibaba.nacos.client.naming - failover switch is not found, 00-00---000-VIPSRV_FAILOVER_SWITCH-000---00-00
2026-05-18 15:54:24.853 [com.alibaba.nacos.naming.failover.0] [none] DEBUG com.alibaba.nacos.client.naming - failover switch is not found, 00-00---000-VIPSRV_FAILOVER_SWITCH-000---00-00
2026-05-18 15:54:29.857 [com.alibaba.nacos.naming.failover.0] [none] DEBUG com.alibaba.nacos.client.naming - failover switch is not found, 00-00---000-VIPSRV_FAILOVER_SWITCH-000---00-00
2026-05-18 15:54:34.869 [com.alibaba.nacos.naming.failover.0] [none] DEBUG com.alibaba.nacos.client.naming - failover switch is not found, 00-00---000-VIPSRV_FAILOVER_SWITCH-000---00-00
2026-05-18 15:54:39.874 [com.alibaba.nacos.naming.failover.0] [none] DEBUG com.alibaba.nacos.client.naming - failover switch is not found, 00-00---000-VIPSRV_FAILOVER_SWITCH-000---00-00
2026-05-18 15:54:44.883 [com.alibaba.nacos.naming.failover.0] [none] DEBUG com.alibaba.nacos.client.naming - failover switch is not found, 00-00---000-VIPSRV_FAILOVER_SWITCH-000---00-00
2026-05-18 15:54:49.894 [com.alibaba.nacos.naming.failover.0] [none] DEBUG com.alibaba.nacos.client.naming - failover switch is not found, 00-00---000-VIPSRV_FAILOVER_SWITCH-000---00-00
2026-05-18 15:54:54.910 [com.alibaba.nacos.naming.failover.0] [none] DEBUG com.alibaba.nacos.client.naming - failover switch is not found, 00-00---000-VIPSRV_FAILOVER_SWITCH-000---00-00
2026-05-18 15:54:59.925 [com.alibaba.nacos.naming.failover.0] [none] DEBUG com.alibaba.nacos.client.naming - failover switch is not found, 00-00---000-VIPSRV_FAILOVER_SWITCH-000---00-00
2026-05-18 15:55:04.934 [com.alibaba.nacos.naming.failover.0] [none] DEBUG com.alibaba.nacos.client.naming - failover switch is not found, 00-00---000-VIPSRV_FAILOVER_SWITCH-000---00-00
2026-05-18 15:55:09.945 [com.alibaba.nacos.naming.failover.0] [none] DEBUG com.alibaba.nacos.client.naming - failover switch is not found, 00-00---000-VIPSRV_FAILOVER_SWITCH-000---00-00
2026-05-18 15:55:14.951 [com.alibaba.nacos.naming.failover.0] [none] DEBUG com.alibaba.nacos.client.naming - failover switch is not found, 00-00---000-VIPSRV_FAILOVER_SWITCH-000---00-00
2026-05-18 15:55:19.957 [com.alibaba.nacos.naming.failover.0] [none] DEBUG com.alibaba.nacos.client.naming - failover switch is not found, 00-00---000-VIPSRV_FAILOVER_SWITCH-000---00-00
2026-05-18 15:55:24.965 [com.alibaba.nacos.naming.failover.0] [none] DEBUG com.alibaba.nacos.client.naming - failover switch is not found, 00-00---000-VIPSRV_FAILOVER_SWITCH-000---00-00
2026-05-18 15:55:29.970 [com.alibaba.nacos.naming.failover.0] [none] DEBUG com.alibaba.nacos.client.naming - failover switch is not found, 00-00---000-VIPSRV_FAILOVER_SWITCH-000---00-00
2026-05-18 15:55:34.975 [com.alibaba.nacos.naming.failover.0] [none] DEBUG com.alibaba.nacos.client.naming - failover switch is not found, 00-00---000-VIPSRV_FAILOVER_SWITCH-000---00-00
2026-05-18 15:55:39.982 [com.alibaba.nacos.naming.failover.0] [none] DEBUG com.alibaba.nacos.client.naming - failover switch is not found, 00-00---000-VIPSRV_FAILOVER_SWITCH-000---00-00
2026-05-18 15:55:44.988 [com.alibaba.nacos.naming.failover.0] [none] DEBUG com.alibaba.nacos.client.naming - failover switch is not found, 00-00---000-VIPSRV_FAILOVER_SWITCH-000---00-00
2026-05-18 15:55:49.990 [com.alibaba.nacos.naming.failover.0] [none] DEBUG com.alibaba.nacos.client.naming - failover switch is not found, 00-00---000-VIPSRV_FAILOVER_SWITCH-000---00-00
2026-05-18 15:55:54.998 [com.alibaba.nacos.naming.failover.0] [none] DEBUG com.alibaba.nacos.client.naming - failover switch is not found, 00-00---000-VIPSRV_FAILOVER_SWITCH-000---00-00
2026-05-18 15:56:00.000 [com.alibaba.nacos.naming.failover.0] [none] DEBUG com.alibaba.nacos.client.naming - failover switch is not found, 00-00---000-VIPSRV_FAILOVER_SWITCH-000---00-00
2026-05-18 15:56:05.004 [com.alibaba.nacos.naming.failover.0] [none] DEBUG com.alibaba.nacos.client.naming - failover switch is not found, 00-00---000-VIPSRV_FAILOVER_SWITCH-000---00-00
2026-05-18 15:56:10.008 [com.alibaba.nacos.naming.failover.0] [none] DEBUG com.alibaba.nacos.client.naming - failover switch is not found, 00-00---000-VIPSRV_FAILOVER_SWITCH-000---00-00
2026-05-18 15:56:15.010 [com.alibaba.nacos.naming.failover.0] [none] DEBUG com.alibaba.nacos.client.naming - failover switch is not found, 00-00---000-VIPSRV_FAILOVER_SWITCH-000---00-00
2026-05-18 15:56:20.024 [com.alibaba.nacos.naming.failover.0] [none] DEBUG com.alibaba.nacos.client.naming - failover switch is not found, 00-00---000-VIPSRV_FAILOVER_SWITCH-000---00-00
2026-05-18 15:56:25.031 [com.alibaba.nacos.naming.failover.0] [none] DEBUG com.alibaba.nacos.client.naming - failover switch is not found, 00-00---000-VIPSRV_FAILOVER_SWITCH-000---00-00
2026-05-18 15:56:30.042 [com.alibaba.nacos.naming.failover.0] [none] DEBUG com.alibaba.nacos.client.naming - failover switch is not found, 00-00---000-VIPSRV_FAILOVER_SWITCH-000---00-00
2026-05-18 15:56:35.043 [com.alibaba.nacos.naming.failover.0] [none] DEBUG com.alibaba.nacos.client.naming - failover switch is not found, 00-00---000-VIPSRV_FAILOVER_SWITCH-000---00-00
2026-05-18 15:56:40.048 [com.alibaba.nacos.naming.failover.0] [none] DEBUG com.alibaba.nacos.client.naming - failover switch is not found, 00-00---000-VIPSRV_FAILOVER_SWITCH-000---00-00
2026-05-18 15:56:45.052 [com.alibaba.nacos.naming.failover.0] [none] DEBUG com.alibaba.nacos.client.naming - failover switch is not found, 00-00---000-VIPSRV_FAILOVER_SWITCH-000---00-00
2026-05-18 15:56:50.059 [com.alibaba.nacos.naming.failover.0] [none] DEBUG com.alibaba.nacos.client.naming - failover switch is not found, 00-00---000-VIPSRV_FAILOVER_SWITCH-000---00-00
2026-05-18 15:56:55.064 [com.alibaba.nacos.naming.failover.0] [none] DEBUG com.alibaba.nacos.client.naming - failover switch is not found, 00-00---000-VIPSRV_FAILOVER_SWITCH-000---00-00
2026-05-18 15:57:00.074 [com.alibaba.nacos.naming.failover.0] [none] DEBUG com.alibaba.nacos.client.naming - failover switch is not found, 00-00---000-VIPSRV_FAILOVER_SWITCH-000---00-00
2026-05-18 15:57:05.082 [com.alibaba.nacos.naming.failover.0] [none] DEBUG com.alibaba.nacos.client.naming - failover switch is not found, 00-00---000-VIPSRV_FAILOVER_SWITCH-000---00-00
2026-05-18 15:57:10.092 [com.alibaba.nacos.naming.failover.0] [none] DEBUG com.alibaba.nacos.client.naming - failover switch is not found, 00-00---000-VIPSRV_FAILOVER_SWITCH-000---00-00
2026-05-18 15:57:15.095 [com.alibaba.nacos.naming.failover.0] [none] DEBUG com.alibaba.nacos.client.naming - failover switch is not found, 00-00---000-VIPSRV_FAILOVER_SWITCH-000---00-00
2026-05-18 15:57:20.097 [com.alibaba.nacos.naming.failover.0] [none] DEBUG com.alibaba.nacos.client.naming - failover switch is not found, 00-00---000-VIPSRV_FAILOVER_SWITCH-000---00-00
2026-05-18 15:57:25.109 [com.alibaba.nacos.naming.failover.0] [none] DEBUG com.alibaba.nacos.client.naming - failover switch is not found, 00-00---000-VIPSRV_FAILOVER_SWITCH-000---00-00
2026-05-18 15:57:30.109 [com.alibaba.nacos.naming.failover.0] [none] DEBUG com.alibaba.nacos.client.naming - failover switch is not found, 00-00---000-VIPSRV_FAILOVER_SWITCH-000---00-00
2026-05-18 15:57:35.117 [com.alibaba.nacos.naming.failover.0] [none] DEBUG com.alibaba.nacos.client.naming - failover switch is not found, 00-00---000-VIPSRV_FAILOVER_SWITCH-000---00-00
2026-05-18 15:57:40.132 [com.alibaba.nacos.naming.failover.0] [none] DEBUG com.alibaba.nacos.client.naming - failover switch is not found, 00-00---000-VIPSRV_FAILOVER_SWITCH-000---00-00
2026-05-18 15:57:45.137 [com.alibaba.nacos.naming.failover.0] [none] DEBUG com.alibaba.nacos.client.naming - failover switch is not found, 00-00---000-VIPSRV_FAILOVER_SWITCH-000---00-00
2026-05-18 15:57:50.146 [com.alibaba.nacos.naming.failover.0] [none] DEBUG com.alibaba.nacos.client.naming - failover switch is not found, 00-00---000-VIPSRV_FAILOVER_SWITCH-000---00-00
2026-05-18 15:57:55.160 [com.alibaba.nacos.naming.failover.0] [none] DEBUG com.alibaba.nacos.client.naming - failover switch is not found, 00-00---000-VIPSRV_FAILOVER_SWITCH-000---00-00
2026-05-18 15:58:00.169 [com.alibaba.nacos.naming.failover.0] [none] DEBUG com.alibaba.nacos.client.naming - failover switch is not found, 00-00---000-VIPSRV_FAILOVER_SWITCH-000---00-00
2026-05-18 15:58:05.177 [com.alibaba.nacos.naming.failover.0] [none] DEBUG com.alibaba.nacos.client.naming - failover switch is not found, 00-00---000-VIPSRV_FAILOVER_SWITCH-000---00-00
2026-05-18 15:58:10.191 [com.alibaba.nacos.naming.failover.0] [none] DEBUG com.alibaba.nacos.client.naming - failover switch is not found, 00-00---000-VIPSRV_FAILOVER_SWITCH-000---00-00
2026-05-18 15:58:15.194 [com.alibaba.nacos.naming.failover.0] [none] DEBUG com.alibaba.nacos.client.naming - failover switch is not found, 00-00---000-VIPSRV_FAILOVER_SWITCH-000---00-00
2026-05-18 15:58:20.197 [com.alibaba.nacos.naming.failover.0] [none] DEBUG com.alibaba.nacos.client.naming - failover switch is not found, 00-00---000-VIPSRV_FAILOVER_SWITCH-000---00-00
2026-05-18 15:58:25.200 [com.alibaba.nacos.naming.failover.0] [none] DEBUG com.alibaba.nacos.client.naming - failover switch is not found, 00-00---000-VIPSRV_FAILOVER_SWITCH-000---00-00
2026-05-18 15:58:30.212 [com.alibaba.nacos.naming.failover.0] [none] DEBUG com.alibaba.nacos.client.naming - failover switch is not found, 00-00---000-VIPSRV_FAILOVER_SWITCH-000---00-00
2026-05-18 15:58:35.225 [com.alibaba.nacos.naming.failover.0] [none] DEBUG com.alibaba.nacos.client.naming - failover switch is not found, 00-00---000-VIPSRV_FAILOVER_SWITCH-000---00-00
2026-05-18 15:58:40.235 [com.alibaba.nacos.naming.failover.0] [none] DEBUG com.alibaba.nacos.client.naming - failover switch is not found, 00-00---000-VIPSRV_FAILOVER_SWITCH-000---00-00
2026-05-18 15:58:45.238 [com.alibaba.nacos.naming.failover.0] [none] DEBUG com.alibaba.nacos.client.naming - failover switch is not found, 00-00---000-VIPSRV_FAILOVER_SWITCH-000---00-00
2026-05-18 15:58:50.244 [com.alibaba.nacos.naming.failover.0] [none] DEBUG com.alibaba.nacos.client.naming - failover switch is not found, 00-00---000-VIPSRV_FAILOVER_SWITCH-000---00-00
2026-05-18 15:58:55.262 [com.alibaba.nacos.naming.failover.0] [none] DEBUG com.alibaba.nacos.client.naming - failover switch is not found, 00-00---000-VIPSRV_FAILOVER_SWITCH-000---00-00
2026-05-18 15:59:00.264 [com.alibaba.nacos.naming.failover.0] [none] DEBUG com.alibaba.nacos.client.naming - failover switch is not found, 00-00---000-VIPSRV_FAILOVER_SWITCH-000---00-00
2026-05-18 15:59:05.272 [com.alibaba.nacos.naming.failover.0] [none] DEBUG com.alibaba.nacos.client.naming - failover switch is not found, 00-00---000-VIPSRV_FAILOVER_SWITCH-000---00-00
2026-05-18 15:59:10.277 [com.alibaba.nacos.naming.failover.0] [none] DEBUG com.alibaba.nacos.client.naming - failover switch is not found, 00-00---000-VIPSRV_FAILOVER_SWITCH-000---00-00
2026-05-18 15:59:15.280 [com.alibaba.nacos.naming.failover.0] [none] DEBUG com.alibaba.nacos.client.naming - failover switch is not found, 00-00---000-VIPSRV_FAILOVER_SWITCH-000---00-00
2026-05-18 15:59:20.294 [com.alibaba.nacos.naming.failover.0] [none] DEBUG com.alibaba.nacos.client.naming - failover switch is not found, 00-00---000-VIPSRV_FAILOVER_SWITCH-000---00-00
2026-05-18 15:59:25.299 [com.alibaba.nacos.naming.failover.0] [none] DEBUG com.alibaba.nacos.client.naming - failover switch is not found, 00-00---000-VIPSRV_FAILOVER_SWITCH-000---00-00
2026-05-18 15:59:30.303 [com.alibaba.nacos.naming.failover.0] [none] DEBUG com.alibaba.nacos.client.naming - failover switch is not found, 00-00---000-VIPSRV_FAILOVER_SWITCH-000---00-00
2026-05-18 15:59:35.305 [com.alibaba.nacos.naming.failover.0] [none] DEBUG com.alibaba.nacos.client.naming - failover switch is not found, 00-00---000-VIPSRV_FAILOVER_SWITCH-000---00-00
2026-05-18 15:59:40.307 [com.alibaba.nacos.naming.failover.0] [none] DEBUG com.alibaba.nacos.client.naming - failover switch is not found, 00-00---000-VIPSRV_FAILOVER_SWITCH-000---00-00
2026-05-18 15:59:45.321 [com.alibaba.nacos.naming.failover.0] [none] DEBUG com.alibaba.nacos.client.naming - failover switch is not found, 00-00---000-VIPSRV_FAILOVER_SWITCH-000---00-00
2026-05-18 15:59:50.341 [com.alibaba.nacos.naming.failover.0] [none] DEBUG com.alibaba.nacos.client.naming - failover switch is not found, 00-00---000-VIPSRV_FAILOVER_SWITCH-000---00-00
2026-05-18 15:59:55.346 [com.alibaba.nacos.naming.failover.0] [none] DEBUG com.alibaba.nacos.client.naming - failover switch is not found, 00-00---000-VIPSRV_FAILOVER_SWITCH-000---00-00
2026-05-18 16:00:00.361 [com.alibaba.nacos.naming.failover.0] [none] DEBUG com.alibaba.nacos.client.naming - failover switch is not found, 00-00---000-VIPSRV_FAILOVER_SWITCH-000---00-00
2026-05-18 16:00:05.369 [com.alibaba.nacos.naming.failover.0] [none] DEBUG com.alibaba.nacos.client.naming - failover switch is not found, 00-00---000-VIPSRV_FAILOVER_SWITCH-000---00-00
2026-05-18 16:00:10.378 [com.alibaba.nacos.naming.failover.0] [none] DEBUG com.alibaba.nacos.client.naming - failover switch is not found, 00-00---000-VIPSRV_FAILOVER_SWITCH-000---00-00
2026-05-18 16:00:15.395 [com.alibaba.nacos.naming.failover.0] [none] DEBUG com.alibaba.nacos.client.naming - failover switch is not found, 00-00---000-VIPSRV_FAILOVER_SWITCH-000---00-00
2026-05-18 16:00:20.398 [com.alibaba.nacos.naming.failover.0] [none] DEBUG com.alibaba.nacos.client.naming - failover switch is not found, 00-00---000-VIPSRV_FAILOVER_SWITCH-000---00-00
2026-05-18 16:00:25.402 [com.alibaba.nacos.naming.failover.0] [none] DEBUG com.alibaba.nacos.client.naming - failover switch is not found, 00-00---000-VIPSRV_FAILOVER_SWITCH-000---00-00
2026-05-18 16:00:30.408 [com.alibaba.nacos.naming.failover.0] [none] DEBUG com.alibaba.nacos.client.naming - failover switch is not found, 00-00---000-VIPSRV_FAILOVER_SWITCH-000---00-00
2026-05-18 16:00:35.414 [com.alibaba.nacos.naming.failover.0] [none] DEBUG com.alibaba.nacos.client.naming - failover switch is not found, 00-00---000-VIPSRV_FAILOVER_SWITCH-000---00-00
2026-05-18 16:00:40.426 [com.alibaba.nacos.naming.failover.0] [none] DEBUG com.alibaba.nacos.client.naming - failover switch is not found, 00-00---000-VIPSRV_FAILOVER_SWITCH-000---00-00
2026-05-18 16:00:45.434 [com.alibaba.nacos.naming.failover.0] [none] DEBUG com.alibaba.nacos.client.naming - failover switch is not found, 00-00---000-VIPSRV_FAILOVER_SWITCH-000---00-00
2026-05-18 16:00:50.444 [com.alibaba.nacos.naming.failover.0] [none] DEBUG com.alibaba.nacos.client.naming - failover switch is not found, 00-00---000-VIPSRV_FAILOVER_SWITCH-000---00-00
2026-05-18 16:00:55.454 [com.alibaba.nacos.naming.failover.0] [none] DEBUG com.alibaba.nacos.client.naming - failover switch is not found, 00-00---000-VIPSRV_FAILOVER_SWITCH-000---00-00
2026-05-18 16:01:00.457 [com.alibaba.nacos.naming.failover.0] [none] DEBUG com.alibaba.nacos.client.naming - failover switch is not found, 00-00---000-VIPSRV_FAILOVER_SWITCH-000---00-00
2026-05-18 16:01:05.459 [com.alibaba.nacos.naming.failover.0] [none] DEBUG com.alibaba.nacos.client.naming - failover switch is not found, 00-00---000-VIPSRV_FAILOVER_SWITCH-000---00-00
2026-05-18 16:01:10.471 [com.alibaba.nacos.naming.failover.0] [none] DEBUG com.alibaba.nacos.client.naming - failover switch is not found, 00-00---000-VIPSRV_FAILOVER_SWITCH-000---00-00
2026-05-18 16:01:15.480 [com.alibaba.nacos.naming.failover.0] [none] DEBUG com.alibaba.nacos.client.naming - failover switch is not found, 00-00---000-VIPSRV_FAILOVER_SWITCH-000---00-00
2026-05-18 16:01:20.485 [com.alibaba.nacos.naming.failover.0] [none] DEBUG com.alibaba.nacos.client.naming - failover switch is not found, 00-00---000-VIPSRV_FAILOVER_SWITCH-000---00-00
2026-05-18 16:01:25.500 [com.alibaba.nacos.naming.failover.0] [none] DEBUG com.alibaba.nacos.client.naming - failover switch is not found, 00-00---000-VIPSRV_FAILOVER_SWITCH-000---00-00
2026-05-18 16:01:30.512 [com.alibaba.nacos.naming.failover.0] [none] DEBUG com.alibaba.nacos.client.naming - failover switch is not found, 00-00---000-VIPSRV_FAILOVER_SWITCH-000---00-00
2026-05-18 16:01:35.524 [com.alibaba.nacos.naming.failover.0] [none] DEBUG com.alibaba.nacos.client.naming - failover switch is not found, 00-00---000-VIPSRV_FAILOVER_SWITCH-000---00-00
2026-05-18 16:01:40.538 [com.alibaba.nacos.naming.failover.0] [none] DEBUG com.alibaba.nacos.client.naming - failover switch is not found, 00-00---000-VIPSRV_FAILOVER_SWITCH-000---00-00
2026-05-18 16:01:45.547 [com.alibaba.nacos.naming.failover.0] [none] DEBUG com.alibaba.nacos.client.naming - failover switch is not found, 00-00---000-VIPSRV_FAILOVER_SWITCH-000---00-00
2026-05-18 16:01:50.551 [com.alibaba.nacos.naming.failover.0] [none] DEBUG com.alibaba.nacos.client.naming - failover switch is not found, 00-00---000-VIPSRV_FAILOVER_SWITCH-000---00-00
2026-05-18 16:01:55.557 [com.alibaba.nacos.naming.failover.0] [none] DEBUG com.alibaba.nacos.client.naming - failover switch is not found, 00-00---000-VIPSRV_FAILOVER_SWITCH-000---00-00
2026-05-18 16:02:00.564 [com.alibaba.nacos.naming.failover.0] [none] DEBUG com.alibaba.nacos.client.naming - failover switch is not found, 00-00---000-VIPSRV_FAILOVER_SWITCH-000---00-00
2026-05-18 16:02:05.579 [com.alibaba.nacos.naming.failover.0] [none] DEBUG com.alibaba.nacos.client.naming - failover switch is not found, 00-00---000-VIPSRV_FAILOVER_SWITCH-000---00-00
2026-05-18 16:02:10.583 [com.alibaba.nacos.naming.failover.0] [none] DEBUG com.alibaba.nacos.client.naming - failover switch is not found, 00-00---000-VIPSRV_FAILOVER_SWITCH-000---00-00
2026-05-18 16:02:15.594 [com.alibaba.nacos.naming.failover.0] [none] DEBUG com.alibaba.nacos.client.naming - failover switch is not found, 00-00---000-VIPSRV_FAILOVER_SWITCH-000---00-00
2026-05-18 16:02:20.602 [com.alibaba.nacos.naming.failover.0] [none] DEBUG com.alibaba.nacos.client.naming - failover switch is not found, 00-00---000-VIPSRV_FAILOVER_SWITCH-000---00-00
2026-05-18 16:02:25.609 [com.alibaba.nacos.naming.failover.0] [none] DEBUG com.alibaba.nacos.client.naming - failover switch is not found, 00-00---000-VIPSRV_FAILOVER_SWITCH-000---00-00
2026-05-18 16:02:30.620 [com.alibaba.nacos.naming.failover.0] [none] DEBUG com.alibaba.nacos.client.naming - failover switch is not found, 00-00---000-VIPSRV_FAILOVER_SWITCH-000---00-00
2026-05-18 16:02:35.627 [com.alibaba.nacos.naming.failover.0] [none] DEBUG com.alibaba.nacos.client.naming - failover switch is not found, 00-00---000-VIPSRV_FAILOVER_SWITCH-000---00-00
2026-05-18 16:02:40.629 [com.alibaba.nacos.naming.failover.0] [none] DEBUG com.alibaba.nacos.client.naming - failover switch is not found, 00-00---000-VIPSRV_FAILOVER_SWITCH-000---00-00
2026-05-18 16:02:45.644 [com.alibaba.nacos.naming.failover.0] [none] DEBUG com.alibaba.nacos.client.naming - failover switch is not found, 00-00---000-VIPSRV_FAILOVER_SWITCH-000---00-00
2026-05-18 16:02:50.667 [com.alibaba.nacos.naming.failover.0] [none] DEBUG com.alibaba.nacos.client.naming - failover switch is not found, 00-00---000-VIPSRV_FAILOVER_SWITCH-000---00-00
2026-05-18 16:02:55.679 [com.alibaba.nacos.naming.failover.0] [none] DEBUG com.alibaba.nacos.client.naming - failover switch is not found, 00-00---000-VIPSRV_FAILOVER_SWITCH-000---00-00
2026-05-18 16:03:00.688 [com.alibaba.nacos.naming.failover.0] [none] DEBUG com.alibaba.nacos.client.naming - failover switch is not found, 00-00---000-VIPSRV_FAILOVER_SWITCH-000---00-00
2026-05-18 16:03:05.697 [com.alibaba.nacos.naming.failover.0] [none] DEBUG com.alibaba.nacos.client.naming - failover switch is not found, 00-00---000-VIPSRV_FAILOVER_SWITCH-000---00-00
2026-05-18 16:03:10.701 [com.alibaba.nacos.naming.failover.0] [none] DEBUG com.alibaba.nacos.client.naming - failover switch is not found, 00-00---000-VIPSRV_FAILOVER_SWITCH-000---00-00
2026-05-18 16:03:15.708 [com.alibaba.nacos.naming.failover.0] [none] DEBUG com.alibaba.nacos.client.naming - failover switch is not found, 00-00---000-VIPSRV_FAILOVER_SWITCH-000---00-00
2026-05-18 16:03:20.714 [com.alibaba.nacos.naming.failover.0] [none] DEBUG com.alibaba.nacos.client.naming - failover switch is not found, 00-00---000-VIPSRV_FAILOVER_SWITCH-000---00-00
2026-05-18 16:03:25.718 [com.alibaba.nacos.naming.failover.0] [none] DEBUG com.alibaba.nacos.client.naming - failover switch is not found, 00-00---000-VIPSRV_FAILOVER_SWITCH-000---00-00
2026-05-18 16:03:30.723 [com.alibaba.nacos.naming.failover.0] [none] DEBUG com.alibaba.nacos.client.naming - failover switch is not found, 00-00---000-VIPSRV_FAILOVER_SWITCH-000---00-00
2026-05-18 16:03:35.733 [com.alibaba.nacos.naming.failover.0] [none] DEBUG com.alibaba.nacos.client.naming - failover switch is not found, 00-00---000-VIPSRV_FAILOVER_SWITCH-000---00-00
2026-05-18 16:03:40.746 [com.alibaba.nacos.naming.failover.0] [none] DEBUG com.alibaba.nacos.client.naming - failover switch is not found, 00-00---000-VIPSRV_FAILOVER_SWITCH-000---00-00
2026-05-18 16:03:45.754 [com.alibaba.nacos.naming.failover.0] [none] DEBUG com.alibaba.nacos.client.naming - failover switch is not found, 00-00---000-VIPSRV_FAILOVER_SWITCH-000---00-00
2026-05-18 16:03:50.762 [com.alibaba.nacos.naming.failover.0] [none] DEBUG com.alibaba.nacos.client.naming - failover switch is not found, 00-00---000-VIPSRV_FAILOVER_SWITCH-000---00-00
2026-05-18 16:03:55.765 [com.alibaba.nacos.naming.failover.0] [none] DEBUG com.alibaba.nacos.client.naming - failover switch is not found, 00-00---000-VIPSRV_FAILOVER_SWITCH-000---00-00
2026-05-18 16:04:00.774 [com.alibaba.nacos.naming.failover.0] [none] DEBUG com.alibaba.nacos.client.naming - failover switch is not found, 00-00---000-VIPSRV_FAILOVER_SWITCH-000---00-00
2026-05-18 16:04:05.776 [com.alibaba.nacos.naming.failover.0] [none] DEBUG com.alibaba.nacos.client.naming - failover switch is not found, 00-00---000-VIPSRV_FAILOVER_SWITCH-000---00-00
2026-05-18 16:04:10.788 [com.alibaba.nacos.naming.failover.0] [none] DEBUG com.alibaba.nacos.client.naming - failover switch is not found, 00-00---000-VIPSRV_FAILOVER_SWITCH-000---00-00
2026-05-18 16:04:15.796 [com.alibaba.nacos.naming.failover.0] [none] DEBUG com.alibaba.nacos.client.naming - failover switch is not found, 00-00---000-VIPSRV_FAILOVER_SWITCH-000---00-00
2026-05-18 16:04:20.809 [com.alibaba.nacos.naming.failover.0] [none] DEBUG com.alibaba.nacos.client.naming - failover switch is not found, 00-00---000-VIPSRV_FAILOVER_SWITCH-000---00-00
2026-05-18 16:04:25.821 [com.alibaba.nacos.naming.failover.0] [none] DEBUG com.alibaba.nacos.client.naming - failover switch is not found, 00-00---000-VIPSRV_FAILOVER_SWITCH-000---00-00
2026-05-18 16:04:30.827 [com.alibaba.nacos.naming.failover.0] [none] DEBUG com.alibaba.nacos.client.naming - failover switch is not found, 00-00---000-VIPSRV_FAILOVER_SWITCH-000---00-00
2026-05-18 16:04:35.828 [com.alibaba.nacos.naming.failover.0] [none] DEBUG com.alibaba.nacos.client.naming - failover switch is not found, 00-00---000-VIPSRV_FAILOVER_SWITCH-000---00-00
2026-05-18 16:04:40.833 [com.alibaba.nacos.naming.failover.0] [none] DEBUG com.alibaba.nacos.client.naming - failover switch is not found, 00-00---000-VIPSRV_FAILOVER_SWITCH-000---00-00
2026-05-18 16:04:45.839 [com.alibaba.nacos.naming.failover.0] [none] DEBUG com.alibaba.nacos.client.naming - failover switch is not found, 00-00---000-VIPSRV_FAILOVER_SWITCH-000---00-00
2026-05-18 16:04:50.848 [com.alibaba.nacos.naming.failover.0] [none] DEBUG com.alibaba.nacos.client.naming - failover switch is not found, 00-00---000-VIPSRV_FAILOVER_SWITCH-000---00-00
2026-05-18 16:04:55.849 [com.alibaba.nacos.naming.failover.0] [none] DEBUG com.alibaba.nacos.client.naming - failover switch is not found, 00-00---000-VIPSRV_FAILOVER_SWITCH-000---00-00
2026-05-18 16:05:00.858 [com.alibaba.nacos.naming.failover.0] [none] DEBUG com.alibaba.nacos.client.naming - failover switch is not found, 00-00---000-VIPSRV_FAILOVER_SWITCH-000---00-00
2026-05-18 16:05:05.866 [com.alibaba.nacos.naming.failover.0] [none] DEBUG com.alibaba.nacos.client.naming - failover switch is not found, 00-00---000-VIPSRV_FAILOVER_SWITCH-000---00-00
2026-05-18 16:05:10.878 [com.alibaba.nacos.naming.failover.0] [none] DEBUG com.alibaba.nacos.client.naming - failover switch is not found, 00-00---000-VIPSRV_FAILOVER_SWITCH-000---00-00
2026-05-18 16:05:15.890 [com.alibaba.nacos.naming.failover.0] [none] DEBUG com.alibaba.nacos.client.naming - failover switch is not found, 00-00---000-VIPSRV_FAILOVER_SWITCH-000---00-00
2026-05-18 16:05:20.903 [com.alibaba.nacos.naming.failover.0] [none] DEBUG com.alibaba.nacos.client.naming - failover switch is not found, 00-00---000-VIPSRV_FAILOVER_SWITCH-000---00-00
2026-05-18 16:05:25.904 [com.alibaba.nacos.naming.failover.0] [none] DEBUG com.alibaba.nacos.client.naming - failover switch is not found, 00-00---000-VIPSRV_FAILOVER_SWITCH-000---00-00
2026-05-18 16:05:30.919 [com.alibaba.nacos.naming.failover.0] [none] DEBUG com.alibaba.nacos.client.naming - failover switch is not found, 00-00---000-VIPSRV_FAILOVER_SWITCH-000---00-00
2026-05-18 16:05:35.922 [com.alibaba.nacos.naming.failover.0] [none] DEBUG com.alibaba.nacos.client.naming - failover switch is not found, 00-00---000-VIPSRV_FAILOVER_SWITCH-000---00-00
2026-05-18 16:05:40.924 [com.alibaba.nacos.naming.failover.0] [none] DEBUG com.alibaba.nacos.client.naming - failover switch is not found, 00-00---000-VIPSRV_FAILOVER_SWITCH-000---00-00
2026-05-18 16:05:45.932 [com.alibaba.nacos.naming.failover.0] [none] DEBUG com.alibaba.nacos.client.naming - failover switch is not found, 00-00---000-VIPSRV_FAILOVER_SWITCH-000---00-00
2026-05-18 16:05:50.944 [com.alibaba.nacos.naming.failover.0] [none] DEBUG com.alibaba.nacos.client.naming - failover switch is not found, 00-00---000-VIPSRV_FAILOVER_SWITCH-000---00-00
2026-05-18 16:05:55.952 [com.alibaba.nacos.naming.failover.0] [none] DEBUG com.alibaba.nacos.client.naming - failover switch is not found, 00-00---000-VIPSRV_FAILOVER_SWITCH-000---00-00
2026-05-18 16:06:00.954 [com.alibaba.nacos.naming.failover.0] [none] DEBUG com.alibaba.nacos.client.naming - failover switch is not found, 00-00---000-VIPSRV_FAILOVER_SWITCH-000---00-00
2026-05-18 16:06:05.957 [com.alibaba.nacos.naming.failover.0] [none] DEBUG com.alibaba.nacos.client.naming - failover switch is not found, 00-00---000-VIPSRV_FAILOVER_SWITCH-000---00-00
2026-05-18 16:06:10.968 [com.alibaba.nacos.naming.failover.0] [none] DEBUG com.alibaba.nacos.client.naming - failover switch is not found, 00-00---000-VIPSRV_FAILOVER_SWITCH-000---00-00
2026-05-18 16:06:15.972 [com.alibaba.nacos.naming.failover.0] [none] DEBUG com.alibaba.nacos.client.naming - failover switch is not found, 00-00---000-VIPSRV_FAILOVER_SWITCH-000---00-00
2026-05-18 16:06:20.976 [com.alibaba.nacos.naming.failover.0] [none] DEBUG com.alibaba.nacos.client.naming - failover switch is not found, 00-00---000-VIPSRV_FAILOVER_SWITCH-000---00-00
2026-05-18 16:06:25.987 [com.alibaba.nacos.naming.failover.0] [none] DEBUG com.alibaba.nacos.client.naming - failover switch is not found, 00-00---000-VIPSRV_FAILOVER_SWITCH-000---00-00
2026-05-18 16:06:31.001 [com.alibaba.nacos.naming.failover.0] [none] DEBUG com.alibaba.nacos.client.naming - failover switch is not found, 00-00---000-VIPSRV_FAILOVER_SWITCH-000---00-00
2026-05-18 16:06:36.012 [com.alibaba.nacos.naming.failover.0] [none] DEBUG com.alibaba.nacos.client.naming - failover switch is not found, 00-00---000-VIPSRV_FAILOVER_SWITCH-000---00-00
2026-05-18 16:06:41.016 [com.alibaba.nacos.naming.failover.0] [none] DEBUG com.alibaba.nacos.client.naming - failover switch is not found, 00-00---000-VIPSRV_FAILOVER_SWITCH-000---00-00
2026-05-18 16:06:46.026 [com.alibaba.nacos.naming.failover.0] [none] DEBUG com.alibaba.nacos.client.naming - failover switch is not found, 00-00---000-VIPSRV_FAILOVER_SWITCH-000---00-00
2026-05-18 16:06:51.028 [com.alibaba.nacos.naming.failover.0] [none] DEBUG com.alibaba.nacos.client.naming - failover switch is not found, 00-00---000-VIPSRV_FAILOVER_SWITCH-000---00-00
2026-05-18 16:06:56.038 [com.alibaba.nacos.naming.failover.0] [none] DEBUG com.alibaba.nacos.client.naming - failover switch is not found, 00-00---000-VIPSRV_FAILOVER_SWITCH-000---00-00
2026-05-18 16:07:01.044 [com.alibaba.nacos.naming.failover.0] [none] DEBUG com.alibaba.nacos.client.naming - failover switch is not found, 00-00---000-VIPSRV_FAILOVER_SWITCH-000---00-00
2026-05-18 16:07:06.047 [com.alibaba.nacos.naming.failover.0] [none] DEBUG com.alibaba.nacos.client.naming - failover switch is not found, 00-00---000-VIPSRV_FAILOVER_SWITCH-000---00-00
2026-05-18 16:07:11.057 [com.alibaba.nacos.naming.failover.0] [none] DEBUG com.alibaba.nacos.client.naming - failover switch is not found, 00-00---000-VIPSRV_FAILOVER_SWITCH-000---00-00
2026-05-18 16:07:16.072 [com.alibaba.nacos.naming.failover.0] [none] DEBUG com.alibaba.nacos.client.naming - failover switch is not found, 00-00---000-VIPSRV_FAILOVER_SWITCH-000---00-00
2026-05-18 16:07:21.088 [com.alibaba.nacos.naming.failover.0] [none] DEBUG com.alibaba.nacos.client.naming - failover switch is not found, 00-00---000-VIPSRV_FAILOVER_SWITCH-000---00-00
2026-05-18 16:07:26.090 [com.alibaba.nacos.naming.failover.0] [none] DEBUG com.alibaba.nacos.client.naming - failover switch is not found, 00-00---000-VIPSRV_FAILOVER_SWITCH-000---00-00
2026-05-18 16:07:31.097 [com.alibaba.nacos.naming.failover.0] [none] DEBUG com.alibaba.nacos.client.naming - failover switch is not found, 00-00---000-VIPSRV_FAILOVER_SWITCH-000---00-00
2026-05-18 16:07:36.102 [com.alibaba.nacos.naming.failover.0] [none] DEBUG com.alibaba.nacos.client.naming - failover switch is not found, 00-00---000-VIPSRV_FAILOVER_SWITCH-000---00-00
2026-05-18 16:07:41.106 [com.alibaba.nacos.naming.failover.0] [none] DEBUG com.alibaba.nacos.client.naming - failover switch is not found, 00-00---000-VIPSRV_FAILOVER_SWITCH-000---00-00
2026-05-18 16:07:46.113 [com.alibaba.nacos.naming.failover.0] [none] DEBUG com.alibaba.nacos.client.naming - failover switch is not found, 00-00---000-VIPSRV_FAILOVER_SWITCH-000---00-00
2026-05-18 16:07:51.120 [com.alibaba.nacos.naming.failover.0] [none] DEBUG com.alibaba.nacos.client.naming - failover switch is not found, 00-00---000-VIPSRV_FAILOVER_SWITCH-000---00-00
2026-05-18 16:07:56.127 [com.alibaba.nacos.naming.failover.0] [none] DEBUG com.alibaba.nacos.client.naming - failover switch is not found, 00-00---000-VIPSRV_FAILOVER_SWITCH-000---00-00
2026-05-18 16:08:01.134 [com.alibaba.nacos.naming.failover.0] [none] DEBUG com.alibaba.nacos.client.naming - failover switch is not found, 00-00---000-VIPSRV_FAILOVER_SWITCH-000---00-00
2026-05-18 16:08:06.149 [com.alibaba.nacos.naming.failover.0] [none] DEBUG com.alibaba.nacos.client.naming - failover switch is not found, 00-00---000-VIPSRV_FAILOVER_SWITCH-000---00-00
2026-05-18 16:08:11.159 [com.alibaba.nacos.naming.failover.0] [none] DEBUG com.alibaba.nacos.client.naming - failover switch is not found, 00-00---000-VIPSRV_FAILOVER_SWITCH-000---00-00
2026-05-18 16:08:16.167 [com.alibaba.nacos.naming.failover.0] [none] DEBUG com.alibaba.nacos.client.naming - failover switch is not found, 00-00---000-VIPSRV_FAILOVER_SWITCH-000---00-00
2026-05-18 16:08:21.182 [com.alibaba.nacos.naming.failover.0] [none] DEBUG com.alibaba.nacos.client.naming - failover switch is not found, 00-00---000-VIPSRV_FAILOVER_SWITCH-000---00-00
2026-05-18 16:08:26.189 [com.alibaba.nacos.naming.failover.0] [none] DEBUG com.alibaba.nacos.client.naming - failover switch is not found, 00-00---000-VIPSRV_FAILOVER_SWITCH-000---00-00
2026-05-18 16:08:31.195 [com.alibaba.nacos.naming.failover.0] [none] DEBUG com.alibaba.nacos.client.naming - failover switch is not found, 00-00---000-VIPSRV_FAILOVER_SWITCH-000---00-00
2026-05-18 16:08:36.210 [com.alibaba.nacos.naming.failover.0] [none] DEBUG com.alibaba.nacos.client.naming - failover switch is not found, 00-00---000-VIPSRV_FAILOVER_SWITCH-000---00-00
2026-05-18 16:08:41.216 [com.alibaba.nacos.naming.failover.0] [none] DEBUG com.alibaba.nacos.client.naming - failover switch is not found, 00-00---000-VIPSRV_FAILOVER_SWITCH-000---00-00
2026-05-18 16:08:46.223 [com.alibaba.nacos.naming.failover.0] [none] DEBUG com.alibaba.nacos.client.naming - failover switch is not found, 00-00---000-VIPSRV_FAILOVER_SWITCH-000---00-00
2026-05-18 16:08:51.235 [com.alibaba.nacos.naming.failover.0] [none] DEBUG com.alibaba.nacos.client.naming - failover switch is not found, 00-00---000-VIPSRV_FAILOVER_SWITCH-000---00-00
2026-05-18 16:08:56.237 [com.alibaba.nacos.naming.failover.0] [none] DEBUG com.alibaba.nacos.client.naming - failover switch is not found, 00-00---000-VIPSRV_FAILOVER_SWITCH-000---00-00
2026-05-18 16:09:01.245 [com.alibaba.nacos.naming.failover.0] [none] DEBUG com.alibaba.nacos.client.naming - failover switch is not found, 00-00---000-VIPSRV_FAILOVER_SWITCH-000---00-00
2026-05-18 16:09:06.246 [com.alibaba.nacos.naming.failover.0] [none] DEBUG com.alibaba.nacos.client.naming - failover switch is not found, 00-00---000-VIPSRV_FAILOVER_SWITCH-000---00-00
2026-05-18 16:09:11.250 [com.alibaba.nacos.naming.failover.0] [none] DEBUG com.alibaba.nacos.client.naming - failover switch is not found, 00-00---000-VIPSRV_FAILOVER_SWITCH-000---00-00
2026-05-18 16:09:16.252 [com.alibaba.nacos.naming.failover.0] [none] DEBUG com.alibaba.nacos.client.naming - failover switch is not found, 00-00---000-VIPSRV_FAILOVER_SWITCH-000---00-00
2026-05-18 16:09:21.254 [com.alibaba.nacos.naming.failover.0] [none] DEBUG com.alibaba.nacos.client.naming - failover switch is not found, 00-00---000-VIPSRV_FAILOVER_SWITCH-000---00-00
2026-05-18 16:09:26.268 [com.alibaba.nacos.naming.failover.0] [none] DEBUG com.alibaba.nacos.client.naming - failover switch is not found, 00-00---000-VIPSRV_FAILOVER_SWITCH-000---00-00
2026-05-18 16:09:31.272 [com.alibaba.nacos.naming.failover.0] [none] DEBUG com.alibaba.nacos.client.naming - failover switch is not found, 00-00---000-VIPSRV_FAILOVER_SWITCH-000---00-00
2026-05-18 16:09:36.277 [com.alibaba.nacos.naming.failover.0] [none] DEBUG com.alibaba.nacos.client.naming - failover switch is not found, 00-00---000-VIPSRV_FAILOVER_SWITCH-000---00-00
2026-05-18 16:09:41.283 [com.alibaba.nacos.naming.failover.0] [none] DEBUG com.alibaba.nacos.client.naming - failover switch is not found, 00-00---000-VIPSRV_FAILOVER_SWITCH-000---00-00
2026-05-18 16:09:46.285 [com.alibaba.nacos.naming.failover.0] [none] DEBUG com.alibaba.nacos.client.naming - failover switch is not found, 00-00---000-VIPSRV_FAILOVER_SWITCH-000---00-00
2026-05-18 16:09:51.313 [com.alibaba.nacos.naming.failover.0] [none] DEBUG com.alibaba.nacos.client.naming - failover switch is not found, 00-00---000-VIPSRV_FAILOVER_SWITCH-000---00-00
2026-05-18 16:09:56.329 [com.alibaba.nacos.naming.failover.0] [none] DEBUG com.alibaba.nacos.client.naming - failover switch is not found, 00-00---000-VIPSRV_FAILOVER_SWITCH-000---00-00
2026-05-18 16:10:01.334 [com.alibaba.nacos.naming.failover.0] [none] DEBUG com.alibaba.nacos.client.naming - failover switch is not found, 00-00---000-VIPSRV_FAILOVER_SWITCH-000---00-00
2026-05-18 16:10:06.340 [com.alibaba.nacos.naming.failover.0] [none] DEBUG com.alibaba.nacos.client.naming - failover switch is not found, 00-00---000-VIPSRV_FAILOVER_SWITCH-000---00-00
2026-05-18 16:10:11.344 [com.alibaba.nacos.naming.failover.0] [none] DEBUG com.alibaba.nacos.client.naming - failover switch is not found, 00-00---000-VIPSRV_FAILOVER_SWITCH-000---00-00
2026-05-18 16:10:16.347 [com.alibaba.nacos.naming.failover.0] [none] DEBUG com.alibaba.nacos.client.naming - failover switch is not found, 00-00---000-VIPSRV_FAILOVER_SWITCH-000---00-00
2026-05-18 16:10:21.355 [com.alibaba.nacos.naming.failover.0] [none] DEBUG com.alibaba.nacos.client.naming - failover switch is not found, 00-00---000-VIPSRV_FAILOVER_SWITCH-000---00-00
2026-05-18 16:10:26.359 [com.alibaba.nacos.naming.failover.0] [none] DEBUG com.alibaba.nacos.client.naming - failover switch is not found, 00-00---000-VIPSRV_FAILOVER_SWITCH-000---00-00
2026-05-18 16:10:31.365 [com.alibaba.nacos.naming.failover.0] [none] DEBUG com.alibaba.nacos.client.naming - failover switch is not found, 00-00---000-VIPSRV_FAILOVER_SWITCH-000---00-00
2026-05-18 16:10:36.381 [com.alibaba.nacos.naming.failover.0] [none] DEBUG com.alibaba.nacos.client.naming - failover switch is not found, 00-00---000-VIPSRV_FAILOVER_SWITCH-000---00-00
2026-05-18 16:10:41.390 [com.alibaba.nacos.naming.failover.0] [none] DEBUG com.alibaba.nacos.client.naming - failover switch is not found, 00-00---000-VIPSRV_FAILOVER_SWITCH-000---00-00
2026-05-18 16:10:46.393 [com.alibaba.nacos.naming.failover.0] [none] DEBUG com.alibaba.nacos.client.naming - failover switch is not found, 00-00---000-VIPSRV_FAILOVER_SWITCH-000---00-00
2026-05-18 16:10:51.401 [com.alibaba.nacos.naming.failover.0] [none] DEBUG com.alibaba.nacos.client.naming - failover switch is not found, 00-00---000-VIPSRV_FAILOVER_SWITCH-000---00-00
2026-05-18 16:10:56.407 [com.alibaba.nacos.naming.failover.0] [none] DEBUG com.alibaba.nacos.client.naming - failover switch is not found, 00-00---000-VIPSRV_FAILOVER_SWITCH-000---00-00
2026-05-18 16:11:01.408 [com.alibaba.nacos.naming.failover.0] [none] DEBUG com.alibaba.nacos.client.naming - failover switch is not found, 00-00---000-VIPSRV_FAILOVER_SWITCH-000---00-00
2026-05-18 16:11:06.415 [com.alibaba.nacos.naming.failover.0] [none] DEBUG com.alibaba.nacos.client.naming - failover switch is not found, 00-00---000-VIPSRV_FAILOVER_SWITCH-000---00-00
2026-05-18 16:11:11.422 [com.alibaba.nacos.naming.failover.0] [none] DEBUG com.alibaba.nacos.client.naming - failover switch is not found, 00-00---000-VIPSRV_FAILOVER_SWITCH-000---00-00
2026-05-18 16:11:16.427 [com.alibaba.nacos.naming.failover.0] [none] DEBUG com.alibaba.nacos.client.naming - failover switch is not found, 00-00---000-VIPSRV_FAILOVER_SWITCH-000---00-00
2026-05-18 16:11:21.434 [com.alibaba.nacos.naming.failover.0] [none] DEBUG com.alibaba.nacos.client.naming - failover switch is not found, 00-00---000-VIPSRV_FAILOVER_SWITCH-000---00-00
2026-05-18 16:11:26.497 [com.alibaba.nacos.naming.failover.0] [none] DEBUG com.alibaba.nacos.client.naming - failover switch is not found, 00-00---000-VIPSRV_FAILOVER_SWITCH-000---00-00
2026-05-18 16:11:31.501 [com.alibaba.nacos.naming.failover.0] [none] DEBUG com.alibaba.nacos.client.naming - failover switch is not found, 00-00---000-VIPSRV_FAILOVER_SWITCH-000---00-00
2026-05-18 16:11:36.512 [com.alibaba.nacos.naming.failover.0] [none] DEBUG com.alibaba.nacos.client.naming - failover switch is not found, 00-00---000-VIPSRV_FAILOVER_SWITCH-000---00-00
2026-05-18 16:11:41.514 [com.alibaba.nacos.naming.failover.0] [none] DEBUG com.alibaba.nacos.client.naming - failover switch is not found, 00-00---000-VIPSRV_FAILOVER_SWITCH-000---00-00
2026-05-18 16:11:46.518 [com.alibaba.nacos.naming.failover.0] [none] DEBUG com.alibaba.nacos.client.naming - failover switch is not found, 00-00---000-VIPSRV_FAILOVER_SWITCH-000---00-00
2026-05-18 16:11:51.525 [com.alibaba.nacos.naming.failover.0] [none] DEBUG com.alibaba.nacos.client.naming - failover switch is not found, 00-00---000-VIPSRV_FAILOVER_SWITCH-000---00-00
2026-05-18 16:11:56.531 [com.alibaba.nacos.naming.failover.0] [none] DEBUG com.alibaba.nacos.client.naming - failover switch is not found, 00-00---000-VIPSRV_FAILOVER_SWITCH-000---00-00
2026-05-18 16:12:01.540 [com.alibaba.nacos.naming.failover.0] [none] DEBUG com.alibaba.nacos.client.naming - failover switch is not found, 00-00---000-VIPSRV_FAILOVER_SWITCH-000---00-00
2026-05-18 16:12:06.542 [com.alibaba.nacos.naming.failover.0] [none] DEBUG com.alibaba.nacos.client.naming - failover switch is not found, 00-00---000-VIPSRV_FAILOVER_SWITCH-000---00-00
2026-05-18 16:12:11.548 [com.alibaba.nacos.naming.failover.0] [none] DEBUG com.alibaba.nacos.client.naming - failover switch is not found, 00-00---000-VIPSRV_FAILOVER_SWITCH-000---00-00
2026-05-18 16:12:16.550 [com.alibaba.nacos.naming.failover.0] [none] DEBUG com.alibaba.nacos.client.naming - failover switch is not found, 00-00---000-VIPSRV_FAILOVER_SWITCH-000---00-00
2026-05-18 16:12:21.557 [com.alibaba.nacos.naming.failover.0] [none] DEBUG com.alibaba.nacos.client.naming - failover switch is not found, 00-00---000-VIPSRV_FAILOVER_SWITCH-000---00-00
2026-05-18 16:12:26.558 [com.alibaba.nacos.naming.failover.0] [none] DEBUG com.alibaba.nacos.client.naming - failover switch is not found, 00-00---000-VIPSRV_FAILOVER_SWITCH-000---00-00
2026-05-18 16:12:31.559 [com.alibaba.nacos.naming.failover.0] [none] DEBUG com.alibaba.nacos.client.naming - failover switch is not found, 00-00---000-VIPSRV_FAILOVER_SWITCH-000---00-00
2026-05-18 16:12:36.560 [com.alibaba.nacos.naming.failover.0] [none] DEBUG com.alibaba.nacos.client.naming - failover switch is not found, 00-00---000-VIPSRV_FAILOVER_SWITCH-000---00-00
2026-05-18 16:12:41.562 [com.alibaba.nacos.naming.failover.0] [none] DEBUG com.alibaba.nacos.client.naming - failover switch is not found, 00-00---000-VIPSRV_FAILOVER_SWITCH-000---00-00
2026-05-18 16:12:46.562 [com.alibaba.nacos.naming.failover.0] [none] DEBUG com.alibaba.nacos.client.naming - failover switch is not found, 00-00---000-VIPSRV_FAILOVER_SWITCH-000---00-00
2026-05-18 16:12:51.567 [com.alibaba.nacos.naming.failover.0] [none] DEBUG com.alibaba.nacos.client.naming - failover switch is not found, 00-00---000-VIPSRV_FAILOVER_SWITCH-000---00-00
2026-05-18 16:12:56.568 [com.alibaba.nacos.naming.failover.0] [none] DEBUG com.alibaba.nacos.client.naming - failover switch is not found, 00-00---000-VIPSRV_FAILOVER_SWITCH-000---00-00
2026-05-18 16:13:01.569 [com.alibaba.nacos.naming.failover.0] [none] DEBUG com.alibaba.nacos.client.naming - failover switch is not found, 00-00---000-VIPSRV_FAILOVER_SWITCH-000---00-00
2026-05-18 16:13:06.572 [com.alibaba.nacos.naming.failover.0] [none] DEBUG com.alibaba.nacos.client.naming - failover switch is not found, 00-00---000-VIPSRV_FAILOVER_SWITCH-000---00-00
2026-05-18 16:13:11.572 [com.alibaba.nacos.naming.failover.0] [none] DEBUG com.alibaba.nacos.client.naming - failover switch is not found, 00-00---000-VIPSRV_FAILOVER_SWITCH-000---00-00
2026-05-18 16:13:16.573 [com.alibaba.nacos.naming.failover.0] [none] DEBUG com.alibaba.nacos.client.naming - failover switch is not found, 00-00---000-VIPSRV_FAILOVER_SWITCH-000---00-00
2026-05-18 16:13:21.574 [com.alibaba.nacos.naming.failover.0] [none] DEBUG com.alibaba.nacos.client.naming - failover switch is not found, 00-00---000-VIPSRV_FAILOVER_SWITCH-000---00-00
2026-05-18 16:13:26.576 [com.alibaba.nacos.naming.failover.0] [none] DEBUG com.alibaba.nacos.client.naming - failover switch is not found, 00-00---000-VIPSRV_FAILOVER_SWITCH-000---00-00
2026-05-18 16:13:31.578 [com.alibaba.nacos.naming.failover.0] [none] DEBUG com.alibaba.nacos.client.naming - failover switch is not found, 00-00---000-VIPSRV_FAILOVER_SWITCH-000---00-00
2026-05-18 16:13:36.579 [com.alibaba.nacos.naming.failover.0] [none] DEBUG com.alibaba.nacos.client.naming - failover switch is not found, 00-00---000-VIPSRV_FAILOVER_SWITCH-000---00-00
2026-05-18 16:13:41.602 [com.alibaba.nacos.naming.failover.0] [none] DEBUG com.alibaba.nacos.client.naming - failover switch is not found, 00-00---000-VIPSRV_FAILOVER_SWITCH-000---00-00
2026-05-18 16:13:46.603 [com.alibaba.nacos.naming.failover.0] [none] DEBUG com.alibaba.nacos.client.naming - failover switch is not found, 00-00---000-VIPSRV_FAILOVER_SWITCH-000---00-00
2026-05-18 16:13:51.604 [com.alibaba.nacos.naming.failover.0] [none] DEBUG com.alibaba.nacos.client.naming - failover switch is not found, 00-00---000-VIPSRV_FAILOVER_SWITCH-000---00-00
2026-05-18 16:13:56.605 [com.alibaba.nacos.naming.failover.0] [none] DEBUG com.alibaba.nacos.client.naming - failover switch is not found, 00-00---000-VIPSRV_FAILOVER_SWITCH-000---00-00
2026-05-18 16:14:01.607 [com.alibaba.nacos.naming.failover.0] [none] DEBUG com.alibaba.nacos.client.naming - failover switch is not found, 00-00---000-VIPSRV_FAILOVER_SWITCH-000---00-00
2026-05-18 16:14:06.608 [com.alibaba.nacos.naming.failover.0] [none] DEBUG com.alibaba.nacos.client.naming - failover switch is not found, 00-00---000-VIPSRV_FAILOVER_SWITCH-000---00-00
2026-05-18 16:14:11.609 [com.alibaba.nacos.naming.failover.0] [none] DEBUG com.alibaba.nacos.client.naming - failover switch is not found, 00-00---000-VIPSRV_FAILOVER_SWITCH-000---00-00
2026-05-18 16:14:16.609 [com.alibaba.nacos.naming.failover.0] [none] DEBUG com.alibaba.nacos.client.naming - failover switch is not found, 00-00---000-VIPSRV_FAILOVER_SWITCH-000---00-00
2026-05-18 16:14:21.610 [com.alibaba.nacos.naming.failover.0] [none] DEBUG com.alibaba.nacos.client.naming - failover switch is not found, 00-00---000-VIPSRV_FAILOVER_SWITCH-000---00-00
2026-05-18 16:14:26.611 [com.alibaba.nacos.naming.failover.0] [none] DEBUG com.alibaba.nacos.client.naming - failover switch is not found, 00-00---000-VIPSRV_FAILOVER_SWITCH-000---00-00
2026-05-18 16:14:31.612 [com.alibaba.nacos.naming.failover.0] [none] DEBUG com.alibaba.nacos.client.naming - failover switch is not found, 00-00---000-VIPSRV_FAILOVER_SWITCH-000---00-00
2026-05-18 16:14:36.613 [com.alibaba.nacos.naming.failover.0] [none] DEBUG com.alibaba.nacos.client.naming - failover switch is not found, 00-00---000-VIPSRV_FAILOVER_SWITCH-000---00-00
2026-05-18 16:14:41.615 [com.alibaba.nacos.naming.failover.0] [none] DEBUG com.alibaba.nacos.client.naming - failover switch is not found, 00-00---000-VIPSRV_FAILOVER_SWITCH-000---00-00
2026-05-18 16:14:46.616 [com.alibaba.nacos.naming.failover.0] [none] DEBUG com.alibaba.nacos.client.naming - failover switch is not found, 00-00---000-VIPSRV_FAILOVER_SWITCH-000---00-00
2026-05-18 16:14:51.618 [com.alibaba.nacos.naming.failover.0] [none] DEBUG com.alibaba.nacos.client.naming - failover switch is not found, 00-00---000-VIPSRV_FAILOVER_SWITCH-000---00-00
2026-05-18 16:14:56.618 [com.alibaba.nacos.naming.failover.0] [none] DEBUG com.alibaba.nacos.client.naming - failover switch is not found, 00-00---000-VIPSRV_FAILOVER_SWITCH-000---00-00
2026-05-18 16:15:01.619 [com.alibaba.nacos.naming.failover.0] [none] DEBUG com.alibaba.nacos.client.naming - failover switch is not found, 00-00---000-VIPSRV_FAILOVER_SWITCH-000---00-00
2026-05-18 16:15:06.619 [com.alibaba.nacos.naming.failover.0] [none] DEBUG com.alibaba.nacos.client.naming - failover switch is not found, 00-00---000-VIPSRV_FAILOVER_SWITCH-000---00-00
2026-05-18 16:15:11.620 [com.alibaba.nacos.naming.failover.0] [none] DEBUG com.alibaba.nacos.client.naming - failover switch is not found, 00-00---000-VIPSRV_FAILOVER_SWITCH-000---00-00
2026-05-18 16:15:16.621 [com.alibaba.nacos.naming.failover.0] [none] DEBUG com.alibaba.nacos.client.naming - failover switch is not found, 00-00---000-VIPSRV_FAILOVER_SWITCH-000---00-00
2026-05-18 16:15:21.622 [com.alibaba.nacos.naming.failover.0] [none] DEBUG com.alibaba.nacos.client.naming - failover switch is not found, 00-00---000-VIPSRV_FAILOVER_SWITCH-000---00-00
2026-05-18 16:15:26.623 [com.alibaba.nacos.naming.failover.0] [none] DEBUG com.alibaba.nacos.client.naming - failover switch is not found, 00-00---000-VIPSRV_FAILOVER_SWITCH-000---00-00
2026-05-18 16:15:31.623 [com.alibaba.nacos.naming.failover.0] [none] DEBUG com.alibaba.nacos.client.naming - failover switch is not found, 00-00---000-VIPSRV_FAILOVER_SWITCH-000---00-00
2026-05-18 16:15:36.623 [com.alibaba.nacos.naming.failover.0] [none] DEBUG com.alibaba.nacos.client.naming - failover switch is not found, 00-00---000-VIPSRV_FAILOVER_SWITCH-000---00-00
2026-05-18 16:15:41.625 [com.alibaba.nacos.naming.failover.0] [none] DEBUG com.alibaba.nacos.client.naming - failover switch is not found, 00-00---000-VIPSRV_FAILOVER_SWITCH-000---00-00
2026-05-18 16:15:46.625 [com.alibaba.nacos.naming.failover.0] [none] DEBUG com.alibaba.nacos.client.naming - failover switch is not found, 00-00---000-VIPSRV_FAILOVER_SWITCH-000---00-00
2026-05-18 16:15:51.627 [com.alibaba.nacos.naming.failover.0] [none] DEBUG com.alibaba.nacos.client.naming - failover switch is not found, 00-00---000-VIPSRV_FAILOVER_SWITCH-000---00-00
2026-05-18 16:15:56.628 [com.alibaba.nacos.naming.failover.0] [none] DEBUG com.alibaba.nacos.client.naming - failover switch is not found, 00-00---000-VIPSRV_FAILOVER_SWITCH-000---00-00
2026-05-18 16:16:01.628 [com.alibaba.nacos.naming.failover.0] [none] DEBUG com.alibaba.nacos.client.naming - failover switch is not found, 00-00---000-VIPSRV_FAILOVER_SWITCH-000---00-00
2026-05-18 16:16:06.628 [com.alibaba.nacos.naming.failover.0] [none] DEBUG com.alibaba.nacos.client.naming - failover switch is not found, 00-00---000-VIPSRV_FAILOVER_SWITCH-000---00-00
2026-05-18 16:16:11.629 [com.alibaba.nacos.naming.failover.0] [none] DEBUG com.alibaba.nacos.client.naming - failover switch is not found, 00-00---000-VIPSRV_FAILOVER_SWITCH-000---00-00
2026-05-18 16:16:16.630 [com.alibaba.nacos.naming.failover.0] [none] DEBUG com.alibaba.nacos.client.naming - failover switch is not found, 00-00---000-VIPSRV_FAILOVER_SWITCH-000---00-00
2026-05-18 16:16:21.631 [com.alibaba.nacos.naming.failover.0] [none] DEBUG com.alibaba.nacos.client.naming - failover switch is not found, 00-00---000-VIPSRV_FAILOVER_SWITCH-000---00-00
2026-05-18 16:16:26.632 [com.alibaba.nacos.naming.failover.0] [none] DEBUG com.alibaba.nacos.client.naming - failover switch is not found, 00-00---000-VIPSRV_FAILOVER_SWITCH-000---00-00
2026-05-18 16:16:31.632 [com.alibaba.nacos.naming.failover.0] [none] DEBUG com.alibaba.nacos.client.naming - failover switch is not found, 00-00---000-VIPSRV_FAILOVER_SWITCH-000---00-00
2026-05-18 16:16:36.662 [com.alibaba.nacos.naming.failover.0] [none] DEBUG com.alibaba.nacos.client.naming - failover switch is not found, 00-00---000-VIPSRV_FAILOVER_SWITCH-000---00-00
2026-05-18 16:16:41.663 [com.alibaba.nacos.naming.failover.0] [none] DEBUG com.alibaba.nacos.client.naming - failover switch is not found, 00-00---000-VIPSRV_FAILOVER_SWITCH-000---00-00
2026-05-18 16:16:46.679 [com.alibaba.nacos.naming.failover.0] [none] DEBUG com.alibaba.nacos.client.naming - failover switch is not found, 00-00---000-VIPSRV_FAILOVER_SWITCH-000---00-00
2026-05-18 16:16:51.699 [com.alibaba.nacos.naming.failover.0] [none] DEBUG com.alibaba.nacos.client.naming - failover switch is not found, 00-00---000-VIPSRV_FAILOVER_SWITCH-000---00-00
2026-05-18 16:16:56.731 [com.alibaba.nacos.naming.failover.0] [none] DEBUG com.alibaba.nacos.client.naming - failover switch is not found, 00-00---000-VIPSRV_FAILOVER_SWITCH-000---00-00
2026-05-18 16:17:01.738 [com.alibaba.nacos.naming.failover.0] [none] DEBUG com.alibaba.nacos.client.naming - failover switch is not found, 00-00---000-VIPSRV_FAILOVER_SWITCH-000---00-00
2026-05-18 16:17:06.741 [com.alibaba.nacos.naming.failover.0] [none] DEBUG com.alibaba.nacos.client.naming - failover switch is not found, 00-00---000-VIPSRV_FAILOVER_SWITCH-000---00-00
2026-05-18 16:17:11.757 [com.alibaba.nacos.naming.failover.0] [none] DEBUG com.alibaba.nacos.client.naming - failover switch is not found, 00-00---000-VIPSRV_FAILOVER_SWITCH-000---00-00
2026-05-18 16:17:16.770 [com.alibaba.nacos.naming.failover.0] [none] DEBUG com.alibaba.nacos.client.naming - failover switch is not found, 00-00---000-VIPSRV_FAILOVER_SWITCH-000---00-00
2026-05-18 16:17:21.785 [com.alibaba.nacos.naming.failover.0] [none] DEBUG com.alibaba.nacos.client.naming - failover switch is not found, 00-00---000-VIPSRV_FAILOVER_SWITCH-000---00-00
2026-05-18 16:17:26.790 [com.alibaba.nacos.naming.failover.0] [none] DEBUG com.alibaba.nacos.client.naming - failover switch is not found, 00-00---000-VIPSRV_FAILOVER_SWITCH-000---00-00
2026-05-18 16:17:31.800 [com.alibaba.nacos.naming.failover.0] [none] DEBUG com.alibaba.nacos.client.naming - failover switch is not found, 00-00---000-VIPSRV_FAILOVER_SWITCH-000---00-00
2026-05-18 16:17:36.818 [com.alibaba.nacos.naming.failover.0] [none] DEBUG com.alibaba.nacos.client.naming - failover switch is not found, 00-00---000-VIPSRV_FAILOVER_SWITCH-000---00-00
2026-05-18 16:17:41.829 [com.alibaba.nacos.naming.failover.0] [none] DEBUG com.alibaba.nacos.client.naming - failover switch is not found, 00-00---000-VIPSRV_FAILOVER_SWITCH-000---00-00
2026-05-18 16:17:46.836 [com.alibaba.nacos.naming.failover.0] [none] DEBUG com.alibaba.nacos.client.naming - failover switch is not found, 00-00---000-VIPSRV_FAILOVER_SWITCH-000---00-00
2026-05-18 16:17:51.838 [com.alibaba.nacos.naming.failover.0] [none] DEBUG com.alibaba.nacos.client.naming - failover switch is not found, 00-00---000-VIPSRV_FAILOVER_SWITCH-000---00-00
2026-05-18 16:17:56.857 [com.alibaba.nacos.naming.failover.0] [none] DEBUG com.alibaba.nacos.client.naming - failover switch is not found, 00-00---000-VIPSRV_FAILOVER_SWITCH-000---00-00
2026-05-18 16:18:01.860 [com.alibaba.nacos.naming.failover.0] [none] DEBUG com.alibaba.nacos.client.naming - failover switch is not found, 00-00---000-VIPSRV_FAILOVER_SWITCH-000---00-00
2026-05-18 16:18:06.866 [com.alibaba.nacos.naming.failover.0] [none] DEBUG com.alibaba.nacos.client.naming - failover switch is not found, 00-00---000-VIPSRV_FAILOVER_SWITCH-000---00-00
2026-05-18 16:18:11.876 [com.alibaba.nacos.naming.failover.0] [none] DEBUG com.alibaba.nacos.client.naming - failover switch is not found, 00-00---000-VIPSRV_FAILOVER_SWITCH-000---00-00
2026-05-18 16:18:16.876 [com.alibaba.nacos.naming.failover.0] [none] DEBUG com.alibaba.nacos.client.naming - failover switch is not found, 00-00---000-VIPSRV_FAILOVER_SWITCH-000---00-00
2026-05-18 16:18:21.877 [com.alibaba.nacos.naming.failover.0] [none] DEBUG com.alibaba.nacos.client.naming - failover switch is not found, 00-00---000-VIPSRV_FAILOVER_SWITCH-000---00-00
2026-05-18 16:18:26.878 [com.alibaba.nacos.naming.failover.0] [none] DEBUG com.alibaba.nacos.client.naming - failover switch is not found, 00-00---000-VIPSRV_FAILOVER_SWITCH-000---00-00
2026-05-18 16:18:31.879 [com.alibaba.nacos.naming.failover.0] [none] DEBUG com.alibaba.nacos.client.naming - failover switch is not found, 00-00---000-VIPSRV_FAILOVER_SWITCH-000---00-00
2026-05-18 16:18:36.880 [com.alibaba.nacos.naming.failover.0] [none] DEBUG com.alibaba.nacos.client.naming - failover switch is not found, 00-00---000-VIPSRV_FAILOVER_SWITCH-000---00-00
2026-05-18 16:18:41.880 [com.alibaba.nacos.naming.failover.0] [none] DEBUG com.alibaba.nacos.client.naming - failover switch is not found, 00-00---000-VIPSRV_FAILOVER_SWITCH-000---00-00
2026-05-18 16:18:46.881 [com.alibaba.nacos.naming.failover.0] [none] DEBUG com.alibaba.nacos.client.naming - failover switch is not found, 00-00---000-VIPSRV_FAILOVER_SWITCH-000---00-00
2026-05-18 16:18:51.881 [com.alibaba.nacos.naming.failover.0] [none] DEBUG com.alibaba.nacos.client.naming - failover switch is not found, 00-00---000-VIPSRV_FAILOVER_SWITCH-000---00-00
2026-05-18 16:18:56.882 [com.alibaba.nacos.naming.failover.0] [none] DEBUG com.alibaba.nacos.client.naming - failover switch is not found, 00-00---000-VIPSRV_FAILOVER_SWITCH-000---00-00
2026-05-18 16:19:01.883 [com.alibaba.nacos.naming.failover.0] [none] DEBUG com.alibaba.nacos.client.naming - failover switch is not found, 00-00---000-VIPSRV_FAILOVER_SWITCH-000---00-00
2026-05-18 16:19:06.883 [com.alibaba.nacos.naming.failover.0] [none] DEBUG com.alibaba.nacos.client.naming - failover switch is not found, 00-00---000-VIPSRV_FAILOVER_SWITCH-000---00-00
2026-05-18 16:19:11.885 [com.alibaba.nacos.naming.failover.0] [none] DEBUG com.alibaba.nacos.client.naming - failover switch is not found, 00-00---000-VIPSRV_FAILOVER_SWITCH-000---00-00
2026-05-18 16:19:16.886 [com.alibaba.nacos.naming.failover.0] [none] DEBUG com.alibaba.nacos.client.naming - failover switch is not found, 00-00---000-VIPSRV_FAILOVER_SWITCH-000---00-00
2026-05-18 16:19:21.887 [com.alibaba.nacos.naming.failover.0] [none] DEBUG com.alibaba.nacos.client.naming - failover switch is not found, 00-00---000-VIPSRV_FAILOVER_SWITCH-000---00-00
2026-05-18 16:19:26.888 [com.alibaba.nacos.naming.failover.0] [none] DEBUG com.alibaba.nacos.client.naming - failover switch is not found, 00-00---000-VIPSRV_FAILOVER_SWITCH-000---00-00
2026-05-18 16:19:31.889 [com.alibaba.nacos.naming.failover.0] [none] DEBUG com.alibaba.nacos.client.naming - failover switch is not found, 00-00---000-VIPSRV_FAILOVER_SWITCH-000---00-00
2026-05-18 16:19:36.890 [com.alibaba.nacos.naming.failover.0] [none] DEBUG com.alibaba.nacos.client.naming - failover switch is not found, 00-00---000-VIPSRV_FAILOVER_SWITCH-000---00-00
2026-05-18 16:19:41.891 [com.alibaba.nacos.naming.failover.0] [none] DEBUG com.alibaba.nacos.client.naming - failover switch is not found, 00-00---000-VIPSRV_FAILOVER_SWITCH-000---00-00
2026-05-18 16:19:46.892 [com.alibaba.nacos.naming.failover.0] [none] DEBUG com.alibaba.nacos.client.naming - failover switch is not found, 00-00---000-VIPSRV_FAILOVER_SWITCH-000---00-00
2026-05-18 16:19:51.893 [com.alibaba.nacos.naming.failover.0] [none] DEBUG com.alibaba.nacos.client.naming - failover switch is not found, 00-00---000-VIPSRV_FAILOVER_SWITCH-000---00-00
2026-05-18 16:19:56.893 [com.alibaba.nacos.naming.failover.0] [none] DEBUG com.alibaba.nacos.client.naming - failover switch is not found, 00-00---000-VIPSRV_FAILOVER_SWITCH-000---00-00
2026-05-18 16:20:01.894 [com.alibaba.nacos.naming.failover.0] [none] DEBUG com.alibaba.nacos.client.naming - failover switch is not found, 00-00---000-VIPSRV_FAILOVER_SWITCH-000---00-00
2026-05-18 16:20:06.895 [com.alibaba.nacos.naming.failover.0] [none] DEBUG com.alibaba.nacos.client.naming - failover switch is not found, 00-00---000-VIPSRV_FAILOVER_SWITCH-000---00-00
2026-05-18 16:20:11.896 [com.alibaba.nacos.naming.failover.0] [none] DEBUG com.alibaba.nacos.client.naming - failover switch is not found, 00-00---000-VIPSRV_FAILOVER_SWITCH-000---00-00
2026-05-18 16:20:16.898 [com.alibaba.nacos.naming.failover.0] [none] DEBUG com.alibaba.nacos.client.naming - failover switch is not found, 00-00---000-VIPSRV_FAILOVER_SWITCH-000---00-00
2026-05-18 16:20:21.898 [com.alibaba.nacos.naming.failover.0] [none] DEBUG com.alibaba.nacos.client.naming - failover switch is not found, 00-00---000-VIPSRV_FAILOVER_SWITCH-000---00-00
2026-05-18 16:20:26.900 [com.alibaba.nacos.naming.failover.0] [none] DEBUG com.alibaba.nacos.client.naming - failover switch is not found, 00-00---000-VIPSRV_FAILOVER_SWITCH-000---00-00
2026-05-18 16:20:31.902 [com.alibaba.nacos.naming.failover.0] [none] DEBUG com.alibaba.nacos.client.naming - failover switch is not found, 00-00---000-VIPSRV_FAILOVER_SWITCH-000---00-00
2026-05-18 16:20:36.903 [com.alibaba.nacos.naming.failover.0] [none] DEBUG com.alibaba.nacos.client.naming - failover switch is not found, 00-00---000-VIPSRV_FAILOVER_SWITCH-000---00-00
2026-05-18 16:20:41.904 [com.alibaba.nacos.naming.failover.0] [none] DEBUG com.alibaba.nacos.client.naming - failover switch is not found, 00-00---000-VIPSRV_FAILOVER_SWITCH-000---00-00
2026-05-18 16:20:46.904 [com.alibaba.nacos.naming.failover.0] [none] DEBUG com.alibaba.nacos.client.naming - failover switch is not found, 00-00---000-VIPSRV_FAILOVER_SWITCH-000---00-00
2026-05-18 16:20:51.905 [com.alibaba.nacos.naming.failover.0] [none] DEBUG com.alibaba.nacos.client.naming - failover switch is not found, 00-00---000-VIPSRV_FAILOVER_SWITCH-000---00-00
2026-05-18 16:20:56.906 [com.alibaba.nacos.naming.failover.0] [none] DEBUG com.alibaba.nacos.client.naming - failover switch is not found, 00-00---000-VIPSRV_FAILOVER_SWITCH-000---00-00
2026-05-18 16:21:01.907 [com.alibaba.nacos.naming.failover.0] [none] DEBUG com.alibaba.nacos.client.naming - failover switch is not found, 00-00---000-VIPSRV_FAILOVER_SWITCH-000---00-00
2026-05-18 16:21:06.908 [com.alibaba.nacos.naming.failover.0] [none] DEBUG com.alibaba.nacos.client.naming - failover switch is not found, 00-00---000-VIPSRV_FAILOVER_SWITCH-000---00-00
2026-05-18 16:21:11.910 [com.alibaba.nacos.naming.failover.0] [none] DEBUG com.alibaba.nacos.client.naming - failover switch is not found, 00-00---000-VIPSRV_FAILOVER_SWITCH-000---00-00
2026-05-18 16:21:16.911 [com.alibaba.nacos.naming.failover.0] [none] DEBUG com.alibaba.nacos.client.naming - failover switch is not found, 00-00---000-VIPSRV_FAILOVER_SWITCH-000---00-00
2026-05-18 16:21:21.911 [com.alibaba.nacos.naming.failover.0] [none] DEBUG com.alibaba.nacos.client.naming - failover switch is not found, 00-00---000-VIPSRV_FAILOVER_SWITCH-000---00-00
2026-05-18 16:21:26.913 [com.alibaba.nacos.naming.failover.0] [none] DEBUG com.alibaba.nacos.client.naming - failover switch is not found, 00-00---000-VIPSRV_FAILOVER_SWITCH-000---00-00
2026-05-18 16:21:31.914 [com.alibaba.nacos.naming.failover.0] [none] DEBUG com.alibaba.nacos.client.naming - failover switch is not found, 00-00---000-VIPSRV_FAILOVER_SWITCH-000---00-00
2026-05-18 16:21:36.915 [com.alibaba.nacos.naming.failover.0] [none] DEBUG com.alibaba.nacos.client.naming - failover switch is not found, 00-00---000-VIPSRV_FAILOVER_SWITCH-000---00-00
2026-05-18 16:21:41.916 [com.alibaba.nacos.naming.failover.0] [none] DEBUG com.alibaba.nacos.client.naming - failover switch is not found, 00-00---000-VIPSRV_FAILOVER_SWITCH-000---00-00
2026-05-18 16:21:46.917 [com.alibaba.nacos.naming.failover.0] [none] DEBUG com.alibaba.nacos.client.naming - failover switch is not found, 00-00---000-VIPSRV_FAILOVER_SWITCH-000---00-00
2026-05-18 16:21:51.919 [com.alibaba.nacos.naming.failover.0] [none] DEBUG com.alibaba.nacos.client.naming - failover switch is not found, 00-00---000-VIPSRV_FAILOVER_SWITCH-000---00-00
2026-05-18 16:21:56.919 [com.alibaba.nacos.naming.failover.0] [none] DEBUG com.alibaba.nacos.client.naming - failover switch is not found, 00-00---000-VIPSRV_FAILOVER_SWITCH-000---00-00
2026-05-18 16:22:01.920 [com.alibaba.nacos.naming.failover.0] [none] DEBUG com.alibaba.nacos.client.naming - failover switch is not found, 00-00---000-VIPSRV_FAILOVER_SWITCH-000---00-00
2026-05-18 16:22:06.921 [com.alibaba.nacos.naming.failover.0] [none] DEBUG com.alibaba.nacos.client.naming - failover switch is not found, 00-00---000-VIPSRV_FAILOVER_SWITCH-000---00-00
2026-05-18 16:22:11.922 [com.alibaba.nacos.naming.failover.0] [none] DEBUG com.alibaba.nacos.client.naming - failover switch is not found, 00-00---000-VIPSRV_FAILOVER_SWITCH-000---00-00
2026-05-18 16:22:16.923 [com.alibaba.nacos.naming.failover.0] [none] DEBUG com.alibaba.nacos.client.naming - failover switch is not found, 00-00---000-VIPSRV_FAILOVER_SWITCH-000---00-00
2026-05-18 16:22:21.924 [com.alibaba.nacos.naming.failover.0] [none] DEBUG com.alibaba.nacos.client.naming - failover switch is not found, 00-00---000-VIPSRV_FAILOVER_SWITCH-000---00-00
2026-05-18 16:22:26.924 [com.alibaba.nacos.naming.failover.0] [none] DEBUG com.alibaba.nacos.client.naming - failover switch is not found, 00-00---000-VIPSRV_FAILOVER_SWITCH-000---00-00
2026-05-18 16:22:31.925 [com.alibaba.nacos.naming.failover.0] [none] DEBUG com.alibaba.nacos.client.naming - failover switch is not found, 00-00---000-VIPSRV_FAILOVER_SWITCH-000---00-00
2026-05-18 16:22:36.926 [com.alibaba.nacos.naming.failover.0] [none] DEBUG com.alibaba.nacos.client.naming - failover switch is not found, 00-00---000-VIPSRV_FAILOVER_SWITCH-000---00-00
2026-05-18 16:22:41.927 [com.alibaba.nacos.naming.failover.0] [none] DEBUG com.alibaba.nacos.client.naming - failover switch is not found, 00-00---000-VIPSRV_FAILOVER_SWITCH-000---00-00
2026-05-18 16:22:46.928 [com.alibaba.nacos.naming.failover.0] [none] DEBUG com.alibaba.nacos.client.naming - failover switch is not found, 00-00---000-VIPSRV_FAILOVER_SWITCH-000---00-00
2026-05-18 16:22:51.929 [com.alibaba.nacos.naming.failover.0] [none] DEBUG com.alibaba.nacos.client.naming - failover switch is not found, 00-00---000-VIPSRV_FAILOVER_SWITCH-000---00-00
2026-05-18 16:22:56.930 [com.alibaba.nacos.naming.failover.0] [none] DEBUG com.alibaba.nacos.client.naming - failover switch is not found, 00-00---000-VIPSRV_FAILOVER_SWITCH-000---00-00
2026-05-18 16:23:01.931 [com.alibaba.nacos.naming.failover.0] [none] DEBUG com.alibaba.nacos.client.naming - failover switch is not found, 00-00---000-VIPSRV_FAILOVER_SWITCH-000---00-00
2026-05-18 16:23:06.931 [com.alibaba.nacos.naming.failover.0] [none] DEBUG com.alibaba.nacos.client.naming - failover switch is not found, 00-00---000-VIPSRV_FAILOVER_SWITCH-000---00-00
2026-05-18 16:23:11.932 [com.alibaba.nacos.naming.failover.0] [none] DEBUG com.alibaba.nacos.client.naming - failover switch is not found, 00-00---000-VIPSRV_FAILOVER_SWITCH-000---00-00
2026-05-18 16:23:16.933 [com.alibaba.nacos.naming.failover.0] [none] DEBUG com.alibaba.nacos.client.naming - failover switch is not found, 00-00---000-VIPSRV_FAILOVER_SWITCH-000---00-00
2026-05-18 16:23:21.934 [com.alibaba.nacos.naming.failover.0] [none] DEBUG com.alibaba.nacos.client.naming - failover switch is not found, 00-00---000-VIPSRV_FAILOVER_SWITCH-000---00-00
2026-05-18 16:23:26.935 [com.alibaba.nacos.naming.failover.0] [none] DEBUG com.alibaba.nacos.client.naming - failover switch is not found, 00-00---000-VIPSRV_FAILOVER_SWITCH-000---00-00
2026-05-18 16:23:31.936 [com.alibaba.nacos.naming.failover.0] [none] DEBUG com.alibaba.nacos.client.naming - failover switch is not found, 00-00---000-VIPSRV_FAILOVER_SWITCH-000---00-00
2026-05-18 16:23:36.937 [com.alibaba.nacos.naming.failover.0] [none] DEBUG com.alibaba.nacos.client.naming - failover switch is not found, 00-00---000-VIPSRV_FAILOVER_SWITCH-000---00-00
2026-05-18 16:23:41.938 [com.alibaba.nacos.naming.failover.0] [none] DEBUG com.alibaba.nacos.client.naming - failover switch is not found, 00-00---000-VIPSRV_FAILOVER_SWITCH-000---00-00
2026-05-18 16:23:46.938 [com.alibaba.nacos.naming.failover.0] [none] DEBUG com.alibaba.nacos.client.naming - failover switch is not found, 00-00---000-VIPSRV_FAILOVER_SWITCH-000---00-00
2026-05-18 16:23:51.939 [com.alibaba.nacos.naming.failover.0] [none] DEBUG com.alibaba.nacos.client.naming - failover switch is not found, 00-00---000-VIPSRV_FAILOVER_SWITCH-000---00-00
2026-05-18 16:23:56.940 [com.alibaba.nacos.naming.failover.0] [none] DEBUG com.alibaba.nacos.client.naming - failover switch is not found, 00-00---000-VIPSRV_FAILOVER_SWITCH-000---00-00
2026-05-18 16:24:01.941 [com.alibaba.nacos.naming.failover.0] [none] DEBUG com.alibaba.nacos.client.naming - failover switch is not found, 00-00---000-VIPSRV_FAILOVER_SWITCH-000---00-00
2026-05-18 16:24:06.941 [com.alibaba.nacos.naming.failover.0] [none] DEBUG com.alibaba.nacos.client.naming - failover switch is not found, 00-00---000-VIPSRV_FAILOVER_SWITCH-000---00-00
2026-05-18 16:24:11.941 [com.alibaba.nacos.naming.failover.0] [none] DEBUG com.alibaba.nacos.client.naming - failover switch is not found, 00-00---000-VIPSRV_FAILOVER_SWITCH-000---00-00
2026-05-18 16:24:16.942 [com.alibaba.nacos.naming.failover.0] [none] DEBUG com.alibaba.nacos.client.naming - failover switch is not found, 00-00---000-VIPSRV_FAILOVER_SWITCH-000---00-00
2026-05-18 16:24:21.943 [com.alibaba.nacos.naming.failover.0] [none] DEBUG com.alibaba.nacos.client.naming - failover switch is not found, 00-00---000-VIPSRV_FAILOVER_SWITCH-000---00-00
2026-05-18 16:24:26.944 [com.alibaba.nacos.naming.failover.0] [none] DEBUG com.alibaba.nacos.client.naming - failover switch is not found, 00-00---000-VIPSRV_FAILOVER_SWITCH-000---00-00
2026-05-18 16:24:31.945 [com.alibaba.nacos.naming.failover.0] [none] DEBUG com.alibaba.nacos.client.naming - failover switch is not found, 00-00---000-VIPSRV_FAILOVER_SWITCH-000---00-00
2026-05-18 16:24:36.946 [com.alibaba.nacos.naming.failover.0] [none] DEBUG com.alibaba.nacos.client.naming - failover switch is not found, 00-00---000-VIPSRV_FAILOVER_SWITCH-000---00-00
2026-05-18 16:24:41.947 [com.alibaba.nacos.naming.failover.0] [none] DEBUG com.alibaba.nacos.client.naming - failover switch is not found, 00-00---000-VIPSRV_FAILOVER_SWITCH-000---00-00
2026-05-18 16:24:46.948 [com.alibaba.nacos.naming.failover.0] [none] DEBUG com.alibaba.nacos.client.naming - failover switch is not found, 00-00---000-VIPSRV_FAILOVER_SWITCH-000---00-00
2026-05-18 16:24:51.949 [com.alibaba.nacos.naming.failover.0] [none] DEBUG com.alibaba.nacos.client.naming - failover switch is not found, 00-00---000-VIPSRV_FAILOVER_SWITCH-000---00-00
2026-05-18 16:24:56.950 [com.alibaba.nacos.naming.failover.0] [none] DEBUG com.alibaba.nacos.client.naming - failover switch is not found, 00-00---000-VIPSRV_FAILOVER_SWITCH-000---00-00
2026-05-18 16:25:01.968 [com.alibaba.nacos.naming.failover.0] [none] DEBUG com.alibaba.nacos.client.naming - failover switch is not found, 00-00---000-VIPSRV_FAILOVER_SWITCH-000---00-00
2026-05-18 16:25:06.968 [com.alibaba.nacos.naming.failover.0] [none] DEBUG com.alibaba.nacos.client.naming - failover switch is not found, 00-00---000-VIPSRV_FAILOVER_SWITCH-000---00-00
2026-05-18 16:25:11.970 [com.alibaba.nacos.naming.failover.0] [none] DEBUG com.alibaba.nacos.client.naming - failover switch is not found, 00-00---000-VIPSRV_FAILOVER_SWITCH-000---00-00
2026-05-18 16:25:16.970 [com.alibaba.nacos.naming.failover.0] [none] DEBUG com.alibaba.nacos.client.naming - failover switch is not found, 00-00---000-VIPSRV_FAILOVER_SWITCH-000---00-00
2026-05-18 16:25:21.971 [com.alibaba.nacos.naming.failover.0] [none] DEBUG com.alibaba.nacos.client.naming - failover switch is not found, 00-00---000-VIPSRV_FAILOVER_SWITCH-000---00-00
2026-05-18 16:25:26.972 [com.alibaba.nacos.naming.failover.0] [none] DEBUG com.alibaba.nacos.client.naming - failover switch is not found, 00-00---000-VIPSRV_FAILOVER_SWITCH-000---00-00
2026-05-18 16:25:31.974 [com.alibaba.nacos.naming.failover.0] [none] DEBUG com.alibaba.nacos.client.naming - failover switch is not found, 00-00---000-VIPSRV_FAILOVER_SWITCH-000---00-00
2026-05-18 16:25:36.976 [com.alibaba.nacos.naming.failover.0] [none] DEBUG com.alibaba.nacos.client.naming - failover switch is not found, 00-00---000-VIPSRV_FAILOVER_SWITCH-000---00-00
2026-05-18 16:25:41.978 [com.alibaba.nacos.naming.failover.0] [none] DEBUG com.alibaba.nacos.client.naming - failover switch is not found, 00-00---000-VIPSRV_FAILOVER_SWITCH-000---00-00
2026-05-18 16:25:46.979 [com.alibaba.nacos.naming.failover.0] [none] DEBUG com.alibaba.nacos.client.naming - failover switch is not found, 00-00---000-VIPSRV_FAILOVER_SWITCH-000---00-00
2026-05-18 16:25:51.979 [com.alibaba.nacos.naming.failover.0] [none] DEBUG com.alibaba.nacos.client.naming - failover switch is not found, 00-00---000-VIPSRV_FAILOVER_SWITCH-000---00-00
2026-05-18 16:25:56.981 [com.alibaba.nacos.naming.failover.0] [none] DEBUG com.alibaba.nacos.client.naming - failover switch is not found, 00-00---000-VIPSRV_FAILOVER_SWITCH-000---00-00
2026-05-18 16:26:01.982 [com.alibaba.nacos.naming.failover.0] [none] DEBUG com.alibaba.nacos.client.naming - failover switch is not found, 00-00---000-VIPSRV_FAILOVER_SWITCH-000---00-00
2026-05-18 16:26:06.983 [com.alibaba.nacos.naming.failover.0] [none] DEBUG com.alibaba.nacos.client.naming - failover switch is not found, 00-00---000-VIPSRV_FAILOVER_SWITCH-000---00-00
2026-05-18 16:26:11.983 [com.alibaba.nacos.naming.failover.0] [none] DEBUG com.alibaba.nacos.client.naming - failover switch is not found, 00-00---000-VIPSRV_FAILOVER_SWITCH-000---00-00
2026-05-18 16:26:16.990 [com.alibaba.nacos.naming.failover.0] [none] DEBUG com.alibaba.nacos.client.naming - failover switch is not found, 00-00---000-VIPSRV_FAILOVER_SWITCH-000---00-00
2026-05-18 16:26:21.991 [com.alibaba.nacos.naming.failover.0] [none] DEBUG com.alibaba.nacos.client.naming - failover switch is not found, 00-00---000-VIPSRV_FAILOVER_SWITCH-000---00-00
2026-05-18 16:26:26.992 [com.alibaba.nacos.naming.failover.0] [none] DEBUG com.alibaba.nacos.client.naming - failover switch is not found, 00-00---000-VIPSRV_FAILOVER_SWITCH-000---00-00
2026-05-18 16:26:31.993 [com.alibaba.nacos.naming.failover.0] [none] DEBUG com.alibaba.nacos.client.naming - failover switch is not found, 00-00---000-VIPSRV_FAILOVER_SWITCH-000---00-00
2026-05-18 16:26:36.993 [com.alibaba.nacos.naming.failover.0] [none] DEBUG com.alibaba.nacos.client.naming - failover switch is not found, 00-00---000-VIPSRV_FAILOVER_SWITCH-000---00-00
2026-05-18 16:26:41.995 [com.alibaba.nacos.naming.failover.0] [none] DEBUG com.alibaba.nacos.client.naming - failover switch is not found, 00-00---000-VIPSRV_FAILOVER_SWITCH-000---00-00
2026-05-18 16:26:46.996 [com.alibaba.nacos.naming.failover.0] [none] DEBUG com.alibaba.nacos.client.naming - failover switch is not found, 00-00---000-VIPSRV_FAILOVER_SWITCH-000---00-00
2026-05-18 16:26:51.998 [com.alibaba.nacos.naming.failover.0] [none] DEBUG com.alibaba.nacos.client.naming - failover switch is not found, 00-00---000-VIPSRV_FAILOVER_SWITCH-000---00-00
2026-05-18 16:26:56.999 [com.alibaba.nacos.naming.failover.0] [none] DEBUG com.alibaba.nacos.client.naming - failover switch is not found, 00-00---000-VIPSRV_FAILOVER_SWITCH-000---00-00
2026-05-18 16:27:02.000 [com.alibaba.nacos.naming.failover.0] [none] DEBUG com.alibaba.nacos.client.naming - failover switch is not found, 00-00---000-VIPSRV_FAILOVER_SWITCH-000---00-00
2026-05-18 16:27:07.001 [com.alibaba.nacos.naming.failover.0] [none] DEBUG com.alibaba.nacos.client.naming - failover switch is not found, 00-00---000-VIPSRV_FAILOVER_SWITCH-000---00-00
2026-05-18 16:27:12.002 [com.alibaba.nacos.naming.failover.0] [none] DEBUG com.alibaba.nacos.client.naming - failover switch is not found, 00-00---000-VIPSRV_FAILOVER_SWITCH-000---00-00
2026-05-18 16:27:17.003 [com.alibaba.nacos.naming.failover.0] [none] DEBUG com.alibaba.nacos.client.naming - failover switch is not found, 00-00---000-VIPSRV_FAILOVER_SWITCH-000---00-00
2026-05-18 16:27:22.003 [com.alibaba.nacos.naming.failover.0] [none] DEBUG com.alibaba.nacos.client.naming - failover switch is not found, 00-00---000-VIPSRV_FAILOVER_SWITCH-000---00-00
2026-05-18 16:27:27.003 [com.alibaba.nacos.naming.failover.0] [none] DEBUG com.alibaba.nacos.client.naming - failover switch is not found, 00-00---000-VIPSRV_FAILOVER_SWITCH-000---00-00
2026-05-18 16:27:32.004 [com.alibaba.nacos.naming.failover.0] [none] DEBUG com.alibaba.nacos.client.naming - failover switch is not found, 00-00---000-VIPSRV_FAILOVER_SWITCH-000---00-00
2026-05-18 16:27:37.006 [com.alibaba.nacos.naming.failover.0] [none] DEBUG com.alibaba.nacos.client.naming - failover switch is not found, 00-00---000-VIPSRV_FAILOVER_SWITCH-000---00-00
2026-05-18 16:27:42.007 [com.alibaba.nacos.naming.failover.0] [none] DEBUG com.alibaba.nacos.client.naming - failover switch is not found, 00-00---000-VIPSRV_FAILOVER_SWITCH-000---00-00
2026-05-18 16:27:47.008 [com.alibaba.nacos.naming.failover.0] [none] DEBUG com.alibaba.nacos.client.naming - failover switch is not found, 00-00---000-VIPSRV_FAILOVER_SWITCH-000---00-00
2026-05-18 16:27:52.008 [com.alibaba.nacos.naming.failover.0] [none] DEBUG com.alibaba.nacos.client.naming - failover switch is not found, 00-00---000-VIPSRV_FAILOVER_SWITCH-000---00-00
2026-05-18 16:27:57.009 [com.alibaba.nacos.naming.failover.0] [none] DEBUG com.alibaba.nacos.client.naming - failover switch is not found, 00-00---000-VIPSRV_FAILOVER_SWITCH-000---00-00
2026-05-18 16:28:02.010 [com.alibaba.nacos.naming.failover.0] [none] DEBUG com.alibaba.nacos.client.naming - failover switch is not found, 00-00---000-VIPSRV_FAILOVER_SWITCH-000---00-00
2026-05-18 16:28:07.011 [com.alibaba.nacos.naming.failover.0] [none] DEBUG com.alibaba.nacos.client.naming - failover switch is not found, 00-00---000-VIPSRV_FAILOVER_SWITCH-000---00-00
2026-05-18 16:28:12.030 [com.alibaba.nacos.naming.failover.0] [none] DEBUG com.alibaba.nacos.client.naming - failover switch is not found, 00-00---000-VIPSRV_FAILOVER_SWITCH-000---00-00
2026-05-18 16:28:17.032 [com.alibaba.nacos.naming.failover.0] [none] DEBUG com.alibaba.nacos.client.naming - failover switch is not found, 00-00---000-VIPSRV_FAILOVER_SWITCH-000---00-00
2026-05-18 16:28:22.032 [com.alibaba.nacos.naming.failover.0] [none] DEBUG com.alibaba.nacos.client.naming - failover switch is not found, 00-00---000-VIPSRV_FAILOVER_SWITCH-000---00-00
2026-05-18 16:28:27.034 [com.alibaba.nacos.naming.failover.0] [none] DEBUG com.alibaba.nacos.client.naming - failover switch is not found, 00-00---000-VIPSRV_FAILOVER_SWITCH-000---00-00
2026-05-18 16:28:32.034 [com.alibaba.nacos.naming.failover.0] [none] DEBUG com.alibaba.nacos.client.naming - failover switch is not found, 00-00---000-VIPSRV_FAILOVER_SWITCH-000---00-00
2026-05-18 16:28:37.036 [com.alibaba.nacos.naming.failover.0] [none] DEBUG com.alibaba.nacos.client.naming - failover switch is not found, 00-00---000-VIPSRV_FAILOVER_SWITCH-000---00-00
2026-05-18 16:28:42.037 [com.alibaba.nacos.naming.failover.0] [none] DEBUG com.alibaba.nacos.client.naming - failover switch is not found, 00-00---000-VIPSRV_FAILOVER_SWITCH-000---00-00
2026-05-18 16:28:47.039 [com.alibaba.nacos.naming.failover.0] [none] DEBUG com.alibaba.nacos.client.naming - failover switch is not found, 00-00---000-VIPSRV_FAILOVER_SWITCH-000---00-00
2026-05-18 16:28:52.050 [com.alibaba.nacos.naming.failover.0] [none] DEBUG com.alibaba.nacos.client.naming - failover switch is not found, 00-00---000-VIPSRV_FAILOVER_SWITCH-000---00-00
2026-05-18 16:28:57.054 [com.alibaba.nacos.naming.failover.0] [none] DEBUG com.alibaba.nacos.client.naming - failover switch is not found, 00-00---000-VIPSRV_FAILOVER_SWITCH-000---00-00
2026-05-18 16:29:02.054 [com.alibaba.nacos.naming.failover.0] [none] DEBUG com.alibaba.nacos.client.naming - failover switch is not found, 00-00---000-VIPSRV_FAILOVER_SWITCH-000---00-00
2026-05-18 16:29:07.057 [com.alibaba.nacos.naming.failover.0] [none] DEBUG com.alibaba.nacos.client.naming - failover switch is not found, 00-00---000-VIPSRV_FAILOVER_SWITCH-000---00-00
2026-05-18 16:29:12.066 [com.alibaba.nacos.naming.failover.0] [none] DEBUG com.alibaba.nacos.client.naming - failover switch is not found, 00-00---000-VIPSRV_FAILOVER_SWITCH-000---00-00
2026-05-18 16:29:17.081 [com.alibaba.nacos.naming.failover.0] [none] DEBUG com.alibaba.nacos.client.naming - failover switch is not found, 00-00---000-VIPSRV_FAILOVER_SWITCH-000---00-00
2026-05-18 16:29:22.084 [com.alibaba.nacos.naming.failover.0] [none] DEBUG com.alibaba.nacos.client.naming - failover switch is not found, 00-00---000-VIPSRV_FAILOVER_SWITCH-000---00-00
2026-05-18 16:29:27.086 [com.alibaba.nacos.naming.failover.0] [none] DEBUG com.alibaba.nacos.client.naming - failover switch is not found, 00-00---000-VIPSRV_FAILOVER_SWITCH-000---00-00
2026-05-18 16:29:32.093 [com.alibaba.nacos.naming.failover.0] [none] DEBUG com.alibaba.nacos.client.naming - failover switch is not found, 00-00---000-VIPSRV_FAILOVER_SWITCH-000---00-00
2026-05-18 16:29:37.095 [com.alibaba.nacos.naming.failover.0] [none] DEBUG com.alibaba.nacos.client.naming - failover switch is not found, 00-00---000-VIPSRV_FAILOVER_SWITCH-000---00-00
2026-05-18 16:29:42.095 [com.alibaba.nacos.naming.failover.0] [none] DEBUG com.alibaba.nacos.client.naming - failover switch is not found, 00-00---000-VIPSRV_FAILOVER_SWITCH-000---00-00
2026-05-18 16:29:47.097 [com.alibaba.nacos.naming.failover.0] [none] DEBUG com.alibaba.nacos.client.naming - failover switch is not found, 00-00---000-VIPSRV_FAILOVER_SWITCH-000---00-00
2026-05-18 16:29:52.098 [com.alibaba.nacos.naming.failover.0] [none] DEBUG com.alibaba.nacos.client.naming - failover switch is not found, 00-00---000-VIPSRV_FAILOVER_SWITCH-000---00-00
2026-05-18 16:29:57.119 [com.alibaba.nacos.naming.failover.0] [none] DEBUG com.alibaba.nacos.client.naming - failover switch is not found, 00-00---000-VIPSRV_FAILOVER_SWITCH-000---00-00
2026-05-18 16:30:02.133 [com.alibaba.nacos.naming.failover.0] [none] DEBUG com.alibaba.nacos.client.naming - failover switch is not found, 00-00---000-VIPSRV_FAILOVER_SWITCH-000---00-00
2026-05-18 16:30:07.153 [com.alibaba.nacos.naming.failover.0] [none] DEBUG com.alibaba.nacos.client.naming - failover switch is not found, 00-00---000-VIPSRV_FAILOVER_SWITCH-000---00-00
2026-05-18 16:30:12.157 [com.alibaba.nacos.naming.failover.0] [none] DEBUG com.alibaba.nacos.client.naming - failover switch is not found, 00-00---000-VIPSRV_FAILOVER_SWITCH-000---00-00
2026-05-18 16:30:17.165 [com.alibaba.nacos.naming.failover.0] [none] DEBUG com.alibaba.nacos.client.naming - failover switch is not found, 00-00---000-VIPSRV_FAILOVER_SWITCH-000---00-00
2026-05-18 16:30:22.170 [com.alibaba.nacos.naming.failover.0] [none] DEBUG com.alibaba.nacos.client.naming - failover switch is not found, 00-00---000-VIPSRV_FAILOVER_SWITCH-000---00-00
2026-05-18 16:30:27.177 [com.alibaba.nacos.naming.failover.0] [none] DEBUG com.alibaba.nacos.client.naming - failover switch is not found, 00-00---000-VIPSRV_FAILOVER_SWITCH-000---00-00
2026-05-18 16:30:32.188 [com.alibaba.nacos.naming.failover.0] [none] DEBUG com.alibaba.nacos.client.naming - failover switch is not found, 00-00---000-VIPSRV_FAILOVER_SWITCH-000---00-00
2026-05-18 16:30:37.192 [com.alibaba.nacos.naming.failover.0] [none] DEBUG com.alibaba.nacos.client.naming - failover switch is not found, 00-00---000-VIPSRV_FAILOVER_SWITCH-000---00-00
2026-05-18 16:30:42.200 [com.alibaba.nacos.naming.failover.0] [none] DEBUG com.alibaba.nacos.client.naming - failover switch is not found, 00-00---000-VIPSRV_FAILOVER_SWITCH-000---00-00
2026-05-18 16:30:47.212 [com.alibaba.nacos.naming.failover.0] [none] DEBUG com.alibaba.nacos.client.naming - failover switch is not found, 00-00---000-VIPSRV_FAILOVER_SWITCH-000---00-00
2026-05-18 16:30:52.217 [com.alibaba.nacos.naming.failover.0] [none] DEBUG com.alibaba.nacos.client.naming - failover switch is not found, 00-00---000-VIPSRV_FAILOVER_SWITCH-000---00-00
2026-05-18 16:30:57.223 [com.alibaba.nacos.naming.failover.0] [none] DEBUG com.alibaba.nacos.client.naming - failover switch is not found, 00-00---000-VIPSRV_FAILOVER_SWITCH-000---00-00
2026-05-18 16:31:02.225 [com.alibaba.nacos.naming.failover.0] [none] DEBUG com.alibaba.nacos.client.naming - failover switch is not found, 00-00---000-VIPSRV_FAILOVER_SWITCH-000---00-00
2026-05-18 16:31:07.226 [com.alibaba.nacos.naming.failover.0] [none] DEBUG com.alibaba.nacos.client.naming - failover switch is not found, 00-00---000-VIPSRV_FAILOVER_SWITCH-000---00-00
2026-05-18 16:31:12.234 [com.alibaba.nacos.naming.failover.0] [none] DEBUG com.alibaba.nacos.client.naming - failover switch is not found, 00-00---000-VIPSRV_FAILOVER_SWITCH-000---00-00
2026-05-18 16:31:17.248 [com.alibaba.nacos.naming.failover.0] [none] DEBUG com.alibaba.nacos.client.naming - failover switch is not found, 00-00---000-VIPSRV_FAILOVER_SWITCH-000---00-00
2026-05-18 16:31:22.253 [com.alibaba.nacos.naming.failover.0] [none] DEBUG com.alibaba.nacos.client.naming - failover switch is not found, 00-00---000-VIPSRV_FAILOVER_SWITCH-000---00-00
2026-05-18 16:31:27.257 [com.alibaba.nacos.naming.failover.0] [none] DEBUG com.alibaba.nacos.client.naming - failover switch is not found, 00-00---000-VIPSRV_FAILOVER_SWITCH-000---00-00
2026-05-18 16:31:32.271 [com.alibaba.nacos.naming.failover.0] [none] DEBUG com.alibaba.nacos.client.naming - failover switch is not found, 00-00---000-VIPSRV_FAILOVER_SWITCH-000---00-00
2026-05-18 16:31:37.278 [com.alibaba.nacos.naming.failover.0] [none] DEBUG com.alibaba.nacos.client.naming - failover switch is not found, 00-00---000-VIPSRV_FAILOVER_SWITCH-000---00-00
2026-05-18 16:31:42.278 [com.alibaba.nacos.naming.failover.0] [none] DEBUG com.alibaba.nacos.client.naming - failover switch is not found, 00-00---000-VIPSRV_FAILOVER_SWITCH-000---00-00
2026-05-18 16:31:47.290 [com.alibaba.nacos.naming.failover.0] [none] DEBUG com.alibaba.nacos.client.naming - failover switch is not found, 00-00---000-VIPSRV_FAILOVER_SWITCH-000---00-00
2026-05-18 16:31:52.304 [com.alibaba.nacos.naming.failover.0] [none] DEBUG com.alibaba.nacos.client.naming - failover switch is not found, 00-00---000-VIPSRV_FAILOVER_SWITCH-000---00-00
2026-05-18 16:31:57.317 [com.alibaba.nacos.naming.failover.0] [none] DEBUG com.alibaba.nacos.client.naming - failover switch is not found, 00-00---000-VIPSRV_FAILOVER_SWITCH-000---00-00
2026-05-18 16:32:02.329 [com.alibaba.nacos.naming.failover.0] [none] DEBUG com.alibaba.nacos.client.naming - failover switch is not found, 00-00---000-VIPSRV_FAILOVER_SWITCH-000---00-00
2026-05-18 16:32:07.337 [com.alibaba.nacos.naming.failover.0] [none] DEBUG com.alibaba.nacos.client.naming - failover switch is not found, 00-00---000-VIPSRV_FAILOVER_SWITCH-000---00-00
2026-05-18 16:32:12.347 [com.alibaba.nacos.naming.failover.0] [none] DEBUG com.alibaba.nacos.client.naming - failover switch is not found, 00-00---000-VIPSRV_FAILOVER_SWITCH-000---00-00
2026-05-18 16:32:17.350 [com.alibaba.nacos.naming.failover.0] [none] DEBUG com.alibaba.nacos.client.naming - failover switch is not found, 00-00---000-VIPSRV_FAILOVER_SWITCH-000---00-00
2026-05-18 16:32:22.357 [com.alibaba.nacos.naming.failover.0] [none] DEBUG com.alibaba.nacos.client.naming - failover switch is not found, 00-00---000-VIPSRV_FAILOVER_SWITCH-000---00-00
2026-05-18 16:32:27.369 [com.alibaba.nacos.naming.failover.0] [none] DEBUG com.alibaba.nacos.client.naming - failover switch is not found, 00-00---000-VIPSRV_FAILOVER_SWITCH-000---00-00
2026-05-18 16:32:32.384 [com.alibaba.nacos.naming.failover.0] [none] DEBUG com.alibaba.nacos.client.naming - failover switch is not found, 00-00---000-VIPSRV_FAILOVER_SWITCH-000---00-00
2026-05-18 16:32:37.398 [com.alibaba.nacos.naming.failover.0] [none] DEBUG com.alibaba.nacos.client.naming - failover switch is not found, 00-00---000-VIPSRV_FAILOVER_SWITCH-000---00-00
2026-05-18 16:32:42.408 [com.alibaba.nacos.naming.failover.0] [none] DEBUG com.alibaba.nacos.client.naming - failover switch is not found, 00-00---000-VIPSRV_FAILOVER_SWITCH-000---00-00
2026-05-18 16:32:47.417 [com.alibaba.nacos.naming.failover.0] [none] DEBUG com.alibaba.nacos.client.naming - failover switch is not found, 00-00---000-VIPSRV_FAILOVER_SWITCH-000---00-00
2026-05-18 16:32:52.431 [com.alibaba.nacos.naming.failover.0] [none] DEBUG com.alibaba.nacos.client.naming - failover switch is not found, 00-00---000-VIPSRV_FAILOVER_SWITCH-000---00-00
2026-05-18 16:32:57.441 [com.alibaba.nacos.naming.failover.0] [none] DEBUG com.alibaba.nacos.client.naming - failover switch is not found, 00-00---000-VIPSRV_FAILOVER_SWITCH-000---00-00
2026-05-18 16:33:02.451 [com.alibaba.nacos.naming.failover.0] [none] DEBUG com.alibaba.nacos.client.naming - failover switch is not found, 00-00---000-VIPSRV_FAILOVER_SWITCH-000---00-00
2026-05-18 16:33:07.460 [com.alibaba.nacos.naming.failover.0] [none] DEBUG com.alibaba.nacos.client.naming - failover switch is not found, 00-00---000-VIPSRV_FAILOVER_SWITCH-000---00-00
2026-05-18 16:33:12.469 [com.alibaba.nacos.naming.failover.0] [none] DEBUG com.alibaba.nacos.client.naming - failover switch is not found, 00-00---000-VIPSRV_FAILOVER_SWITCH-000---00-00
2026-05-18 16:33:17.483 [com.alibaba.nacos.naming.failover.0] [none] DEBUG com.alibaba.nacos.client.naming - failover switch is not found, 00-00---000-VIPSRV_FAILOVER_SWITCH-000---00-00
2026-05-18 16:33:22.497 [com.alibaba.nacos.naming.failover.0] [none] DEBUG com.alibaba.nacos.client.naming - failover switch is not found, 00-00---000-VIPSRV_FAILOVER_SWITCH-000---00-00
2026-05-18 16:33:27.501 [com.alibaba.nacos.naming.failover.0] [none] DEBUG com.alibaba.nacos.client.naming - failover switch is not found, 00-00---000-VIPSRV_FAILOVER_SWITCH-000---00-00
2026-05-18 16:33:32.508 [com.alibaba.nacos.naming.failover.0] [none] DEBUG com.alibaba.nacos.client.naming - failover switch is not found, 00-00---000-VIPSRV_FAILOVER_SWITCH-000---00-00
2026-05-18 16:33:37.518 [com.alibaba.nacos.naming.failover.0] [none] DEBUG com.alibaba.nacos.client.naming - failover switch is not found, 00-00---000-VIPSRV_FAILOVER_SWITCH-000---00-00
2026-05-18 16:33:42.519 [com.alibaba.nacos.naming.failover.0] [none] DEBUG com.alibaba.nacos.client.naming - failover switch is not found, 00-00---000-VIPSRV_FAILOVER_SWITCH-000---00-00
2026-05-18 16:33:47.530 [com.alibaba.nacos.naming.failover.0] [none] DEBUG com.alibaba.nacos.client.naming - failover switch is not found, 00-00---000-VIPSRV_FAILOVER_SWITCH-000---00-00
2026-05-18 16:33:52.544 [com.alibaba.nacos.naming.failover.0] [none] DEBUG com.alibaba.nacos.client.naming - failover switch is not found, 00-00---000-VIPSRV_FAILOVER_SWITCH-000---00-00
2026-05-18 16:33:57.549 [com.alibaba.nacos.naming.failover.0] [none] DEBUG com.alibaba.nacos.client.naming - failover switch is not found, 00-00---000-VIPSRV_FAILOVER_SWITCH-000---00-00
2026-05-18 16:34:02.553 [com.alibaba.nacos.naming.failover.0] [none] DEBUG com.alibaba.nacos.client.naming - failover switch is not found, 00-00---000-VIPSRV_FAILOVER_SWITCH-000---00-00
2026-05-18 16:34:07.564 [com.alibaba.nacos.naming.failover.0] [none] DEBUG com.alibaba.nacos.client.naming - failover switch is not found, 00-00---000-VIPSRV_FAILOVER_SWITCH-000---00-00
2026-05-18 16:34:12.567 [com.alibaba.nacos.naming.failover.0] [none] DEBUG com.alibaba.nacos.client.naming - failover switch is not found, 00-00---000-VIPSRV_FAILOVER_SWITCH-000---00-00
2026-05-18 16:34:17.576 [com.alibaba.nacos.naming.failover.0] [none] DEBUG com.alibaba.nacos.client.naming - failover switch is not found, 00-00---000-VIPSRV_FAILOVER_SWITCH-000---00-00
2026-05-18 16:34:22.592 [com.alibaba.nacos.naming.failover.0] [none] DEBUG com.alibaba.nacos.client.naming - failover switch is not found, 00-00---000-VIPSRV_FAILOVER_SWITCH-000---00-00
2026-05-18 16:34:27.595 [com.alibaba.nacos.naming.failover.0] [none] DEBUG com.alibaba.nacos.client.naming - failover switch is not found, 00-00---000-VIPSRV_FAILOVER_SWITCH-000---00-00
2026-05-18 16:34:32.600 [com.alibaba.nacos.naming.failover.0] [none] DEBUG com.alibaba.nacos.client.naming - failover switch is not found, 00-00---000-VIPSRV_FAILOVER_SWITCH-000---00-00
2026-05-18 16:34:37.609 [com.alibaba.nacos.naming.failover.0] [none] DEBUG com.alibaba.nacos.client.naming - failover switch is not found, 00-00---000-VIPSRV_FAILOVER_SWITCH-000---00-00
2026-05-18 16:34:42.617 [com.alibaba.nacos.naming.failover.0] [none] DEBUG com.alibaba.nacos.client.naming - failover switch is not found, 00-00---000-VIPSRV_FAILOVER_SWITCH-000---00-00
2026-05-18 16:34:47.622 [com.alibaba.nacos.naming.failover.0] [none] DEBUG com.alibaba.nacos.client.naming - failover switch is not found, 00-00---000-VIPSRV_FAILOVER_SWITCH-000---00-00
2026-05-18 16:34:52.633 [com.alibaba.nacos.naming.failover.0] [none] DEBUG com.alibaba.nacos.client.naming - failover switch is not found, 00-00---000-VIPSRV_FAILOVER_SWITCH-000---00-00
2026-05-18 16:34:57.636 [com.alibaba.nacos.naming.failover.0] [none] DEBUG com.alibaba.nacos.client.naming - failover switch is not found, 00-00---000-VIPSRV_FAILOVER_SWITCH-000---00-00
2026-05-18 16:35:02.650 [com.alibaba.nacos.naming.failover.0] [none] DEBUG com.alibaba.nacos.client.naming - failover switch is not found, 00-00---000-VIPSRV_FAILOVER_SWITCH-000---00-00
2026-05-18 16:35:07.665 [com.alibaba.nacos.naming.failover.0] [none] DEBUG com.alibaba.nacos.client.naming - failover switch is not found, 00-00---000-VIPSRV_FAILOVER_SWITCH-000---00-00
2026-05-18 16:35:12.669 [com.alibaba.nacos.naming.failover.0] [none] DEBUG com.alibaba.nacos.client.naming - failover switch is not found, 00-00---000-VIPSRV_FAILOVER_SWITCH-000---00-00
2026-05-18 16:35:17.673 [com.alibaba.nacos.naming.failover.0] [none] DEBUG com.alibaba.nacos.client.naming - failover switch is not found, 00-00---000-VIPSRV_FAILOVER_SWITCH-000---00-00
2026-05-18 16:35:22.682 [com.alibaba.nacos.naming.failover.0] [none] DEBUG com.alibaba.nacos.client.naming - failover switch is not found, 00-00---000-VIPSRV_FAILOVER_SWITCH-000---00-00
2026-05-18 16:35:27.683 [com.alibaba.nacos.naming.failover.0] [none] DEBUG com.alibaba.nacos.client.naming - failover switch is not found, 00-00---000-VIPSRV_FAILOVER_SWITCH-000---00-00
2026-05-18 16:35:32.697 [com.alibaba.nacos.naming.failover.0] [none] DEBUG com.alibaba.nacos.client.naming - failover switch is not found, 00-00---000-VIPSRV_FAILOVER_SWITCH-000---00-00
2026-05-18 16:35:37.702 [com.alibaba.nacos.naming.failover.0] [none] DEBUG com.alibaba.nacos.client.naming - failover switch is not found, 00-00---000-VIPSRV_FAILOVER_SWITCH-000---00-00
2026-05-18 16:35:42.711 [com.alibaba.nacos.naming.failover.0] [none] DEBUG com.alibaba.nacos.client.naming - failover switch is not found, 00-00---000-VIPSRV_FAILOVER_SWITCH-000---00-00
2026-05-18 16:35:47.726 [com.alibaba.nacos.naming.failover.0] [none] DEBUG com.alibaba.nacos.client.naming - failover switch is not found, 00-00---000-VIPSRV_FAILOVER_SWITCH-000---00-00
2026-05-18 16:35:52.740 [com.alibaba.nacos.naming.failover.0] [none] DEBUG com.alibaba.nacos.client.naming - failover switch is not found, 00-00---000-VIPSRV_FAILOVER_SWITCH-000---00-00
2026-05-18 16:35:57.749 [com.alibaba.nacos.naming.failover.0] [none] DEBUG com.alibaba.nacos.client.naming - failover switch is not found, 00-00---000-VIPSRV_FAILOVER_SWITCH-000---00-00
2026-05-18 16:36:02.752 [com.alibaba.nacos.naming.failover.0] [none] DEBUG com.alibaba.nacos.client.naming - failover switch is not found, 00-00---000-VIPSRV_FAILOVER_SWITCH-000---00-00
2026-05-18 16:36:07.762 [com.alibaba.nacos.naming.failover.0] [none] DEBUG com.alibaba.nacos.client.naming - failover switch is not found, 00-00---000-VIPSRV_FAILOVER_SWITCH-000---00-00
2026-05-18 16:36:12.768 [com.alibaba.nacos.naming.failover.0] [none] DEBUG com.alibaba.nacos.client.naming - failover switch is not found, 00-00---000-VIPSRV_FAILOVER_SWITCH-000---00-00
2026-05-18 16:36:17.776 [com.alibaba.nacos.naming.failover.0] [none] DEBUG com.alibaba.nacos.client.naming - failover switch is not found, 00-00---000-VIPSRV_FAILOVER_SWITCH-000---00-00
2026-05-18 16:36:22.781 [com.alibaba.nacos.naming.failover.0] [none] DEBUG com.alibaba.nacos.client.naming - failover switch is not found, 00-00---000-VIPSRV_FAILOVER_SWITCH-000---00-00
2026-05-18 16:36:27.785 [com.alibaba.nacos.naming.failover.0] [none] DEBUG com.alibaba.nacos.client.naming - failover switch is not found, 00-00---000-VIPSRV_FAILOVER_SWITCH-000---00-00
2026-05-18 16:36:32.790 [com.alibaba.nacos.naming.failover.0] [none] DEBUG com.alibaba.nacos.client.naming - failover switch is not found, 00-00---000-VIPSRV_FAILOVER_SWITCH-000---00-00
2026-05-18 16:36:37.801 [com.alibaba.nacos.naming.failover.0] [none] DEBUG com.alibaba.nacos.client.naming - failover switch is not found, 00-00---000-VIPSRV_FAILOVER_SWITCH-000---00-00
2026-05-18 16:36:42.814 [com.alibaba.nacos.naming.failover.0] [none] DEBUG com.alibaba.nacos.client.naming - failover switch is not found, 00-00---000-VIPSRV_FAILOVER_SWITCH-000---00-00
2026-05-18 16:36:47.822 [com.alibaba.nacos.naming.failover.0] [none] DEBUG com.alibaba.nacos.client.naming - failover switch is not found, 00-00---000-VIPSRV_FAILOVER_SWITCH-000---00-00
2026-05-18 16:36:52.827 [com.alibaba.nacos.naming.failover.0] [none] DEBUG com.alibaba.nacos.client.naming - failover switch is not found, 00-00---000-VIPSRV_FAILOVER_SWITCH-000---00-00
2026-05-18 16:36:57.842 [com.alibaba.nacos.naming.failover.0] [none] DEBUG com.alibaba.nacos.client.naming - failover switch is not found, 00-00---000-VIPSRV_FAILOVER_SWITCH-000---00-00
2026-05-18 16:37:02.848 [com.alibaba.nacos.naming.failover.0] [none] DEBUG com.alibaba.nacos.client.naming - failover switch is not found, 00-00---000-VIPSRV_FAILOVER_SWITCH-000---00-00
2026-05-18 16:37:07.855 [com.alibaba.nacos.naming.failover.0] [none] DEBUG com.alibaba.nacos.client.naming - failover switch is not found, 00-00---000-VIPSRV_FAILOVER_SWITCH-000---00-00
2026-05-18 16:37:12.864 [com.alibaba.nacos.naming.failover.0] [none] DEBUG com.alibaba.nacos.client.naming - failover switch is not found, 00-00---000-VIPSRV_FAILOVER_SWITCH-000---00-00
2026-05-18 16:37:17.879 [com.alibaba.nacos.naming.failover.0] [none] DEBUG com.alibaba.nacos.client.naming - failover switch is not found, 00-00---000-VIPSRV_FAILOVER_SWITCH-000---00-00
2026-05-18 16:37:22.893 [com.alibaba.nacos.naming.failover.0] [none] DEBUG com.alibaba.nacos.client.naming - failover switch is not found, 00-00---000-VIPSRV_FAILOVER_SWITCH-000---00-00
2026-05-18 16:37:27.902 [com.alibaba.nacos.naming.failover.0] [none] DEBUG com.alibaba.nacos.client.naming - failover switch is not found, 00-00---000-VIPSRV_FAILOVER_SWITCH-000---00-00
2026-05-18 16:37:32.906 [com.alibaba.nacos.naming.failover.0] [none] DEBUG com.alibaba.nacos.client.naming - failover switch is not found, 00-00---000-VIPSRV_FAILOVER_SWITCH-000---00-00
2026-05-18 16:37:37.915 [com.alibaba.nacos.naming.failover.0] [none] DEBUG com.alibaba.nacos.client.naming - failover switch is not found, 00-00---000-VIPSRV_FAILOVER_SWITCH-000---00-00
2026-05-18 16:37:42.931 [com.alibaba.nacos.naming.failover.0] [none] DEBUG com.alibaba.nacos.client.naming - failover switch is not found, 00-00---000-VIPSRV_FAILOVER_SWITCH-000---00-00
2026-05-18 16:37:47.940 [com.alibaba.nacos.naming.failover.0] [none] DEBUG com.alibaba.nacos.client.naming - failover switch is not found, 00-00---000-VIPSRV_FAILOVER_SWITCH-000---00-00
2026-05-18 16:37:52.941 [com.alibaba.nacos.naming.failover.0] [none] DEBUG com.alibaba.nacos.client.naming - failover switch is not found, 00-00---000-VIPSRV_FAILOVER_SWITCH-000---00-00
2026-05-18 16:37:57.952 [com.alibaba.nacos.naming.failover.0] [none] DEBUG com.alibaba.nacos.client.naming - failover switch is not found, 00-00---000-VIPSRV_FAILOVER_SWITCH-000---00-00
2026-05-18 16:38:02.957 [com.alibaba.nacos.naming.failover.0] [none] DEBUG com.alibaba.nacos.client.naming - failover switch is not found, 00-00---000-VIPSRV_FAILOVER_SWITCH-000---00-00
2026-05-18 16:38:07.962 [com.alibaba.nacos.naming.failover.0] [none] DEBUG com.alibaba.nacos.client.naming - failover switch is not found, 00-00---000-VIPSRV_FAILOVER_SWITCH-000---00-00
2026-05-18 16:38:12.966 [com.alibaba.nacos.naming.failover.0] [none] DEBUG com.alibaba.nacos.client.naming - failover switch is not found, 00-00---000-VIPSRV_FAILOVER_SWITCH-000---00-00
2026-05-18 16:38:17.982 [com.alibaba.nacos.naming.failover.0] [none] DEBUG com.alibaba.nacos.client.naming - failover switch is not found, 00-00---000-VIPSRV_FAILOVER_SWITCH-000---00-00
2026-05-18 16:38:22.991 [com.alibaba.nacos.naming.failover.0] [none] DEBUG com.alibaba.nacos.client.naming - failover switch is not found, 00-00---000-VIPSRV_FAILOVER_SWITCH-000---00-00
2026-05-18 16:38:27.995 [com.alibaba.nacos.naming.failover.0] [none] DEBUG com.alibaba.nacos.client.naming - failover switch is not found, 00-00---000-VIPSRV_FAILOVER_SWITCH-000---00-00
2026-05-18 16:38:33.005 [com.alibaba.nacos.naming.failover.0] [none] DEBUG com.alibaba.nacos.client.naming - failover switch is not found, 00-00---000-VIPSRV_FAILOVER_SWITCH-000---00-00
2026-05-18 16:38:38.010 [com.alibaba.nacos.naming.failover.0] [none] DEBUG com.alibaba.nacos.client.naming - failover switch is not found, 00-00---000-VIPSRV_FAILOVER_SWITCH-000---00-00
2026-05-18 16:38:43.017 [com.alibaba.nacos.naming.failover.0] [none] DEBUG com.alibaba.nacos.client.naming - failover switch is not found, 00-00---000-VIPSRV_FAILOVER_SWITCH-000---00-00
2026-05-18 16:38:48.021 [com.alibaba.nacos.naming.failover.0] [none] DEBUG com.alibaba.nacos.client.naming - failover switch is not found, 00-00---000-VIPSRV_FAILOVER_SWITCH-000---00-00
2026-05-18 16:38:53.036 [com.alibaba.nacos.naming.failover.0] [none] DEBUG com.alibaba.nacos.client.naming - failover switch is not found, 00-00---000-VIPSRV_FAILOVER_SWITCH-000---00-00
2026-05-18 16:38:58.050 [com.alibaba.nacos.naming.failover.0] [none] DEBUG com.alibaba.nacos.client.naming - failover switch is not found, 00-00---000-VIPSRV_FAILOVER_SWITCH-000---00-00
2026-05-18 16:39:03.063 [com.alibaba.nacos.naming.failover.0] [none] DEBUG com.alibaba.nacos.client.naming - failover switch is not found, 00-00---000-VIPSRV_FAILOVER_SWITCH-000---00-00
2026-05-18 16:39:08.066 [com.alibaba.nacos.naming.failover.0] [none] DEBUG com.alibaba.nacos.client.naming - failover switch is not found, 00-00---000-VIPSRV_FAILOVER_SWITCH-000---00-00
2026-05-18 16:39:13.111 [com.alibaba.nacos.naming.failover.0] [none] DEBUG com.alibaba.nacos.client.naming - failover switch is not found, 00-00---000-VIPSRV_FAILOVER_SWITCH-000---00-00
2026-05-18 16:39:18.124 [com.alibaba.nacos.naming.failover.0] [none] DEBUG com.alibaba.nacos.client.naming - failover switch is not found, 00-00---000-VIPSRV_FAILOVER_SWITCH-000---00-00
2026-05-18 16:39:23.129 [com.alibaba.nacos.naming.failover.0] [none] DEBUG com.alibaba.nacos.client.naming - failover switch is not found, 00-00---000-VIPSRV_FAILOVER_SWITCH-000---00-00
2026-05-18 16:39:28.132 [com.alibaba.nacos.naming.failover.0] [none] DEBUG com.alibaba.nacos.client.naming - failover switch is not found, 00-00---000-VIPSRV_FAILOVER_SWITCH-000---00-00
2026-05-18 16:39:33.139 [com.alibaba.nacos.naming.failover.0] [none] DEBUG com.alibaba.nacos.client.naming - failover switch is not found, 00-00---000-VIPSRV_FAILOVER_SWITCH-000---00-00
2026-05-18 16:39:38.149 [com.alibaba.nacos.naming.failover.0] [none] DEBUG com.alibaba.nacos.client.naming - failover switch is not found, 00-00---000-VIPSRV_FAILOVER_SWITCH-000---00-00
2026-05-18 16:39:43.151 [com.alibaba.nacos.naming.failover.0] [none] DEBUG com.alibaba.nacos.client.naming - failover switch is not found, 00-00---000-VIPSRV_FAILOVER_SWITCH-000---00-00
2026-05-18 16:39:48.155 [com.alibaba.nacos.naming.failover.0] [none] DEBUG com.alibaba.nacos.client.naming - failover switch is not found, 00-00---000-VIPSRV_FAILOVER_SWITCH-000---00-00
2026-05-18 16:39:53.161 [com.alibaba.nacos.naming.failover.0] [none] DEBUG com.alibaba.nacos.client.naming - failover switch is not found, 00-00---000-VIPSRV_FAILOVER_SWITCH-000---00-00
2026-05-18 16:39:58.176 [com.alibaba.nacos.naming.failover.0] [none] DEBUG com.alibaba.nacos.client.naming - failover switch is not found, 00-00---000-VIPSRV_FAILOVER_SWITCH-000---00-00
2026-05-18 16:40:03.177 [com.alibaba.nacos.naming.failover.0] [none] DEBUG com.alibaba.nacos.client.naming - failover switch is not found, 00-00---000-VIPSRV_FAILOVER_SWITCH-000---00-00
2026-05-18 16:40:08.192 [com.alibaba.nacos.naming.failover.0] [none] DEBUG com.alibaba.nacos.client.naming - failover switch is not found, 00-00---000-VIPSRV_FAILOVER_SWITCH-000---00-00
2026-05-18 16:40:13.197 [com.alibaba.nacos.naming.failover.0] [none] DEBUG com.alibaba.nacos.client.naming - failover switch is not found, 00-00---000-VIPSRV_FAILOVER_SWITCH-000---00-00
2026-05-18 16:40:18.201 [com.alibaba.nacos.naming.failover.0] [none] DEBUG com.alibaba.nacos.client.naming - failover switch is not found, 00-00---000-VIPSRV_FAILOVER_SWITCH-000---00-00
2026-05-18 16:40:23.207 [com.alibaba.nacos.naming.failover.0] [none] DEBUG com.alibaba.nacos.client.naming - failover switch is not found, 00-00---000-VIPSRV_FAILOVER_SWITCH-000---00-00
2026-05-18 16:40:28.208 [com.alibaba.nacos.naming.failover.0] [none] DEBUG com.alibaba.nacos.client.naming - failover switch is not found, 00-00---000-VIPSRV_FAILOVER_SWITCH-000---00-00
2026-05-18 16:40:33.221 [com.alibaba.nacos.naming.failover.0] [none] DEBUG com.alibaba.nacos.client.naming - failover switch is not found, 00-00---000-VIPSRV_FAILOVER_SWITCH-000---00-00
2026-05-18 16:40:38.234 [com.alibaba.nacos.naming.failover.0] [none] DEBUG com.alibaba.nacos.client.naming - failover switch is not found, 00-00---000-VIPSRV_FAILOVER_SWITCH-000---00-00
2026-05-18 16:40:43.248 [com.alibaba.nacos.naming.failover.0] [none] DEBUG com.alibaba.nacos.client.naming - failover switch is not found, 00-00---000-VIPSRV_FAILOVER_SWITCH-000---00-00
2026-05-18 16:40:48.250 [com.alibaba.nacos.naming.failover.0] [none] DEBUG com.alibaba.nacos.client.naming - failover switch is not found, 00-00---000-VIPSRV_FAILOVER_SWITCH-000---00-00
2026-05-18 16:40:53.261 [com.alibaba.nacos.naming.failover.0] [none] DEBUG com.alibaba.nacos.client.naming - failover switch is not found, 00-00---000-VIPSRV_FAILOVER_SWITCH-000---00-00
2026-05-18 16:40:58.266 [com.alibaba.nacos.naming.failover.0] [none] DEBUG com.alibaba.nacos.client.naming - failover switch is not found, 00-00---000-VIPSRV_FAILOVER_SWITCH-000---00-00
2026-05-18 16:41:03.276 [com.alibaba.nacos.naming.failover.0] [none] DEBUG com.alibaba.nacos.client.naming - failover switch is not found, 00-00---000-VIPSRV_FAILOVER_SWITCH-000---00-00
2026-05-18 16:41:08.280 [com.alibaba.nacos.naming.failover.0] [none] DEBUG com.alibaba.nacos.client.naming - failover switch is not found, 00-00---000-VIPSRV_FAILOVER_SWITCH-000---00-00
2026-05-18 16:41:13.289 [com.alibaba.nacos.naming.failover.0] [none] DEBUG com.alibaba.nacos.client.naming - failover switch is not found, 00-00---000-VIPSRV_FAILOVER_SWITCH-000---00-00
2026-05-18 16:41:18.300 [com.alibaba.nacos.naming.failover.0] [none] DEBUG com.alibaba.nacos.client.naming - failover switch is not found, 00-00---000-VIPSRV_FAILOVER_SWITCH-000---00-00
2026-05-18 16:41:23.310 [com.alibaba.nacos.naming.failover.0] [none] DEBUG com.alibaba.nacos.client.naming - failover switch is not found, 00-00---000-VIPSRV_FAILOVER_SWITCH-000---00-00
2026-05-18 16:41:28.318 [com.alibaba.nacos.naming.failover.0] [none] DEBUG com.alibaba.nacos.client.naming - failover switch is not found, 00-00---000-VIPSRV_FAILOVER_SWITCH-000---00-00
2026-05-18 16:41:33.328 [com.alibaba.nacos.naming.failover.0] [none] DEBUG com.alibaba.nacos.client.naming - failover switch is not found, 00-00---000-VIPSRV_FAILOVER_SWITCH-000---00-00
2026-05-18 16:41:38.330 [com.alibaba.nacos.naming.failover.0] [none] DEBUG com.alibaba.nacos.client.naming - failover switch is not found, 00-00---000-VIPSRV_FAILOVER_SWITCH-000---00-00
2026-05-18 16:41:43.331 [com.alibaba.nacos.naming.failover.0] [none] DEBUG com.alibaba.nacos.client.naming - failover switch is not found, 00-00---000-VIPSRV_FAILOVER_SWITCH-000---00-00
2026-05-18 16:41:48.365 [com.alibaba.nacos.naming.failover.0] [none] DEBUG com.alibaba.nacos.client.naming - failover switch is not found, 00-00---000-VIPSRV_FAILOVER_SWITCH-000---00-00
2026-05-18 16:41:53.368 [com.alibaba.nacos.naming.failover.0] [none] DEBUG com.alibaba.nacos.client.naming - failover switch is not found, 00-00---000-VIPSRV_FAILOVER_SWITCH-000---00-00
2026-05-18 16:41:58.387 [com.alibaba.nacos.naming.failover.0] [none] DEBUG com.alibaba.nacos.client.naming - failover switch is not found, 00-00---000-VIPSRV_FAILOVER_SWITCH-000---00-00
2026-05-18 16:42:03.408 [com.alibaba.nacos.naming.failover.0] [none] DEBUG com.alibaba.nacos.client.naming - failover switch is not found, 00-00---000-VIPSRV_FAILOVER_SWITCH-000---00-00
2026-05-18 16:42:08.448 [com.alibaba.nacos.naming.failover.0] [none] DEBUG com.alibaba.nacos.client.naming - failover switch is not found, 00-00---000-VIPSRV_FAILOVER_SWITCH-000---00-00
2026-05-18 16:42:13.458 [com.alibaba.nacos.naming.failover.0] [none] DEBUG com.alibaba.nacos.client.naming - failover switch is not found, 00-00---000-VIPSRV_FAILOVER_SWITCH-000---00-00
2026-05-18 16:42:18.477 [com.alibaba.nacos.naming.failover.0] [none] DEBUG com.alibaba.nacos.client.naming - failover switch is not found, 00-00---000-VIPSRV_FAILOVER_SWITCH-000---00-00
2026-05-18 16:42:23.480 [com.alibaba.nacos.naming.failover.0] [none] DEBUG com.alibaba.nacos.client.naming - failover switch is not found, 00-00---000-VIPSRV_FAILOVER_SWITCH-000---00-00
2026-05-18 16:42:28.491 [com.alibaba.nacos.naming.failover.0] [none] DEBUG com.alibaba.nacos.client.naming - failover switch is not found, 00-00---000-VIPSRV_FAILOVER_SWITCH-000---00-00
2026-05-18 16:42:33.504 [com.alibaba.nacos.naming.failover.0] [none] DEBUG com.alibaba.nacos.client.naming - failover switch is not found, 00-00---000-VIPSRV_FAILOVER_SWITCH-000---00-00
2026-05-18 16:42:38.517 [com.alibaba.nacos.naming.failover.0] [none] DEBUG com.alibaba.nacos.client.naming - failover switch is not found, 00-00---000-VIPSRV_FAILOVER_SWITCH-000---00-00
2026-05-18 16:42:43.527 [com.alibaba.nacos.naming.failover.0] [none] DEBUG com.alibaba.nacos.client.naming - failover switch is not found, 00-00---000-VIPSRV_FAILOVER_SWITCH-000---00-00
2026-05-18 16:42:48.539 [com.alibaba.nacos.naming.failover.0] [none] DEBUG com.alibaba.nacos.client.naming - failover switch is not found, 00-00---000-VIPSRV_FAILOVER_SWITCH-000---00-00
2026-05-18 16:42:53.544 [com.alibaba.nacos.naming.failover.0] [none] DEBUG com.alibaba.nacos.client.naming - failover switch is not found, 00-00---000-VIPSRV_FAILOVER_SWITCH-000---00-00
2026-05-18 16:42:58.555 [com.alibaba.nacos.naming.failover.0] [none] DEBUG com.alibaba.nacos.client.naming - failover switch is not found, 00-00---000-VIPSRV_FAILOVER_SWITCH-000---00-00
2026-05-18 16:43:03.564 [com.alibaba.nacos.naming.failover.0] [none] DEBUG com.alibaba.nacos.client.naming - failover switch is not found, 00-00---000-VIPSRV_FAILOVER_SWITCH-000---00-00
2026-05-18 16:43:08.578 [com.alibaba.nacos.naming.failover.0] [none] DEBUG com.alibaba.nacos.client.naming - failover switch is not found, 00-00---000-VIPSRV_FAILOVER_SWITCH-000---00-00
2026-05-18 16:43:13.585 [com.alibaba.nacos.naming.failover.0] [none] DEBUG com.alibaba.nacos.client.naming - failover switch is not found, 00-00---000-VIPSRV_FAILOVER_SWITCH-000---00-00
2026-05-18 16:43:18.608 [com.alibaba.nacos.naming.failover.0] [none] DEBUG com.alibaba.nacos.client.naming - failover switch is not found, 00-00---000-VIPSRV_FAILOVER_SWITCH-000---00-00
2026-05-18 16:43:23.607 [com.alibaba.nacos.naming.failover.0] [none] DEBUG com.alibaba.nacos.client.naming - failover switch is not found, 00-00---000-VIPSRV_FAILOVER_SWITCH-000---00-00
2026-05-18 16:43:28.612 [com.alibaba.nacos.naming.failover.0] [none] DEBUG com.alibaba.nacos.client.naming - failover switch is not found, 00-00---000-VIPSRV_FAILOVER_SWITCH-000---00-00
2026-05-18 16:43:33.626 [com.alibaba.nacos.naming.failover.0] [none] DEBUG com.alibaba.nacos.client.naming - failover switch is not found, 00-00---000-VIPSRV_FAILOVER_SWITCH-000---00-00
2026-05-18 16:43:38.631 [com.alibaba.nacos.naming.failover.0] [none] DEBUG com.alibaba.nacos.client.naming - failover switch is not found, 00-00---000-VIPSRV_FAILOVER_SWITCH-000---00-00
2026-05-18 16:43:43.636 [com.alibaba.nacos.naming.failover.0] [none] DEBUG com.alibaba.nacos.client.naming - failover switch is not found, 00-00---000-VIPSRV_FAILOVER_SWITCH-000---00-00
2026-05-18 16:43:48.650 [com.alibaba.nacos.naming.failover.0] [none] DEBUG com.alibaba.nacos.client.naming - failover switch is not found, 00-00---000-VIPSRV_FAILOVER_SWITCH-000---00-00
2026-05-18 16:43:53.664 [com.alibaba.nacos.naming.failover.0] [none] DEBUG com.alibaba.nacos.client.naming - failover switch is not found, 00-00---000-VIPSRV_FAILOVER_SWITCH-000---00-00
2026-05-18 16:43:58.676 [com.alibaba.nacos.naming.failover.0] [none] DEBUG com.alibaba.nacos.client.naming - failover switch is not found, 00-00---000-VIPSRV_FAILOVER_SWITCH-000---00-00
2026-05-18 16:44:03.681 [com.alibaba.nacos.naming.failover.0] [none] DEBUG com.alibaba.nacos.client.naming - failover switch is not found, 00-00---000-VIPSRV_FAILOVER_SWITCH-000---00-00
2026-05-18 16:44:08.687 [com.alibaba.nacos.naming.failover.0] [none] DEBUG com.alibaba.nacos.client.naming - failover switch is not found, 00-00---000-VIPSRV_FAILOVER_SWITCH-000---00-00
2026-05-18 16:44:13.700 [com.alibaba.nacos.naming.failover.0] [none] DEBUG com.alibaba.nacos.client.naming - failover switch is not found, 00-00---000-VIPSRV_FAILOVER_SWITCH-000---00-00
2026-05-18 16:44:18.711 [com.alibaba.nacos.naming.failover.0] [none] DEBUG com.alibaba.nacos.client.naming - failover switch is not found, 00-00---000-VIPSRV_FAILOVER_SWITCH-000---00-00
2026-05-18 16:44:23.724 [com.alibaba.nacos.naming.failover.0] [none] DEBUG com.alibaba.nacos.client.naming - failover switch is not found, 00-00---000-VIPSRV_FAILOVER_SWITCH-000---00-00
2026-05-18 16:44:28.755 [com.alibaba.nacos.naming.failover.0] [none] DEBUG com.alibaba.nacos.client.naming - failover switch is not found, 00-00---000-VIPSRV_FAILOVER_SWITCH-000---00-00
2026-05-18 16:44:33.763 [com.alibaba.nacos.naming.failover.0] [none] DEBUG com.alibaba.nacos.client.naming - failover switch is not found, 00-00---000-VIPSRV_FAILOVER_SWITCH-000---00-00
2026-05-18 16:44:38.770 [com.alibaba.nacos.naming.failover.0] [none] DEBUG com.alibaba.nacos.client.naming - failover switch is not found, 00-00---000-VIPSRV_FAILOVER_SWITCH-000---00-00
2026-05-18 16:44:43.784 [com.alibaba.nacos.naming.failover.0] [none] DEBUG com.alibaba.nacos.client.naming - failover switch is not found, 00-00---000-VIPSRV_FAILOVER_SWITCH-000---00-00
2026-05-18 16:44:48.795 [com.alibaba.nacos.naming.failover.0] [none] DEBUG com.alibaba.nacos.client.naming - failover switch is not found, 00-00---000-VIPSRV_FAILOVER_SWITCH-000---00-00
2026-05-18 16:44:53.807 [com.alibaba.nacos.naming.failover.0] [none] DEBUG com.alibaba.nacos.client.naming - failover switch is not found, 00-00---000-VIPSRV_FAILOVER_SWITCH-000---00-00
2026-05-18 16:44:58.820 [com.alibaba.nacos.naming.failover.0] [none] DEBUG com.alibaba.nacos.client.naming - failover switch is not found, 00-00---000-VIPSRV_FAILOVER_SWITCH-000---00-00
2026-05-18 16:45:03.826 [com.alibaba.nacos.naming.failover.0] [none] DEBUG com.alibaba.nacos.client.naming - failover switch is not found, 00-00---000-VIPSRV_FAILOVER_SWITCH-000---00-00
2026-05-18 16:45:08.826 [com.alibaba.nacos.naming.failover.0] [none] DEBUG com.alibaba.nacos.client.naming - failover switch is not found, 00-00---000-VIPSRV_FAILOVER_SWITCH-000---00-00
2026-05-18 16:45:13.840 [com.alibaba.nacos.naming.failover.0] [none] DEBUG com.alibaba.nacos.client.naming - failover switch is not found, 00-00---000-VIPSRV_FAILOVER_SWITCH-000---00-00
2026-05-18 16:45:18.855 [com.alibaba.nacos.naming.failover.0] [none] DEBUG com.alibaba.nacos.client.naming - failover switch is not found, 00-00---000-VIPSRV_FAILOVER_SWITCH-000---00-00
2026-05-18 16:45:23.865 [com.alibaba.nacos.naming.failover.0] [none] DEBUG com.alibaba.nacos.client.naming - failover switch is not found, 00-00---000-VIPSRV_FAILOVER_SWITCH-000---00-00
2026-05-18 16:45:28.875 [com.alibaba.nacos.naming.failover.0] [none] DEBUG com.alibaba.nacos.client.naming - failover switch is not found, 00-00---000-VIPSRV_FAILOVER_SWITCH-000---00-00
2026-05-18 16:45:33.876 [com.alibaba.nacos.naming.failover.0] [none] DEBUG com.alibaba.nacos.client.naming - failover switch is not found, 00-00---000-VIPSRV_FAILOVER_SWITCH-000---00-00
2026-05-18 16:45:38.890 [com.alibaba.nacos.naming.failover.0] [none] DEBUG com.alibaba.nacos.client.naming - failover switch is not found, 00-00---000-VIPSRV_FAILOVER_SWITCH-000---00-00
2026-05-18 16:45:43.897 [com.alibaba.nacos.naming.failover.0] [none] DEBUG com.alibaba.nacos.client.naming - failover switch is not found, 00-00---000-VIPSRV_FAILOVER_SWITCH-000---00-00
2026-05-18 16:45:48.900 [com.alibaba.nacos.naming.failover.0] [none] DEBUG com.alibaba.nacos.client.naming - failover switch is not found, 00-00---000-VIPSRV_FAILOVER_SWITCH-000---00-00
2026-05-18 16:45:53.909 [com.alibaba.nacos.naming.failover.0] [none] DEBUG com.alibaba.nacos.client.naming - failover switch is not found, 00-00---000-VIPSRV_FAILOVER_SWITCH-000---00-00
2026-05-18 16:45:58.919 [com.alibaba.nacos.naming.failover.0] [none] DEBUG com.alibaba.nacos.client.naming - failover switch is not found, 00-00---000-VIPSRV_FAILOVER_SWITCH-000---00-00
2026-05-18 16:46:03.921 [com.alibaba.nacos.naming.failover.0] [none] DEBUG com.alibaba.nacos.client.naming - failover switch is not found, 00-00---000-VIPSRV_FAILOVER_SWITCH-000---00-00
2026-05-18 16:46:08.929 [com.alibaba.nacos.naming.failover.0] [none] DEBUG com.alibaba.nacos.client.naming - failover switch is not found, 00-00---000-VIPSRV_FAILOVER_SWITCH-000---00-00
2026-05-18 16:46:13.939 [com.alibaba.nacos.naming.failover.0] [none] DEBUG com.alibaba.nacos.client.naming - failover switch is not found, 00-00---000-VIPSRV_FAILOVER_SWITCH-000---00-00
2026-05-18 16:46:18.954 [com.alibaba.nacos.naming.failover.0] [none] DEBUG com.alibaba.nacos.client.naming - failover switch is not found, 00-00---000-VIPSRV_FAILOVER_SWITCH-000---00-00
2026-05-18 16:46:23.956 [com.alibaba.nacos.naming.failover.0] [none] DEBUG com.alibaba.nacos.client.naming - failover switch is not found, 00-00---000-VIPSRV_FAILOVER_SWITCH-000---00-00
2026-05-18 16:46:28.965 [com.alibaba.nacos.naming.failover.0] [none] DEBUG com.alibaba.nacos.client.naming - failover switch is not found, 00-00---000-VIPSRV_FAILOVER_SWITCH-000---00-00
2026-05-18 16:46:33.976 [com.alibaba.nacos.naming.failover.0] [none] DEBUG com.alibaba.nacos.client.naming - failover switch is not found, 00-00---000-VIPSRV_FAILOVER_SWITCH-000---00-00
2026-05-18 16:46:38.981 [com.alibaba.nacos.naming.failover.0] [none] DEBUG com.alibaba.nacos.client.naming - failover switch is not found, 00-00---000-VIPSRV_FAILOVER_SWITCH-000---00-00
2026-05-18 16:46:43.985 [com.alibaba.nacos.naming.failover.0] [none] DEBUG com.alibaba.nacos.client.naming - failover switch is not found, 00-00---000-VIPSRV_FAILOVER_SWITCH-000---00-00
2026-05-18 16:46:48.989 [com.alibaba.nacos.naming.failover.0] [none] DEBUG com.alibaba.nacos.client.naming - failover switch is not found, 00-00---000-VIPSRV_FAILOVER_SWITCH-000---00-00
2026-05-18 16:46:54.001 [com.alibaba.nacos.naming.failover.0] [none] DEBUG com.alibaba.nacos.client.naming - failover switch is not found, 00-00---000-VIPSRV_FAILOVER_SWITCH-000---00-00
2026-05-18 16:46:59.010 [com.alibaba.nacos.naming.failover.0] [none] DEBUG com.alibaba.nacos.client.naming - failover switch is not found, 00-00---000-VIPSRV_FAILOVER_SWITCH-000---00-00
2026-05-18 16:47:04.023 [com.alibaba.nacos.naming.failover.0] [none] DEBUG com.alibaba.nacos.client.naming - failover switch is not found, 00-00---000-VIPSRV_FAILOVER_SWITCH-000---00-00
2026-05-18 16:47:09.037 [com.alibaba.nacos.naming.failover.0] [none] DEBUG com.alibaba.nacos.client.naming - failover switch is not found, 00-00---000-VIPSRV_FAILOVER_SWITCH-000---00-00
2026-05-18 16:47:14.045 [com.alibaba.nacos.naming.failover.0] [none] DEBUG com.alibaba.nacos.client.naming - failover switch is not found, 00-00---000-VIPSRV_FAILOVER_SWITCH-000---00-00
2026-05-18 16:47:19.051 [com.alibaba.nacos.naming.failover.0] [none] DEBUG com.alibaba.nacos.client.naming - failover switch is not found, 00-00---000-VIPSRV_FAILOVER_SWITCH-000---00-00
2026-05-18 16:47:24.056 [com.alibaba.nacos.naming.failover.0] [none] DEBUG com.alibaba.nacos.client.naming - failover switch is not found, 00-00---000-VIPSRV_FAILOVER_SWITCH-000---00-00
2026-05-18 16:47:29.061 [com.alibaba.nacos.naming.failover.0] [none] DEBUG com.alibaba.nacos.client.naming - failover switch is not found, 00-00---000-VIPSRV_FAILOVER_SWITCH-000---00-00
2026-05-18 16:47:34.067 [com.alibaba.nacos.naming.failover.0] [none] DEBUG com.alibaba.nacos.client.naming - failover switch is not found, 00-00---000-VIPSRV_FAILOVER_SWITCH-000---00-00
2026-05-18 16:47:39.076 [com.alibaba.nacos.naming.failover.0] [none] DEBUG com.alibaba.nacos.client.naming - failover switch is not found, 00-00---000-VIPSRV_FAILOVER_SWITCH-000---00-00
2026-05-18 16:47:44.111 [com.alibaba.nacos.naming.failover.0] [none] DEBUG com.alibaba.nacos.client.naming - failover switch is not found, 00-00---000-VIPSRV_FAILOVER_SWITCH-000---00-00
2026-05-18 16:47:49.116 [com.alibaba.nacos.naming.failover.0] [none] DEBUG com.alibaba.nacos.client.naming - failover switch is not found, 00-00---000-VIPSRV_FAILOVER_SWITCH-000---00-00
2026-05-18 16:47:54.117 [com.alibaba.nacos.naming.failover.0] [none] DEBUG com.alibaba.nacos.client.naming - failover switch is not found, 00-00---000-VIPSRV_FAILOVER_SWITCH-000---00-00
2026-05-18 16:47:59.118 [com.alibaba.nacos.naming.failover.0] [none] DEBUG com.alibaba.nacos.client.naming - failover switch is not found, 00-00---000-VIPSRV_FAILOVER_SWITCH-000---00-00
2026-05-18 16:48:04.118 [com.alibaba.nacos.naming.failover.0] [none] DEBUG com.alibaba.nacos.client.naming - failover switch is not found, 00-00---000-VIPSRV_FAILOVER_SWITCH-000---00-00
2026-05-18 16:48:09.118 [com.alibaba.nacos.naming.failover.0] [none] DEBUG com.alibaba.nacos.client.naming - failover switch is not found, 00-00---000-VIPSRV_FAILOVER_SWITCH-000---00-00
2026-05-18 16:48:14.119 [com.alibaba.nacos.naming.failover.0] [none] DEBUG com.alibaba.nacos.client.naming - failover switch is not found, 00-00---000-VIPSRV_FAILOVER_SWITCH-000---00-00
2026-05-18 16:48:19.120 [com.alibaba.nacos.naming.failover.0] [none] DEBUG com.alibaba.nacos.client.naming - failover switch is not found, 00-00---000-VIPSRV_FAILOVER_SWITCH-000---00-00
2026-05-18 16:48:24.147 [com.alibaba.nacos.naming.failover.0] [none] DEBUG com.alibaba.nacos.client.naming - failover switch is not found, 00-00---000-VIPSRV_FAILOVER_SWITCH-000---00-00
2026-05-18 16:48:29.151 [com.alibaba.nacos.naming.failover.0] [none] DEBUG com.alibaba.nacos.client.naming - failover switch is not found, 00-00---000-VIPSRV_FAILOVER_SWITCH-000---00-00
2026-05-18 16:48:34.164 [com.alibaba.nacos.naming.failover.0] [none] DEBUG com.alibaba.nacos.client.naming - failover switch is not found, 00-00---000-VIPSRV_FAILOVER_SWITCH-000---00-00
2026-05-18 16:48:39.169 [com.alibaba.nacos.naming.failover.0] [none] DEBUG com.alibaba.nacos.client.naming - failover switch is not found, 00-00---000-VIPSRV_FAILOVER_SWITCH-000---00-00
2026-05-18 16:48:44.178 [com.alibaba.nacos.naming.failover.0] [none] DEBUG com.alibaba.nacos.client.naming - failover switch is not found, 00-00---000-VIPSRV_FAILOVER_SWITCH-000---00-00
2026-05-18 16:48:49.185 [com.alibaba.nacos.naming.failover.0] [none] DEBUG com.alibaba.nacos.client.naming - failover switch is not found, 00-00---000-VIPSRV_FAILOVER_SWITCH-000---00-00
2026-05-18 16:48:54.191 [com.alibaba.nacos.naming.failover.0] [none] DEBUG com.alibaba.nacos.client.naming - failover switch is not found, 00-00---000-VIPSRV_FAILOVER_SWITCH-000---00-00
2026-05-18 16:48:59.198 [com.alibaba.nacos.naming.failover.0] [none] DEBUG com.alibaba.nacos.client.naming - failover switch is not found, 00-00---000-VIPSRV_FAILOVER_SWITCH-000---00-00
2026-05-18 16:49:04.203 [com.alibaba.nacos.naming.failover.0] [none] DEBUG com.alibaba.nacos.client.naming - failover switch is not found, 00-00---000-VIPSRV_FAILOVER_SWITCH-000---00-00
2026-05-18 16:49:09.213 [com.alibaba.nacos.naming.failover.0] [none] DEBUG com.alibaba.nacos.client.naming - failover switch is not found, 00-00---000-VIPSRV_FAILOVER_SWITCH-000---00-00
2026-05-18 16:49:14.228 [com.alibaba.nacos.naming.failover.0] [none] DEBUG com.alibaba.nacos.client.naming - failover switch is not found, 00-00---000-VIPSRV_FAILOVER_SWITCH-000---00-00
2026-05-18 16:49:19.236 [com.alibaba.nacos.naming.failover.0] [none] DEBUG com.alibaba.nacos.client.naming - failover switch is not found, 00-00---000-VIPSRV_FAILOVER_SWITCH-000---00-00
2026-05-18 16:49:24.246 [com.alibaba.nacos.naming.failover.0] [none] DEBUG com.alibaba.nacos.client.naming - failover switch is not found, 00-00---000-VIPSRV_FAILOVER_SWITCH-000---00-00
2026-05-18 16:49:29.258 [com.alibaba.nacos.naming.failover.0] [none] DEBUG com.alibaba.nacos.client.naming - failover switch is not found, 00-00---000-VIPSRV_FAILOVER_SWITCH-000---00-00
2026-05-18 16:49:34.272 [com.alibaba.nacos.naming.failover.0] [none] DEBUG com.alibaba.nacos.client.naming - failover switch is not found, 00-00---000-VIPSRV_FAILOVER_SWITCH-000---00-00
2026-05-18 16:49:39.285 [com.alibaba.nacos.naming.failover.0] [none] DEBUG com.alibaba.nacos.client.naming - failover switch is not found, 00-00---000-VIPSRV_FAILOVER_SWITCH-000---00-00
2026-05-18 16:49:44.296 [com.alibaba.nacos.naming.failover.0] [none] DEBUG com.alibaba.nacos.client.naming - failover switch is not found, 00-00---000-VIPSRV_FAILOVER_SWITCH-000---00-00
2026-05-18 16:49:49.309 [com.alibaba.nacos.naming.failover.0] [none] DEBUG com.alibaba.nacos.client.naming - failover switch is not found, 00-00---000-VIPSRV_FAILOVER_SWITCH-000---00-00
2026-05-18 16:49:54.314 [com.alibaba.nacos.naming.failover.0] [none] DEBUG com.alibaba.nacos.client.naming - failover switch is not found, 00-00---000-VIPSRV_FAILOVER_SWITCH-000---00-00
2026-05-18 16:49:59.323 [com.alibaba.nacos.naming.failover.0] [none] DEBUG com.alibaba.nacos.client.naming - failover switch is not found, 00-00---000-VIPSRV_FAILOVER_SWITCH-000---00-00
2026-05-18 16:50:04.333 [com.alibaba.nacos.naming.failover.0] [none] DEBUG com.alibaba.nacos.client.naming - failover switch is not found, 00-00---000-VIPSRV_FAILOVER_SWITCH-000---00-00
2026-05-18 16:50:09.345 [com.alibaba.nacos.naming.failover.0] [none] DEBUG com.alibaba.nacos.client.naming - failover switch is not found, 00-00---000-VIPSRV_FAILOVER_SWITCH-000---00-00
2026-05-18 16:50:14.354 [com.alibaba.nacos.naming.failover.0] [none] DEBUG com.alibaba.nacos.client.naming - failover switch is not found, 00-00---000-VIPSRV_FAILOVER_SWITCH-000---00-00
2026-05-18 16:50:19.355 [com.alibaba.nacos.naming.failover.0] [none] DEBUG com.alibaba.nacos.client.naming - failover switch is not found, 00-00---000-VIPSRV_FAILOVER_SWITCH-000---00-00
2026-05-18 16:50:24.357 [com.alibaba.nacos.naming.failover.0] [none] DEBUG com.alibaba.nacos.client.naming - failover switch is not found, 00-00---000-VIPSRV_FAILOVER_SWITCH-000---00-00
2026-05-18 16:50:29.370 [com.alibaba.nacos.naming.failover.0] [none] DEBUG com.alibaba.nacos.client.naming - failover switch is not found, 00-00---000-VIPSRV_FAILOVER_SWITCH-000---00-00
2026-05-18 16:50:34.385 [com.alibaba.nacos.naming.failover.0] [none] DEBUG com.alibaba.nacos.client.naming - failover switch is not found, 00-00---000-VIPSRV_FAILOVER_SWITCH-000---00-00
2026-05-18 16:50:39.398 [com.alibaba.nacos.naming.failover.0] [none] DEBUG com.alibaba.nacos.client.naming - failover switch is not found, 00-00---000-VIPSRV_FAILOVER_SWITCH-000---00-00
2026-05-18 16:50:44.410 [com.alibaba.nacos.naming.failover.0] [none] DEBUG com.alibaba.nacos.client.naming - failover switch is not found, 00-00---000-VIPSRV_FAILOVER_SWITCH-000---00-00
2026-05-18 16:50:49.418 [com.alibaba.nacos.naming.failover.0] [none] DEBUG com.alibaba.nacos.client.naming - failover switch is not found, 00-00---000-VIPSRV_FAILOVER_SWITCH-000---00-00
2026-05-18 16:50:54.427 [com.alibaba.nacos.naming.failover.0] [none] DEBUG com.alibaba.nacos.client.naming - failover switch is not found, 00-00---000-VIPSRV_FAILOVER_SWITCH-000---00-00
2026-05-18 16:50:59.430 [com.alibaba.nacos.naming.failover.0] [none] DEBUG com.alibaba.nacos.client.naming - failover switch is not found, 00-00---000-VIPSRV_FAILOVER_SWITCH-000---00-00
2026-05-18 16:51:04.442 [com.alibaba.nacos.naming.failover.0] [none] DEBUG com.alibaba.nacos.client.naming - failover switch is not found, 00-00---000-VIPSRV_FAILOVER_SWITCH-000---00-00
2026-05-18 16:51:09.450 [com.alibaba.nacos.naming.failover.0] [none] DEBUG com.alibaba.nacos.client.naming - failover switch is not found, 00-00---000-VIPSRV_FAILOVER_SWITCH-000---00-00
2026-05-18 16:51:14.483 [com.alibaba.nacos.naming.failover.0] [none] DEBUG com.alibaba.nacos.client.naming - failover switch is not found, 00-00---000-VIPSRV_FAILOVER_SWITCH-000---00-00
2026-05-18 16:51:19.495 [com.alibaba.nacos.naming.failover.0] [none] DEBUG com.alibaba.nacos.client.naming - failover switch is not found, 00-00---000-VIPSRV_FAILOVER_SWITCH-000---00-00
2026-05-18 16:51:24.498 [com.alibaba.nacos.naming.failover.0] [none] DEBUG com.alibaba.nacos.client.naming - failover switch is not found, 00-00---000-VIPSRV_FAILOVER_SWITCH-000---00-00
2026-05-18 16:51:29.501 [com.alibaba.nacos.naming.failover.0] [none] DEBUG com.alibaba.nacos.client.naming - failover switch is not found, 00-00---000-VIPSRV_FAILOVER_SWITCH-000---00-00
2026-05-18 16:51:34.505 [com.alibaba.nacos.naming.failover.0] [none] DEBUG com.alibaba.nacos.client.naming - failover switch is not found, 00-00---000-VIPSRV_FAILOVER_SWITCH-000---00-00
2026-05-18 16:51:39.510 [com.alibaba.nacos.naming.failover.0] [none] DEBUG com.alibaba.nacos.client.naming - failover switch is not found, 00-00---000-VIPSRV_FAILOVER_SWITCH-000---00-00
2026-05-18 16:51:44.516 [com.alibaba.nacos.naming.failover.0] [none] DEBUG com.alibaba.nacos.client.naming - failover switch is not found, 00-00---000-VIPSRV_FAILOVER_SWITCH-000---00-00
2026-05-18 16:51:49.525 [com.alibaba.nacos.naming.failover.0] [none] DEBUG com.alibaba.nacos.client.naming - failover switch is not found, 00-00---000-VIPSRV_FAILOVER_SWITCH-000---00-00
2026-05-18 16:51:54.526 [com.alibaba.nacos.naming.failover.0] [none] DEBUG com.alibaba.nacos.client.naming - failover switch is not found, 00-00---000-VIPSRV_FAILOVER_SWITCH-000---00-00
2026-05-18 16:51:59.527 [com.alibaba.nacos.naming.failover.0] [none] DEBUG com.alibaba.nacos.client.naming - failover switch is not found, 00-00---000-VIPSRV_FAILOVER_SWITCH-000---00-00
2026-05-18 16:52:04.528 [com.alibaba.nacos.naming.failover.0] [none] DEBUG com.alibaba.nacos.client.naming - failover switch is not found, 00-00---000-VIPSRV_FAILOVER_SWITCH-000---00-00
2026-05-18 16:52:09.528 [com.alibaba.nacos.naming.failover.0] [none] DEBUG com.alibaba.nacos.client.naming - failover switch is not found, 00-00---000-VIPSRV_FAILOVER_SWITCH-000---00-00
2026-05-18 16:52:14.529 [com.alibaba.nacos.naming.failover.0] [none] DEBUG com.alibaba.nacos.client.naming - failover switch is not found, 00-00---000-VIPSRV_FAILOVER_SWITCH-000---00-00
2026-05-18 16:52:19.530 [com.alibaba.nacos.naming.failover.0] [none] DEBUG com.alibaba.nacos.client.naming - failover switch is not found, 00-00---000-VIPSRV_FAILOVER_SWITCH-000---00-00
2026-05-18 16:52:24.532 [com.alibaba.nacos.naming.failover.0] [none] DEBUG com.alibaba.nacos.client.naming - failover switch is not found, 00-00---000-VIPSRV_FAILOVER_SWITCH-000---00-00
2026-05-18 16:52:29.534 [com.alibaba.nacos.naming.failover.0] [none] DEBUG com.alibaba.nacos.client.naming - failover switch is not found, 00-00---000-VIPSRV_FAILOVER_SWITCH-000---00-00
2026-05-18 16:52:34.535 [com.alibaba.nacos.naming.failover.0] [none] DEBUG com.alibaba.nacos.client.naming - failover switch is not found, 00-00---000-VIPSRV_FAILOVER_SWITCH-000---00-00
2026-05-18 16:52:39.536 [com.alibaba.nacos.naming.failover.0] [none] DEBUG com.alibaba.nacos.client.naming - failover switch is not found, 00-00---000-VIPSRV_FAILOVER_SWITCH-000---00-00
2026-05-18 16:52:44.537 [com.alibaba.nacos.naming.failover.0] [none] DEBUG com.alibaba.nacos.client.naming - failover switch is not found, 00-00---000-VIPSRV_FAILOVER_SWITCH-000---00-00
2026-05-18 16:52:49.538 [com.alibaba.nacos.naming.failover.0] [none] DEBUG com.alibaba.nacos.client.naming - failover switch is not found, 00-00---000-VIPSRV_FAILOVER_SWITCH-000---00-00
2026-05-18 16:52:54.540 [com.alibaba.nacos.naming.failover.0] [none] DEBUG com.alibaba.nacos.client.naming - failover switch is not found, 00-00---000-VIPSRV_FAILOVER_SWITCH-000---00-00
2026-05-18 16:52:59.541 [com.alibaba.nacos.naming.failover.0] [none] DEBUG com.alibaba.nacos.client.naming - failover switch is not found, 00-00---000-VIPSRV_FAILOVER_SWITCH-000---00-00
2026-05-18 16:53:04.542 [com.alibaba.nacos.naming.failover.0] [none] DEBUG com.alibaba.nacos.client.naming - failover switch is not found, 00-00---000-VIPSRV_FAILOVER_SWITCH-000---00-00
2026-05-18 16:53:09.542 [com.alibaba.nacos.naming.failover.0] [none] DEBUG com.alibaba.nacos.client.naming - failover switch is not found, 00-00---000-VIPSRV_FAILOVER_SWITCH-000---00-00
2026-05-18 16:53:14.543 [com.alibaba.nacos.naming.failover.0] [none] DEBUG com.alibaba.nacos.client.naming - failover switch is not found, 00-00---000-VIPSRV_FAILOVER_SWITCH-000---00-00
2026-05-18 16:53:19.543 [com.alibaba.nacos.naming.failover.0] [none] DEBUG com.alibaba.nacos.client.naming - failover switch is not found, 00-00---000-VIPSRV_FAILOVER_SWITCH-000---00-00
2026-05-18 16:53:24.544 [com.alibaba.nacos.naming.failover.0] [none] DEBUG com.alibaba.nacos.client.naming - failover switch is not found, 00-00---000-VIPSRV_FAILOVER_SWITCH-000---00-00
2026-05-18 16:53:29.545 [com.alibaba.nacos.naming.failover.0] [none] DEBUG com.alibaba.nacos.client.naming - failover switch is not found, 00-00---000-VIPSRV_FAILOVER_SWITCH-000---00-00
2026-05-18 16:53:34.545 [com.alibaba.nacos.naming.failover.0] [none] DEBUG com.alibaba.nacos.client.naming - failover switch is not found, 00-00---000-VIPSRV_FAILOVER_SWITCH-000---00-00
2026-05-18 16:53:39.547 [com.alibaba.nacos.naming.failover.0] [none] DEBUG com.alibaba.nacos.client.naming - failover switch is not found, 00-00---000-VIPSRV_FAILOVER_SWITCH-000---00-00
2026-05-18 16:53:44.548 [com.alibaba.nacos.naming.failover.0] [none] DEBUG com.alibaba.nacos.client.naming - failover switch is not found, 00-00---000-VIPSRV_FAILOVER_SWITCH-000---00-00
2026-05-18 16:53:49.549 [com.alibaba.nacos.naming.failover.0] [none] DEBUG com.alibaba.nacos.client.naming - failover switch is not found, 00-00---000-VIPSRV_FAILOVER_SWITCH-000---00-00
2026-05-18 16:53:54.550 [com.alibaba.nacos.naming.failover.0] [none] DEBUG com.alibaba.nacos.client.naming - failover switch is not found, 00-00---000-VIPSRV_FAILOVER_SWITCH-000---00-00
2026-05-18 16:53:59.551 [com.alibaba.nacos.naming.failover.0] [none] DEBUG com.alibaba.nacos.client.naming - failover switch is not found, 00-00---000-VIPSRV_FAILOVER_SWITCH-000---00-00
2026-05-18 16:54:04.552 [com.alibaba.nacos.naming.failover.0] [none] DEBUG com.alibaba.nacos.client.naming - failover switch is not found, 00-00---000-VIPSRV_FAILOVER_SWITCH-000---00-00
2026-05-18 16:54:09.553 [com.alibaba.nacos.naming.failover.0] [none] DEBUG com.alibaba.nacos.client.naming - failover switch is not found, 00-00---000-VIPSRV_FAILOVER_SWITCH-000---00-00
2026-05-18 16:54:14.554 [com.alibaba.nacos.naming.failover.0] [none] DEBUG com.alibaba.nacos.client.naming - failover switch is not found, 00-00---000-VIPSRV_FAILOVER_SWITCH-000---00-00
2026-05-18 16:54:19.554 [com.alibaba.nacos.naming.failover.0] [none] DEBUG com.alibaba.nacos.client.naming - failover switch is not found, 00-00---000-VIPSRV_FAILOVER_SWITCH-000---00-00
2026-05-18 16:54:24.555 [com.alibaba.nacos.naming.failover.0] [none] DEBUG com.alibaba.nacos.client.naming - failover switch is not found, 00-00---000-VIPSRV_FAILOVER_SWITCH-000---00-00
2026-05-18 16:54:29.556 [com.alibaba.nacos.naming.failover.0] [none] DEBUG com.alibaba.nacos.client.naming - failover switch is not found, 00-00---000-VIPSRV_FAILOVER_SWITCH-000---00-00
2026-05-18 16:54:34.557 [com.alibaba.nacos.naming.failover.0] [none] DEBUG com.alibaba.nacos.client.naming - failover switch is not found, 00-00---000-VIPSRV_FAILOVER_SWITCH-000---00-00
2026-05-18 16:54:39.558 [com.alibaba.nacos.naming.failover.0] [none] DEBUG com.alibaba.nacos.client.naming - failover switch is not found, 00-00---000-VIPSRV_FAILOVER_SWITCH-000---00-00
2026-05-18 16:54:44.560 [com.alibaba.nacos.naming.failover.0] [none] DEBUG com.alibaba.nacos.client.naming - failover switch is not found, 00-00---000-VIPSRV_FAILOVER_SWITCH-000---00-00
2026-05-18 16:54:49.560 [com.alibaba.nacos.naming.failover.0] [none] DEBUG com.alibaba.nacos.client.naming - failover switch is not found, 00-00---000-VIPSRV_FAILOVER_SWITCH-000---00-00
2026-05-18 16:54:54.560 [com.alibaba.nacos.naming.failover.0] [none] DEBUG com.alibaba.nacos.client.naming - failover switch is not found, 00-00---000-VIPSRV_FAILOVER_SWITCH-000---00-00
2026-05-18 16:54:59.561 [com.alibaba.nacos.naming.failover.0] [none] DEBUG com.alibaba.nacos.client.naming - failover switch is not found, 00-00---000-VIPSRV_FAILOVER_SWITCH-000---00-00
2026-05-18 16:55:04.562 [com.alibaba.nacos.naming.failover.0] [none] DEBUG com.alibaba.nacos.client.naming - failover switch is not found, 00-00---000-VIPSRV_FAILOVER_SWITCH-000---00-00
2026-05-18 16:55:09.563 [com.alibaba.nacos.naming.failover.0] [none] DEBUG com.alibaba.nacos.client.naming - failover switch is not found, 00-00---000-VIPSRV_FAILOVER_SWITCH-000---00-00
2026-05-18 16:55:14.565 [com.alibaba.nacos.naming.failover.0] [none] DEBUG com.alibaba.nacos.client.naming - failover switch is not found, 00-00---000-VIPSRV_FAILOVER_SWITCH-000---00-00
2026-05-18 16:55:19.565 [com.alibaba.nacos.naming.failover.0] [none] DEBUG com.alibaba.nacos.client.naming - failover switch is not found, 00-00---000-VIPSRV_FAILOVER_SWITCH-000---00-00
2026-05-18 16:55:24.566 [com.alibaba.nacos.naming.failover.0] [none] DEBUG com.alibaba.nacos.client.naming - failover switch is not found, 00-00---000-VIPSRV_FAILOVER_SWITCH-000---00-00
2026-05-18 16:55:29.567 [com.alibaba.nacos.naming.failover.0] [none] DEBUG com.alibaba.nacos.client.naming - failover switch is not found, 00-00---000-VIPSRV_FAILOVER_SWITCH-000---00-00
2026-05-18 16:55:34.567 [com.alibaba.nacos.naming.failover.0] [none] DEBUG com.alibaba.nacos.client.naming - failover switch is not found, 00-00---000-VIPSRV_FAILOVER_SWITCH-000---00-00
2026-05-18 16:55:39.568 [com.alibaba.nacos.naming.failover.0] [none] DEBUG com.alibaba.nacos.client.naming - failover switch is not found, 00-00---000-VIPSRV_FAILOVER_SWITCH-000---00-00
2026-05-18 16:55:44.569 [com.alibaba.nacos.naming.failover.0] [none] DEBUG com.alibaba.nacos.client.naming - failover switch is not found, 00-00---000-VIPSRV_FAILOVER_SWITCH-000---00-00
2026-05-18 16:55:49.569 [com.alibaba.nacos.naming.failover.0] [none] DEBUG com.alibaba.nacos.client.naming - failover switch is not found, 00-00---000-VIPSRV_FAILOVER_SWITCH-000---00-00
2026-05-18 16:55:54.570 [com.alibaba.nacos.naming.failover.0] [none] DEBUG com.alibaba.nacos.client.naming - failover switch is not found, 00-00---000-VIPSRV_FAILOVER_SWITCH-000---00-00
2026-05-18 16:55:59.571 [com.alibaba.nacos.naming.failover.0] [none] DEBUG com.alibaba.nacos.client.naming - failover switch is not found, 00-00---000-VIPSRV_FAILOVER_SWITCH-000---00-00
2026-05-18 16:56:04.572 [com.alibaba.nacos.naming.failover.0] [none] DEBUG com.alibaba.nacos.client.naming - failover switch is not found, 00-00---000-VIPSRV_FAILOVER_SWITCH-000---00-00
2026-05-18 16:56:09.573 [com.alibaba.nacos.naming.failover.0] [none] DEBUG com.alibaba.nacos.client.naming - failover switch is not found, 00-00---000-VIPSRV_FAILOVER_SWITCH-000---00-00
2026-05-18 16:56:14.575 [com.alibaba.nacos.naming.failover.0] [none] DEBUG com.alibaba.nacos.client.naming - failover switch is not found, 00-00---000-VIPSRV_FAILOVER_SWITCH-000---00-00
2026-05-18 16:56:19.579 [com.alibaba.nacos.naming.failover.0] [none] DEBUG com.alibaba.nacos.client.naming - failover switch is not found, 00-00---000-VIPSRV_FAILOVER_SWITCH-000---00-00
2026-05-18 16:56:24.582 [com.alibaba.nacos.naming.failover.0] [none] DEBUG com.alibaba.nacos.client.naming - failover switch is not found, 00-00---000-VIPSRV_FAILOVER_SWITCH-000---00-00
2026-05-18 16:56:29.588 [com.alibaba.nacos.naming.failover.0] [none] DEBUG com.alibaba.nacos.client.naming - failover switch is not found, 00-00---000-VIPSRV_FAILOVER_SWITCH-000---00-00
2026-05-18 16:56:34.590 [com.alibaba.nacos.naming.failover.0] [none] DEBUG com.alibaba.nacos.client.naming - failover switch is not found, 00-00---000-VIPSRV_FAILOVER_SWITCH-000---00-00
2026-05-18 16:56:39.591 [com.alibaba.nacos.naming.failover.0] [none] DEBUG com.alibaba.nacos.client.naming - failover switch is not found, 00-00---000-VIPSRV_FAILOVER_SWITCH-000---00-00
2026-05-18 16:56:44.592 [com.alibaba.nacos.naming.failover.0] [none] DEBUG com.alibaba.nacos.client.naming - failover switch is not found, 00-00---000-VIPSRV_FAILOVER_SWITCH-000---00-00
2026-05-18 16:56:49.593 [com.alibaba.nacos.naming.failover.0] [none] DEBUG com.alibaba.nacos.client.naming - failover switch is not found, 00-00---000-VIPSRV_FAILOVER_SWITCH-000---00-00
2026-05-18 16:56:54.594 [com.alibaba.nacos.naming.failover.0] [none] DEBUG com.alibaba.nacos.client.naming - failover switch is not found, 00-00---000-VIPSRV_FAILOVER_SWITCH-000---00-00
2026-05-18 16:56:59.595 [com.alibaba.nacos.naming.failover.0] [none] DEBUG com.alibaba.nacos.client.naming - failover switch is not found, 00-00---000-VIPSRV_FAILOVER_SWITCH-000---00-00
2026-05-18 16:57:04.596 [com.alibaba.nacos.naming.failover.0] [none] DEBUG com.alibaba.nacos.client.naming - failover switch is not found, 00-00---000-VIPSRV_FAILOVER_SWITCH-000---00-00
2026-05-18 16:57:09.596 [com.alibaba.nacos.naming.failover.0] [none] DEBUG com.alibaba.nacos.client.naming - failover switch is not found, 00-00---000-VIPSRV_FAILOVER_SWITCH-000---00-00
2026-05-18 16:57:14.598 [com.alibaba.nacos.naming.failover.0] [none] DEBUG com.alibaba.nacos.client.naming - failover switch is not found, 00-00---000-VIPSRV_FAILOVER_SWITCH-000---00-00
2026-05-18 16:57:19.599 [com.alibaba.nacos.naming.failover.0] [none] DEBUG com.alibaba.nacos.client.naming - failover switch is not found, 00-00---000-VIPSRV_FAILOVER_SWITCH-000---00-00
2026-05-18 16:57:24.600 [com.alibaba.nacos.naming.failover.0] [none] DEBUG com.alibaba.nacos.client.naming - failover switch is not found, 00-00---000-VIPSRV_FAILOVER_SWITCH-000---00-00
2026-05-18 16:57:29.623 [com.alibaba.nacos.naming.failover.0] [none] DEBUG com.alibaba.nacos.client.naming - failover switch is not found, 00-00---000-VIPSRV_FAILOVER_SWITCH-000---00-00
2026-05-18 16:57:34.625 [com.alibaba.nacos.naming.failover.0] [none] DEBUG com.alibaba.nacos.client.naming - failover switch is not found, 00-00---000-VIPSRV_FAILOVER_SWITCH-000---00-00
2026-05-18 16:57:39.626 [com.alibaba.nacos.naming.failover.0] [none] DEBUG com.alibaba.nacos.client.naming - failover switch is not found, 00-00---000-VIPSRV_FAILOVER_SWITCH-000---00-00
2026-05-18 16:57:44.627 [com.alibaba.nacos.naming.failover.0] [none] DEBUG com.alibaba.nacos.client.naming - failover switch is not found, 00-00---000-VIPSRV_FAILOVER_SWITCH-000---00-00
2026-05-18 16:57:49.627 [com.alibaba.nacos.naming.failover.0] [none] DEBUG com.alibaba.nacos.client.naming - failover switch is not found, 00-00---000-VIPSRV_FAILOVER_SWITCH-000---00-00
2026-05-18 16:57:54.628 [com.alibaba.nacos.naming.failover.0] [none] DEBUG com.alibaba.nacos.client.naming - failover switch is not found, 00-00---000-VIPSRV_FAILOVER_SWITCH-000---00-00
2026-05-18 16:57:59.630 [com.alibaba.nacos.naming.failover.0] [none] DEBUG com.alibaba.nacos.client.naming - failover switch is not found, 00-00---000-VIPSRV_FAILOVER_SWITCH-000---00-00
2026-05-18 16:58:04.630 [com.alibaba.nacos.naming.failover.0] [none] DEBUG com.alibaba.nacos.client.naming - failover switch is not found, 00-00---000-VIPSRV_FAILOVER_SWITCH-000---00-00
2026-05-18 16:58:09.631 [com.alibaba.nacos.naming.failover.0] [none] DEBUG com.alibaba.nacos.client.naming - failover switch is not found, 00-00---000-VIPSRV_FAILOVER_SWITCH-000---00-00
2026-05-18 16:58:14.631 [com.alibaba.nacos.naming.failover.0] [none] DEBUG com.alibaba.nacos.client.naming - failover switch is not found, 00-00---000-VIPSRV_FAILOVER_SWITCH-000---00-00
2026-05-18 16:58:19.633 [com.alibaba.nacos.naming.failover.0] [none] DEBUG com.alibaba.nacos.client.naming - failover switch is not found, 00-00---000-VIPSRV_FAILOVER_SWITCH-000---00-00
2026-05-18 16:58:24.634 [com.alibaba.nacos.naming.failover.0] [none] DEBUG com.alibaba.nacos.client.naming - failover switch is not found, 00-00---000-VIPSRV_FAILOVER_SWITCH-000---00-00
2026-05-18 16:58:29.635 [com.alibaba.nacos.naming.failover.0] [none] DEBUG com.alibaba.nacos.client.naming - failover switch is not found, 00-00---000-VIPSRV_FAILOVER_SWITCH-000---00-00
2026-05-18 16:58:34.636 [com.alibaba.nacos.naming.failover.0] [none] DEBUG com.alibaba.nacos.client.naming - failover switch is not found, 00-00---000-VIPSRV_FAILOVER_SWITCH-000---00-00
2026-05-18 16:58:39.637 [com.alibaba.nacos.naming.failover.0] [none] DEBUG com.alibaba.nacos.client.naming - failover switch is not found, 00-00---000-VIPSRV_FAILOVER_SWITCH-000---00-00
2026-05-18 16:58:44.638 [com.alibaba.nacos.naming.failover.0] [none] DEBUG com.alibaba.nacos.client.naming - failover switch is not found, 00-00---000-VIPSRV_FAILOVER_SWITCH-000---00-00
2026-05-18 16:58:49.640 [com.alibaba.nacos.naming.failover.0] [none] DEBUG com.alibaba.nacos.client.naming - failover switch is not found, 00-00---000-VIPSRV_FAILOVER_SWITCH-000---00-00
2026-05-18 16:58:54.641 [com.alibaba.nacos.naming.failover.0] [none] DEBUG com.alibaba.nacos.client.naming - failover switch is not found, 00-00---000-VIPSRV_FAILOVER_SWITCH-000---00-00
2026-05-18 16:58:59.642 [com.alibaba.nacos.naming.failover.0] [none] DEBUG com.alibaba.nacos.client.naming - failover switch is not found, 00-00---000-VIPSRV_FAILOVER_SWITCH-000---00-00
2026-05-18 16:59:04.643 [com.alibaba.nacos.naming.failover.0] [none] DEBUG com.alibaba.nacos.client.naming - failover switch is not found, 00-00---000-VIPSRV_FAILOVER_SWITCH-000---00-00
2026-05-18 16:59:09.643 [com.alibaba.nacos.naming.failover.0] [none] DEBUG com.alibaba.nacos.client.naming - failover switch is not found, 00-00---000-VIPSRV_FAILOVER_SWITCH-000---00-00
2026-05-18 16:59:14.645 [com.alibaba.nacos.naming.failover.0] [none] DEBUG com.alibaba.nacos.client.naming - failover switch is not found, 00-00---000-VIPSRV_FAILOVER_SWITCH-000---00-00
2026-05-18 16:59:19.646 [com.alibaba.nacos.naming.failover.0] [none] DEBUG com.alibaba.nacos.client.naming - failover switch is not found, 00-00---000-VIPSRV_FAILOVER_SWITCH-000---00-00
2026-05-18 16:59:24.647 [com.alibaba.nacos.naming.failover.0] [none] DEBUG com.alibaba.nacos.client.naming - failover switch is not found, 00-00---000-VIPSRV_FAILOVER_SWITCH-000---00-00
2026-05-18 16:59:29.647 [com.alibaba.nacos.naming.failover.0] [none] DEBUG com.alibaba.nacos.client.naming - failover switch is not found, 00-00---000-VIPSRV_FAILOVER_SWITCH-000---00-00
2026-05-18 16:59:34.648 [com.alibaba.nacos.naming.failover.0] [none] DEBUG com.alibaba.nacos.client.naming - failover switch is not found, 00-00---000-VIPSRV_FAILOVER_SWITCH-000---00-00
2026-05-18 16:59:39.650 [com.alibaba.nacos.naming.failover.0] [none] DEBUG com.alibaba.nacos.client.naming - failover switch is not found, 00-00---000-VIPSRV_FAILOVER_SWITCH-000---00-00
2026-05-18 16:59:44.651 [com.alibaba.nacos.naming.failover.0] [none] DEBUG com.alibaba.nacos.client.naming - failover switch is not found, 00-00---000-VIPSRV_FAILOVER_SWITCH-000---00-00
2026-05-18 16:59:49.652 [com.alibaba.nacos.naming.failover.0] [none] DEBUG com.alibaba.nacos.client.naming - failover switch is not found, 00-00---000-VIPSRV_FAILOVER_SWITCH-000---00-00
2026-05-18 16:59:54.652 [com.alibaba.nacos.naming.failover.0] [none] DEBUG com.alibaba.nacos.client.naming - failover switch is not found, 00-00---000-VIPSRV_FAILOVER_SWITCH-000---00-00
2026-05-18 16:59:59.652 [com.alibaba.nacos.naming.failover.0] [none] DEBUG com.alibaba.nacos.client.naming - failover switch is not found, 00-00---000-VIPSRV_FAILOVER_SWITCH-000---00-00
2026-05-18 17:00:04.653 [com.alibaba.nacos.naming.failover.0] [none] DEBUG com.alibaba.nacos.client.naming - failover switch is not found, 00-00---000-VIPSRV_FAILOVER_SWITCH-000---00-00
2026-05-18 17:00:09.654 [com.alibaba.nacos.naming.failover.0] [none] DEBUG com.alibaba.nacos.client.naming - failover switch is not found, 00-00---000-VIPSRV_FAILOVER_SWITCH-000---00-00
2026-05-18 17:00:14.655 [com.alibaba.nacos.naming.failover.0] [none] DEBUG com.alibaba.nacos.client.naming - failover switch is not found, 00-00---000-VIPSRV_FAILOVER_SWITCH-000---00-00
2026-05-18 17:00:19.655 [com.alibaba.nacos.naming.failover.0] [none] DEBUG com.alibaba.nacos.client.naming - failover switch is not found, 00-00---000-VIPSRV_FAILOVER_SWITCH-000---00-00
2026-05-18 17:00:24.656 [com.alibaba.nacos.naming.failover.0] [none] DEBUG com.alibaba.nacos.client.naming - failover switch is not found, 00-00---000-VIPSRV_FAILOVER_SWITCH-000---00-00
2026-05-18 17:00:29.657 [com.alibaba.nacos.naming.failover.0] [none] DEBUG com.alibaba.nacos.client.naming - failover switch is not found, 00-00---000-VIPSRV_FAILOVER_SWITCH-000---00-00
2026-05-18 17:00:34.658 [com.alibaba.nacos.naming.failover.0] [none] DEBUG com.alibaba.nacos.client.naming - failover switch is not found, 00-00---000-VIPSRV_FAILOVER_SWITCH-000---00-00
2026-05-18 17:00:39.659 [com.alibaba.nacos.naming.failover.0] [none] DEBUG com.alibaba.nacos.client.naming - failover switch is not found, 00-00---000-VIPSRV_FAILOVER_SWITCH-000---00-00
2026-05-18 17:00:44.659 [com.alibaba.nacos.naming.failover.0] [none] DEBUG com.alibaba.nacos.client.naming - failover switch is not found, 00-00---000-VIPSRV_FAILOVER_SWITCH-000---00-00
2026-05-18 17:00:49.660 [com.alibaba.nacos.naming.failover.0] [none] DEBUG com.alibaba.nacos.client.naming - failover switch is not found, 00-00---000-VIPSRV_FAILOVER_SWITCH-000---00-00
2026-05-18 17:00:54.661 [com.alibaba.nacos.naming.failover.0] [none] DEBUG com.alibaba.nacos.client.naming - failover switch is not found, 00-00---000-VIPSRV_FAILOVER_SWITCH-000---00-00
2026-05-18 17:00:59.662 [com.alibaba.nacos.naming.failover.0] [none] DEBUG com.alibaba.nacos.client.naming - failover switch is not found, 00-00---000-VIPSRV_FAILOVER_SWITCH-000---00-00
2026-05-18 17:01:04.663 [com.alibaba.nacos.naming.failover.0] [none] DEBUG com.alibaba.nacos.client.naming - failover switch is not found, 00-00---000-VIPSRV_FAILOVER_SWITCH-000---00-00
2026-05-18 17:01:09.663 [com.alibaba.nacos.naming.failover.0] [none] DEBUG com.alibaba.nacos.client.naming - failover switch is not found, 00-00---000-VIPSRV_FAILOVER_SWITCH-000---00-00
2026-05-18 17:01:14.666 [com.alibaba.nacos.naming.failover.0] [none] DEBUG com.alibaba.nacos.client.naming - failover switch is not found, 00-00---000-VIPSRV_FAILOVER_SWITCH-000---00-00
2026-05-18 17:01:19.667 [com.alibaba.nacos.naming.failover.0] [none] DEBUG com.alibaba.nacos.client.naming - failover switch is not found, 00-00---000-VIPSRV_FAILOVER_SWITCH-000---00-00
2026-05-18 17:01:24.671 [com.alibaba.nacos.naming.failover.0] [none] DEBUG com.alibaba.nacos.client.naming - failover switch is not found, 00-00---000-VIPSRV_FAILOVER_SWITCH-000---00-00
2026-05-18 17:01:29.675 [com.alibaba.nacos.naming.failover.0] [none] DEBUG com.alibaba.nacos.client.naming - failover switch is not found, 00-00---000-VIPSRV_FAILOVER_SWITCH-000---00-00
2026-05-18 17:01:34.675 [com.alibaba.nacos.naming.failover.0] [none] DEBUG com.alibaba.nacos.client.naming - failover switch is not found, 00-00---000-VIPSRV_FAILOVER_SWITCH-000---00-00
2026-05-18 17:01:39.677 [com.alibaba.nacos.naming.failover.0] [none] DEBUG com.alibaba.nacos.client.naming - failover switch is not found, 00-00---000-VIPSRV_FAILOVER_SWITCH-000---00-00
2026-05-18 17:01:44.678 [com.alibaba.nacos.naming.failover.0] [none] DEBUG com.alibaba.nacos.client.naming - failover switch is not found, 00-00---000-VIPSRV_FAILOVER_SWITCH-000---00-00
2026-05-18 17:01:49.679 [com.alibaba.nacos.naming.failover.0] [none] DEBUG com.alibaba.nacos.client.naming - failover switch is not found, 00-00---000-VIPSRV_FAILOVER_SWITCH-000---00-00
2026-05-18 17:01:54.679 [com.alibaba.nacos.naming.failover.0] [none] DEBUG com.alibaba.nacos.client.naming - failover switch is not found, 00-00---000-VIPSRV_FAILOVER_SWITCH-000---00-00
2026-05-18 17:01:59.681 [com.alibaba.nacos.naming.failover.0] [none] DEBUG com.alibaba.nacos.client.naming - failover switch is not found, 00-00---000-VIPSRV_FAILOVER_SWITCH-000---00-00
2026-05-18 17:02:04.682 [com.alibaba.nacos.naming.failover.0] [none] DEBUG com.alibaba.nacos.client.naming - failover switch is not found, 00-00---000-VIPSRV_FAILOVER_SWITCH-000---00-00
2026-05-18 17:02:09.682 [com.alibaba.nacos.naming.failover.0] [none] DEBUG com.alibaba.nacos.client.naming - failover switch is not found, 00-00---000-VIPSRV_FAILOVER_SWITCH-000---00-00
2026-05-18 17:02:14.684 [com.alibaba.nacos.naming.failover.0] [none] DEBUG com.alibaba.nacos.client.naming - failover switch is not found, 00-00---000-VIPSRV_FAILOVER_SWITCH-000---00-00
2026-05-18 17:02:19.686 [com.alibaba.nacos.naming.failover.0] [none] DEBUG com.alibaba.nacos.client.naming - failover switch is not found, 00-00---000-VIPSRV_FAILOVER_SWITCH-000---00-00
2026-05-18 17:02:24.688 [com.alibaba.nacos.naming.failover.0] [none] DEBUG com.alibaba.nacos.client.naming - failover switch is not found, 00-00---000-VIPSRV_FAILOVER_SWITCH-000---00-00
2026-05-18 17:02:29.690 [com.alibaba.nacos.naming.failover.0] [none] DEBUG com.alibaba.nacos.client.naming - failover switch is not found, 00-00---000-VIPSRV_FAILOVER_SWITCH-000---00-00
2026-05-18 17:02:34.690 [com.alibaba.nacos.naming.failover.0] [none] DEBUG com.alibaba.nacos.client.naming - failover switch is not found, 00-00---000-VIPSRV_FAILOVER_SWITCH-000---00-00
2026-05-18 17:02:39.691 [com.alibaba.nacos.naming.failover.0] [none] DEBUG com.alibaba.nacos.client.naming - failover switch is not found, 00-00---000-VIPSRV_FAILOVER_SWITCH-000---00-00
2026-05-18 17:02:44.692 [com.alibaba.nacos.naming.failover.0] [none] DEBUG com.alibaba.nacos.client.naming - failover switch is not found, 00-00---000-VIPSRV_FAILOVER_SWITCH-000---00-00
2026-05-18 17:02:49.694 [com.alibaba.nacos.naming.failover.0] [none] DEBUG com.alibaba.nacos.client.naming - failover switch is not found, 00-00---000-VIPSRV_FAILOVER_SWITCH-000---00-00
2026-05-18 17:02:54.695 [com.alibaba.nacos.naming.failover.0] [none] DEBUG com.alibaba.nacos.client.naming - failover switch is not found, 00-00---000-VIPSRV_FAILOVER_SWITCH-000---00-00
2026-05-18 17:02:59.696 [com.alibaba.nacos.naming.failover.0] [none] DEBUG com.alibaba.nacos.client.naming - failover switch is not found, 00-00---000-VIPSRV_FAILOVER_SWITCH-000---00-00
2026-05-18 17:03:04.697 [com.alibaba.nacos.naming.failover.0] [none] DEBUG com.alibaba.nacos.client.naming - failover switch is not found, 00-00---000-VIPSRV_FAILOVER_SWITCH-000---00-00
2026-05-18 17:03:09.698 [com.alibaba.nacos.naming.failover.0] [none] DEBUG com.alibaba.nacos.client.naming - failover switch is not found, 00-00---000-VIPSRV_FAILOVER_SWITCH-000---00-00
2026-05-18 17:03:14.699 [com.alibaba.nacos.naming.failover.0] [none] DEBUG com.alibaba.nacos.client.naming - failover switch is not found, 00-00---000-VIPSRV_FAILOVER_SWITCH-000---00-00
2026-05-18 17:03:19.700 [com.alibaba.nacos.naming.failover.0] [none] DEBUG com.alibaba.nacos.client.naming - failover switch is not found, 00-00---000-VIPSRV_FAILOVER_SWITCH-000---00-00
2026-05-18 17:03:24.702 [com.alibaba.nacos.naming.failover.0] [none] DEBUG com.alibaba.nacos.client.naming - failover switch is not found, 00-00---000-VIPSRV_FAILOVER_SWITCH-000---00-00
2026-05-18 17:03:29.703 [com.alibaba.nacos.naming.failover.0] [none] DEBUG com.alibaba.nacos.client.naming - failover switch is not found, 00-00---000-VIPSRV_FAILOVER_SWITCH-000---00-00
2026-05-18 17:03:34.703 [com.alibaba.nacos.naming.failover.0] [none] DEBUG com.alibaba.nacos.client.naming - failover switch is not found, 00-00---000-VIPSRV_FAILOVER_SWITCH-000---00-00
2026-05-18 17:03:39.704 [com.alibaba.nacos.naming.failover.0] [none] DEBUG com.alibaba.nacos.client.naming - failover switch is not found, 00-00---000-VIPSRV_FAILOVER_SWITCH-000---00-00
2026-05-18 17:03:44.721 [com.alibaba.nacos.naming.failover.0] [none] DEBUG com.alibaba.nacos.client.naming - failover switch is not found, 00-00---000-VIPSRV_FAILOVER_SWITCH-000---00-00
2026-05-18 17:03:49.722 [com.alibaba.nacos.naming.failover.0] [none] DEBUG com.alibaba.nacos.client.naming - failover switch is not found, 00-00---000-VIPSRV_FAILOVER_SWITCH-000---00-00
2026-05-18 17:03:54.723 [com.alibaba.nacos.naming.failover.0] [none] DEBUG com.alibaba.nacos.client.naming - failover switch is not found, 00-00---000-VIPSRV_FAILOVER_SWITCH-000---00-00
2026-05-18 17:03:59.725 [com.alibaba.nacos.naming.failover.0] [none] DEBUG com.alibaba.nacos.client.naming - failover switch is not found, 00-00---000-VIPSRV_FAILOVER_SWITCH-000---00-00
2026-05-18 17:04:04.725 [com.alibaba.nacos.naming.failover.0] [none] DEBUG com.alibaba.nacos.client.naming - failover switch is not found, 00-00---000-VIPSRV_FAILOVER_SWITCH-000---00-00
2026-05-18 17:04:09.727 [com.alibaba.nacos.naming.failover.0] [none] DEBUG com.alibaba.nacos.client.naming - failover switch is not found, 00-00---000-VIPSRV_FAILOVER_SWITCH-000---00-00
2026-05-18 17:04:14.728 [com.alibaba.nacos.naming.failover.0] [none] DEBUG com.alibaba.nacos.client.naming - failover switch is not found, 00-00---000-VIPSRV_FAILOVER_SWITCH-000---00-00
2026-05-18 17:04:19.730 [com.alibaba.nacos.naming.failover.0] [none] DEBUG com.alibaba.nacos.client.naming - failover switch is not found, 00-00---000-VIPSRV_FAILOVER_SWITCH-000---00-00
2026-05-18 17:04:24.730 [com.alibaba.nacos.naming.failover.0] [none] DEBUG com.alibaba.nacos.client.naming - failover switch is not found, 00-00---000-VIPSRV_FAILOVER_SWITCH-000---00-00
2026-05-18 17:04:29.732 [com.alibaba.nacos.naming.failover.0] [none] DEBUG com.alibaba.nacos.client.naming - failover switch is not found, 00-00---000-VIPSRV_FAILOVER_SWITCH-000---00-00
2026-05-18 17:04:34.733 [com.alibaba.nacos.naming.failover.0] [none] DEBUG com.alibaba.nacos.client.naming - failover switch is not found, 00-00---000-VIPSRV_FAILOVER_SWITCH-000---00-00
2026-05-18 17:04:39.734 [com.alibaba.nacos.naming.failover.0] [none] DEBUG com.alibaba.nacos.client.naming - failover switch is not found, 00-00---000-VIPSRV_FAILOVER_SWITCH-000---00-00
2026-05-18 17:04:44.735 [com.alibaba.nacos.naming.failover.0] [none] DEBUG com.alibaba.nacos.client.naming - failover switch is not found, 00-00---000-VIPSRV_FAILOVER_SWITCH-000---00-00
2026-05-18 17:04:49.736 [com.alibaba.nacos.naming.failover.0] [none] DEBUG com.alibaba.nacos.client.naming - failover switch is not found, 00-00---000-VIPSRV_FAILOVER_SWITCH-000---00-00
2026-05-18 17:04:54.737 [com.alibaba.nacos.naming.failover.0] [none] DEBUG com.alibaba.nacos.client.naming - failover switch is not found, 00-00---000-VIPSRV_FAILOVER_SWITCH-000---00-00
2026-05-18 17:04:59.738 [com.alibaba.nacos.naming.failover.0] [none] DEBUG com.alibaba.nacos.client.naming - failover switch is not found, 00-00---000-VIPSRV_FAILOVER_SWITCH-000---00-00
2026-05-18 17:05:04.739 [com.alibaba.nacos.naming.failover.0] [none] DEBUG com.alibaba.nacos.client.naming - failover switch is not found, 00-00---000-VIPSRV_FAILOVER_SWITCH-000---00-00
2026-05-18 17:05:09.740 [com.alibaba.nacos.naming.failover.0] [none] DEBUG com.alibaba.nacos.client.naming - failover switch is not found, 00-00---000-VIPSRV_FAILOVER_SWITCH-000---00-00
2026-05-18 17:05:14.740 [com.alibaba.nacos.naming.failover.0] [none] DEBUG com.alibaba.nacos.client.naming - failover switch is not found, 00-00---000-VIPSRV_FAILOVER_SWITCH-000---00-00
2026-05-18 17:05:19.741 [com.alibaba.nacos.naming.failover.0] [none] DEBUG com.alibaba.nacos.client.naming - failover switch is not found, 00-00---000-VIPSRV_FAILOVER_SWITCH-000---00-00
2026-05-18 17:05:24.743 [com.alibaba.nacos.naming.failover.0] [none] DEBUG com.alibaba.nacos.client.naming - failover switch is not found, 00-00---000-VIPSRV_FAILOVER_SWITCH-000---00-00
2026-05-18 17:05:29.744 [com.alibaba.nacos.naming.failover.0] [none] DEBUG com.alibaba.nacos.client.naming - failover switch is not found, 00-00---000-VIPSRV_FAILOVER_SWITCH-000---00-00
2026-05-18 17:05:34.744 [com.alibaba.nacos.naming.failover.0] [none] DEBUG com.alibaba.nacos.client.naming - failover switch is not found, 00-00---000-VIPSRV_FAILOVER_SWITCH-000---00-00
2026-05-18 17:05:39.745 [com.alibaba.nacos.naming.failover.0] [none] DEBUG com.alibaba.nacos.client.naming - failover switch is not found, 00-00---000-VIPSRV_FAILOVER_SWITCH-000---00-00
2026-05-18 17:05:44.747 [com.alibaba.nacos.naming.failover.0] [none] DEBUG com.alibaba.nacos.client.naming - failover switch is not found, 00-00---000-VIPSRV_FAILOVER_SWITCH-000---00-00
2026-05-18 17:05:49.747 [com.alibaba.nacos.naming.failover.0] [none] DEBUG com.alibaba.nacos.client.naming - failover switch is not found, 00-00---000-VIPSRV_FAILOVER_SWITCH-000---00-00
2026-05-18 17:05:54.748 [com.alibaba.nacos.naming.failover.0] [none] DEBUG com.alibaba.nacos.client.naming - failover switch is not found, 00-00---000-VIPSRV_FAILOVER_SWITCH-000---00-00
2026-05-18 17:05:59.750 [com.alibaba.nacos.naming.failover.0] [none] DEBUG com.alibaba.nacos.client.naming - failover switch is not found, 00-00---000-VIPSRV_FAILOVER_SWITCH-000---00-00
2026-05-18 17:06:04.751 [com.alibaba.nacos.naming.failover.0] [none] DEBUG com.alibaba.nacos.client.naming - failover switch is not found, 00-00---000-VIPSRV_FAILOVER_SWITCH-000---00-00
2026-05-18 17:06:09.752 [com.alibaba.nacos.naming.failover.0] [none] DEBUG com.alibaba.nacos.client.naming - failover switch is not found, 00-00---000-VIPSRV_FAILOVER_SWITCH-000---00-00
2026-05-18 17:06:14.754 [com.alibaba.nacos.naming.failover.0] [none] DEBUG com.alibaba.nacos.client.naming - failover switch is not found, 00-00---000-VIPSRV_FAILOVER_SWITCH-000---00-00
2026-05-18 17:06:19.754 [com.alibaba.nacos.naming.failover.0] [none] DEBUG com.alibaba.nacos.client.naming - failover switch is not found, 00-00---000-VIPSRV_FAILOVER_SWITCH-000---00-00
2026-05-18 17:06:24.756 [com.alibaba.nacos.naming.failover.0] [none] DEBUG com.alibaba.nacos.client.naming - failover switch is not found, 00-00---000-VIPSRV_FAILOVER_SWITCH-000---00-00
2026-05-18 17:06:29.757 [com.alibaba.nacos.naming.failover.0] [none] DEBUG com.alibaba.nacos.client.naming - failover switch is not found, 00-00---000-VIPSRV_FAILOVER_SWITCH-000---00-00
2026-05-18 17:06:34.757 [com.alibaba.nacos.naming.failover.0] [none] DEBUG com.alibaba.nacos.client.naming - failover switch is not found, 00-00---000-VIPSRV_FAILOVER_SWITCH-000---00-00
2026-05-18 17:06:39.758 [com.alibaba.nacos.naming.failover.0] [none] DEBUG com.alibaba.nacos.client.naming - failover switch is not found, 00-00---000-VIPSRV_FAILOVER_SWITCH-000---00-00
2026-05-18 17:06:44.758 [com.alibaba.nacos.naming.failover.0] [none] DEBUG com.alibaba.nacos.client.naming - failover switch is not found, 00-00---000-VIPSRV_FAILOVER_SWITCH-000---00-00
2026-05-18 17:06:49.759 [com.alibaba.nacos.naming.failover.0] [none] DEBUG com.alibaba.nacos.client.naming - failover switch is not found, 00-00---000-VIPSRV_FAILOVER_SWITCH-000---00-00
2026-05-18 17:06:54.761 [com.alibaba.nacos.naming.failover.0] [none] DEBUG com.alibaba.nacos.client.naming - failover switch is not found, 00-00---000-VIPSRV_FAILOVER_SWITCH-000---00-00
2026-05-18 17:06:59.762 [com.alibaba.nacos.naming.failover.0] [none] DEBUG com.alibaba.nacos.client.naming - failover switch is not found, 00-00---000-VIPSRV_FAILOVER_SWITCH-000---00-00
2026-05-18 17:07:04.764 [com.alibaba.nacos.naming.failover.0] [none] DEBUG com.alibaba.nacos.client.naming - failover switch is not found, 00-00---000-VIPSRV_FAILOVER_SWITCH-000---00-00
2026-05-18 17:07:09.766 [com.alibaba.nacos.naming.failover.0] [none] DEBUG com.alibaba.nacos.client.naming - failover switch is not found, 00-00---000-VIPSRV_FAILOVER_SWITCH-000---00-00
2026-05-18 17:07:14.766 [com.alibaba.nacos.naming.failover.0] [none] DEBUG com.alibaba.nacos.client.naming - failover switch is not found, 00-00---000-VIPSRV_FAILOVER_SWITCH-000---00-00
2026-05-18 17:07:19.767 [com.alibaba.nacos.naming.failover.0] [none] DEBUG com.alibaba.nacos.client.naming - failover switch is not found, 00-00---000-VIPSRV_FAILOVER_SWITCH-000---00-00
2026-05-18 17:07:24.767 [com.alibaba.nacos.naming.failover.0] [none] DEBUG com.alibaba.nacos.client.naming - failover switch is not found, 00-00---000-VIPSRV_FAILOVER_SWITCH-000---00-00
2026-05-18 17:07:29.769 [com.alibaba.nacos.naming.failover.0] [none] DEBUG com.alibaba.nacos.client.naming - failover switch is not found, 00-00---000-VIPSRV_FAILOVER_SWITCH-000---00-00
2026-05-18 17:07:34.771 [com.alibaba.nacos.naming.failover.0] [none] DEBUG com.alibaba.nacos.client.naming - failover switch is not found, 00-00---000-VIPSRV_FAILOVER_SWITCH-000---00-00
2026-05-18 17:07:39.773 [com.alibaba.nacos.naming.failover.0] [none] DEBUG com.alibaba.nacos.client.naming - failover switch is not found, 00-00---000-VIPSRV_FAILOVER_SWITCH-000---00-00
2026-05-18 17:07:44.774 [com.alibaba.nacos.naming.failover.0] [none] DEBUG com.alibaba.nacos.client.naming - failover switch is not found, 00-00---000-VIPSRV_FAILOVER_SWITCH-000---00-00
2026-05-18 17:07:49.776 [com.alibaba.nacos.naming.failover.0] [none] DEBUG com.alibaba.nacos.client.naming - failover switch is not found, 00-00---000-VIPSRV_FAILOVER_SWITCH-000---00-00
2026-05-18 17:07:54.777 [com.alibaba.nacos.naming.failover.0] [none] DEBUG com.alibaba.nacos.client.naming - failover switch is not found, 00-00---000-VIPSRV_FAILOVER_SWITCH-000---00-00
2026-05-18 17:07:59.778 [com.alibaba.nacos.naming.failover.0] [none] DEBUG com.alibaba.nacos.client.naming - failover switch is not found, 00-00---000-VIPSRV_FAILOVER_SWITCH-000---00-00
2026-05-18 17:08:04.779 [com.alibaba.nacos.naming.failover.0] [none] DEBUG com.alibaba.nacos.client.naming - failover switch is not found, 00-00---000-VIPSRV_FAILOVER_SWITCH-000---00-00
2026-05-18 17:08:09.780 [com.alibaba.nacos.naming.failover.0] [none] DEBUG com.alibaba.nacos.client.naming - failover switch is not found, 00-00---000-VIPSRV_FAILOVER_SWITCH-000---00-00
2026-05-18 17:08:14.781 [com.alibaba.nacos.naming.failover.0] [none] DEBUG com.alibaba.nacos.client.naming - failover switch is not found, 00-00---000-VIPSRV_FAILOVER_SWITCH-000---00-00
2026-05-18 17:08:19.782 [com.alibaba.nacos.naming.failover.0] [none] DEBUG com.alibaba.nacos.client.naming - failover switch is not found, 00-00---000-VIPSRV_FAILOVER_SWITCH-000---00-00
2026-05-18 17:08:24.783 [com.alibaba.nacos.naming.failover.0] [none] DEBUG com.alibaba.nacos.client.naming - failover switch is not found, 00-00---000-VIPSRV_FAILOVER_SWITCH-000---00-00
2026-05-18 17:08:29.784 [com.alibaba.nacos.naming.failover.0] [none] DEBUG com.alibaba.nacos.client.naming - failover switch is not found, 00-00---000-VIPSRV_FAILOVER_SWITCH-000---00-00
2026-05-18 17:08:34.784 [com.alibaba.nacos.naming.failover.0] [none] DEBUG com.alibaba.nacos.client.naming - failover switch is not found, 00-00---000-VIPSRV_FAILOVER_SWITCH-000---00-00
2026-05-18 17:08:39.785 [com.alibaba.nacos.naming.failover.0] [none] DEBUG com.alibaba.nacos.client.naming - failover switch is not found, 00-00---000-VIPSRV_FAILOVER_SWITCH-000---00-00
2026-05-18 17:08:44.786 [com.alibaba.nacos.naming.failover.0] [none] DEBUG com.alibaba.nacos.client.naming - failover switch is not found, 00-00---000-VIPSRV_FAILOVER_SWITCH-000---00-00
2026-05-18 17:08:49.787 [com.alibaba.nacos.naming.failover.0] [none] DEBUG com.alibaba.nacos.client.naming - failover switch is not found, 00-00---000-VIPSRV_FAILOVER_SWITCH-000---00-00
2026-05-18 17:08:54.788 [com.alibaba.nacos.naming.failover.0] [none] DEBUG com.alibaba.nacos.client.naming - failover switch is not found, 00-00---000-VIPSRV_FAILOVER_SWITCH-000---00-00
2026-05-18 17:08:59.789 [com.alibaba.nacos.naming.failover.0] [none] DEBUG com.alibaba.nacos.client.naming - failover switch is not found, 00-00---000-VIPSRV_FAILOVER_SWITCH-000---00-00
2026-05-18 17:09:04.790 [com.alibaba.nacos.naming.failover.0] [none] DEBUG com.alibaba.nacos.client.naming - failover switch is not found, 00-00---000-VIPSRV_FAILOVER_SWITCH-000---00-00
2026-05-18 17:09:09.791 [com.alibaba.nacos.naming.failover.0] [none] DEBUG com.alibaba.nacos.client.naming - failover switch is not found, 00-00---000-VIPSRV_FAILOVER_SWITCH-000---00-00
2026-05-18 17:09:14.797 [com.alibaba.nacos.naming.failover.0] [none] DEBUG com.alibaba.nacos.client.naming - failover switch is not found, 00-00---000-VIPSRV_FAILOVER_SWITCH-000---00-00
2026-05-18 17:09:19.872 [com.alibaba.nacos.naming.failover.0] [none] DEBUG com.alibaba.nacos.client.naming - failover switch is not found, 00-00---000-VIPSRV_FAILOVER_SWITCH-000---00-00
2026-05-18 17:09:24.874 [com.alibaba.nacos.naming.failover.0] [none] DEBUG com.alibaba.nacos.client.naming - failover switch is not found, 00-00---000-VIPSRV_FAILOVER_SWITCH-000---00-00
2026-05-18 17:09:29.875 [com.alibaba.nacos.naming.failover.0] [none] DEBUG com.alibaba.nacos.client.naming - failover switch is not found, 00-00---000-VIPSRV_FAILOVER_SWITCH-000---00-00
2026-05-18 17:09:34.879 [com.alibaba.nacos.naming.failover.0] [none] DEBUG com.alibaba.nacos.client.naming - failover switch is not found, 00-00---000-VIPSRV_FAILOVER_SWITCH-000---00-00
2026-05-18 17:09:39.880 [com.alibaba.nacos.naming.failover.0] [none] DEBUG com.alibaba.nacos.client.naming - failover switch is not found, 00-00---000-VIPSRV_FAILOVER_SWITCH-000---00-00
2026-05-18 17:09:44.881 [com.alibaba.nacos.naming.failover.0] [none] DEBUG com.alibaba.nacos.client.naming - failover switch is not found, 00-00---000-VIPSRV_FAILOVER_SWITCH-000---00-00
2026-05-18 17:09:49.893 [com.alibaba.nacos.naming.failover.0] [none] DEBUG com.alibaba.nacos.client.naming - failover switch is not found, 00-00---000-VIPSRV_FAILOVER_SWITCH-000---00-00
2026-05-18 17:09:54.895 [com.alibaba.nacos.naming.failover.0] [none] DEBUG com.alibaba.nacos.client.naming - failover switch is not found, 00-00---000-VIPSRV_FAILOVER_SWITCH-000---00-00
2026-05-18 17:09:59.897 [com.alibaba.nacos.naming.failover.0] [none] DEBUG com.alibaba.nacos.client.naming - failover switch is not found, 00-00---000-VIPSRV_FAILOVER_SWITCH-000---00-00
2026-05-18 17:10:04.898 [com.alibaba.nacos.naming.failover.0] [none] DEBUG com.alibaba.nacos.client.naming - failover switch is not found, 00-00---000-VIPSRV_FAILOVER_SWITCH-000---00-00
2026-05-18 17:10:09.900 [com.alibaba.nacos.naming.failover.0] [none] DEBUG com.alibaba.nacos.client.naming - failover switch is not found, 00-00---000-VIPSRV_FAILOVER_SWITCH-000---00-00
2026-05-18 17:10:14.902 [com.alibaba.nacos.naming.failover.0] [none] DEBUG com.alibaba.nacos.client.naming - failover switch is not found, 00-00---000-VIPSRV_FAILOVER_SWITCH-000---00-00
2026-05-18 17:10:19.909 [com.alibaba.nacos.naming.failover.0] [none] DEBUG com.alibaba.nacos.client.naming - failover switch is not found, 00-00---000-VIPSRV_FAILOVER_SWITCH-000---00-00
2026-05-18 17:10:24.910 [com.alibaba.nacos.naming.failover.0] [none] DEBUG com.alibaba.nacos.client.naming - failover switch is not found, 00-00---000-VIPSRV_FAILOVER_SWITCH-000---00-00
2026-05-18 17:10:29.912 [com.alibaba.nacos.naming.failover.0] [none] DEBUG com.alibaba.nacos.client.naming - failover switch is not found, 00-00---000-VIPSRV_FAILOVER_SWITCH-000---00-00
2026-05-18 17:10:34.914 [com.alibaba.nacos.naming.failover.0] [none] DEBUG com.alibaba.nacos.client.naming - failover switch is not found, 00-00---000-VIPSRV_FAILOVER_SWITCH-000---00-00
2026-05-18 17:10:39.915 [com.alibaba.nacos.naming.failover.0] [none] DEBUG com.alibaba.nacos.client.naming - failover switch is not found, 00-00---000-VIPSRV_FAILOVER_SWITCH-000---00-00
2026-05-18 17:10:44.916 [com.alibaba.nacos.naming.failover.0] [none] DEBUG com.alibaba.nacos.client.naming - failover switch is not found, 00-00---000-VIPSRV_FAILOVER_SWITCH-000---00-00
2026-05-18 17:10:49.990 [com.alibaba.nacos.naming.failover.0] [none] DEBUG com.alibaba.nacos.client.naming - failover switch is not found, 00-00---000-VIPSRV_FAILOVER_SWITCH-000---00-00
2026-05-18 17:10:54.991 [com.alibaba.nacos.naming.failover.0] [none] DEBUG com.alibaba.nacos.client.naming - failover switch is not found, 00-00---000-VIPSRV_FAILOVER_SWITCH-000---00-00
2026-05-18 17:10:59.992 [com.alibaba.nacos.naming.failover.0] [none] DEBUG com.alibaba.nacos.client.naming - failover switch is not found, 00-00---000-VIPSRV_FAILOVER_SWITCH-000---00-00
2026-05-18 17:11:04.994 [com.alibaba.nacos.naming.failover.0] [none] DEBUG com.alibaba.nacos.client.naming - failover switch is not found, 00-00---000-VIPSRV_FAILOVER_SWITCH-000---00-00
2026-05-18 17:11:10.006 [com.alibaba.nacos.naming.failover.0] [none] DEBUG com.alibaba.nacos.client.naming - failover switch is not found, 00-00---000-VIPSRV_FAILOVER_SWITCH-000---00-00
2026-05-18 17:11:15.029 [com.alibaba.nacos.naming.failover.0] [none] DEBUG com.alibaba.nacos.client.naming - failover switch is not found, 00-00---000-VIPSRV_FAILOVER_SWITCH-000---00-00
2026-05-18 17:11:20.031 [com.alibaba.nacos.naming.failover.0] [none] DEBUG com.alibaba.nacos.client.naming - failover switch is not found, 00-00---000-VIPSRV_FAILOVER_SWITCH-000---00-00
2026-05-18 17:11:25.032 [com.alibaba.nacos.naming.failover.0] [none] DEBUG com.alibaba.nacos.client.naming - failover switch is not found, 00-00---000-VIPSRV_FAILOVER_SWITCH-000---00-00
2026-05-18 17:11:30.033 [com.alibaba.nacos.naming.failover.0] [none] DEBUG com.alibaba.nacos.client.naming - failover switch is not found, 00-00---000-VIPSRV_FAILOVER_SWITCH-000---00-00
2026-05-18 17:11:35.036 [com.alibaba.nacos.naming.failover.0] [none] DEBUG com.alibaba.nacos.client.naming - failover switch is not found, 00-00---000-VIPSRV_FAILOVER_SWITCH-000---00-00
2026-05-18 17:11:40.037 [com.alibaba.nacos.naming.failover.0] [none] DEBUG com.alibaba.nacos.client.naming - failover switch is not found, 00-00---000-VIPSRV_FAILOVER_SWITCH-000---00-00
2026-05-18 17:11:45.038 [com.alibaba.nacos.naming.failover.0] [none] DEBUG com.alibaba.nacos.client.naming - failover switch is not found, 00-00---000-VIPSRV_FAILOVER_SWITCH-000---00-00
2026-05-18 17:11:50.039 [com.alibaba.nacos.naming.failover.0] [none] DEBUG com.alibaba.nacos.client.naming - failover switch is not found, 00-00---000-VIPSRV_FAILOVER_SWITCH-000---00-00
2026-05-18 17:11:55.041 [com.alibaba.nacos.naming.failover.0] [none] DEBUG com.alibaba.nacos.client.naming - failover switch is not found, 00-00---000-VIPSRV_FAILOVER_SWITCH-000---00-00
2026-05-18 17:12:00.043 [com.alibaba.nacos.naming.failover.0] [none] DEBUG com.alibaba.nacos.client.naming - failover switch is not found, 00-00---000-VIPSRV_FAILOVER_SWITCH-000---00-00
2026-05-18 17:12:05.043 [com.alibaba.nacos.naming.failover.0] [none] DEBUG com.alibaba.nacos.client.naming - failover switch is not found, 00-00---000-VIPSRV_FAILOVER_SWITCH-000---00-00
2026-05-18 17:12:10.045 [com.alibaba.nacos.naming.failover.0] [none] DEBUG com.alibaba.nacos.client.naming - failover switch is not found, 00-00---000-VIPSRV_FAILOVER_SWITCH-000---00-00
2026-05-18 17:12:15.046 [com.alibaba.nacos.naming.failover.0] [none] DEBUG com.alibaba.nacos.client.naming - failover switch is not found, 00-00---000-VIPSRV_FAILOVER_SWITCH-000---00-00
2026-05-18 17:12:20.047 [com.alibaba.nacos.naming.failover.0] [none] DEBUG com.alibaba.nacos.client.naming - failover switch is not found, 00-00---000-VIPSRV_FAILOVER_SWITCH-000---00-00
2026-05-18 17:12:25.049 [com.alibaba.nacos.naming.failover.0] [none] DEBUG com.alibaba.nacos.client.naming - failover switch is not found, 00-00---000-VIPSRV_FAILOVER_SWITCH-000---00-00
2026-05-18 17:12:30.050 [com.alibaba.nacos.naming.failover.0] [none] DEBUG com.alibaba.nacos.client.naming - failover switch is not found, 00-00---000-VIPSRV_FAILOVER_SWITCH-000---00-00
2026-05-18 17:12:35.051 [com.alibaba.nacos.naming.failover.0] [none] DEBUG com.alibaba.nacos.client.naming - failover switch is not found, 00-00---000-VIPSRV_FAILOVER_SWITCH-000---00-00
2026-05-18 17:12:40.051 [com.alibaba.nacos.naming.failover.0] [none] DEBUG com.alibaba.nacos.client.naming - failover switch is not found, 00-00---000-VIPSRV_FAILOVER_SWITCH-000---00-00
2026-05-18 17:12:45.052 [com.alibaba.nacos.naming.failover.0] [none] DEBUG com.alibaba.nacos.client.naming - failover switch is not found, 00-00---000-VIPSRV_FAILOVER_SWITCH-000---00-00
2026-05-18 17:12:50.053 [com.alibaba.nacos.naming.failover.0] [none] DEBUG com.alibaba.nacos.client.naming - failover switch is not found, 00-00---000-VIPSRV_FAILOVER_SWITCH-000---00-00
2026-05-18 17:12:55.054 [com.alibaba.nacos.naming.failover.0] [none] DEBUG com.alibaba.nacos.client.naming - failover switch is not found, 00-00---000-VIPSRV_FAILOVER_SWITCH-000---00-00
2026-05-18 17:13:00.058 [com.alibaba.nacos.naming.failover.0] [none] DEBUG com.alibaba.nacos.client.naming - failover switch is not found, 00-00---000-VIPSRV_FAILOVER_SWITCH-000---00-00
2026-05-18 17:13:05.058 [com.alibaba.nacos.naming.failover.0] [none] DEBUG com.alibaba.nacos.client.naming - failover switch is not found, 00-00---000-VIPSRV_FAILOVER_SWITCH-000---00-00
2026-05-18 17:13:10.059 [com.alibaba.nacos.naming.failover.0] [none] DEBUG com.alibaba.nacos.client.naming - failover switch is not found, 00-00---000-VIPSRV_FAILOVER_SWITCH-000---00-00
2026-05-18 17:13:15.060 [com.alibaba.nacos.naming.failover.0] [none] DEBUG com.alibaba.nacos.client.naming - failover switch is not found, 00-00---000-VIPSRV_FAILOVER_SWITCH-000---00-00
2026-05-18 17:13:20.061 [com.alibaba.nacos.naming.failover.0] [none] DEBUG com.alibaba.nacos.client.naming - failover switch is not found, 00-00---000-VIPSRV_FAILOVER_SWITCH-000---00-00
2026-05-18 17:13:25.061 [com.alibaba.nacos.naming.failover.0] [none] DEBUG com.alibaba.nacos.client.naming - failover switch is not found, 00-00---000-VIPSRV_FAILOVER_SWITCH-000---00-00
2026-05-18 17:13:30.063 [com.alibaba.nacos.naming.failover.0] [none] DEBUG com.alibaba.nacos.client.naming - failover switch is not found, 00-00---000-VIPSRV_FAILOVER_SWITCH-000---00-00
2026-05-18 17:13:35.063 [com.alibaba.nacos.naming.failover.0] [none] DEBUG com.alibaba.nacos.client.naming - failover switch is not found, 00-00---000-VIPSRV_FAILOVER_SWITCH-000---00-00
2026-05-18 17:13:40.064 [com.alibaba.nacos.naming.failover.0] [none] DEBUG com.alibaba.nacos.client.naming - failover switch is not found, 00-00---000-VIPSRV_FAILOVER_SWITCH-000---00-00
2026-05-18 17:13:45.065 [com.alibaba.nacos.naming.failover.0] [none] DEBUG com.alibaba.nacos.client.naming - failover switch is not found, 00-00---000-VIPSRV_FAILOVER_SWITCH-000---00-00
2026-05-18 17:13:50.066 [com.alibaba.nacos.naming.failover.0] [none] DEBUG com.alibaba.nacos.client.naming - failover switch is not found, 00-00---000-VIPSRV_FAILOVER_SWITCH-000---00-00
2026-05-18 17:13:55.066 [com.alibaba.nacos.naming.failover.0] [none] DEBUG com.alibaba.nacos.client.naming - failover switch is not found, 00-00---000-VIPSRV_FAILOVER_SWITCH-000---00-00
2026-05-18 17:14:00.067 [com.alibaba.nacos.naming.failover.0] [none] DEBUG com.alibaba.nacos.client.naming - failover switch is not found, 00-00---000-VIPSRV_FAILOVER_SWITCH-000---00-00
2026-05-18 17:14:05.067 [com.alibaba.nacos.naming.failover.0] [none] DEBUG com.alibaba.nacos.client.naming - failover switch is not found, 00-00---000-VIPSRV_FAILOVER_SWITCH-000---00-00
2026-05-18 17:14:10.068 [com.alibaba.nacos.naming.failover.0] [none] DEBUG com.alibaba.nacos.client.naming - failover switch is not found, 00-00---000-VIPSRV_FAILOVER_SWITCH-000---00-00
2026-05-18 17:14:15.070 [com.alibaba.nacos.naming.failover.0] [none] DEBUG com.alibaba.nacos.client.naming - failover switch is not found, 00-00---000-VIPSRV_FAILOVER_SWITCH-000---00-00
2026-05-18 17:14:20.070 [com.alibaba.nacos.naming.failover.0] [none] DEBUG com.alibaba.nacos.client.naming - failover switch is not found, 00-00---000-VIPSRV_FAILOVER_SWITCH-000---00-00
2026-05-18 17:14:25.072 [com.alibaba.nacos.naming.failover.0] [none] DEBUG com.alibaba.nacos.client.naming - failover switch is not found, 00-00---000-VIPSRV_FAILOVER_SWITCH-000---00-00
2026-05-18 17:14:30.073 [com.alibaba.nacos.naming.failover.0] [none] DEBUG com.alibaba.nacos.client.naming - failover switch is not found, 00-00---000-VIPSRV_FAILOVER_SWITCH-000---00-00
2026-05-18 17:14:35.074 [com.alibaba.nacos.naming.failover.0] [none] DEBUG com.alibaba.nacos.client.naming - failover switch is not found, 00-00---000-VIPSRV_FAILOVER_SWITCH-000---00-00
2026-05-18 17:14:40.076 [com.alibaba.nacos.naming.failover.0] [none] DEBUG com.alibaba.nacos.client.naming - failover switch is not found, 00-00---000-VIPSRV_FAILOVER_SWITCH-000---00-00
2026-05-18 17:14:45.076 [com.alibaba.nacos.naming.failover.0] [none] DEBUG com.alibaba.nacos.client.naming - failover switch is not found, 00-00---000-VIPSRV_FAILOVER_SWITCH-000---00-00
2026-05-18 17:14:50.077 [com.alibaba.nacos.naming.failover.0] [none] DEBUG com.alibaba.nacos.client.naming - failover switch is not found, 00-00---000-VIPSRV_FAILOVER_SWITCH-000---00-00
2026-05-18 17:14:55.079 [com.alibaba.nacos.naming.failover.0] [none] DEBUG com.alibaba.nacos.client.naming - failover switch is not found, 00-00---000-VIPSRV_FAILOVER_SWITCH-000---00-00
2026-05-18 17:15:00.080 [com.alibaba.nacos.naming.failover.0] [none] DEBUG com.alibaba.nacos.client.naming - failover switch is not found, 00-00---000-VIPSRV_FAILOVER_SWITCH-000---00-00
2026-05-18 17:15:05.081 [com.alibaba.nacos.naming.failover.0] [none] DEBUG com.alibaba.nacos.client.naming - failover switch is not found, 00-00---000-VIPSRV_FAILOVER_SWITCH-000---00-00
2026-05-18 17:15:10.083 [com.alibaba.nacos.naming.failover.0] [none] DEBUG com.alibaba.nacos.client.naming - failover switch is not found, 00-00---000-VIPSRV_FAILOVER_SWITCH-000---00-00
2026-05-18 17:15:15.083 [com.alibaba.nacos.naming.failover.0] [none] DEBUG com.alibaba.nacos.client.naming - failover switch is not found, 00-00---000-VIPSRV_FAILOVER_SWITCH-000---00-00
2026-05-18 17:15:20.085 [com.alibaba.nacos.naming.failover.0] [none] DEBUG com.alibaba.nacos.client.naming - failover switch is not found, 00-00---000-VIPSRV_FAILOVER_SWITCH-000---00-00
2026-05-18 17:15:25.086 [com.alibaba.nacos.naming.failover.0] [none] DEBUG com.alibaba.nacos.client.naming - failover switch is not found, 00-00---000-VIPSRV_FAILOVER_SWITCH-000---00-00
2026-05-18 17:15:30.087 [com.alibaba.nacos.naming.failover.0] [none] DEBUG com.alibaba.nacos.client.naming - failover switch is not found, 00-00---000-VIPSRV_FAILOVER_SWITCH-000---00-00
2026-05-18 17:15:35.099 [com.alibaba.nacos.naming.failover.0] [none] DEBUG com.alibaba.nacos.client.naming - failover switch is not found, 00-00---000-VIPSRV_FAILOVER_SWITCH-000---00-00
2026-05-18 17:15:40.102 [com.alibaba.nacos.naming.failover.0] [none] DEBUG com.alibaba.nacos.client.naming - failover switch is not found, 00-00---000-VIPSRV_FAILOVER_SWITCH-000---00-00
2026-05-18 17:15:45.104 [com.alibaba.nacos.naming.failover.0] [none] DEBUG com.alibaba.nacos.client.naming - failover switch is not found, 00-00---000-VIPSRV_FAILOVER_SWITCH-000---00-00
2026-05-18 17:15:50.105 [com.alibaba.nacos.naming.failover.0] [none] DEBUG com.alibaba.nacos.client.naming - failover switch is not found, 00-00---000-VIPSRV_FAILOVER_SWITCH-000---00-00
2026-05-18 17:15:55.106 [com.alibaba.nacos.naming.failover.0] [none] DEBUG com.alibaba.nacos.client.naming - failover switch is not found, 00-00---000-VIPSRV_FAILOVER_SWITCH-000---00-00
2026-05-18 17:16:00.106 [com.alibaba.nacos.naming.failover.0] [none] DEBUG com.alibaba.nacos.client.naming - failover switch is not found, 00-00---000-VIPSRV_FAILOVER_SWITCH-000---00-00
2026-05-18 17:16:05.107 [com.alibaba.nacos.naming.failover.0] [none] DEBUG com.alibaba.nacos.client.naming - failover switch is not found, 00-00---000-VIPSRV_FAILOVER_SWITCH-000---00-00
2026-05-18 17:16:10.107 [com.alibaba.nacos.naming.failover.0] [none] DEBUG com.alibaba.nacos.client.naming - failover switch is not found, 00-00---000-VIPSRV_FAILOVER_SWITCH-000---00-00
2026-05-18 17:16:15.108 [com.alibaba.nacos.naming.failover.0] [none] DEBUG com.alibaba.nacos.client.naming - failover switch is not found, 00-00---000-VIPSRV_FAILOVER_SWITCH-000---00-00
2026-05-18 17:16:20.110 [com.alibaba.nacos.naming.failover.0] [none] DEBUG com.alibaba.nacos.client.naming - failover switch is not found, 00-00---000-VIPSRV_FAILOVER_SWITCH-000---00-00
2026-05-18 17:16:25.111 [com.alibaba.nacos.naming.failover.0] [none] DEBUG com.alibaba.nacos.client.naming - failover switch is not found, 00-00---000-VIPSRV_FAILOVER_SWITCH-000---00-00
2026-05-18 17:16:30.112 [com.alibaba.nacos.naming.failover.0] [none] DEBUG com.alibaba.nacos.client.naming - failover switch is not found, 00-00---000-VIPSRV_FAILOVER_SWITCH-000---00-00
2026-05-18 17:16:35.113 [com.alibaba.nacos.naming.failover.0] [none] DEBUG com.alibaba.nacos.client.naming - failover switch is not found, 00-00---000-VIPSRV_FAILOVER_SWITCH-000---00-00
2026-05-18 17:16:40.114 [com.alibaba.nacos.naming.failover.0] [none] DEBUG com.alibaba.nacos.client.naming - failover switch is not found, 00-00---000-VIPSRV_FAILOVER_SWITCH-000---00-00
2026-05-18 17:16:45.115 [com.alibaba.nacos.naming.failover.0] [none] DEBUG com.alibaba.nacos.client.naming - failover switch is not found, 00-00---000-VIPSRV_FAILOVER_SWITCH-000---00-00
2026-05-18 17:16:50.135 [com.alibaba.nacos.naming.failover.0] [none] DEBUG com.alibaba.nacos.client.naming - failover switch is not found, 00-00---000-VIPSRV_FAILOVER_SWITCH-000---00-00
2026-05-18 17:16:55.138 [com.alibaba.nacos.naming.failover.0] [none] DEBUG com.alibaba.nacos.client.naming - failover switch is not found, 00-00---000-VIPSRV_FAILOVER_SWITCH-000---00-00
2026-05-18 17:17:00.138 [com.alibaba.nacos.naming.failover.0] [none] DEBUG com.alibaba.nacos.client.naming - failover switch is not found, 00-00---000-VIPSRV_FAILOVER_SWITCH-000---00-00
2026-05-18 17:17:05.140 [com.alibaba.nacos.naming.failover.0] [none] DEBUG com.alibaba.nacos.client.naming - failover switch is not found, 00-00---000-VIPSRV_FAILOVER_SWITCH-000---00-00
2026-05-18 17:17:10.140 [com.alibaba.nacos.naming.failover.0] [none] DEBUG com.alibaba.nacos.client.naming - failover switch is not found, 00-00---000-VIPSRV_FAILOVER_SWITCH-000---00-00
2026-05-18 17:17:15.143 [com.alibaba.nacos.naming.failover.0] [none] DEBUG com.alibaba.nacos.client.naming - failover switch is not found, 00-00---000-VIPSRV_FAILOVER_SWITCH-000---00-00
2026-05-18 17:17:20.143 [com.alibaba.nacos.naming.failover.0] [none] DEBUG com.alibaba.nacos.client.naming - failover switch is not found, 00-00---000-VIPSRV_FAILOVER_SWITCH-000---00-00
2026-05-18 17:17:25.145 [com.alibaba.nacos.naming.failover.0] [none] DEBUG com.alibaba.nacos.client.naming - failover switch is not found, 00-00---000-VIPSRV_FAILOVER_SWITCH-000---00-00
2026-05-18 17:17:30.145 [com.alibaba.nacos.naming.failover.0] [none] DEBUG com.alibaba.nacos.client.naming - failover switch is not found, 00-00---000-VIPSRV_FAILOVER_SWITCH-000---00-00
2026-05-18 17:17:35.146 [com.alibaba.nacos.naming.failover.0] [none] DEBUG com.alibaba.nacos.client.naming - failover switch is not found, 00-00---000-VIPSRV_FAILOVER_SWITCH-000---00-00
2026-05-18 17:17:40.147 [com.alibaba.nacos.naming.failover.0] [none] DEBUG com.alibaba.nacos.client.naming - failover switch is not found, 00-00---000-VIPSRV_FAILOVER_SWITCH-000---00-00
2026-05-18 17:17:45.147 [com.alibaba.nacos.naming.failover.0] [none] DEBUG com.alibaba.nacos.client.naming - failover switch is not found, 00-00---000-VIPSRV_FAILOVER_SWITCH-000---00-00
2026-05-18 17:17:50.148 [com.alibaba.nacos.naming.failover.0] [none] DEBUG com.alibaba.nacos.client.naming - failover switch is not found, 00-00---000-VIPSRV_FAILOVER_SWITCH-000---00-00
2026-05-18 17:17:55.150 [com.alibaba.nacos.naming.failover.0] [none] DEBUG com.alibaba.nacos.client.naming - failover switch is not found, 00-00---000-VIPSRV_FAILOVER_SWITCH-000---00-00
2026-05-18 17:18:00.151 [com.alibaba.nacos.naming.failover.0] [none] DEBUG com.alibaba.nacos.client.naming - failover switch is not found, 00-00---000-VIPSRV_FAILOVER_SWITCH-000---00-00
2026-05-18 17:18:05.152 [com.alibaba.nacos.naming.failover.0] [none] DEBUG com.alibaba.nacos.client.naming - failover switch is not found, 00-00---000-VIPSRV_FAILOVER_SWITCH-000---00-00
2026-05-18 17:18:10.153 [com.alibaba.nacos.naming.failover.0] [none] DEBUG com.alibaba.nacos.client.naming - failover switch is not found, 00-00---000-VIPSRV_FAILOVER_SWITCH-000---00-00
2026-05-18 17:18:15.154 [com.alibaba.nacos.naming.failover.0] [none] DEBUG com.alibaba.nacos.client.naming - failover switch is not found, 00-00---000-VIPSRV_FAILOVER_SWITCH-000---00-00
2026-05-18 17:18:20.156 [com.alibaba.nacos.naming.failover.0] [none] DEBUG com.alibaba.nacos.client.naming - failover switch is not found, 00-00---000-VIPSRV_FAILOVER_SWITCH-000---00-00
2026-05-18 17:18:25.157 [com.alibaba.nacos.naming.failover.0] [none] DEBUG com.alibaba.nacos.client.naming - failover switch is not found, 00-00---000-VIPSRV_FAILOVER_SWITCH-000---00-00
2026-05-18 17:18:30.158 [com.alibaba.nacos.naming.failover.0] [none] DEBUG com.alibaba.nacos.client.naming - failover switch is not found, 00-00---000-VIPSRV_FAILOVER_SWITCH-000---00-00
2026-05-18 17:18:35.160 [com.alibaba.nacos.naming.failover.0] [none] DEBUG com.alibaba.nacos.client.naming - failover switch is not found, 00-00---000-VIPSRV_FAILOVER_SWITCH-000---00-00
2026-05-18 17:18:40.163 [com.alibaba.nacos.naming.failover.0] [none] DEBUG com.alibaba.nacos.client.naming - failover switch is not found, 00-00---000-VIPSRV_FAILOVER_SWITCH-000---00-00
2026-05-18 17:18:45.165 [com.alibaba.nacos.naming.failover.0] [none] DEBUG com.alibaba.nacos.client.naming - failover switch is not found, 00-00---000-VIPSRV_FAILOVER_SWITCH-000---00-00
2026-05-18 17:18:50.167 [com.alibaba.nacos.naming.failover.0] [none] DEBUG com.alibaba.nacos.client.naming - failover switch is not found, 00-00---000-VIPSRV_FAILOVER_SWITCH-000---00-00
2026-05-18 17:18:55.167 [com.alibaba.nacos.naming.failover.0] [none] DEBUG com.alibaba.nacos.client.naming - failover switch is not found, 00-00---000-VIPSRV_FAILOVER_SWITCH-000---00-00
2026-05-18 17:19:00.169 [com.alibaba.nacos.naming.failover.0] [none] DEBUG com.alibaba.nacos.client.naming - failover switch is not found, 00-00---000-VIPSRV_FAILOVER_SWITCH-000---00-00
2026-05-18 17:19:05.169 [com.alibaba.nacos.naming.failover.0] [none] DEBUG com.alibaba.nacos.client.naming - failover switch is not found, 00-00---000-VIPSRV_FAILOVER_SWITCH-000---00-00
2026-05-18 17:19:10.170 [com.alibaba.nacos.naming.failover.0] [none] DEBUG com.alibaba.nacos.client.naming - failover switch is not found, 00-00---000-VIPSRV_FAILOVER_SWITCH-000---00-00
2026-05-18 17:19:15.170 [com.alibaba.nacos.naming.failover.0] [none] DEBUG com.alibaba.nacos.client.naming - failover switch is not found, 00-00---000-VIPSRV_FAILOVER_SWITCH-000---00-00
2026-05-18 17:19:20.171 [com.alibaba.nacos.naming.failover.0] [none] DEBUG com.alibaba.nacos.client.naming - failover switch is not found, 00-00---000-VIPSRV_FAILOVER_SWITCH-000---00-00
2026-05-18 17:19:25.173 [com.alibaba.nacos.naming.failover.0] [none] DEBUG com.alibaba.nacos.client.naming - failover switch is not found, 00-00---000-VIPSRV_FAILOVER_SWITCH-000---00-00
2026-05-18 17:19:30.174 [com.alibaba.nacos.naming.failover.0] [none] DEBUG com.alibaba.nacos.client.naming - failover switch is not found, 00-00---000-VIPSRV_FAILOVER_SWITCH-000---00-00
2026-05-18 17:19:35.175 [com.alibaba.nacos.naming.failover.0] [none] DEBUG com.alibaba.nacos.client.naming - failover switch is not found, 00-00---000-VIPSRV_FAILOVER_SWITCH-000---00-00
2026-05-18 17:19:40.194 [com.alibaba.nacos.naming.failover.0] [none] DEBUG com.alibaba.nacos.client.naming - failover switch is not found, 00-00---000-VIPSRV_FAILOVER_SWITCH-000---00-00
2026-05-18 17:19:45.195 [com.alibaba.nacos.naming.failover.0] [none] DEBUG com.alibaba.nacos.client.naming - failover switch is not found, 00-00---000-VIPSRV_FAILOVER_SWITCH-000---00-00
2026-05-18 17:19:50.198 [com.alibaba.nacos.naming.failover.0] [none] DEBUG com.alibaba.nacos.client.naming - failover switch is not found, 00-00---000-VIPSRV_FAILOVER_SWITCH-000---00-00
2026-05-18 17:19:55.223 [com.alibaba.nacos.naming.failover.0] [none] DEBUG com.alibaba.nacos.client.naming - failover switch is not found, 00-00---000-VIPSRV_FAILOVER_SWITCH-000---00-00
2026-05-18 17:20:00.223 [com.alibaba.nacos.naming.failover.0] [none] DEBUG com.alibaba.nacos.client.naming - failover switch is not found, 00-00---000-VIPSRV_FAILOVER_SWITCH-000---00-00
2026-05-18 17:20:05.225 [com.alibaba.nacos.naming.failover.0] [none] DEBUG com.alibaba.nacos.client.naming - failover switch is not found, 00-00---000-VIPSRV_FAILOVER_SWITCH-000---00-00
2026-05-18 17:20:10.227 [com.alibaba.nacos.naming.failover.0] [none] DEBUG com.alibaba.nacos.client.naming - failover switch is not found, 00-00---000-VIPSRV_FAILOVER_SWITCH-000---00-00
2026-05-18 17:20:15.227 [com.alibaba.nacos.naming.failover.0] [none] DEBUG com.alibaba.nacos.client.naming - failover switch is not found, 00-00---000-VIPSRV_FAILOVER_SWITCH-000---00-00
2026-05-18 17:20:20.227 [com.alibaba.nacos.naming.failover.0] [none] DEBUG com.alibaba.nacos.client.naming - failover switch is not found, 00-00---000-VIPSRV_FAILOVER_SWITCH-000---00-00
2026-05-18 17:20:25.229 [com.alibaba.nacos.naming.failover.0] [none] DEBUG com.alibaba.nacos.client.naming - failover switch is not found, 00-00---000-VIPSRV_FAILOVER_SWITCH-000---00-00
2026-05-18 17:20:30.230 [com.alibaba.nacos.naming.failover.0] [none] DEBUG com.alibaba.nacos.client.naming - failover switch is not found, 00-00---000-VIPSRV_FAILOVER_SWITCH-000---00-00
2026-05-18 17:20:35.232 [com.alibaba.nacos.naming.failover.0] [none] DEBUG com.alibaba.nacos.client.naming - failover switch is not found, 00-00---000-VIPSRV_FAILOVER_SWITCH-000---00-00
2026-05-18 17:20:40.232 [com.alibaba.nacos.naming.failover.0] [none] DEBUG com.alibaba.nacos.client.naming - failover switch is not found, 00-00---000-VIPSRV_FAILOVER_SWITCH-000---00-00
2026-05-18 17:20:45.234 [com.alibaba.nacos.naming.failover.0] [none] DEBUG com.alibaba.nacos.client.naming - failover switch is not found, 00-00---000-VIPSRV_FAILOVER_SWITCH-000---00-00
2026-05-18 17:20:50.235 [com.alibaba.nacos.naming.failover.0] [none] DEBUG com.alibaba.nacos.client.naming - failover switch is not found, 00-00---000-VIPSRV_FAILOVER_SWITCH-000---00-00
2026-05-18 17:20:55.239 [com.alibaba.nacos.naming.failover.0] [none] DEBUG com.alibaba.nacos.client.naming - failover switch is not found, 00-00---000-VIPSRV_FAILOVER_SWITCH-000---00-00
2026-05-18 17:21:00.241 [com.alibaba.nacos.naming.failover.0] [none] DEBUG com.alibaba.nacos.client.naming - failover switch is not found, 00-00---000-VIPSRV_FAILOVER_SWITCH-000---00-00
2026-05-18 17:21:05.242 [com.alibaba.nacos.naming.failover.0] [none] DEBUG com.alibaba.nacos.client.naming - failover switch is not found, 00-00---000-VIPSRV_FAILOVER_SWITCH-000---00-00
2026-05-18 17:21:10.243 [com.alibaba.nacos.naming.failover.0] [none] DEBUG com.alibaba.nacos.client.naming - failover switch is not found, 00-00---000-VIPSRV_FAILOVER_SWITCH-000---00-00
2026-05-18 17:21:15.244 [com.alibaba.nacos.naming.failover.0] [none] DEBUG com.alibaba.nacos.client.naming - failover switch is not found, 00-00---000-VIPSRV_FAILOVER_SWITCH-000---00-00
2026-05-18 17:21:20.245 [com.alibaba.nacos.naming.failover.0] [none] DEBUG com.alibaba.nacos.client.naming - failover switch is not found, 00-00---000-VIPSRV_FAILOVER_SWITCH-000---00-00
2026-05-18 17:21:25.246 [com.alibaba.nacos.naming.failover.0] [none] DEBUG com.alibaba.nacos.client.naming - failover switch is not found, 00-00---000-VIPSRV_FAILOVER_SWITCH-000---00-00
2026-05-18 17:21:30.246 [com.alibaba.nacos.naming.failover.0] [none] DEBUG com.alibaba.nacos.client.naming - failover switch is not found, 00-00---000-VIPSRV_FAILOVER_SWITCH-000---00-00
2026-05-18 17:21:35.247 [com.alibaba.nacos.naming.failover.0] [none] DEBUG com.alibaba.nacos.client.naming - failover switch is not found, 00-00---000-VIPSRV_FAILOVER_SWITCH-000---00-00
2026-05-18 17:21:40.249 [com.alibaba.nacos.naming.failover.0] [none] DEBUG com.alibaba.nacos.client.naming - failover switch is not found, 00-00---000-VIPSRV_FAILOVER_SWITCH-000---00-00
2026-05-18 17:21:45.250 [com.alibaba.nacos.naming.failover.0] [none] DEBUG com.alibaba.nacos.client.naming - failover switch is not found, 00-00---000-VIPSRV_FAILOVER_SWITCH-000---00-00
2026-05-18 17:21:50.266 [com.alibaba.nacos.naming.failover.0] [none] DEBUG com.alibaba.nacos.client.naming - failover switch is not found, 00-00---000-VIPSRV_FAILOVER_SWITCH-000---00-00
2026-05-18 17:21:55.267 [com.alibaba.nacos.naming.failover.0] [none] DEBUG com.alibaba.nacos.client.naming - failover switch is not found, 00-00---000-VIPSRV_FAILOVER_SWITCH-000---00-00
2026-05-18 17:22:00.268 [com.alibaba.nacos.naming.failover.0] [none] DEBUG com.alibaba.nacos.client.naming - failover switch is not found, 00-00---000-VIPSRV_FAILOVER_SWITCH-000---00-00
2026-05-18 17:22:05.269 [com.alibaba.nacos.naming.failover.0] [none] DEBUG com.alibaba.nacos.client.naming - failover switch is not found, 00-00---000-VIPSRV_FAILOVER_SWITCH-000---00-00
2026-05-18 17:22:10.270 [com.alibaba.nacos.naming.failover.0] [none] DEBUG com.alibaba.nacos.client.naming - failover switch is not found, 00-00---000-VIPSRV_FAILOVER_SWITCH-000---00-00
2026-05-18 17:22:15.272 [com.alibaba.nacos.naming.failover.0] [none] DEBUG com.alibaba.nacos.client.naming - failover switch is not found, 00-00---000-VIPSRV_FAILOVER_SWITCH-000---00-00
2026-05-18 17:22:20.274 [com.alibaba.nacos.naming.failover.0] [none] DEBUG com.alibaba.nacos.client.naming - failover switch is not found, 00-00---000-VIPSRV_FAILOVER_SWITCH-000---00-00
2026-05-18 17:22:25.275 [com.alibaba.nacos.naming.failover.0] [none] DEBUG com.alibaba.nacos.client.naming - failover switch is not found, 00-00---000-VIPSRV_FAILOVER_SWITCH-000---00-00
2026-05-18 17:22:30.276 [com.alibaba.nacos.naming.failover.0] [none] DEBUG com.alibaba.nacos.client.naming - failover switch is not found, 00-00---000-VIPSRV_FAILOVER_SWITCH-000---00-00
2026-05-18 17:22:35.278 [com.alibaba.nacos.naming.failover.0] [none] DEBUG com.alibaba.nacos.client.naming - failover switch is not found, 00-00---000-VIPSRV_FAILOVER_SWITCH-000---00-00
2026-05-18 17:22:40.280 [com.alibaba.nacos.naming.failover.0] [none] DEBUG com.alibaba.nacos.client.naming - failover switch is not found, 00-00---000-VIPSRV_FAILOVER_SWITCH-000---00-00
2026-05-18 17:22:45.281 [com.alibaba.nacos.naming.failover.0] [none] DEBUG com.alibaba.nacos.client.naming - failover switch is not found, 00-00---000-VIPSRV_FAILOVER_SWITCH-000---00-00
2026-05-18 17:22:50.282 [com.alibaba.nacos.naming.failover.0] [none] DEBUG com.alibaba.nacos.client.naming - failover switch is not found, 00-00---000-VIPSRV_FAILOVER_SWITCH-000---00-00
2026-05-18 17:22:55.284 [com.alibaba.nacos.naming.failover.0] [none] DEBUG com.alibaba.nacos.client.naming - failover switch is not found, 00-00---000-VIPSRV_FAILOVER_SWITCH-000---00-00
2026-05-18 17:23:00.285 [com.alibaba.nacos.naming.failover.0] [none] DEBUG com.alibaba.nacos.client.naming - failover switch is not found, 00-00---000-VIPSRV_FAILOVER_SWITCH-000---00-00
2026-05-18 17:23:05.286 [com.alibaba.nacos.naming.failover.0] [none] DEBUG com.alibaba.nacos.client.naming - failover switch is not found, 00-00---000-VIPSRV_FAILOVER_SWITCH-000---00-00
2026-05-18 17:23:10.287 [com.alibaba.nacos.naming.failover.0] [none] DEBUG com.alibaba.nacos.client.naming - failover switch is not found, 00-00---000-VIPSRV_FAILOVER_SWITCH-000---00-00
2026-05-18 17:23:15.289 [com.alibaba.nacos.naming.failover.0] [none] DEBUG com.alibaba.nacos.client.naming - failover switch is not found, 00-00---000-VIPSRV_FAILOVER_SWITCH-000---00-00
2026-05-18 17:23:20.290 [com.alibaba.nacos.naming.failover.0] [none] DEBUG com.alibaba.nacos.client.naming - failover switch is not found, 00-00---000-VIPSRV_FAILOVER_SWITCH-000---00-00
2026-05-18 17:23:25.291 [com.alibaba.nacos.naming.failover.0] [none] DEBUG com.alibaba.nacos.client.naming - failover switch is not found, 00-00---000-VIPSRV_FAILOVER_SWITCH-000---00-00
2026-05-18 17:23:30.291 [com.alibaba.nacos.naming.failover.0] [none] DEBUG com.alibaba.nacos.client.naming - failover switch is not found, 00-00---000-VIPSRV_FAILOVER_SWITCH-000---00-00
2026-05-18 17:23:35.292 [com.alibaba.nacos.naming.failover.0] [none] DEBUG com.alibaba.nacos.client.naming - failover switch is not found, 00-00---000-VIPSRV_FAILOVER_SWITCH-000---00-00
2026-05-18 17:23:40.293 [com.alibaba.nacos.naming.failover.0] [none] DEBUG com.alibaba.nacos.client.naming - failover switch is not found, 00-00---000-VIPSRV_FAILOVER_SWITCH-000---00-00
2026-05-18 17:23:45.293 [com.alibaba.nacos.naming.failover.0] [none] DEBUG com.alibaba.nacos.client.naming - failover switch is not found, 00-00---000-VIPSRV_FAILOVER_SWITCH-000---00-00
2026-05-18 17:23:50.295 [com.alibaba.nacos.naming.failover.0] [none] DEBUG com.alibaba.nacos.client.naming - failover switch is not found, 00-00---000-VIPSRV_FAILOVER_SWITCH-000---00-00
2026-05-18 17:23:55.296 [com.alibaba.nacos.naming.failover.0] [none] DEBUG com.alibaba.nacos.client.naming - failover switch is not found, 00-00---000-VIPSRV_FAILOVER_SWITCH-000---00-00
2026-05-18 17:24:00.296 [com.alibaba.nacos.naming.failover.0] [none] DEBUG com.alibaba.nacos.client.naming - failover switch is not found, 00-00---000-VIPSRV_FAILOVER_SWITCH-000---00-00
2026-05-18 17:24:05.297 [com.alibaba.nacos.naming.failover.0] [none] DEBUG com.alibaba.nacos.client.naming - failover switch is not found, 00-00---000-VIPSRV_FAILOVER_SWITCH-000---00-00
2026-05-18 17:24:10.298 [com.alibaba.nacos.naming.failover.0] [none] DEBUG com.alibaba.nacos.client.naming - failover switch is not found, 00-00---000-VIPSRV_FAILOVER_SWITCH-000---00-00
2026-05-18 17:24:15.298 [com.alibaba.nacos.naming.failover.0] [none] DEBUG com.alibaba.nacos.client.naming - failover switch is not found, 00-00---000-VIPSRV_FAILOVER_SWITCH-000---00-00
2026-05-18 17:24:20.300 [com.alibaba.nacos.naming.failover.0] [none] DEBUG com.alibaba.nacos.client.naming - failover switch is not found, 00-00---000-VIPSRV_FAILOVER_SWITCH-000---00-00
2026-05-18 17:24:25.301 [com.alibaba.nacos.naming.failover.0] [none] DEBUG com.alibaba.nacos.client.naming - failover switch is not found, 00-00---000-VIPSRV_FAILOVER_SWITCH-000---00-00
2026-05-18 17:24:30.302 [com.alibaba.nacos.naming.failover.0] [none] DEBUG com.alibaba.nacos.client.naming - failover switch is not found, 00-00---000-VIPSRV_FAILOVER_SWITCH-000---00-00
2026-05-18 17:24:35.302 [com.alibaba.nacos.naming.failover.0] [none] DEBUG com.alibaba.nacos.client.naming - failover switch is not found, 00-00---000-VIPSRV_FAILOVER_SWITCH-000---00-00
2026-05-18 17:24:40.303 [com.alibaba.nacos.naming.failover.0] [none] DEBUG com.alibaba.nacos.client.naming - failover switch is not found, 00-00---000-VIPSRV_FAILOVER_SWITCH-000---00-00
2026-05-18 17:24:45.305 [com.alibaba.nacos.naming.failover.0] [none] DEBUG com.alibaba.nacos.client.naming - failover switch is not found, 00-00---000-VIPSRV_FAILOVER_SWITCH-000---00-00
2026-05-18 17:24:50.306 [com.alibaba.nacos.naming.failover.0] [none] DEBUG com.alibaba.nacos.client.naming - failover switch is not found, 00-00---000-VIPSRV_FAILOVER_SWITCH-000---00-00
2026-05-18 17:24:55.307 [com.alibaba.nacos.naming.failover.0] [none] DEBUG com.alibaba.nacos.client.naming - failover switch is not found, 00-00---000-VIPSRV_FAILOVER_SWITCH-000---00-00
2026-05-18 17:25:00.308 [com.alibaba.nacos.naming.failover.0] [none] DEBUG com.alibaba.nacos.client.naming - failover switch is not found, 00-00---000-VIPSRV_FAILOVER_SWITCH-000---00-00
2026-05-18 17:25:05.308 [com.alibaba.nacos.naming.failover.0] [none] DEBUG com.alibaba.nacos.client.naming - failover switch is not found, 00-00---000-VIPSRV_FAILOVER_SWITCH-000---00-00
2026-05-18 17:25:10.309 [com.alibaba.nacos.naming.failover.0] [none] DEBUG com.alibaba.nacos.client.naming - failover switch is not found, 00-00---000-VIPSRV_FAILOVER_SWITCH-000---00-00
2026-05-18 17:25:15.311 [com.alibaba.nacos.naming.failover.0] [none] DEBUG com.alibaba.nacos.client.naming - failover switch is not found, 00-00---000-VIPSRV_FAILOVER_SWITCH-000---00-00
2026-05-18 17:25:20.311 [com.alibaba.nacos.naming.failover.0] [none] DEBUG com.alibaba.nacos.client.naming - failover switch is not found, 00-00---000-VIPSRV_FAILOVER_SWITCH-000---00-00
2026-05-18 17:25:25.311 [com.alibaba.nacos.naming.failover.0] [none] DEBUG com.alibaba.nacos.client.naming - failover switch is not found, 00-00---000-VIPSRV_FAILOVER_SWITCH-000---00-00
2026-05-18 17:25:30.312 [com.alibaba.nacos.naming.failover.0] [none] DEBUG com.alibaba.nacos.client.naming - failover switch is not found, 00-00---000-VIPSRV_FAILOVER_SWITCH-000---00-00
2026-05-18 17:25:35.313 [com.alibaba.nacos.naming.failover.0] [none] DEBUG com.alibaba.nacos.client.naming - failover switch is not found, 00-00---000-VIPSRV_FAILOVER_SWITCH-000---00-00
2026-05-18 17:25:40.314 [com.alibaba.nacos.naming.failover.0] [none] DEBUG com.alibaba.nacos.client.naming - failover switch is not found, 00-00---000-VIPSRV_FAILOVER_SWITCH-000---00-00
2026-05-18 17:25:45.314 [com.alibaba.nacos.naming.failover.0] [none] DEBUG com.alibaba.nacos.client.naming - failover switch is not found, 00-00---000-VIPSRV_FAILOVER_SWITCH-000---00-00
2026-05-18 17:25:50.315 [com.alibaba.nacos.naming.failover.0] [none] DEBUG com.alibaba.nacos.client.naming - failover switch is not found, 00-00---000-VIPSRV_FAILOVER_SWITCH-000---00-00
2026-05-18 17:25:55.315 [com.alibaba.nacos.naming.failover.0] [none] DEBUG com.alibaba.nacos.client.naming - failover switch is not found, 00-00---000-VIPSRV_FAILOVER_SWITCH-000---00-00
2026-05-18 17:26:00.317 [com.alibaba.nacos.naming.failover.0] [none] DEBUG com.alibaba.nacos.client.naming - failover switch is not found, 00-00---000-VIPSRV_FAILOVER_SWITCH-000---00-00
2026-05-18 17:26:05.318 [com.alibaba.nacos.naming.failover.0] [none] DEBUG com.alibaba.nacos.client.naming - failover switch is not found, 00-00---000-VIPSRV_FAILOVER_SWITCH-000---00-00
2026-05-18 17:26:10.319 [com.alibaba.nacos.naming.failover.0] [none] DEBUG com.alibaba.nacos.client.naming - failover switch is not found, 00-00---000-VIPSRV_FAILOVER_SWITCH-000---00-00
2026-05-18 17:26:15.320 [com.alibaba.nacos.naming.failover.0] [none] DEBUG com.alibaba.nacos.client.naming - failover switch is not found, 00-00---000-VIPSRV_FAILOVER_SWITCH-000---00-00
2026-05-18 17:26:20.320 [com.alibaba.nacos.naming.failover.0] [none] DEBUG com.alibaba.nacos.client.naming - failover switch is not found, 00-00---000-VIPSRV_FAILOVER_SWITCH-000---00-00
2026-05-18 17:26:25.320 [com.alibaba.nacos.naming.failover.0] [none] DEBUG com.alibaba.nacos.client.naming - failover switch is not found, 00-00---000-VIPSRV_FAILOVER_SWITCH-000---00-00
2026-05-18 17:26:30.323 [com.alibaba.nacos.naming.failover.0] [none] DEBUG com.alibaba.nacos.client.naming - failover switch is not found, 00-00---000-VIPSRV_FAILOVER_SWITCH-000---00-00
2026-05-18 17:26:35.324 [com.alibaba.nacos.naming.failover.0] [none] DEBUG com.alibaba.nacos.client.naming - failover switch is not found, 00-00---000-VIPSRV_FAILOVER_SWITCH-000---00-00
2026-05-18 17:26:40.326 [com.alibaba.nacos.naming.failover.0] [none] DEBUG com.alibaba.nacos.client.naming - failover switch is not found, 00-00---000-VIPSRV_FAILOVER_SWITCH-000---00-00
2026-05-18 17:26:45.327 [com.alibaba.nacos.naming.failover.0] [none] DEBUG com.alibaba.nacos.client.naming - failover switch is not found, 00-00---000-VIPSRV_FAILOVER_SWITCH-000---00-00
2026-05-18 17:26:50.327 [com.alibaba.nacos.naming.failover.0] [none] DEBUG com.alibaba.nacos.client.naming - failover switch is not found, 00-00---000-VIPSRV_FAILOVER_SWITCH-000---00-00
2026-05-18 17:26:55.357 [com.alibaba.nacos.naming.failover.0] [none] DEBUG com.alibaba.nacos.client.naming - failover switch is not found, 00-00---000-VIPSRV_FAILOVER_SWITCH-000---00-00
2026-05-18 17:27:00.361 [com.alibaba.nacos.naming.failover.0] [none] DEBUG com.alibaba.nacos.client.naming - failover switch is not found, 00-00---000-VIPSRV_FAILOVER_SWITCH-000---00-00
2026-05-18 17:27:05.362 [com.alibaba.nacos.naming.failover.0] [none] DEBUG com.alibaba.nacos.client.naming - failover switch is not found, 00-00---000-VIPSRV_FAILOVER_SWITCH-000---00-00
2026-05-18 17:27:10.364 [com.alibaba.nacos.naming.failover.0] [none] DEBUG com.alibaba.nacos.client.naming - failover switch is not found, 00-00---000-VIPSRV_FAILOVER_SWITCH-000---00-00
2026-05-18 17:27:15.364 [com.alibaba.nacos.naming.failover.0] [none] DEBUG com.alibaba.nacos.client.naming - failover switch is not found, 00-00---000-VIPSRV_FAILOVER_SWITCH-000---00-00
2026-05-18 17:27:20.365 [com.alibaba.nacos.naming.failover.0] [none] DEBUG com.alibaba.nacos.client.naming - failover switch is not found, 00-00---000-VIPSRV_FAILOVER_SWITCH-000---00-00
2026-05-18 17:27:25.367 [com.alibaba.nacos.naming.failover.0] [none] DEBUG com.alibaba.nacos.client.naming - failover switch is not found, 00-00---000-VIPSRV_FAILOVER_SWITCH-000---00-00
2026-05-18 17:27:30.367 [com.alibaba.nacos.naming.failover.0] [none] DEBUG com.alibaba.nacos.client.naming - failover switch is not found, 00-00---000-VIPSRV_FAILOVER_SWITCH-000---00-00
2026-05-18 17:27:35.369 [com.alibaba.nacos.naming.failover.0] [none] DEBUG com.alibaba.nacos.client.naming - failover switch is not found, 00-00---000-VIPSRV_FAILOVER_SWITCH-000---00-00
2026-05-18 17:27:40.371 [com.alibaba.nacos.naming.failover.0] [none] DEBUG com.alibaba.nacos.client.naming - failover switch is not found, 00-00---000-VIPSRV_FAILOVER_SWITCH-000---00-00
2026-05-18 17:27:45.396 [com.alibaba.nacos.naming.failover.0] [none] DEBUG com.alibaba.nacos.client.naming - failover switch is not found, 00-00---000-VIPSRV_FAILOVER_SWITCH-000---00-00
2026-05-18 17:27:50.401 [com.alibaba.nacos.naming.failover.0] [none] DEBUG com.alibaba.nacos.client.naming - failover switch is not found, 00-00---000-VIPSRV_FAILOVER_SWITCH-000---00-00
2026-05-18 17:27:55.403 [com.alibaba.nacos.naming.failover.0] [none] DEBUG com.alibaba.nacos.client.naming - failover switch is not found, 00-00---000-VIPSRV_FAILOVER_SWITCH-000---00-00
2026-05-18 17:28:00.403 [com.alibaba.nacos.naming.failover.0] [none] DEBUG com.alibaba.nacos.client.naming - failover switch is not found, 00-00---000-VIPSRV_FAILOVER_SWITCH-000---00-00
2026-05-18 17:28:05.404 [com.alibaba.nacos.naming.failover.0] [none] DEBUG com.alibaba.nacos.client.naming - failover switch is not found, 00-00---000-VIPSRV_FAILOVER_SWITCH-000---00-00
2026-05-18 17:28:10.404 [com.alibaba.nacos.naming.failover.0] [none] DEBUG com.alibaba.nacos.client.naming - failover switch is not found, 00-00---000-VIPSRV_FAILOVER_SWITCH-000---00-00
2026-05-18 17:28:15.409 [com.alibaba.nacos.naming.failover.0] [none] DEBUG com.alibaba.nacos.client.naming - failover switch is not found, 00-00---000-VIPSRV_FAILOVER_SWITCH-000---00-00
2026-05-18 17:28:20.411 [com.alibaba.nacos.naming.failover.0] [none] DEBUG com.alibaba.nacos.client.naming - failover switch is not found, 00-00---000-VIPSRV_FAILOVER_SWITCH-000---00-00
2026-05-18 17:28:25.411 [com.alibaba.nacos.naming.failover.0] [none] DEBUG com.alibaba.nacos.client.naming - failover switch is not found, 00-00---000-VIPSRV_FAILOVER_SWITCH-000---00-00
2026-05-18 17:28:30.412 [com.alibaba.nacos.naming.failover.0] [none] DEBUG com.alibaba.nacos.client.naming - failover switch is not found, 00-00---000-VIPSRV_FAILOVER_SWITCH-000---00-00
2026-05-18 17:28:35.414 [com.alibaba.nacos.naming.failover.0] [none] DEBUG com.alibaba.nacos.client.naming - failover switch is not found, 00-00---000-VIPSRV_FAILOVER_SWITCH-000---00-00
2026-05-18 17:28:40.415 [com.alibaba.nacos.naming.failover.0] [none] DEBUG com.alibaba.nacos.client.naming - failover switch is not found, 00-00---000-VIPSRV_FAILOVER_SWITCH-000---00-00
2026-05-18 17:28:45.456 [com.alibaba.nacos.naming.failover.0] [none] DEBUG com.alibaba.nacos.client.naming - failover switch is not found, 00-00---000-VIPSRV_FAILOVER_SWITCH-000---00-00
2026-05-18 17:28:50.457 [com.alibaba.nacos.naming.failover.0] [none] DEBUG com.alibaba.nacos.client.naming - failover switch is not found, 00-00---000-VIPSRV_FAILOVER_SWITCH-000---00-00
2026-05-18 17:28:55.458 [com.alibaba.nacos.naming.failover.0] [none] DEBUG com.alibaba.nacos.client.naming - failover switch is not found, 00-00---000-VIPSRV_FAILOVER_SWITCH-000---00-00
2026-05-18 17:29:00.459 [com.alibaba.nacos.naming.failover.0] [none] DEBUG com.alibaba.nacos.client.naming - failover switch is not found, 00-00---000-VIPSRV_FAILOVER_SWITCH-000---00-00
2026-05-18 17:29:05.460 [com.alibaba.nacos.naming.failover.0] [none] DEBUG com.alibaba.nacos.client.naming - failover switch is not found, 00-00---000-VIPSRV_FAILOVER_SWITCH-000---00-00
2026-05-18 17:29:10.461 [com.alibaba.nacos.naming.failover.0] [none] DEBUG com.alibaba.nacos.client.naming - failover switch is not found, 00-00---000-VIPSRV_FAILOVER_SWITCH-000---00-00
2026-05-18 17:29:15.463 [com.alibaba.nacos.naming.failover.0] [none] DEBUG com.alibaba.nacos.client.naming - failover switch is not found, 00-00---000-VIPSRV_FAILOVER_SWITCH-000---00-00
2026-05-18 17:29:20.465 [com.alibaba.nacos.naming.failover.0] [none] DEBUG com.alibaba.nacos.client.naming - failover switch is not found, 00-00---000-VIPSRV_FAILOVER_SWITCH-000---00-00
2026-05-18 17:29:25.466 [com.alibaba.nacos.naming.failover.0] [none] DEBUG com.alibaba.nacos.client.naming - failover switch is not found, 00-00---000-VIPSRV_FAILOVER_SWITCH-000---00-00
2026-05-18 17:29:30.518 [com.alibaba.nacos.naming.failover.0] [none] DEBUG com.alibaba.nacos.client.naming - failover switch is not found, 00-00---000-VIPSRV_FAILOVER_SWITCH-000---00-00
2026-05-18 17:29:35.519 [com.alibaba.nacos.naming.failover.0] [none] DEBUG com.alibaba.nacos.client.naming - failover switch is not found, 00-00---000-VIPSRV_FAILOVER_SWITCH-000---00-00
2026-05-18 17:29:40.519 [com.alibaba.nacos.naming.failover.0] [none] DEBUG com.alibaba.nacos.client.naming - failover switch is not found, 00-00---000-VIPSRV_FAILOVER_SWITCH-000---00-00
2026-05-18 17:29:45.524 [com.alibaba.nacos.naming.failover.0] [none] DEBUG com.alibaba.nacos.client.naming - failover switch is not found, 00-00---000-VIPSRV_FAILOVER_SWITCH-000---00-00
2026-05-18 17:29:50.557 [com.alibaba.nacos.naming.failover.0] [none] DEBUG com.alibaba.nacos.client.naming - failover switch is not found, 00-00---000-VIPSRV_FAILOVER_SWITCH-000---00-00
2026-05-18 17:29:55.567 [com.alibaba.nacos.naming.failover.0] [none] DEBUG com.alibaba.nacos.client.naming - failover switch is not found, 00-00---000-VIPSRV_FAILOVER_SWITCH-000---00-00
2026-05-18 17:30:00.570 [com.alibaba.nacos.naming.failover.0] [none] DEBUG com.alibaba.nacos.client.naming - failover switch is not found, 00-00---000-VIPSRV_FAILOVER_SWITCH-000---00-00
2026-05-18 17:30:05.571 [com.alibaba.nacos.naming.failover.0] [none] DEBUG com.alibaba.nacos.client.naming - failover switch is not found, 00-00---000-VIPSRV_FAILOVER_SWITCH-000---00-00
2026-05-18 17:30:10.573 [com.alibaba.nacos.naming.failover.0] [none] DEBUG com.alibaba.nacos.client.naming - failover switch is not found, 00-00---000-VIPSRV_FAILOVER_SWITCH-000---00-00
2026-05-18 17:30:15.582 [com.alibaba.nacos.naming.failover.0] [none] DEBUG com.alibaba.nacos.client.naming - failover switch is not found, 00-00---000-VIPSRV_FAILOVER_SWITCH-000---00-00
2026-05-18 17:30:20.595 [com.alibaba.nacos.naming.failover.0] [none] DEBUG com.alibaba.nacos.client.naming - failover switch is not found, 00-00---000-VIPSRV_FAILOVER_SWITCH-000---00-00
2026-05-18 17:30:25.611 [com.alibaba.nacos.naming.failover.0] [none] DEBUG com.alibaba.nacos.client.naming - failover switch is not found, 00-00---000-VIPSRV_FAILOVER_SWITCH-000---00-00
2026-05-18 17:30:30.620 [com.alibaba.nacos.naming.failover.0] [none] DEBUG com.alibaba.nacos.client.naming - failover switch is not found, 00-00---000-VIPSRV_FAILOVER_SWITCH-000---00-00
2026-05-18 17:30:35.624 [com.alibaba.nacos.naming.failover.0] [none] DEBUG com.alibaba.nacos.client.naming - failover switch is not found, 00-00---000-VIPSRV_FAILOVER_SWITCH-000---00-00
2026-05-18 17:30:40.635 [com.alibaba.nacos.naming.failover.0] [none] DEBUG com.alibaba.nacos.client.naming - failover switch is not found, 00-00---000-VIPSRV_FAILOVER_SWITCH-000---00-00
2026-05-18 17:30:45.648 [com.alibaba.nacos.naming.failover.0] [none] DEBUG com.alibaba.nacos.client.naming - failover switch is not found, 00-00---000-VIPSRV_FAILOVER_SWITCH-000---00-00
2026-05-18 17:30:50.659 [com.alibaba.nacos.naming.failover.0] [none] DEBUG com.alibaba.nacos.client.naming - failover switch is not found, 00-00---000-VIPSRV_FAILOVER_SWITCH-000---00-00
2026-05-18 17:30:55.667 [com.alibaba.nacos.naming.failover.0] [none] DEBUG com.alibaba.nacos.client.naming - failover switch is not found, 00-00---000-VIPSRV_FAILOVER_SWITCH-000---00-00
2026-05-18 17:31:00.676 [com.alibaba.nacos.naming.failover.0] [none] DEBUG com.alibaba.nacos.client.naming - failover switch is not found, 00-00---000-VIPSRV_FAILOVER_SWITCH-000---00-00
2026-05-18 17:31:05.693 [com.alibaba.nacos.naming.failover.0] [none] DEBUG com.alibaba.nacos.client.naming - failover switch is not found, 00-00---000-VIPSRV_FAILOVER_SWITCH-000---00-00
2026-05-18 17:31:10.706 [com.alibaba.nacos.naming.failover.0] [none] DEBUG com.alibaba.nacos.client.naming - failover switch is not found, 00-00---000-VIPSRV_FAILOVER_SWITCH-000---00-00
2026-05-18 17:31:15.716 [com.alibaba.nacos.naming.failover.0] [none] DEBUG com.alibaba.nacos.client.naming - failover switch is not found, 00-00---000-VIPSRV_FAILOVER_SWITCH-000---00-00
2026-05-18 17:31:20.728 [com.alibaba.nacos.naming.failover.0] [none] DEBUG com.alibaba.nacos.client.naming - failover switch is not found, 00-00---000-VIPSRV_FAILOVER_SWITCH-000---00-00
2026-05-18 17:31:25.729 [com.alibaba.nacos.naming.failover.0] [none] DEBUG com.alibaba.nacos.client.naming - failover switch is not found, 00-00---000-VIPSRV_FAILOVER_SWITCH-000---00-00
2026-05-18 17:31:30.729 [com.alibaba.nacos.naming.failover.0] [none] DEBUG com.alibaba.nacos.client.naming - failover switch is not found, 00-00---000-VIPSRV_FAILOVER_SWITCH-000---00-00
2026-05-18 17:31:35.731 [com.alibaba.nacos.naming.failover.0] [none] DEBUG com.alibaba.nacos.client.naming - failover switch is not found, 00-00---000-VIPSRV_FAILOVER_SWITCH-000---00-00
2026-05-18 17:31:40.732 [com.alibaba.nacos.naming.failover.0] [none] DEBUG com.alibaba.nacos.client.naming - failover switch is not found, 00-00---000-VIPSRV_FAILOVER_SWITCH-000---00-00
2026-05-18 17:31:45.734 [com.alibaba.nacos.naming.failover.0] [none] DEBUG com.alibaba.nacos.client.naming - failover switch is not found, 00-00---000-VIPSRV_FAILOVER_SWITCH-000---00-00
2026-05-18 17:31:50.735 [com.alibaba.nacos.naming.failover.0] [none] DEBUG com.alibaba.nacos.client.naming - failover switch is not found, 00-00---000-VIPSRV_FAILOVER_SWITCH-000---00-00
2026-05-18 17:31:55.735 [com.alibaba.nacos.naming.failover.0] [none] DEBUG com.alibaba.nacos.client.naming - failover switch is not found, 00-00---000-VIPSRV_FAILOVER_SWITCH-000---00-00
2026-05-18 17:32:00.737 [com.alibaba.nacos.naming.failover.0] [none] DEBUG com.alibaba.nacos.client.naming - failover switch is not found, 00-00---000-VIPSRV_FAILOVER_SWITCH-000---00-00
2026-05-18 17:32:05.739 [com.alibaba.nacos.naming.failover.0] [none] DEBUG com.alibaba.nacos.client.naming - failover switch is not found, 00-00---000-VIPSRV_FAILOVER_SWITCH-000---00-00
2026-05-18 17:32:10.740 [com.alibaba.nacos.naming.failover.0] [none] DEBUG com.alibaba.nacos.client.naming - failover switch is not found, 00-00---000-VIPSRV_FAILOVER_SWITCH-000---00-00
2026-05-18 17:32:15.742 [com.alibaba.nacos.naming.failover.0] [none] DEBUG com.alibaba.nacos.client.naming - failover switch is not found, 00-00---000-VIPSRV_FAILOVER_SWITCH-000---00-00
2026-05-18 17:32:20.754 [com.alibaba.nacos.naming.failover.0] [none] DEBUG com.alibaba.nacos.client.naming - failover switch is not found, 00-00---000-VIPSRV_FAILOVER_SWITCH-000---00-00
2026-05-18 17:32:25.763 [com.alibaba.nacos.naming.failover.0] [none] DEBUG com.alibaba.nacos.client.naming - failover switch is not found, 00-00---000-VIPSRV_FAILOVER_SWITCH-000---00-00
2026-05-18 17:32:30.766 [com.alibaba.nacos.naming.failover.0] [none] DEBUG com.alibaba.nacos.client.naming - failover switch is not found, 00-00---000-VIPSRV_FAILOVER_SWITCH-000---00-00
2026-05-18 17:32:35.775 [com.alibaba.nacos.naming.failover.0] [none] DEBUG com.alibaba.nacos.client.naming - failover switch is not found, 00-00---000-VIPSRV_FAILOVER_SWITCH-000---00-00
2026-05-18 17:32:40.779 [com.alibaba.nacos.naming.failover.0] [none] DEBUG com.alibaba.nacos.client.naming - failover switch is not found, 00-00---000-VIPSRV_FAILOVER_SWITCH-000---00-00
2026-05-18 17:32:45.779 [com.alibaba.nacos.naming.failover.0] [none] DEBUG com.alibaba.nacos.client.naming - failover switch is not found, 00-00---000-VIPSRV_FAILOVER_SWITCH-000---00-00
2026-05-18 17:32:50.797 [com.alibaba.nacos.naming.failover.0] [none] DEBUG com.alibaba.nacos.client.naming - failover switch is not found, 00-00---000-VIPSRV_FAILOVER_SWITCH-000---00-00
2026-05-18 17:32:55.802 [com.alibaba.nacos.naming.failover.0] [none] DEBUG com.alibaba.nacos.client.naming - failover switch is not found, 00-00---000-VIPSRV_FAILOVER_SWITCH-000---00-00
2026-05-18 17:33:00.832 [com.alibaba.nacos.naming.failover.0] [none] DEBUG com.alibaba.nacos.client.naming - failover switch is not found, 00-00---000-VIPSRV_FAILOVER_SWITCH-000---00-00
2026-05-18 17:33:05.846 [com.alibaba.nacos.naming.failover.0] [none] DEBUG com.alibaba.nacos.client.naming - failover switch is not found, 00-00---000-VIPSRV_FAILOVER_SWITCH-000---00-00
2026-05-18 17:33:10.859 [com.alibaba.nacos.naming.failover.0] [none] DEBUG com.alibaba.nacos.client.naming - failover switch is not found, 00-00---000-VIPSRV_FAILOVER_SWITCH-000---00-00
2026-05-18 17:33:15.865 [com.alibaba.nacos.naming.failover.0] [none] DEBUG com.alibaba.nacos.client.naming - failover switch is not found, 00-00---000-VIPSRV_FAILOVER_SWITCH-000---00-00
2026-05-18 17:33:20.874 [com.alibaba.nacos.naming.failover.0] [none] DEBUG com.alibaba.nacos.client.naming - failover switch is not found, 00-00---000-VIPSRV_FAILOVER_SWITCH-000---00-00
2026-05-18 17:33:25.886 [com.alibaba.nacos.naming.failover.0] [none] DEBUG com.alibaba.nacos.client.naming - failover switch is not found, 00-00---000-VIPSRV_FAILOVER_SWITCH-000---00-00
2026-05-18 17:33:30.888 [com.alibaba.nacos.naming.failover.0] [none] DEBUG com.alibaba.nacos.client.naming - failover switch is not found, 00-00---000-VIPSRV_FAILOVER_SWITCH-000---00-00
2026-05-18 17:33:35.888 [com.alibaba.nacos.naming.failover.0] [none] DEBUG com.alibaba.nacos.client.naming - failover switch is not found, 00-00---000-VIPSRV_FAILOVER_SWITCH-000---00-00
2026-05-18 17:33:40.890 [com.alibaba.nacos.naming.failover.0] [none] DEBUG com.alibaba.nacos.client.naming - failover switch is not found, 00-00---000-VIPSRV_FAILOVER_SWITCH-000---00-00
2026-05-18 17:33:45.892 [com.alibaba.nacos.naming.failover.0] [none] DEBUG com.alibaba.nacos.client.naming - failover switch is not found, 00-00---000-VIPSRV_FAILOVER_SWITCH-000---00-00
2026-05-18 17:33:50.893 [com.alibaba.nacos.naming.failover.0] [none] DEBUG com.alibaba.nacos.client.naming - failover switch is not found, 00-00---000-VIPSRV_FAILOVER_SWITCH-000---00-00
2026-05-18 17:33:55.894 [com.alibaba.nacos.naming.failover.0] [none] DEBUG com.alibaba.nacos.client.naming - failover switch is not found, 00-00---000-VIPSRV_FAILOVER_SWITCH-000---00-00
2026-05-18 17:34:00.895 [com.alibaba.nacos.naming.failover.0] [none] DEBUG com.alibaba.nacos.client.naming - failover switch is not found, 00-00---000-VIPSRV_FAILOVER_SWITCH-000---00-00
2026-05-18 17:34:05.898 [com.alibaba.nacos.naming.failover.0] [none] DEBUG com.alibaba.nacos.client.naming - failover switch is not found, 00-00---000-VIPSRV_FAILOVER_SWITCH-000---00-00
2026-05-18 17:34:10.900 [com.alibaba.nacos.naming.failover.0] [none] DEBUG com.alibaba.nacos.client.naming - failover switch is not found, 00-00---000-VIPSRV_FAILOVER_SWITCH-000---00-00
2026-05-18 17:34:15.901 [com.alibaba.nacos.naming.failover.0] [none] DEBUG com.alibaba.nacos.client.naming - failover switch is not found, 00-00---000-VIPSRV_FAILOVER_SWITCH-000---00-00
2026-05-18 17:34:20.903 [com.alibaba.nacos.naming.failover.0] [none] DEBUG com.alibaba.nacos.client.naming - failover switch is not found, 00-00---000-VIPSRV_FAILOVER_SWITCH-000---00-00
2026-05-18 17:34:25.903 [com.alibaba.nacos.naming.failover.0] [none] DEBUG com.alibaba.nacos.client.naming - failover switch is not found, 00-00---000-VIPSRV_FAILOVER_SWITCH-000---00-00
2026-05-18 17:34:30.904 [com.alibaba.nacos.naming.failover.0] [none] DEBUG com.alibaba.nacos.client.naming - failover switch is not found, 00-00---000-VIPSRV_FAILOVER_SWITCH-000---00-00
2026-05-18 17:34:35.905 [com.alibaba.nacos.naming.failover.0] [none] DEBUG com.alibaba.nacos.client.naming - failover switch is not found, 00-00---000-VIPSRV_FAILOVER_SWITCH-000---00-00
2026-05-18 17:34:40.906 [com.alibaba.nacos.naming.failover.0] [none] DEBUG com.alibaba.nacos.client.naming - failover switch is not found, 00-00---000-VIPSRV_FAILOVER_SWITCH-000---00-00
2026-05-18 17:34:45.908 [com.alibaba.nacos.naming.failover.0] [none] DEBUG com.alibaba.nacos.client.naming - failover switch is not found, 00-00---000-VIPSRV_FAILOVER_SWITCH-000---00-00
2026-05-18 17:34:50.908 [com.alibaba.nacos.naming.failover.0] [none] DEBUG com.alibaba.nacos.client.naming - failover switch is not found, 00-00---000-VIPSRV_FAILOVER_SWITCH-000---00-00
2026-05-18 17:34:55.910 [com.alibaba.nacos.naming.failover.0] [none] DEBUG com.alibaba.nacos.client.naming - failover switch is not found, 00-00---000-VIPSRV_FAILOVER_SWITCH-000---00-00
2026-05-18 17:35:00.912 [com.alibaba.nacos.naming.failover.0] [none] DEBUG com.alibaba.nacos.client.naming - failover switch is not found, 00-00---000-VIPSRV_FAILOVER_SWITCH-000---00-00
2026-05-18 17:35:05.914 [com.alibaba.nacos.naming.failover.0] [none] DEBUG com.alibaba.nacos.client.naming - failover switch is not found, 00-00---000-VIPSRV_FAILOVER_SWITCH-000---00-00
2026-05-18 17:35:10.915 [com.alibaba.nacos.naming.failover.0] [none] DEBUG com.alibaba.nacos.client.naming - failover switch is not found, 00-00---000-VIPSRV_FAILOVER_SWITCH-000---00-00
2026-05-18 17:35:15.916 [com.alibaba.nacos.naming.failover.0] [none] DEBUG com.alibaba.nacos.client.naming - failover switch is not found, 00-00---000-VIPSRV_FAILOVER_SWITCH-000---00-00
2026-05-18 17:35:20.917 [com.alibaba.nacos.naming.failover.0] [none] DEBUG com.alibaba.nacos.client.naming - failover switch is not found, 00-00---000-VIPSRV_FAILOVER_SWITCH-000---00-00
2026-05-18 17:35:25.918 [com.alibaba.nacos.naming.failover.0] [none] DEBUG com.alibaba.nacos.client.naming - failover switch is not found, 00-00---000-VIPSRV_FAILOVER_SWITCH-000---00-00
2026-05-18 17:35:30.919 [com.alibaba.nacos.naming.failover.0] [none] DEBUG com.alibaba.nacos.client.naming - failover switch is not found, 00-00---000-VIPSRV_FAILOVER_SWITCH-000---00-00
2026-05-18 17:35:35.920 [com.alibaba.nacos.naming.failover.0] [none] DEBUG com.alibaba.nacos.client.naming - failover switch is not found, 00-00---000-VIPSRV_FAILOVER_SWITCH-000---00-00
2026-05-18 17:35:40.922 [com.alibaba.nacos.naming.failover.0] [none] DEBUG com.alibaba.nacos.client.naming - failover switch is not found, 00-00---000-VIPSRV_FAILOVER_SWITCH-000---00-00
2026-05-18 17:35:45.923 [com.alibaba.nacos.naming.failover.0] [none] DEBUG com.alibaba.nacos.client.naming - failover switch is not found, 00-00---000-VIPSRV_FAILOVER_SWITCH-000---00-00
2026-05-18 17:35:50.924 [com.alibaba.nacos.naming.failover.0] [none] DEBUG com.alibaba.nacos.client.naming - failover switch is not found, 00-00---000-VIPSRV_FAILOVER_SWITCH-000---00-00
2026-05-18 17:35:55.924 [com.alibaba.nacos.naming.failover.0] [none] DEBUG com.alibaba.nacos.client.naming - failover switch is not found, 00-00---000-VIPSRV_FAILOVER_SWITCH-000---00-00
2026-05-18 17:36:00.926 [com.alibaba.nacos.naming.failover.0] [none] DEBUG com.alibaba.nacos.client.naming - failover switch is not found, 00-00---000-VIPSRV_FAILOVER_SWITCH-000---00-00
2026-05-18 17:36:05.927 [com.alibaba.nacos.naming.failover.0] [none] DEBUG com.alibaba.nacos.client.naming - failover switch is not found, 00-00---000-VIPSRV_FAILOVER_SWITCH-000---00-00
2026-05-18 17:36:10.927 [com.alibaba.nacos.naming.failover.0] [none] DEBUG com.alibaba.nacos.client.naming - failover switch is not found, 00-00---000-VIPSRV_FAILOVER_SWITCH-000---00-00
2026-05-18 17:36:15.928 [com.alibaba.nacos.naming.failover.0] [none] DEBUG com.alibaba.nacos.client.naming - failover switch is not found, 00-00---000-VIPSRV_FAILOVER_SWITCH-000---00-00
2026-05-18 17:36:20.929 [com.alibaba.nacos.naming.failover.0] [none] DEBUG com.alibaba.nacos.client.naming - failover switch is not found, 00-00---000-VIPSRV_FAILOVER_SWITCH-000---00-00
2026-05-18 17:36:25.933 [com.alibaba.nacos.naming.failover.0] [none] DEBUG com.alibaba.nacos.client.naming - failover switch is not found, 00-00---000-VIPSRV_FAILOVER_SWITCH-000---00-00
2026-05-18 17:36:30.933 [com.alibaba.nacos.naming.failover.0] [none] DEBUG com.alibaba.nacos.client.naming - failover switch is not found, 00-00---000-VIPSRV_FAILOVER_SWITCH-000---00-00
2026-05-18 17:36:35.934 [com.alibaba.nacos.naming.failover.0] [none] DEBUG com.alibaba.nacos.client.naming - failover switch is not found, 00-00---000-VIPSRV_FAILOVER_SWITCH-000---00-00
2026-05-18 17:36:40.935 [com.alibaba.nacos.naming.failover.0] [none] DEBUG com.alibaba.nacos.client.naming - failover switch is not found, 00-00---000-VIPSRV_FAILOVER_SWITCH-000---00-00
2026-05-18 17:36:45.936 [com.alibaba.nacos.naming.failover.0] [none] DEBUG com.alibaba.nacos.client.naming - failover switch is not found, 00-00---000-VIPSRV_FAILOVER_SWITCH-000---00-00
2026-05-18 17:36:50.937 [com.alibaba.nacos.naming.failover.0] [none] DEBUG com.alibaba.nacos.client.naming - failover switch is not found, 00-00---000-VIPSRV_FAILOVER_SWITCH-000---00-00
2026-05-18 17:36:55.938 [com.alibaba.nacos.naming.failover.0] [none] DEBUG com.alibaba.nacos.client.naming - failover switch is not found, 00-00---000-VIPSRV_FAILOVER_SWITCH-000---00-00
2026-05-18 17:37:00.939 [com.alibaba.nacos.naming.failover.0] [none] DEBUG com.alibaba.nacos.client.naming - failover switch is not found, 00-00---000-VIPSRV_FAILOVER_SWITCH-000---00-00
2026-05-18 17:37:05.941 [com.alibaba.nacos.naming.failover.0] [none] DEBUG com.alibaba.nacos.client.naming - failover switch is not found, 00-00---000-VIPSRV_FAILOVER_SWITCH-000---00-00
2026-05-18 17:37:10.941 [com.alibaba.nacos.naming.failover.0] [none] DEBUG com.alibaba.nacos.client.naming - failover switch is not found, 00-00---000-VIPSRV_FAILOVER_SWITCH-000---00-00
2026-05-18 17:37:15.941 [com.alibaba.nacos.naming.failover.0] [none] DEBUG com.alibaba.nacos.client.naming - failover switch is not found, 00-00---000-VIPSRV_FAILOVER_SWITCH-000---00-00
2026-05-18 17:37:20.942 [com.alibaba.nacos.naming.failover.0] [none] DEBUG com.alibaba.nacos.client.naming - failover switch is not found, 00-00---000-VIPSRV_FAILOVER_SWITCH-000---00-00
2026-05-18 17:37:25.943 [com.alibaba.nacos.naming.failover.0] [none] DEBUG com.alibaba.nacos.client.naming - failover switch is not found, 00-00---000-VIPSRV_FAILOVER_SWITCH-000---00-00
2026-05-18 17:37:30.944 [com.alibaba.nacos.naming.failover.0] [none] DEBUG com.alibaba.nacos.client.naming - failover switch is not found, 00-00---000-VIPSRV_FAILOVER_SWITCH-000---00-00
2026-05-18 17:37:35.946 [com.alibaba.nacos.naming.failover.0] [none] DEBUG com.alibaba.nacos.client.naming - failover switch is not found, 00-00---000-VIPSRV_FAILOVER_SWITCH-000---00-00
2026-05-18 17:37:40.946 [com.alibaba.nacos.naming.failover.0] [none] DEBUG com.alibaba.nacos.client.naming - failover switch is not found, 00-00---000-VIPSRV_FAILOVER_SWITCH-000---00-00
2026-05-18 17:37:45.948 [com.alibaba.nacos.naming.failover.0] [none] DEBUG com.alibaba.nacos.client.naming - failover switch is not found, 00-00---000-VIPSRV_FAILOVER_SWITCH-000---00-00
2026-05-18 17:37:50.948 [com.alibaba.nacos.naming.failover.0] [none] DEBUG com.alibaba.nacos.client.naming - failover switch is not found, 00-00---000-VIPSRV_FAILOVER_SWITCH-000---00-00
2026-05-18 17:37:55.950 [com.alibaba.nacos.naming.failover.0] [none] DEBUG com.alibaba.nacos.client.naming - failover switch is not found, 00-00---000-VIPSRV_FAILOVER_SWITCH-000---00-00
2026-05-18 17:38:00.950 [com.alibaba.nacos.naming.failover.0] [none] DEBUG com.alibaba.nacos.client.naming - failover switch is not found, 00-00---000-VIPSRV_FAILOVER_SWITCH-000---00-00
2026-05-18 17:38:05.952 [com.alibaba.nacos.naming.failover.0] [none] DEBUG com.alibaba.nacos.client.naming - failover switch is not found, 00-00---000-VIPSRV_FAILOVER_SWITCH-000---00-00
2026-05-18 17:38:10.953 [com.alibaba.nacos.naming.failover.0] [none] DEBUG com.alibaba.nacos.client.naming - failover switch is not found, 00-00---000-VIPSRV_FAILOVER_SWITCH-000---00-00
2026-05-18 17:38:15.953 [com.alibaba.nacos.naming.failover.0] [none] DEBUG com.alibaba.nacos.client.naming - failover switch is not found, 00-00---000-VIPSRV_FAILOVER_SWITCH-000---00-00
2026-05-18 17:38:20.954 [com.alibaba.nacos.naming.failover.0] [none] DEBUG com.alibaba.nacos.client.naming - failover switch is not found, 00-00---000-VIPSRV_FAILOVER_SWITCH-000---00-00
2026-05-18 17:38:25.955 [com.alibaba.nacos.naming.failover.0] [none] DEBUG com.alibaba.nacos.client.naming - failover switch is not found, 00-00---000-VIPSRV_FAILOVER_SWITCH-000---00-00
2026-05-18 17:38:30.955 [com.alibaba.nacos.naming.failover.0] [none] DEBUG com.alibaba.nacos.client.naming - failover switch is not found, 00-00---000-VIPSRV_FAILOVER_SWITCH-000---00-00
2026-05-18 17:38:35.956 [com.alibaba.nacos.naming.failover.0] [none] DEBUG com.alibaba.nacos.client.naming - failover switch is not found, 00-00---000-VIPSRV_FAILOVER_SWITCH-000---00-00
2026-05-18 17:38:40.958 [com.alibaba.nacos.naming.failover.0] [none] DEBUG com.alibaba.nacos.client.naming - failover switch is not found, 00-00---000-VIPSRV_FAILOVER_SWITCH-000---00-00
2026-05-18 17:38:45.959 [com.alibaba.nacos.naming.failover.0] [none] DEBUG com.alibaba.nacos.client.naming - failover switch is not found, 00-00---000-VIPSRV_FAILOVER_SWITCH-000---00-00
2026-05-18 17:38:50.959 [com.alibaba.nacos.naming.failover.0] [none] DEBUG com.alibaba.nacos.client.naming - failover switch is not found, 00-00---000-VIPSRV_FAILOVER_SWITCH-000---00-00
2026-05-18 17:38:55.961 [com.alibaba.nacos.naming.failover.0] [none] DEBUG com.alibaba.nacos.client.naming - failover switch is not found, 00-00---000-VIPSRV_FAILOVER_SWITCH-000---00-00
2026-05-18 17:39:00.962 [com.alibaba.nacos.naming.failover.0] [none] DEBUG com.alibaba.nacos.client.naming - failover switch is not found, 00-00---000-VIPSRV_FAILOVER_SWITCH-000---00-00
2026-05-18 17:39:05.963 [com.alibaba.nacos.naming.failover.0] [none] DEBUG com.alibaba.nacos.client.naming - failover switch is not found, 00-00---000-VIPSRV_FAILOVER_SWITCH-000---00-00
2026-05-18 17:39:10.964 [com.alibaba.nacos.naming.failover.0] [none] DEBUG com.alibaba.nacos.client.naming - failover switch is not found, 00-00---000-VIPSRV_FAILOVER_SWITCH-000---00-00
2026-05-18 17:39:15.965 [com.alibaba.nacos.naming.failover.0] [none] DEBUG com.alibaba.nacos.client.naming - failover switch is not found, 00-00---000-VIPSRV_FAILOVER_SWITCH-000---00-00
2026-05-18 17:39:20.966 [com.alibaba.nacos.naming.failover.0] [none] DEBUG com.alibaba.nacos.client.naming - failover switch is not found, 00-00---000-VIPSRV_FAILOVER_SWITCH-000---00-00
2026-05-18 17:39:25.966 [com.alibaba.nacos.naming.failover.0] [none] DEBUG com.alibaba.nacos.client.naming - failover switch is not found, 00-00---000-VIPSRV_FAILOVER_SWITCH-000---00-00
2026-05-18 17:39:30.967 [com.alibaba.nacos.naming.failover.0] [none] DEBUG com.alibaba.nacos.client.naming - failover switch is not found, 00-00---000-VIPSRV_FAILOVER_SWITCH-000---00-00
2026-05-18 17:39:35.968 [com.alibaba.nacos.naming.failover.0] [none] DEBUG com.alibaba.nacos.client.naming - failover switch is not found, 00-00---000-VIPSRV_FAILOVER_SWITCH-000---00-00
2026-05-18 17:39:40.970 [com.alibaba.nacos.naming.failover.0] [none] DEBUG com.alibaba.nacos.client.naming - failover switch is not found, 00-00---000-VIPSRV_FAILOVER_SWITCH-000---00-00
2026-05-18 17:39:45.972 [com.alibaba.nacos.naming.failover.0] [none] DEBUG com.alibaba.nacos.client.naming - failover switch is not found, 00-00---000-VIPSRV_FAILOVER_SWITCH-000---00-00
2026-05-18 17:39:50.973 [com.alibaba.nacos.naming.failover.0] [none] DEBUG com.alibaba.nacos.client.naming - failover switch is not found, 00-00---000-VIPSRV_FAILOVER_SWITCH-000---00-00
2026-05-18 17:39:55.975 [com.alibaba.nacos.naming.failover.0] [none] DEBUG com.alibaba.nacos.client.naming - failover switch is not found, 00-00---000-VIPSRV_FAILOVER_SWITCH-000---00-00
2026-05-18 17:40:00.977 [com.alibaba.nacos.naming.failover.0] [none] DEBUG com.alibaba.nacos.client.naming - failover switch is not found, 00-00---000-VIPSRV_FAILOVER_SWITCH-000---00-00
2026-05-18 17:40:05.978 [com.alibaba.nacos.naming.failover.0] [none] DEBUG com.alibaba.nacos.client.naming - failover switch is not found, 00-00---000-VIPSRV_FAILOVER_SWITCH-000---00-00
2026-05-18 17:40:10.978 [com.alibaba.nacos.naming.failover.0] [none] DEBUG com.alibaba.nacos.client.naming - failover switch is not found, 00-00---000-VIPSRV_FAILOVER_SWITCH-000---00-00
2026-05-18 17:40:15.980 [com.alibaba.nacos.naming.failover.0] [none] DEBUG com.alibaba.nacos.client.naming - failover switch is not found, 00-00---000-VIPSRV_FAILOVER_SWITCH-000---00-00
2026-05-18 17:40:20.984 [com.alibaba.nacos.naming.failover.0] [none] DEBUG com.alibaba.nacos.client.naming - failover switch is not found, 00-00---000-VIPSRV_FAILOVER_SWITCH-000---00-00
2026-05-18 17:40:25.986 [com.alibaba.nacos.naming.failover.0] [none] DEBUG com.alibaba.nacos.client.naming - failover switch is not found, 00-00---000-VIPSRV_FAILOVER_SWITCH-000---00-00
2026-05-18 17:40:30.987 [com.alibaba.nacos.naming.failover.0] [none] DEBUG com.alibaba.nacos.client.naming - failover switch is not found, 00-00---000-VIPSRV_FAILOVER_SWITCH-000---00-00
2026-05-18 17:40:35.988 [com.alibaba.nacos.naming.failover.0] [none] DEBUG com.alibaba.nacos.client.naming - failover switch is not found, 00-00---000-VIPSRV_FAILOVER_SWITCH-000---00-00
2026-05-18 17:40:40.990 [com.alibaba.nacos.naming.failover.0] [none] DEBUG com.alibaba.nacos.client.naming - failover switch is not found, 00-00---000-VIPSRV_FAILOVER_SWITCH-000---00-00
2026-05-18 17:40:45.991 [com.alibaba.nacos.naming.failover.0] [none] DEBUG com.alibaba.nacos.client.naming - failover switch is not found, 00-00---000-VIPSRV_FAILOVER_SWITCH-000---00-00
2026-05-18 17:40:50.992 [com.alibaba.nacos.naming.failover.0] [none] DEBUG com.alibaba.nacos.client.naming - failover switch is not found, 00-00---000-VIPSRV_FAILOVER_SWITCH-000---00-00
2026-05-18 17:40:55.993 [com.alibaba.nacos.naming.failover.0] [none] DEBUG com.alibaba.nacos.client.naming - failover switch is not found, 00-00---000-VIPSRV_FAILOVER_SWITCH-000---00-00
2026-05-18 17:41:00.994 [com.alibaba.nacos.naming.failover.0] [none] DEBUG com.alibaba.nacos.client.naming - failover switch is not found, 00-00---000-VIPSRV_FAILOVER_SWITCH-000---00-00
2026-05-18 17:41:05.996 [com.alibaba.nacos.naming.failover.0] [none] DEBUG com.alibaba.nacos.client.naming - failover switch is not found, 00-00---000-VIPSRV_FAILOVER_SWITCH-000---00-00
2026-05-18 17:41:10.997 [com.alibaba.nacos.naming.failover.0] [none] DEBUG com.alibaba.nacos.client.naming - failover switch is not found, 00-00---000-VIPSRV_FAILOVER_SWITCH-000---00-00
2026-05-18 17:41:15.997 [com.alibaba.nacos.naming.failover.0] [none] DEBUG com.alibaba.nacos.client.naming - failover switch is not found, 00-00---000-VIPSRV_FAILOVER_SWITCH-000---00-00
2026-05-18 17:41:20.998 [com.alibaba.nacos.naming.failover.0] [none] DEBUG com.alibaba.nacos.client.naming - failover switch is not found, 00-00---000-VIPSRV_FAILOVER_SWITCH-000---00-00
2026-05-18 17:41:25.999 [com.alibaba.nacos.naming.failover.0] [none] DEBUG com.alibaba.nacos.client.naming - failover switch is not found, 00-00---000-VIPSRV_FAILOVER_SWITCH-000---00-00
2026-05-18 17:41:31.000 [com.alibaba.nacos.naming.failover.0] [none] DEBUG com.alibaba.nacos.client.naming - failover switch is not found, 00-00---000-VIPSRV_FAILOVER_SWITCH-000---00-00
2026-05-18 17:41:36.001 [com.alibaba.nacos.naming.failover.0] [none] DEBUG com.alibaba.nacos.client.naming - failover switch is not found, 00-00---000-VIPSRV_FAILOVER_SWITCH-000---00-00
2026-05-18 17:41:41.002 [com.alibaba.nacos.naming.failover.0] [none] DEBUG com.alibaba.nacos.client.naming - failover switch is not found, 00-00---000-VIPSRV_FAILOVER_SWITCH-000---00-00
2026-05-18 17:41:46.003 [com.alibaba.nacos.naming.failover.0] [none] DEBUG com.alibaba.nacos.client.naming - failover switch is not found, 00-00---000-VIPSRV_FAILOVER_SWITCH-000---00-00
2026-05-18 17:41:51.004 [com.alibaba.nacos.naming.failover.0] [none] DEBUG com.alibaba.nacos.client.naming - failover switch is not found, 00-00---000-VIPSRV_FAILOVER_SWITCH-000---00-00
2026-05-18 17:41:56.005 [com.alibaba.nacos.naming.failover.0] [none] DEBUG com.alibaba.nacos.client.naming - failover switch is not found, 00-00---000-VIPSRV_FAILOVER_SWITCH-000---00-00
2026-05-18 17:42:01.006 [com.alibaba.nacos.naming.failover.0] [none] DEBUG com.alibaba.nacos.client.naming - failover switch is not found, 00-00---000-VIPSRV_FAILOVER_SWITCH-000---00-00
2026-05-18 17:42:06.006 [com.alibaba.nacos.naming.failover.0] [none] DEBUG com.alibaba.nacos.client.naming - failover switch is not found, 00-00---000-VIPSRV_FAILOVER_SWITCH-000---00-00
2026-05-18 17:42:11.007 [com.alibaba.nacos.naming.failover.0] [none] DEBUG com.alibaba.nacos.client.naming - failover switch is not found, 00-00---000-VIPSRV_FAILOVER_SWITCH-000---00-00
2026-05-18 17:42:16.008 [com.alibaba.nacos.naming.failover.0] [none] DEBUG com.alibaba.nacos.client.naming - failover switch is not found, 00-00---000-VIPSRV_FAILOVER_SWITCH-000---00-00
2026-05-18 17:42:21.010 [com.alibaba.nacos.naming.failover.0] [none] DEBUG com.alibaba.nacos.client.naming - failover switch is not found, 00-00---000-VIPSRV_FAILOVER_SWITCH-000---00-00
2026-05-18 17:42:26.011 [com.alibaba.nacos.naming.failover.0] [none] DEBUG com.alibaba.nacos.client.naming - failover switch is not found, 00-00---000-VIPSRV_FAILOVER_SWITCH-000---00-00
2026-05-18 17:42:31.012 [com.alibaba.nacos.naming.failover.0] [none] DEBUG com.alibaba.nacos.client.naming - failover switch is not found, 00-00---000-VIPSRV_FAILOVER_SWITCH-000---00-00
2026-05-18 17:42:36.014 [com.alibaba.nacos.naming.failover.0] [none] DEBUG com.alibaba.nacos.client.naming - failover switch is not found, 00-00---000-VIPSRV_FAILOVER_SWITCH-000---00-00
2026-05-18 17:42:41.015 [com.alibaba.nacos.naming.failover.0] [none] DEBUG com.alibaba.nacos.client.naming - failover switch is not found, 00-00---000-VIPSRV_FAILOVER_SWITCH-000---00-00
2026-05-18 17:42:46.015 [com.alibaba.nacos.naming.failover.0] [none] DEBUG com.alibaba.nacos.client.naming - failover switch is not found, 00-00---000-VIPSRV_FAILOVER_SWITCH-000---00-00
2026-05-18 17:42:51.016 [com.alibaba.nacos.naming.failover.0] [none] DEBUG com.alibaba.nacos.client.naming - failover switch is not found, 00-00---000-VIPSRV_FAILOVER_SWITCH-000---00-00
2026-05-18 17:42:56.017 [com.alibaba.nacos.naming.failover.0] [none] DEBUG com.alibaba.nacos.client.naming - failover switch is not found, 00-00---000-VIPSRV_FAILOVER_SWITCH-000---00-00
2026-05-18 17:43:01.018 [com.alibaba.nacos.naming.failover.0] [none] DEBUG com.alibaba.nacos.client.naming - failover switch is not found, 00-00---000-VIPSRV_FAILOVER_SWITCH-000---00-00
2026-05-18 17:43:06.020 [com.alibaba.nacos.naming.failover.0] [none] DEBUG com.alibaba.nacos.client.naming - failover switch is not found, 00-00---000-VIPSRV_FAILOVER_SWITCH-000---00-00
2026-05-18 17:43:11.021 [com.alibaba.nacos.naming.failover.0] [none] DEBUG com.alibaba.nacos.client.naming - failover switch is not found, 00-00---000-VIPSRV_FAILOVER_SWITCH-000---00-00
2026-05-18 17:43:16.022 [com.alibaba.nacos.naming.failover.0] [none] DEBUG com.alibaba.nacos.client.naming - failover switch is not found, 00-00---000-VIPSRV_FAILOVER_SWITCH-000---00-00
2026-05-18 17:43:21.022 [com.alibaba.nacos.naming.failover.0] [none] DEBUG com.alibaba.nacos.client.naming - failover switch is not found, 00-00---000-VIPSRV_FAILOVER_SWITCH-000---00-00
2026-05-18 17:43:26.023 [com.alibaba.nacos.naming.failover.0] [none] DEBUG com.alibaba.nacos.client.naming - failover switch is not found, 00-00---000-VIPSRV_FAILOVER_SWITCH-000---00-00
2026-05-18 17:43:31.023 [com.alibaba.nacos.naming.failover.0] [none] DEBUG com.alibaba.nacos.client.naming - failover switch is not found, 00-00---000-VIPSRV_FAILOVER_SWITCH-000---00-00
2026-05-18 17:43:36.025 [com.alibaba.nacos.naming.failover.0] [none] DEBUG com.alibaba.nacos.client.naming - failover switch is not found, 00-00---000-VIPSRV_FAILOVER_SWITCH-000---00-00
2026-05-18 17:43:41.028 [com.alibaba.nacos.naming.failover.0] [none] DEBUG com.alibaba.nacos.client.naming - failover switch is not found, 00-00---000-VIPSRV_FAILOVER_SWITCH-000---00-00
2026-05-18 17:43:46.030 [com.alibaba.nacos.naming.failover.0] [none] DEBUG com.alibaba.nacos.client.naming - failover switch is not found, 00-00---000-VIPSRV_FAILOVER_SWITCH-000---00-00
2026-05-18 17:43:51.030 [com.alibaba.nacos.naming.failover.0] [none] DEBUG com.alibaba.nacos.client.naming - failover switch is not found, 00-00---000-VIPSRV_FAILOVER_SWITCH-000---00-00
2026-05-18 17:43:56.031 [com.alibaba.nacos.naming.failover.0] [none] DEBUG com.alibaba.nacos.client.naming - failover switch is not found, 00-00---000-VIPSRV_FAILOVER_SWITCH-000---00-00
2026-05-18 17:44:01.033 [com.alibaba.nacos.naming.failover.0] [none] DEBUG com.alibaba.nacos.client.naming - failover switch is not found, 00-00---000-VIPSRV_FAILOVER_SWITCH-000---00-00
2026-05-18 17:44:06.034 [com.alibaba.nacos.naming.failover.0] [none] DEBUG com.alibaba.nacos.client.naming - failover switch is not found, 00-00---000-VIPSRV_FAILOVER_SWITCH-000---00-00
2026-05-18 17:44:11.035 [com.alibaba.nacos.naming.failover.0] [none] DEBUG com.alibaba.nacos.client.naming - failover switch is not found, 00-00---000-VIPSRV_FAILOVER_SWITCH-000---00-00
2026-05-18 17:44:16.036 [com.alibaba.nacos.naming.failover.0] [none] DEBUG com.alibaba.nacos.client.naming - failover switch is not found, 00-00---000-VIPSRV_FAILOVER_SWITCH-000---00-00
2026-05-18 17:44:21.038 [com.alibaba.nacos.naming.failover.0] [none] DEBUG com.alibaba.nacos.client.naming - failover switch is not found, 00-00---000-VIPSRV_FAILOVER_SWITCH-000---00-00
2026-05-18 17:44:26.040 [com.alibaba.nacos.naming.failover.0] [none] DEBUG com.alibaba.nacos.client.naming - failover switch is not found, 00-00---000-VIPSRV_FAILOVER_SWITCH-000---00-00
2026-05-18 17:44:31.040 [com.alibaba.nacos.naming.failover.0] [none] DEBUG com.alibaba.nacos.client.naming - failover switch is not found, 00-00---000-VIPSRV_FAILOVER_SWITCH-000---00-00
2026-05-18 17:44:36.042 [com.alibaba.nacos.naming.failover.0] [none] DEBUG com.alibaba.nacos.client.naming - failover switch is not found, 00-00---000-VIPSRV_FAILOVER_SWITCH-000---00-00
2026-05-18 17:44:41.043 [com.alibaba.nacos.naming.failover.0] [none] DEBUG com.alibaba.nacos.client.naming - failover switch is not found, 00-00---000-VIPSRV_FAILOVER_SWITCH-000---00-00
2026-05-18 17:44:46.044 [com.alibaba.nacos.naming.failover.0] [none] DEBUG com.alibaba.nacos.client.naming - failover switch is not found, 00-00---000-VIPSRV_FAILOVER_SWITCH-000---00-00
2026-05-18 17:44:51.045 [com.alibaba.nacos.naming.failover.0] [none] DEBUG com.alibaba.nacos.client.naming - failover switch is not found, 00-00---000-VIPSRV_FAILOVER_SWITCH-000---00-00
2026-05-18 17:44:56.046 [com.alibaba.nacos.naming.failover.0] [none] DEBUG com.alibaba.nacos.client.naming - failover switch is not found, 00-00---000-VIPSRV_FAILOVER_SWITCH-000---00-00
2026-05-18 17:45:01.048 [com.alibaba.nacos.naming.failover.0] [none] DEBUG com.alibaba.nacos.client.naming - failover switch is not found, 00-00---000-VIPSRV_FAILOVER_SWITCH-000---00-00
2026-05-18 17:45:06.049 [com.alibaba.nacos.naming.failover.0] [none] DEBUG com.alibaba.nacos.client.naming - failover switch is not found, 00-00---000-VIPSRV_FAILOVER_SWITCH-000---00-00
2026-05-18 17:45:11.051 [com.alibaba.nacos.naming.failover.0] [none] DEBUG com.alibaba.nacos.client.naming - failover switch is not found, 00-00---000-VIPSRV_FAILOVER_SWITCH-000---00-00
2026-05-18 17:45:16.051 [com.alibaba.nacos.naming.failover.0] [none] DEBUG com.alibaba.nacos.client.naming - failover switch is not found, 00-00---000-VIPSRV_FAILOVER_SWITCH-000---00-00
2026-05-18 17:45:21.053 [com.alibaba.nacos.naming.failover.0] [none] DEBUG com.alibaba.nacos.client.naming - failover switch is not found, 00-00---000-VIPSRV_FAILOVER_SWITCH-000---00-00
2026-05-18 17:45:26.053 [com.alibaba.nacos.naming.failover.0] [none] DEBUG com.alibaba.nacos.client.naming - failover switch is not found, 00-00---000-VIPSRV_FAILOVER_SWITCH-000---00-00
2026-05-18 17:45:31.055 [com.alibaba.nacos.naming.failover.0] [none] DEBUG com.alibaba.nacos.client.naming - failover switch is not found, 00-00---000-VIPSRV_FAILOVER_SWITCH-000---00-00
2026-05-18 17:45:36.056 [com.alibaba.nacos.naming.failover.0] [none] DEBUG com.alibaba.nacos.client.naming - failover switch is not found, 00-00---000-VIPSRV_FAILOVER_SWITCH-000---00-00
2026-05-18 17:45:41.056 [com.alibaba.nacos.naming.failover.0] [none] DEBUG com.alibaba.nacos.client.naming - failover switch is not found, 00-00---000-VIPSRV_FAILOVER_SWITCH-000---00-00
2026-05-18 17:45:46.056 [com.alibaba.nacos.naming.failover.0] [none] DEBUG com.alibaba.nacos.client.naming - failover switch is not found, 00-00---000-VIPSRV_FAILOVER_SWITCH-000---00-00
2026-05-18 17:45:51.057 [com.alibaba.nacos.naming.failover.0] [none] DEBUG com.alibaba.nacos.client.naming - failover switch is not found, 00-00---000-VIPSRV_FAILOVER_SWITCH-000---00-00
2026-05-18 17:45:56.058 [com.alibaba.nacos.naming.failover.0] [none] DEBUG com.alibaba.nacos.client.naming - failover switch is not found, 00-00---000-VIPSRV_FAILOVER_SWITCH-000---00-00
2026-05-18 17:46:01.058 [com.alibaba.nacos.naming.failover.0] [none] DEBUG com.alibaba.nacos.client.naming - failover switch is not found, 00-00---000-VIPSRV_FAILOVER_SWITCH-000---00-00
2026-05-18 17:46:06.060 [com.alibaba.nacos.naming.failover.0] [none] DEBUG com.alibaba.nacos.client.naming - failover switch is not found, 00-00---000-VIPSRV_FAILOVER_SWITCH-000---00-00
2026-05-18 17:46:11.061 [com.alibaba.nacos.naming.failover.0] [none] DEBUG com.alibaba.nacos.client.naming - failover switch is not found, 00-00---000-VIPSRV_FAILOVER_SWITCH-000---00-00
2026-05-18 17:46:16.062 [com.alibaba.nacos.naming.failover.0] [none] DEBUG com.alibaba.nacos.client.naming - failover switch is not found, 00-00---000-VIPSRV_FAILOVER_SWITCH-000---00-00
2026-05-18 17:46:21.063 [com.alibaba.nacos.naming.failover.0] [none] DEBUG com.alibaba.nacos.client.naming - failover switch is not found, 00-00---000-VIPSRV_FAILOVER_SWITCH-000---00-00
2026-05-18 17:46:26.068 [com.alibaba.nacos.naming.failover.0] [none] DEBUG com.alibaba.nacos.client.naming - failover switch is not found, 00-00---000-VIPSRV_FAILOVER_SWITCH-000---00-00
2026-05-18 17:46:31.069 [com.alibaba.nacos.naming.failover.0] [none] DEBUG com.alibaba.nacos.client.naming - failover switch is not found, 00-00---000-VIPSRV_FAILOVER_SWITCH-000---00-00
2026-05-18 17:46:36.070 [com.alibaba.nacos.naming.failover.0] [none] DEBUG com.alibaba.nacos.client.naming - failover switch is not found, 00-00---000-VIPSRV_FAILOVER_SWITCH-000---00-00
2026-05-18 17:46:41.071 [com.alibaba.nacos.naming.failover.0] [none] DEBUG com.alibaba.nacos.client.naming - failover switch is not found, 00-00---000-VIPSRV_FAILOVER_SWITCH-000---00-00
2026-05-18 17:46:46.072 [com.alibaba.nacos.naming.failover.0] [none] DEBUG com.alibaba.nacos.client.naming - failover switch is not found, 00-00---000-VIPSRV_FAILOVER_SWITCH-000---00-00
2026-05-18 17:46:51.074 [com.alibaba.nacos.naming.failover.0] [none] DEBUG com.alibaba.nacos.client.naming - failover switch is not found, 00-00---000-VIPSRV_FAILOVER_SWITCH-000---00-00
2026-05-18 17:46:56.074 [com.alibaba.nacos.naming.failover.0] [none] DEBUG com.alibaba.nacos.client.naming - failover switch is not found, 00-00---000-VIPSRV_FAILOVER_SWITCH-000---00-00
2026-05-18 17:47:01.075 [com.alibaba.nacos.naming.failover.0] [none] DEBUG com.alibaba.nacos.client.naming - failover switch is not found, 00-00---000-VIPSRV_FAILOVER_SWITCH-000---00-00
2026-05-18 17:47:06.076 [com.alibaba.nacos.naming.failover.0] [none] DEBUG com.alibaba.nacos.client.naming - failover switch is not found, 00-00---000-VIPSRV_FAILOVER_SWITCH-000---00-00
2026-05-18 17:47:11.079 [com.alibaba.nacos.naming.failover.0] [none] DEBUG com.alibaba.nacos.client.naming - failover switch is not found, 00-00---000-VIPSRV_FAILOVER_SWITCH-000---00-00
2026-05-18 17:47:16.080 [com.alibaba.nacos.naming.failover.0] [none] DEBUG com.alibaba.nacos.client.naming - failover switch is not found, 00-00---000-VIPSRV_FAILOVER_SWITCH-000---00-00
2026-05-18 17:47:21.087 [com.alibaba.nacos.naming.failover.0] [none] DEBUG com.alibaba.nacos.client.naming - failover switch is not found, 00-00---000-VIPSRV_FAILOVER_SWITCH-000---00-00
2026-05-18 17:47:26.090 [com.alibaba.nacos.naming.failover.0] [none] DEBUG com.alibaba.nacos.client.naming - failover switch is not found, 00-00---000-VIPSRV_FAILOVER_SWITCH-000---00-00
2026-05-18 17:47:31.091 [com.alibaba.nacos.naming.failover.0] [none] DEBUG com.alibaba.nacos.client.naming - failover switch is not found, 00-00---000-VIPSRV_FAILOVER_SWITCH-000---00-00
2026-05-18 17:47:36.106 [com.alibaba.nacos.naming.failover.0] [none] DEBUG com.alibaba.nacos.client.naming - failover switch is not found, 00-00---000-VIPSRV_FAILOVER_SWITCH-000---00-00
2026-05-18 17:47:41.107 [com.alibaba.nacos.naming.failover.0] [none] DEBUG com.alibaba.nacos.client.naming - failover switch is not found, 00-00---000-VIPSRV_FAILOVER_SWITCH-000---00-00
2026-05-18 17:47:46.108 [com.alibaba.nacos.naming.failover.0] [none] DEBUG com.alibaba.nacos.client.naming - failover switch is not found, 00-00---000-VIPSRV_FAILOVER_SWITCH-000---00-00
2026-05-18 17:47:51.108 [com.alibaba.nacos.naming.failover.0] [none] DEBUG com.alibaba.nacos.client.naming - failover switch is not found, 00-00---000-VIPSRV_FAILOVER_SWITCH-000---00-00
2026-05-18 17:47:56.109 [com.alibaba.nacos.naming.failover.0] [none] DEBUG com.alibaba.nacos.client.naming - failover switch is not found, 00-00---000-VIPSRV_FAILOVER_SWITCH-000---00-00
2026-05-18 17:48:01.110 [com.alibaba.nacos.naming.failover.0] [none] DEBUG com.alibaba.nacos.client.naming - failover switch is not found, 00-00---000-VIPSRV_FAILOVER_SWITCH-000---00-00
2026-05-18 17:48:06.168 [com.alibaba.nacos.naming.failover.0] [none] DEBUG com.alibaba.nacos.client.naming - failover switch is not found, 00-00---000-VIPSRV_FAILOVER_SWITCH-000---00-00
2026-05-18 17:48:11.196 [com.alibaba.nacos.naming.failover.0] [none] DEBUG com.alibaba.nacos.client.naming - failover switch is not found, 00-00---000-VIPSRV_FAILOVER_SWITCH-000---00-00
2026-05-18 17:48:16.198 [com.alibaba.nacos.naming.failover.0] [none] DEBUG com.alibaba.nacos.client.naming - failover switch is not found, 00-00---000-VIPSRV_FAILOVER_SWITCH-000---00-00
2026-05-18 17:48:21.214 [com.alibaba.nacos.naming.failover.0] [none] DEBUG com.alibaba.nacos.client.naming - failover switch is not found, 00-00---000-VIPSRV_FAILOVER_SWITCH-000---00-00
2026-05-18 17:48:26.224 [com.alibaba.nacos.naming.failover.0] [none] DEBUG com.alibaba.nacos.client.naming - failover switch is not found, 00-00---000-VIPSRV_FAILOVER_SWITCH-000---00-00
2026-05-18 17:48:31.271 [com.alibaba.nacos.naming.failover.0] [none] DEBUG com.alibaba.nacos.client.naming - failover switch is not found, 00-00---000-VIPSRV_FAILOVER_SWITCH-000---00-00
2026-05-18 17:48:36.278 [com.alibaba.nacos.naming.failover.0] [none] DEBUG com.alibaba.nacos.client.naming - failover switch is not found, 00-00---000-VIPSRV_FAILOVER_SWITCH-000---00-00
2026-05-18 17:48:41.290 [com.alibaba.nacos.naming.failover.0] [none] DEBUG com.alibaba.nacos.client.naming - failover switch is not found, 00-00---000-VIPSRV_FAILOVER_SWITCH-000---00-00
2026-05-18 17:48:46.299 [com.alibaba.nacos.naming.failover.0] [none] DEBUG com.alibaba.nacos.client.naming - failover switch is not found, 00-00---000-VIPSRV_FAILOVER_SWITCH-000---00-00
2026-05-18 17:48:51.315 [com.alibaba.nacos.naming.failover.0] [none] DEBUG com.alibaba.nacos.client.naming - failover switch is not found, 00-00---000-VIPSRV_FAILOVER_SWITCH-000---00-00
2026-05-18 17:48:56.322 [com.alibaba.nacos.naming.failover.0] [none] DEBUG com.alibaba.nacos.client.naming - failover switch is not found, 00-00---000-VIPSRV_FAILOVER_SWITCH-000---00-00
2026-05-18 17:49:01.332 [com.alibaba.nacos.naming.failover.0] [none] DEBUG com.alibaba.nacos.client.naming - failover switch is not found, 00-00---000-VIPSRV_FAILOVER_SWITCH-000---00-00
2026-05-18 17:49:03.840 [Thread-1] [none] INFO  c.a.n.c.executor.ThreadPoolManager - [ThreadPoolManager] Start destroying ThreadPool
2026-05-18 17:49:03.841 [Thread-7] [none] INFO  c.a.n.c.http.HttpClientBeanHolder - [HttpClientBeanHolder] Start destroying common HttpClient
2026-05-18 17:49:03.845 [Thread-9] [none] INFO  c.a.nacos.common.notify.NotifyCenter - [NotifyCenter] Start destroying Publisher
2026-05-18 17:49:03.846 [Thread-9] [none] INFO  c.a.nacos.common.notify.NotifyCenter - [NotifyCenter] Completed destruction of Publisher
2026-05-18 17:49:03.853 [Thread-1] [none] INFO  c.a.n.c.executor.ThreadPoolManager - [ThreadPoolManager] Completed destruction of ThreadPool
2026-05-18 17:49:03.876 [Thread-7] [none] INFO  c.a.n.c.http.HttpClientBeanHolder - [HttpClientBeanHolder] Completed destruction of HttpClient
2026-05-18 17:49:03.889 [SpringApplicationShutdownHook] [none] INFO  c.a.c.n.r.NacosServiceRegistry - De-registering from Nacos Server now...
2026-05-18 17:49:03.892 [SpringApplicationShutdownHook] [none] INFO  com.alibaba.nacos.client.naming - [DEREGISTER-SERVICE] public deregistering service mall-marketing with instance: Instance{instanceId='null', ip='192.168.1.59', port=9014, weight=1.0, healthy=true, enabled=true, ephemeral=true, clusterName='', serviceName='null', metadata={}}
2026-05-18 17:49:04.115 [SpringApplicationShutdownHook] [none] INFO  c.a.c.n.r.NacosServiceRegistry - De-registration finished.
2026-05-18 17:49:04.117 [SpringApplicationShutdownHook] [none] INFO  com.alibaba.nacos.client.naming - com.alibaba.nacos.client.naming.cache.ServiceInfoHolder do shutdown begin
2026-05-18 17:49:04.117 [SpringApplicationShutdownHook] [none] INFO  com.alibaba.nacos.client.naming - com.alibaba.nacos.client.naming.backups.FailoverReactor do shutdown begin
2026-05-18 17:49:04.117 [SpringApplicationShutdownHook] [none] INFO  com.alibaba.nacos.client.naming - com.alibaba.nacos.client.naming.backups.FailoverReactor do shutdown stop
2026-05-18 17:49:04.117 [SpringApplicationShutdownHook] [none] INFO  com.alibaba.nacos.client.naming - com.alibaba.nacos.client.naming.cache.ServiceInfoHolder do shutdown stop
2026-05-18 17:49:04.117 [SpringApplicationShutdownHook] [none] INFO  com.alibaba.nacos.client.naming - com.alibaba.nacos.client.naming.remote.NamingClientProxyDelegate do shutdown begin
2026-05-18 17:49:04.117 [SpringApplicationShutdownHook] [none] INFO  com.alibaba.nacos.client.naming - com.alibaba.nacos.client.naming.core.ServiceInfoUpdateService do shutdown begin
2026-05-18 17:49:04.117 [SpringApplicationShutdownHook] [none] INFO  com.alibaba.nacos.client.naming - com.alibaba.nacos.client.naming.core.ServiceInfoUpdateService do shutdown stop
2026-05-18 17:49:04.117 [SpringApplicationShutdownHook] [none] INFO  c.a.n.c.a.AbstractServerListManager - com.alibaba.nacos.client.naming.core.NamingServerListManager do shutdown begin
2026-05-18 17:49:04.117 [SpringApplicationShutdownHook] [none] INFO  c.a.n.c.a.AbstractServerListManager - com.alibaba.nacos.client.naming.core.NamingServerListManager do shutdown stop
2026-05-18 17:49:04.118 [SpringApplicationShutdownHook] [none] INFO  com.alibaba.nacos.client.naming - com.alibaba.nacos.client.naming.remote.http.NamingHttpClientProxy do shutdown begin
2026-05-18 17:49:04.118 [SpringApplicationShutdownHook] [none] INFO  com.alibaba.nacos.client.naming - [NamingHttpClientManager] Start destroying NacosRestTemplate
2026-05-18 17:49:04.118 [SpringApplicationShutdownHook] [none] INFO  com.alibaba.nacos.client.naming - [NamingHttpClientManager] Completed destruction of NacosRestTemplate
2026-05-18 17:49:04.118 [SpringApplicationShutdownHook] [none] INFO  com.alibaba.nacos.client.naming - com.alibaba.nacos.client.naming.remote.http.NamingHttpClientProxy do shutdown stop
2026-05-18 17:49:04.118 [SpringApplicationShutdownHook] [none] INFO  com.alibaba.nacos.client.naming - Shutdown naming grpc client proxy for  uuid->ad9f35a8-472d-4294-a5a2-f999ad52d690
2026-05-18 17:49:04.118 [SpringApplicationShutdownHook] [none] INFO  com.alibaba.nacos.client.naming - Shutdown grpc redo service executor java.util.concurrent.ScheduledThreadPoolExecutor@774c6111[Running, pool size = 1, active threads = 0, queued tasks = 1, completed tasks = 4376]
2026-05-18 17:49:04.118 [SpringApplicationShutdownHook] [none] INFO  c.alibaba.nacos.common.remote.client - Shutdown rpc client, set status to shutdown
2026-05-18 17:49:04.118 [SpringApplicationShutdownHook] [none] INFO  c.alibaba.nacos.common.remote.client - Shutdown client event executor java.util.concurrent.ScheduledThreadPoolExecutor@2035f1f0[Running, pool size = 2, active threads = 2, queued tasks = 0, completed tasks = 0]
2026-05-18 17:49:04.120 [SpringApplicationShutdownHook] [none] INFO  c.alibaba.nacos.common.remote.client - Close current connection 1779084589711_172.19.0.1_45954
2026-05-18 17:49:04.144 [SpringApplicationShutdownHook] [none] INFO  c.a.n.c.r.client.grpc.GrpcClient - Shutdown grpc executor java.util.concurrent.ThreadPoolExecutor@3625093d[Running, pool size = 16, active threads = 0, queued tasks = 0, completed tasks = 6661]
2026-05-18 17:49:04.146 [SpringApplicationShutdownHook] [none] INFO  com.alibaba.nacos.client.naming - shutdown and remove naming rpc client  for uuid ->ad9f35a8-472d-4294-a5a2-f999ad52d690
2026-05-18 17:49:04.146 [SpringApplicationShutdownHook] [none] INFO  c.a.n.c.a.r.i.CredentialWatcher - [null] CredentialWatcher is stopped
2026-05-18 17:49:04.146 [SpringApplicationShutdownHook] [none] INFO  c.a.n.c.a.r.i.CredentialService - [null] CredentialService is freed
2026-05-18 17:49:04.172 [SpringApplicationShutdownHook] [none] INFO  com.alibaba.nacos.client.naming - com.alibaba.nacos.client.naming.remote.NamingClientProxyDelegate do shutdown stop
2026-05-18 17:49:04.469 [com.alibaba.nacos.client.login-executor.0] [none] INFO  c.a.n.c.a.r.i.CredentialWatcher - null No credential found
2026-05-18 17:49:14.180 [SpringApplicationShutdownHook] [none] INFO  c.a.c.n.r.NacosGracefulShutdownDelegate - Nacos client graceful shutdown has been executed successfully. Graceful shutdown wait time is 10000
2026-05-18 17:49:14.214 [SpringApplicationShutdownHook] [none] INFO  o.s.boot.tomcat.GracefulShutdown - Commencing graceful shutdown. Waiting for active requests to complete
2026-05-18 17:49:14.233 [tomcat-shutdown] [none] INFO  o.s.boot.tomcat.GracefulShutdown - Graceful shutdown complete
2026-05-18 17:49:14.315 [SpringApplicationShutdownHook] [none] INFO  o.a.r.s.s.DefaultRocketMQListenerContainer - container destroyed, DefaultRocketMQListenerContainer{consumerGroup='marketing-group-expired-consumer', namespace='', namespaceV2='', nameServer='127.0.0.1:9876', topic='marketing-group-expired', consumeMode=CONCURRENTLY, selectorType=TAG, selectorExpression='*', messageModel=CLUSTERING', tlsEnable=false, instanceName=DEFAULT}
2026-05-18 17:49:15.690 [SpringApplicationShutdownHook] [none] INFO  com.zaxxer.hikari.HikariDataSource - HikariPool-1 - Shutdown initiated...
2026-05-18 17:49:15.771 [SpringApplicationShutdownHook] [none] INFO  com.zaxxer.hikari.HikariDataSource - HikariPool-1 - Shutdown completed.
