2026-08-02 01:44:00.823 [main] [none] INFO  c.c.marketing.MarketingApplication - Starting MarketingApplication using Java 26.0.1 with PID 28648 (D:\Ide\IdeaProjects\CloudMart\mall-marketing\target\classes started by Administrator in D:\Ide\IdeaProjects\CloudMart)
2026-08-02 01:44:01.140 [main] [none] INFO  c.c.marketing.MarketingApplication - No active profile set, falling back to 1 default profile: "default"
2026-08-02 01:44:02.136 [main] [none] INFO  c.a.c.n.c.NacosConfigDataLoader - [Nacos Config] Load config[dataId=shared-logging.yml, group=DEFAULT_GROUP] success
2026-08-02 01:44:02.141 [main] [none] WARN  c.a.c.n.c.NacosConfigDataLoader - [Nacos Config] config[dataId=mall-marketing.yml, group=DEFAULT_GROUP] is empty
2026-08-02 01:44:26.317 [main] [none] INFO  o.s.d.r.c.RepositoryConfigurationDelegate - Multiple Spring Data modules found, entering strict repository configuration mode
2026-08-02 01:44:26.590 [main] [none] INFO  o.s.d.r.c.RepositoryConfigurationDelegate - Bootstrapping Spring Data Redis repositories in DEFAULT mode.
2026-08-02 01:44:26.995 [main] [none] INFO  o.s.d.r.c.RepositoryConfigurationDelegate - Finished Spring Data repository scanning in 39 ms. Found 0 Redis repository interfaces.
2026-08-02 01:44:31.972 [main] [none] INFO  o.s.cloud.context.scope.GenericScope - BeanFactory id=b6fb0e8c-e7c6-3646-8c27-32b5cfeae470
2026-08-02 01:44:42.834 [main] [none] INFO  o.s.boot.tomcat.TomcatWebServer - Tomcat initialized with port 9014 (http)
2026-08-02 01:44:42.963 [main] [none] INFO  o.a.catalina.core.StandardService - Starting service [Tomcat]
2026-08-02 01:44:42.963 [main] [none] INFO  o.a.catalina.core.StandardEngine - Starting Servlet engine: [Apache Tomcat/11.0.21]
2026-08-02 01:44:44.006 [main] [none] INFO  o.s.b.w.c.s.WebApplicationContextInitializer - Root WebApplicationContext: initialization completed in 41857 ms
2026-08-02 01:44:47.442 [main] [none] INFO  com.zaxxer.hikari.HikariDataSource - HikariPool-1 - Starting...
2026-08-02 01:45:00.427 [main] [none] INFO  com.zaxxer.hikari.pool.HikariPool - HikariPool-1 - Added connection com.mysql.cj.jdbc.ConnectionImpl@5ee318b9
2026-08-02 01:45:00.433 [main] [none] INFO  com.zaxxer.hikari.HikariDataSource - HikariPool-1 - Start completed.
2026-08-02 01:45:00.683 [main] [none] INFO  org.flywaydb.core.FlywayExecutor - Database: jdbc:mysql://129.204.152.168:8306/mall_marketing?useUnicode=true&characterEncoding=utf-8&useSSL=false&serverTimezone=Asia/Shanghai&allowPublicKeyRetrieval=true&createDatabaseIfNotExist=true (MySQL 9.7)
2026-08-02 01:45:01.066 [main] [none] WARN  o.f.c.i.database.base.Database - Using MySQL 9.7 which is newer than the version Flyway has been verified with. The latest verified version of MySQL is 8.1.
2026-08-02 01:45:01.740 [main] [none] INFO  o.f.core.internal.command.DbMigrate - Current version of schema `mall_marketing`: 2
2026-08-02 01:45:01.795 [main] [none] INFO  o.f.core.internal.command.DbMigrate - Schema `mall_marketing` is up to date. No migration necessary.
2026-08-02 01:45:12.811 [main] [none] INFO  o.a.r.s.a.RocketMQAutoConfiguration - a producer (mall-marketing-producer-group) init on namesrv 129.204.152.168:9876
2026-08-02 01:45:14.078 [main] [none] INFO  o.a.r.s.s.RocketMQMessageListenerContainerRegistrar - Register the listener to container, listenerBeanName:groupExpiredListener, containerBeanName:org.apache.rocketmq.spring.support.DefaultRocketMQListenerContainer_1
2026-08-02 01:45:15.545 [main] [none] WARN  o.s.b.s.a.UserDetailsServiceAutoConfiguration - 

Using generated security password: e1f15606-ecc0-4f61-ba19-79613f1a77c9

This generated password is for development use only. Your security configuration must be updated before running your application in production.

2026-08-02 01:45:15.693 [main] [none] INFO  o.s.s.c.a.a.c.InitializeUserDetailsBeanManagerConfigurer$InitializeUserDetailsManagerConfigurer - Global AuthenticationManager configured with UserDetailsService bean with name inMemoryUserDetailsManager
2026-08-02 01:45:24.530 [main] [none] INFO  c.a.c.s.SentinelWebMvcConfigurer - [Sentinel Starter] register SentinelWebInterceptor with urlPatterns: [/**].
2026-08-02 01:45:33.502 [main] [none] INFO  c.b.m.e.s.MybatisPlusApplicationContextAware - Register ApplicationContext instances org.springframework.boot.web.server.servlet.context.AnnotationConfigServletWebServerApplicationContext@62787aa8
2026-08-02 01:45:40.441 [main] [none] WARN  o.s.c.l.c.LoadBalancerCacheAutoConfiguration$LoadBalancerCaffeineWarnLogger - Spring Cloud LoadBalancer is currently working with the default cache. While this cache implementation is useful for development and tests, it's recommended to use Caffeine cache in production.You can switch to using Caffeine cache, by adding it and org.springframework.cache.caffeine.CaffeineCacheManager to the classpath.
2026-08-02 01:45:40.585 [main] [none] INFO  o.s.b.a.e.web.EndpointLinksResolver - Exposing 4 endpoints beneath base path '/actuator'
2026-08-02 01:45:41.269 [main] [none] INFO  c.a.n.c.config.NacosConfigService - Nacos client key init properties: 
	serverAddr=129.204.152.168:8848
	username=nacos
	password=n***s

2026-08-02 01:45:41.271 [main] [none] INFO  c.a.n.c.a.AbstractServerListManager - Load and match ServerListProvider com.alibaba.nacos.client.address.EndpointServerListProvider, match result: false
2026-08-02 01:45:41.271 [main] [none] INFO  c.a.n.c.a.AbstractServerListManager - Load and match ServerListProvider com.alibaba.nacos.client.address.PropertiesListProvider, match result: true
2026-08-02 01:45:41.272 [main] [none] INFO  c.a.n.c.a.AbstractServerListManager - Will use com.alibaba.nacos.client.address.PropertiesListProvider as ServerListProvider
2026-08-02 01:45:41.276 [main] [none] INFO  com.alibaba.nacos.common.labels - DefaultLabelsCollectorManager get labels.....
2026-08-02 01:45:41.277 [main] [none] INFO  com.alibaba.nacos.common.labels - Process LabelsCollector with [name:defaultNacosLabelsCollector]
2026-08-02 01:45:41.277 [main] [none] INFO  com.alibaba.nacos.common.labels - default nacos collect properties raw labels: null
2026-08-02 01:45:41.277 [main] [none] INFO  com.alibaba.nacos.common.labels - default nacos collect properties labels: {}
2026-08-02 01:45:41.277 [main] [none] INFO  com.alibaba.nacos.common.labels - default nacos collect jvm raw labels: null
2026-08-02 01:45:41.277 [main] [none] INFO  com.alibaba.nacos.common.labels - default nacos collect jvm labels: {}
2026-08-02 01:45:41.277 [main] [none] INFO  com.alibaba.nacos.common.labels - default nacos collect env raw labels: null
2026-08-02 01:45:41.277 [main] [none] INFO  com.alibaba.nacos.common.labels - default nacos collect env labels: {}
2026-08-02 01:45:41.277 [main] [none] INFO  com.alibaba.nacos.common.labels - DefaultLabelsCollectorManager get labels finished,labels :{}
2026-08-02 01:45:41.278 [main] [none] INFO  c.a.n.p.a.s.c.ClientAuthPluginManager - [ClientAuthPluginManager] Load ClientAuthService com.alibaba.nacos.client.auth.impl.NacosClientAuthServiceImpl success.
2026-08-02 01:45:41.278 [main] [none] INFO  c.a.n.p.a.s.c.ClientAuthPluginManager - [ClientAuthPluginManager] Load ClientAuthService com.alibaba.nacos.client.auth.ram.RamClientAuthServiceImpl success.
2026-08-02 01:45:41.278 [main] [none] DEBUG c.a.n.c.c.i.ConfigHttpClientManager - HTTP method: POST, url: http://129.204.152.168:8848/nacos/v3/auth/user/login?username=nacos, body: {password=nacos}
2026-08-02 01:45:41.279 [main] [none] DEBUG c.a.n.c.c.i.ConfigHttpClientManager - Execute via interceptors :[com.alibaba.nacos.client.config.impl.ConfigHttpClientManager$LimiterHttpClientRequestInterceptor@2a58eaa1]
2026-08-02 01:45:41.426 [main] [none] INFO  c.a.n.client.config.impl.CacheData - config listener notify warn timeout millis use default 60000 millis 
2026-08-02 01:45:41.426 [main] [none] INFO  c.a.n.client.config.impl.CacheData - nacos.cache.data.init.snapshot = true 
2026-08-02 01:45:41.427 [main] [none] INFO  c.a.n.c.config.impl.ClientWorker - [Config-fixed-public-129.204.152.168_8848] [subscribe] mall-marketing-degrade-rules+SENTINEL_GROUP+public
2026-08-02 01:45:41.460 [main] [none] INFO  c.a.n.client.config.impl.CacheData - [Config-fixed-public-129.204.152.168_8848] [add-listener] ok, tenant=public, dataId=mall-marketing-degrade-rules, group=SENTINEL_GROUP, cnt=1
2026-08-02 01:45:41.461 [main] [none] INFO  c.alibaba.nacos.common.remote.client - [RpcClientFactory] create a new rpc client of 0f089b35-ca4a-4998-8732-953ae5a62362_config-0
2026-08-02 01:45:41.461 [main] [none] INFO  c.alibaba.nacos.common.remote.client - [0f089b35-ca4a-4998-8732-953ae5a62362_config-0] Register server push request handler:com.alibaba.nacos.client.config.impl.ClientWorker$ConfigRpcTransportClient$$Lambda/0x0000000091817b10
2026-08-02 01:45:41.461 [main] [none] INFO  c.alibaba.nacos.common.remote.client - [0f089b35-ca4a-4998-8732-953ae5a62362_config-0] Register server push request handler:com.alibaba.nacos.client.config.impl.ClientWorker$ConfigRpcTransportClient$$Lambda/0x0000000091818288
2026-08-02 01:45:41.461 [main] [none] INFO  c.alibaba.nacos.common.remote.client - [0f089b35-ca4a-4998-8732-953ae5a62362_config-0] Register server push request handler:com.alibaba.nacos.client.config.impl.ClientFuzzyWatchNotifyRequestHandler
2026-08-02 01:45:41.461 [main] [none] INFO  c.alibaba.nacos.common.remote.client - [0f089b35-ca4a-4998-8732-953ae5a62362_config-0] Registry connection listener to current client:com.alibaba.nacos.client.config.impl.ClientWorker$ConfigRpcTransportClient$1
2026-08-02 01:45:41.461 [main] [none] INFO  c.alibaba.nacos.common.remote.client - [0f089b35-ca4a-4998-8732-953ae5a62362_config-0] RpcClient init, ServerListFactory = com.alibaba.nacos.client.config.impl.ClientWorker$ConfigRpcTransportClient$2
2026-08-02 01:45:41.462 [main] [none] INFO  c.alibaba.nacos.common.remote.client - [0f089b35-ca4a-4998-8732-953ae5a62362_config-0] Try to connect to server on start up, server: {serverIp = '129.204.152.168', server main port = 8848}
2026-08-02 01:45:41.462 [main] [none] INFO  c.a.n.c.r.client.grpc.GrpcClient - grpc client connection server: 129.204.152.168 ip, serverPort: 9848, grpcTslConfig: {"enableTls":false,"mutualAuthEnable":false,"trustAll":true}
2026-08-02 01:45:41.682 [main] [none] INFO  c.alibaba.nacos.common.remote.client - [0f089b35-ca4a-4998-8732-953ae5a62362_config-0] Success to connect to server [129.204.152.168:8848] on start up, connectionId = 1785606341865_172.18.0.1_54758
2026-08-02 01:45:41.683 [com.alibaba.nacos.client.remote.worker.0] [none] INFO  c.alibaba.nacos.common.remote.client - [0f089b35-ca4a-4998-8732-953ae5a62362_config-0] Notify connected event to listeners.
2026-08-02 01:45:41.683 [main] [none] INFO  c.alibaba.nacos.common.remote.client - [0f089b35-ca4a-4998-8732-953ae5a62362_config-0] Register server push request handler:com.alibaba.nacos.common.remote.client.RpcClient$ConnectResetRequestHandler
2026-08-02 01:45:41.683 [com.alibaba.nacos.client.remote.worker.0] [none] INFO  c.a.n.c.config.impl.ClientWorker - [0f089b35-ca4a-4998-8732-953ae5a62362_config-0] Connected,notify listen context...
2026-08-02 01:45:41.683 [com.alibaba.nacos.client.remote.worker.0] [none] INFO  c.a.n.c.config.impl.ClientWorker - [0f089b35-ca4a-4998-8732-953ae5a62362_config-0] Connected,notify fuzzy listen context...
2026-08-02 01:45:41.683 [main] [none] INFO  c.alibaba.nacos.common.remote.client - [0f089b35-ca4a-4998-8732-953ae5a62362_config-0] Register server push request handler:com.alibaba.nacos.common.remote.client.RpcClient$$Lambda/0x0000000091996758
2026-08-02 01:45:41.731 [main] [none] INFO  c.a.c.s.d.c.SentinelConverter - converter can not convert rules because source is empty
2026-08-02 01:45:41.749 [main] [none] INFO  c.a.n.c.config.NacosConfigService - Nacos client key init properties: 
	serverAddr=129.204.152.168:8848
	username=nacos
	password=n***s

2026-08-02 01:45:41.751 [main] [none] INFO  c.a.n.c.a.AbstractServerListManager - Load and match ServerListProvider com.alibaba.nacos.client.address.EndpointServerListProvider, match result: false
2026-08-02 01:45:41.752 [main] [none] INFO  c.a.n.c.a.AbstractServerListManager - Load and match ServerListProvider com.alibaba.nacos.client.address.PropertiesListProvider, match result: true
2026-08-02 01:45:41.752 [main] [none] INFO  c.a.n.c.a.AbstractServerListManager - Will use com.alibaba.nacos.client.address.PropertiesListProvider as ServerListProvider
2026-08-02 01:45:41.754 [main] [none] INFO  com.alibaba.nacos.common.labels - DefaultLabelsCollectorManager get labels.....
2026-08-02 01:45:41.754 [main] [none] INFO  com.alibaba.nacos.common.labels - Process LabelsCollector with [name:defaultNacosLabelsCollector]
2026-08-02 01:45:41.754 [main] [none] INFO  com.alibaba.nacos.common.labels - default nacos collect properties raw labels: null
2026-08-02 01:45:41.754 [main] [none] INFO  com.alibaba.nacos.common.labels - default nacos collect properties labels: {}
2026-08-02 01:45:41.754 [main] [none] INFO  com.alibaba.nacos.common.labels - default nacos collect jvm raw labels: null
2026-08-02 01:45:41.754 [main] [none] INFO  com.alibaba.nacos.common.labels - default nacos collect jvm labels: {}
2026-08-02 01:45:41.754 [main] [none] INFO  com.alibaba.nacos.common.labels - default nacos collect env raw labels: null
2026-08-02 01:45:41.754 [main] [none] INFO  com.alibaba.nacos.common.labels - default nacos collect env labels: {}
2026-08-02 01:45:41.754 [main] [none] INFO  com.alibaba.nacos.common.labels - DefaultLabelsCollectorManager get labels finished,labels :{}
2026-08-02 01:45:41.754 [main] [none] INFO  c.a.n.p.a.s.c.ClientAuthPluginManager - [ClientAuthPluginManager] Load ClientAuthService com.alibaba.nacos.client.auth.impl.NacosClientAuthServiceImpl success.
2026-08-02 01:45:41.754 [main] [none] INFO  c.a.n.p.a.s.c.ClientAuthPluginManager - [ClientAuthPluginManager] Load ClientAuthService com.alibaba.nacos.client.auth.ram.RamClientAuthServiceImpl success.
2026-08-02 01:45:41.755 [main] [none] DEBUG c.a.n.c.c.i.ConfigHttpClientManager - HTTP method: POST, url: http://129.204.152.168:8848/nacos/v3/auth/user/login?username=nacos, body: {password=nacos}
2026-08-02 01:45:41.756 [main] [none] DEBUG c.a.n.c.c.i.ConfigHttpClientManager - Execute via interceptors :[com.alibaba.nacos.client.config.impl.ConfigHttpClientManager$LimiterHttpClientRequestInterceptor@2a58eaa1]
2026-08-02 01:45:41.852 [main] [none] INFO  c.a.n.c.config.impl.ClientWorker - [Config-fixed-public-129.204.152.168_8848] [subscribe] mall-marketing-flow-rules+SENTINEL_GROUP+public
2026-08-02 01:45:41.853 [main] [none] INFO  c.a.n.client.config.impl.CacheData - [Config-fixed-public-129.204.152.168_8848] [add-listener] ok, tenant=public, dataId=mall-marketing-flow-rules, group=SENTINEL_GROUP, cnt=1
2026-08-02 01:45:41.853 [main] [none] INFO  c.alibaba.nacos.common.remote.client - [RpcClientFactory] create a new rpc client of 75f48a67-59e5-4b42-ab91-b8c3b99e4ede_config-0
2026-08-02 01:45:41.853 [main] [none] INFO  c.alibaba.nacos.common.remote.client - [75f48a67-59e5-4b42-ab91-b8c3b99e4ede_config-0] Register server push request handler:com.alibaba.nacos.client.config.impl.ClientWorker$ConfigRpcTransportClient$$Lambda/0x0000000091817b10
2026-08-02 01:45:41.853 [main] [none] INFO  c.alibaba.nacos.common.remote.client - [75f48a67-59e5-4b42-ab91-b8c3b99e4ede_config-0] Register server push request handler:com.alibaba.nacos.client.config.impl.ClientWorker$ConfigRpcTransportClient$$Lambda/0x0000000091818288
2026-08-02 01:45:41.853 [main] [none] INFO  c.alibaba.nacos.common.remote.client - [75f48a67-59e5-4b42-ab91-b8c3b99e4ede_config-0] Register server push request handler:com.alibaba.nacos.client.config.impl.ClientFuzzyWatchNotifyRequestHandler
2026-08-02 01:45:41.853 [main] [none] INFO  c.alibaba.nacos.common.remote.client - [75f48a67-59e5-4b42-ab91-b8c3b99e4ede_config-0] Registry connection listener to current client:com.alibaba.nacos.client.config.impl.ClientWorker$ConfigRpcTransportClient$1
2026-08-02 01:45:41.853 [main] [none] INFO  c.alibaba.nacos.common.remote.client - [75f48a67-59e5-4b42-ab91-b8c3b99e4ede_config-0] RpcClient init, ServerListFactory = com.alibaba.nacos.client.config.impl.ClientWorker$ConfigRpcTransportClient$2
2026-08-02 01:45:41.854 [main] [none] INFO  c.alibaba.nacos.common.remote.client - [75f48a67-59e5-4b42-ab91-b8c3b99e4ede_config-0] Try to connect to server on start up, server: {serverIp = '129.204.152.168', server main port = 8848}
2026-08-02 01:45:41.854 [main] [none] INFO  c.a.n.c.r.client.grpc.GrpcClient - grpc client connection server: 129.204.152.168 ip, serverPort: 9848, grpcTslConfig: {"enableTls":false,"mutualAuthEnable":false,"trustAll":true}
2026-08-02 01:45:42.002 [main] [none] INFO  c.alibaba.nacos.common.remote.client - [75f48a67-59e5-4b42-ab91-b8c3b99e4ede_config-0] Success to connect to server [129.204.152.168:8848] on start up, connectionId = 1785606342230_172.18.0.1_54784
2026-08-02 01:45:42.002 [main] [none] INFO  c.alibaba.nacos.common.remote.client - [75f48a67-59e5-4b42-ab91-b8c3b99e4ede_config-0] Register server push request handler:com.alibaba.nacos.common.remote.client.RpcClient$ConnectResetRequestHandler
2026-08-02 01:45:42.003 [main] [none] INFO  c.alibaba.nacos.common.remote.client - [75f48a67-59e5-4b42-ab91-b8c3b99e4ede_config-0] Register server push request handler:com.alibaba.nacos.common.remote.client.RpcClient$$Lambda/0x0000000091996758
2026-08-02 01:45:42.003 [com.alibaba.nacos.client.remote.worker.1] [none] INFO  c.alibaba.nacos.common.remote.client - [75f48a67-59e5-4b42-ab91-b8c3b99e4ede_config-0] Notify connected event to listeners.
2026-08-02 01:45:42.003 [com.alibaba.nacos.client.remote.worker.1] [none] INFO  c.a.n.c.config.impl.ClientWorker - [75f48a67-59e5-4b42-ab91-b8c3b99e4ede_config-0] Connected,notify listen context...
2026-08-02 01:45:42.003 [com.alibaba.nacos.client.remote.worker.1] [none] INFO  c.a.n.c.config.impl.ClientWorker - [75f48a67-59e5-4b42-ab91-b8c3b99e4ede_config-0] Connected,notify fuzzy listen context...
2026-08-02 01:45:42.051 [main] [none] INFO  c.a.c.s.d.c.SentinelConverter - converter can not convert rules because source is empty
2026-08-02 01:45:42.298 [main] [none] INFO  o.s.boot.tomcat.TomcatWebServer - Tomcat started on port 9014 (http) with context path '/'
2026-08-02 01:45:42.327 [main] [none] INFO  com.alibaba.nacos.client.naming - Nacos client key init properties: 
	serverAddr=129.204.152.168:8848
	username=nacos
	password=n***s

2026-08-02 01:45:42.328 [main] [none] INFO  com.alibaba.nacos.client.naming - initializer namespace from ans.namespace attribute : null
2026-08-02 01:45:42.330 [main] [none] INFO  com.alibaba.nacos.client.naming - initializer namespace from ALIBABA_ALIWARE_NAMESPACE attribute :null
2026-08-02 01:45:42.330 [main] [none] INFO  com.alibaba.nacos.client.naming - initializer namespace from namespace attribute :null
2026-08-02 01:45:42.366 [main] [none] INFO  com.alibaba.nacos.client.naming - FailoverDataSource type is class com.alibaba.nacos.client.naming.backups.datasource.DiskFailoverDataSource
2026-08-02 01:45:42.385 [main] [none] INFO  c.a.n.c.a.AbstractServerListManager - Load and match ServerListProvider com.alibaba.nacos.client.address.EndpointServerListProvider, match result: false
2026-08-02 01:45:42.385 [main] [none] INFO  c.a.n.c.a.AbstractServerListManager - Load and match ServerListProvider com.alibaba.nacos.client.address.PropertiesListProvider, match result: true
2026-08-02 01:45:42.385 [main] [none] INFO  c.a.n.c.a.AbstractServerListManager - Will use com.alibaba.nacos.client.address.PropertiesListProvider as ServerListProvider
2026-08-02 01:45:42.385 [com.alibaba.nacos.naming.failover.0] [none] DEBUG com.alibaba.nacos.client.naming - failover switch is not found, 00-00---000-VIPSRV_FAILOVER_SWITCH-000---00-00
2026-08-02 01:45:42.388 [main] [none] INFO  c.a.n.p.a.s.c.ClientAuthPluginManager - [ClientAuthPluginManager] Load ClientAuthService com.alibaba.nacos.client.auth.impl.NacosClientAuthServiceImpl success.
2026-08-02 01:45:42.388 [main] [none] INFO  c.a.n.p.a.s.c.ClientAuthPluginManager - [ClientAuthPluginManager] Load ClientAuthService com.alibaba.nacos.client.auth.ram.RamClientAuthServiceImpl success.
2026-08-02 01:45:42.389 [main] [none] DEBUG com.alibaba.nacos.client.naming - HTTP method: POST, url: http://129.204.152.168:8848/nacos/v3/auth/user/login?username=nacos, body: {password=nacos}
2026-08-02 01:45:42.499 [main] [none] INFO  c.alibaba.nacos.common.remote.client - [RpcClientFactory] create a new rpc client of c937c636-35d9-4523-a660-868544a87dfa
2026-08-02 01:45:42.504 [main] [none] INFO  com.alibaba.nacos.client.naming - Create naming rpc client for uuid->c937c636-35d9-4523-a660-868544a87dfa
2026-08-02 01:45:42.505 [main] [none] INFO  c.alibaba.nacos.common.remote.client - [c937c636-35d9-4523-a660-868544a87dfa] RpcClient init, ServerListFactory = com.alibaba.nacos.client.naming.core.NamingServerListManager
2026-08-02 01:45:42.505 [main] [none] INFO  c.alibaba.nacos.common.remote.client - [c937c636-35d9-4523-a660-868544a87dfa] Registry connection listener to current client:com.alibaba.nacos.client.naming.remote.gprc.redo.NamingGrpcRedoService
2026-08-02 01:45:42.506 [main] [none] INFO  c.alibaba.nacos.common.remote.client - [c937c636-35d9-4523-a660-868544a87dfa] Register server push request handler:com.alibaba.nacos.client.naming.remote.gprc.NamingPushRequestHandler
2026-08-02 01:45:42.508 [main] [none] INFO  c.alibaba.nacos.common.remote.client - [c937c636-35d9-4523-a660-868544a87dfa] Register server push request handler:com.alibaba.nacos.client.naming.remote.gprc.NamingFuzzyWatchNotifyRequestHandler
2026-08-02 01:45:42.509 [main] [none] INFO  c.alibaba.nacos.common.remote.client - [c937c636-35d9-4523-a660-868544a87dfa] Try to connect to server on start up, server: {serverIp = '129.204.152.168', server main port = 8848}
2026-08-02 01:45:42.509 [main] [none] INFO  c.a.n.c.r.client.grpc.GrpcClient - grpc client connection server: 129.204.152.168 ip, serverPort: 9848, grpcTslConfig: {"enableTls":false,"mutualAuthEnable":false,"trustAll":true}
2026-08-02 01:45:42.673 [main] [none] INFO  c.alibaba.nacos.common.remote.client - [c937c636-35d9-4523-a660-868544a87dfa] Success to connect to server [129.204.152.168:8848] on start up, connectionId = 1785606342880_172.18.0.1_54816
2026-08-02 01:45:42.673 [main] [none] INFO  c.alibaba.nacos.common.remote.client - [c937c636-35d9-4523-a660-868544a87dfa] Register server push request handler:com.alibaba.nacos.common.remote.client.RpcClient$ConnectResetRequestHandler
2026-08-02 01:45:42.673 [com.alibaba.nacos.client.remote.worker.1] [none] INFO  c.alibaba.nacos.common.remote.client - [c937c636-35d9-4523-a660-868544a87dfa] Notify connected event to listeners.
2026-08-02 01:45:42.673 [com.alibaba.nacos.client.remote.worker.1] [none] INFO  com.alibaba.nacos.client.naming - Grpc connection connect
2026-08-02 01:45:42.673 [main] [none] INFO  c.alibaba.nacos.common.remote.client - [c937c636-35d9-4523-a660-868544a87dfa] Register server push request handler:com.alibaba.nacos.common.remote.client.RpcClient$$Lambda/0x0000000091996758
2026-08-02 01:45:42.677 [main] [none] INFO  com.alibaba.nacos.client.naming - [REGISTER-SERVICE] public registering service mall-marketing with instance Instance{instanceId='null', ip='192.168.1.59', port=9014, weight=1.0, healthy=true, enabled=true, ephemeral=true, clusterName='', serviceName='null', metadata={IPv6=null, preserved.register.source=SPRING_CLOUD}}
2026-08-02 01:45:42.750 [main] [none] INFO  c.a.c.n.r.NacosServiceRegistry - nacos registry, DEFAULT_GROUP mall-marketing 192.168.1.59:9014 register finished
2026-08-02 01:45:44.203 [main] [none] INFO  o.a.r.s.s.DefaultRocketMQListenerContainer - running container: DefaultRocketMQListenerContainer{consumerGroup='marketing-group-expired-cg', namespace='', namespaceV2='', nameServer='129.204.152.168:9876', topic='marketing-events', consumeMode=CONCURRENTLY, selectorType=TAG, selectorExpression='group-expired', messageModel=CLUSTERING', tlsEnable=false, instanceName=DEFAULT}
2026-08-02 01:45:44.245 [main] [none] INFO  c.c.marketing.MarketingApplication - Started MarketingApplication in 142.555 seconds (process running for 186.54)
2026-08-02 01:45:44.286 [main] [none] INFO  c.a.n.c.config.impl.ClientWorker - [Config-fixed-public-129.204.152.168_8848] [subscribe] mall-marketing.yml+DEFAULT_GROUP+public
2026-08-02 01:45:44.286 [main] [none] INFO  c.a.n.client.config.impl.CacheData - [Config-fixed-public-129.204.152.168_8848] [add-listener] ok, tenant=public, dataId=mall-marketing.yml, group=DEFAULT_GROUP, cnt=1
2026-08-02 01:45:44.286 [main] [none] INFO  c.a.c.n.r.NacosContextRefresher - [Nacos Config] Listening config: dataId=mall-marketing.yml, group=DEFAULT_GROUP
2026-08-02 01:45:44.288 [main] [none] INFO  c.a.n.c.config.impl.ClientWorker - [Config-fixed-public-129.204.152.168_8848] [subscribe] shared-logging.yml+DEFAULT_GROUP+public
2026-08-02 01:45:44.289 [main] [none] INFO  c.a.n.client.config.impl.CacheData - [Config-fixed-public-129.204.152.168_8848] [add-listener] ok, tenant=public, dataId=shared-logging.yml, group=DEFAULT_GROUP, cnt=1
2026-08-02 01:45:44.289 [main] [none] INFO  c.a.c.n.r.NacosContextRefresher - [Nacos Config] Listening config: dataId=shared-logging.yml, group=DEFAULT_GROUP
2026-08-02 01:45:47.387 [com.alibaba.nacos.naming.failover.0] [none] DEBUG com.alibaba.nacos.client.naming - failover switch is not found, 00-00---000-VIPSRV_FAILOVER_SWITCH-000---00-00
2026-08-02 01:45:52.530 [com.alibaba.nacos.naming.failover.0] [none] DEBUG com.alibaba.nacos.client.naming - failover switch is not found, 00-00---000-VIPSRV_FAILOVER_SWITCH-000---00-00
2026-08-02 01:45:57.532 [com.alibaba.nacos.naming.failover.0] [none] DEBUG com.alibaba.nacos.client.naming - failover switch is not found, 00-00---000-VIPSRV_FAILOVER_SWITCH-000---00-00
2026-08-02 01:46:02.542 [com.alibaba.nacos.naming.failover.0] [none] DEBUG com.alibaba.nacos.client.naming - failover switch is not found, 00-00---000-VIPSRV_FAILOVER_SWITCH-000---00-00
2026-08-02 01:46:07.554 [com.alibaba.nacos.naming.failover.0] [none] DEBUG com.alibaba.nacos.client.naming - failover switch is not found, 00-00---000-VIPSRV_FAILOVER_SWITCH-000---00-00
2026-08-02 01:46:12.566 [com.alibaba.nacos.naming.failover.0] [none] DEBUG com.alibaba.nacos.client.naming - failover switch is not found, 00-00---000-VIPSRV_FAILOVER_SWITCH-000---00-00
2026-08-02 01:46:17.579 [com.alibaba.nacos.naming.failover.0] [none] DEBUG com.alibaba.nacos.client.naming - failover switch is not found, 00-00---000-VIPSRV_FAILOVER_SWITCH-000---00-00
2026-08-02 01:46:22.585 [com.alibaba.nacos.naming.failover.0] [none] DEBUG com.alibaba.nacos.client.naming - failover switch is not found, 00-00---000-VIPSRV_FAILOVER_SWITCH-000---00-00
2026-08-02 01:46:27.593 [com.alibaba.nacos.naming.failover.0] [none] DEBUG com.alibaba.nacos.client.naming - failover switch is not found, 00-00---000-VIPSRV_FAILOVER_SWITCH-000---00-00
2026-08-02 01:46:32.603 [com.alibaba.nacos.naming.failover.0] [none] DEBUG com.alibaba.nacos.client.naming - failover switch is not found, 00-00---000-VIPSRV_FAILOVER_SWITCH-000---00-00
2026-08-02 01:46:37.605 [com.alibaba.nacos.naming.failover.0] [none] DEBUG com.alibaba.nacos.client.naming - failover switch is not found, 00-00---000-VIPSRV_FAILOVER_SWITCH-000---00-00
2026-08-02 01:46:42.607 [com.alibaba.nacos.naming.failover.0] [none] DEBUG com.alibaba.nacos.client.naming - failover switch is not found, 00-00---000-VIPSRV_FAILOVER_SWITCH-000---00-00
2026-08-02 01:46:47.607 [com.alibaba.nacos.naming.failover.0] [none] DEBUG com.alibaba.nacos.client.naming - failover switch is not found, 00-00---000-VIPSRV_FAILOVER_SWITCH-000---00-00
2026-08-02 01:46:52.865 [com.alibaba.nacos.naming.failover.0] [none] DEBUG com.alibaba.nacos.client.naming - failover switch is not found, 00-00---000-VIPSRV_FAILOVER_SWITCH-000---00-00
2026-08-02 01:46:57.877 [com.alibaba.nacos.naming.failover.0] [none] DEBUG com.alibaba.nacos.client.naming - failover switch is not found, 00-00---000-VIPSRV_FAILOVER_SWITCH-000---00-00
2026-08-02 01:47:02.891 [com.alibaba.nacos.naming.failover.0] [none] DEBUG com.alibaba.nacos.client.naming - failover switch is not found, 00-00---000-VIPSRV_FAILOVER_SWITCH-000---00-00
2026-08-02 01:47:07.892 [com.alibaba.nacos.naming.failover.0] [none] DEBUG com.alibaba.nacos.client.naming - failover switch is not found, 00-00---000-VIPSRV_FAILOVER_SWITCH-000---00-00
2026-08-02 01:47:12.895 [com.alibaba.nacos.naming.failover.0] [none] DEBUG com.alibaba.nacos.client.naming - failover switch is not found, 00-00---000-VIPSRV_FAILOVER_SWITCH-000---00-00
2026-08-02 01:47:17.896 [com.alibaba.nacos.naming.failover.0] [none] DEBUG com.alibaba.nacos.client.naming - failover switch is not found, 00-00---000-VIPSRV_FAILOVER_SWITCH-000---00-00
2026-08-02 01:47:22.897 [com.alibaba.nacos.naming.failover.0] [none] DEBUG com.alibaba.nacos.client.naming - failover switch is not found, 00-00---000-VIPSRV_FAILOVER_SWITCH-000---00-00
2026-08-02 01:47:27.898 [com.alibaba.nacos.naming.failover.0] [none] DEBUG com.alibaba.nacos.client.naming - failover switch is not found, 00-00---000-VIPSRV_FAILOVER_SWITCH-000---00-00
2026-08-02 01:47:32.898 [com.alibaba.nacos.naming.failover.0] [none] DEBUG com.alibaba.nacos.client.naming - failover switch is not found, 00-00---000-VIPSRV_FAILOVER_SWITCH-000---00-00
2026-08-02 01:47:34.350 [Thread-17] [none] INFO  c.a.n.c.http.HttpClientBeanHolder - [HttpClientBeanHolder] Start destroying common HttpClient
2026-08-02 01:47:34.351 [Thread-11] [none] INFO  c.a.n.c.executor.ThreadPoolManager - [ThreadPoolManager] Start destroying ThreadPool
2026-08-02 01:47:34.353 [Thread-11] [none] INFO  c.a.n.c.executor.ThreadPoolManager - [ThreadPoolManager] Completed destruction of ThreadPool
2026-08-02 01:47:34.356 [Thread-17] [none] INFO  c.a.n.c.http.HttpClientBeanHolder - [HttpClientBeanHolder] Completed destruction of HttpClient
2026-08-02 01:47:34.361 [Thread-19] [none] INFO  c.a.nacos.common.notify.NotifyCenter - [NotifyCenter] Start destroying Publisher
2026-08-02 01:47:34.361 [Thread-19] [none] INFO  c.a.nacos.common.notify.NotifyCenter - [NotifyCenter] Completed destruction of Publisher
2026-08-02 01:47:34.396 [SpringApplicationShutdownHook] [none] INFO  c.a.c.n.r.NacosServiceRegistry - De-registering from Nacos Server now...
2026-08-02 01:47:34.396 [SpringApplicationShutdownHook] [none] INFO  com.alibaba.nacos.client.naming - [DEREGISTER-SERVICE] public deregistering service mall-marketing with instance: Instance{instanceId='null', ip='192.168.1.59', port=9014, weight=1.0, healthy=true, enabled=true, ephemeral=true, clusterName='', serviceName='null', metadata={}}
2026-08-02 01:47:34.441 [SpringApplicationShutdownHook] [none] INFO  c.a.c.n.r.NacosServiceRegistry - De-registration finished.
2026-08-02 01:47:34.443 [SpringApplicationShutdownHook] [none] INFO  com.alibaba.nacos.client.naming - com.alibaba.nacos.client.naming.cache.ServiceInfoHolder do shutdown begin
2026-08-02 01:47:34.443 [SpringApplicationShutdownHook] [none] INFO  com.alibaba.nacos.client.naming - com.alibaba.nacos.client.naming.backups.FailoverReactor do shutdown begin
2026-08-02 01:47:34.449 [SpringApplicationShutdownHook] [none] INFO  com.alibaba.nacos.client.naming - com.alibaba.nacos.client.naming.backups.FailoverReactor do shutdown stop
2026-08-02 01:47:34.450 [SpringApplicationShutdownHook] [none] INFO  com.alibaba.nacos.client.naming - com.alibaba.nacos.client.naming.cache.ServiceInfoHolder do shutdown stop
2026-08-02 01:47:34.450 [SpringApplicationShutdownHook] [none] INFO  com.alibaba.nacos.client.naming - com.alibaba.nacos.client.naming.remote.NamingClientProxyDelegate do shutdown begin
2026-08-02 01:47:34.450 [SpringApplicationShutdownHook] [none] INFO  com.alibaba.nacos.client.naming - com.alibaba.nacos.client.naming.core.ServiceInfoUpdateService do shutdown begin
2026-08-02 01:47:34.450 [SpringApplicationShutdownHook] [none] INFO  com.alibaba.nacos.client.naming - com.alibaba.nacos.client.naming.core.ServiceInfoUpdateService do shutdown stop
2026-08-02 01:47:34.450 [SpringApplicationShutdownHook] [none] INFO  c.a.n.c.a.AbstractServerListManager - com.alibaba.nacos.client.naming.core.NamingServerListManager do shutdown begin
2026-08-02 01:47:34.451 [SpringApplicationShutdownHook] [none] INFO  c.a.n.c.a.AbstractServerListManager - com.alibaba.nacos.client.naming.core.NamingServerListManager do shutdown stop
2026-08-02 01:47:34.451 [SpringApplicationShutdownHook] [none] INFO  com.alibaba.nacos.client.naming - com.alibaba.nacos.client.naming.remote.http.NamingHttpClientProxy do shutdown begin
2026-08-02 01:47:34.451 [SpringApplicationShutdownHook] [none] INFO  com.alibaba.nacos.client.naming - [NamingHttpClientManager] Start destroying NacosRestTemplate
2026-08-02 01:47:34.451 [SpringApplicationShutdownHook] [none] INFO  com.alibaba.nacos.client.naming - [NamingHttpClientManager] Completed destruction of NacosRestTemplate
2026-08-02 01:47:34.451 [SpringApplicationShutdownHook] [none] INFO  com.alibaba.nacos.client.naming - com.alibaba.nacos.client.naming.remote.http.NamingHttpClientProxy do shutdown stop
2026-08-02 01:47:34.451 [SpringApplicationShutdownHook] [none] INFO  com.alibaba.nacos.client.naming - Shutdown naming grpc client proxy for  uuid->c937c636-35d9-4523-a660-868544a87dfa
2026-08-02 01:47:34.451 [SpringApplicationShutdownHook] [none] INFO  com.alibaba.nacos.client.naming - Shutdown grpc redo service executor java.util.concurrent.ScheduledThreadPoolExecutor@1bc565ca[Running, pool size = 1, active threads = 0, queued tasks = 1, completed tasks = 36]
2026-08-02 01:47:34.452 [SpringApplicationShutdownHook] [none] INFO  c.alibaba.nacos.common.remote.client - Shutdown rpc client, set status to shutdown
2026-08-02 01:47:34.452 [SpringApplicationShutdownHook] [none] INFO  c.alibaba.nacos.common.remote.client - Shutdown client event executor java.util.concurrent.ScheduledThreadPoolExecutor@6fbc1484[Running, pool size = 2, active threads = 2, queued tasks = 0, completed tasks = 0]
2026-08-02 01:47:34.452 [SpringApplicationShutdownHook] [none] INFO  c.alibaba.nacos.common.remote.client - Close current connection 1785606342880_172.18.0.1_54816
2026-08-02 01:47:34.485 [SpringApplicationShutdownHook] [none] INFO  c.a.n.c.r.client.grpc.GrpcClient - Shutdown grpc executor java.util.concurrent.ThreadPoolExecutor@259c46d5[Running, pool size = 16, active threads = 0, queued tasks = 0, completed tasks = 66]
2026-08-02 01:47:34.485 [SpringApplicationShutdownHook] [none] INFO  com.alibaba.nacos.client.naming - shutdown and remove naming rpc client  for uuid ->c937c636-35d9-4523-a660-868544a87dfa
2026-08-02 01:47:34.486 [SpringApplicationShutdownHook] [none] INFO  c.a.n.c.a.r.i.CredentialWatcher - [null] CredentialWatcher is stopped
2026-08-02 01:47:34.486 [SpringApplicationShutdownHook] [none] INFO  c.a.n.c.a.r.i.CredentialService - [null] CredentialService is freed
2026-08-02 01:47:34.487 [SpringApplicationShutdownHook] [none] INFO  com.alibaba.nacos.client.naming - com.alibaba.nacos.client.naming.remote.NamingClientProxyDelegate do shutdown stop
2026-08-02 01:47:35.261 [com.alibaba.nacos.client.login-executor.0] [none] INFO  c.a.n.c.a.r.i.CredentialWatcher - null No credential found
2026-08-02 01:47:44.929 [SpringApplicationShutdownHook] [none] INFO  c.a.c.n.r.NacosGracefulShutdownDelegate - Nacos client graceful shutdown has been executed successfully. Graceful shutdown wait time is 10000
2026-08-02 01:47:44.956 [SpringApplicationShutdownHook] [none] INFO  o.s.boot.tomcat.GracefulShutdown - Commencing graceful shutdown. Waiting for active requests to complete
2026-08-02 01:47:44.980 [tomcat-shutdown] [none] INFO  o.s.boot.tomcat.GracefulShutdown - Graceful shutdown complete
2026-08-02 01:47:45.069 [SpringApplicationShutdownHook] [none] INFO  o.a.r.s.s.DefaultRocketMQListenerContainer - container destroyed, DefaultRocketMQListenerContainer{consumerGroup='marketing-group-expired-cg', namespace='', namespaceV2='', nameServer='129.204.152.168:9876', topic='marketing-events', consumeMode=CONCURRENTLY, selectorType=TAG, selectorExpression='group-expired', messageModel=CLUSTERING', tlsEnable=false, instanceName=DEFAULT}
2026-08-02 01:47:47.293 [SpringApplicationShutdownHook] [none] INFO  com.zaxxer.hikari.HikariDataSource - HikariPool-1 - Shutdown initiated...
2026-08-02 01:47:47.528 [SpringApplicationShutdownHook] [none] INFO  com.zaxxer.hikari.HikariDataSource - HikariPool-1 - Shutdown completed.
2026-08-02 01:50:18.792 [main] [none] INFO  c.c.marketing.MarketingApplication - Starting MarketingApplication using Java 26.0.1 with PID 27216 (D:\Ide\IdeaProjects\CloudMart\mall-marketing\target\classes started by Administrator in D:\Ide\IdeaProjects\CloudMart)
2026-08-02 01:50:18.794 [main] [none] INFO  c.c.marketing.MarketingApplication - No active profile set, falling back to 1 default profile: "default"
2026-08-02 01:50:19.380 [main] [none] INFO  c.a.c.n.c.NacosConfigDataLoader - [Nacos Config] Load config[dataId=shared-logging.yml, group=DEFAULT_GROUP] success
2026-08-02 01:50:19.380 [main] [none] WARN  c.a.c.n.c.NacosConfigDataLoader - [Nacos Config] config[dataId=mall-marketing.yml, group=DEFAULT_GROUP] is empty
2026-08-02 01:50:45.063 [main] [none] INFO  o.s.d.r.c.RepositoryConfigurationDelegate - Multiple Spring Data modules found, entering strict repository configuration mode
2026-08-02 01:50:45.082 [main] [none] INFO  o.s.d.r.c.RepositoryConfigurationDelegate - Bootstrapping Spring Data Redis repositories in DEFAULT mode.
2026-08-02 01:50:45.722 [main] [none] INFO  o.s.d.r.c.RepositoryConfigurationDelegate - Finished Spring Data repository scanning in 246 ms. Found 0 Redis repository interfaces.
2026-08-02 01:50:54.244 [main] [none] INFO  o.s.cloud.context.scope.GenericScope - BeanFactory id=b6fb0e8c-e7c6-3646-8c27-32b5cfeae470
2026-08-02 01:51:02.910 [main] [none] INFO  o.s.boot.tomcat.TomcatWebServer - Tomcat initialized with port 9014 (http)
2026-08-02 01:51:03.144 [main] [none] INFO  o.a.catalina.core.StandardService - Starting service [Tomcat]
2026-08-02 01:51:03.144 [main] [none] INFO  o.a.catalina.core.StandardEngine - Starting Servlet engine: [Apache Tomcat/11.0.21]
2026-08-02 01:51:03.714 [main] [none] INFO  o.s.b.w.c.s.WebApplicationContextInitializer - Root WebApplicationContext: initialization completed in 44325 ms
2026-08-02 01:51:16.221 [main] [none] INFO  com.zaxxer.hikari.HikariDataSource - HikariPool-1 - Starting...
2026-08-02 01:51:18.841 [main] [none] INFO  com.zaxxer.hikari.pool.HikariPool - HikariPool-1 - Added connection com.mysql.cj.jdbc.ConnectionImpl@39d0dc86
2026-08-02 01:51:18.845 [main] [none] INFO  com.zaxxer.hikari.HikariDataSource - HikariPool-1 - Start completed.
2026-08-02 01:51:19.235 [main] [none] INFO  org.flywaydb.core.FlywayExecutor - Database: jdbc:mysql://129.204.152.168:8306/mall_marketing?useUnicode=true&characterEncoding=utf-8&useSSL=false&serverTimezone=Asia/Shanghai&allowPublicKeyRetrieval=true&createDatabaseIfNotExist=true (MySQL 9.7)
2026-08-02 01:51:19.592 [main] [none] WARN  o.f.c.i.database.base.Database - Using MySQL 9.7 which is newer than the version Flyway has been verified with. The latest verified version of MySQL is 8.1.
2026-08-02 01:51:20.273 [main] [none] INFO  o.f.core.internal.command.DbMigrate - Current version of schema `mall_marketing`: 2
2026-08-02 01:51:20.318 [main] [none] INFO  o.f.core.internal.command.DbMigrate - Schema `mall_marketing` is up to date. No migration necessary.
2026-08-02 01:51:30.397 [main] [none] INFO  o.a.r.s.a.RocketMQAutoConfiguration - a producer (mall-marketing-producer-group) init on namesrv 129.204.152.168:9876
2026-08-02 01:51:32.921 [main] [none] INFO  o.a.r.s.s.RocketMQMessageListenerContainerRegistrar - Register the listener to container, listenerBeanName:groupExpiredListener, containerBeanName:org.apache.rocketmq.spring.support.DefaultRocketMQListenerContainer_1
2026-08-02 01:51:34.828 [main] [none] WARN  o.s.b.s.a.UserDetailsServiceAutoConfiguration - 

Using generated security password: 1c10f65e-948f-448a-8b54-a9bdc8082eea

This generated password is for development use only. Your security configuration must be updated before running your application in production.

2026-08-02 01:51:34.920 [main] [none] INFO  o.s.s.c.a.a.c.InitializeUserDetailsBeanManagerConfigurer$InitializeUserDetailsManagerConfigurer - Global AuthenticationManager configured with UserDetailsService bean with name inMemoryUserDetailsManager
2026-08-02 01:51:36.700 [main] [none] INFO  c.a.c.s.SentinelWebMvcConfigurer - [Sentinel Starter] register SentinelWebInterceptor with urlPatterns: [/**].
2026-08-02 01:51:40.579 [main] [none] INFO  c.b.m.e.s.MybatisPlusApplicationContextAware - Register ApplicationContext instances org.springframework.boot.web.server.servlet.context.AnnotationConfigServletWebServerApplicationContext@b6448ac
2026-08-02 01:51:44.993 [main] [none] WARN  o.s.c.l.c.LoadBalancerCacheAutoConfiguration$LoadBalancerCaffeineWarnLogger - Spring Cloud LoadBalancer is currently working with the default cache. While this cache implementation is useful for development and tests, it's recommended to use Caffeine cache in production.You can switch to using Caffeine cache, by adding it and org.springframework.cache.caffeine.CaffeineCacheManager to the classpath.
2026-08-02 01:51:45.147 [main] [none] INFO  o.s.b.a.e.web.EndpointLinksResolver - Exposing 4 endpoints beneath base path '/actuator'
2026-08-02 01:51:46.067 [main] [none] INFO  c.a.n.c.config.NacosConfigService - Nacos client key init properties: 
	serverAddr=129.204.152.168:8848
	username=nacos
	password=n***s

2026-08-02 01:51:46.069 [main] [none] INFO  c.a.n.c.a.AbstractServerListManager - Load and match ServerListProvider com.alibaba.nacos.client.address.EndpointServerListProvider, match result: false
2026-08-02 01:51:46.069 [main] [none] INFO  c.a.n.c.a.AbstractServerListManager - Load and match ServerListProvider com.alibaba.nacos.client.address.PropertiesListProvider, match result: true
2026-08-02 01:51:46.070 [main] [none] INFO  c.a.n.c.a.AbstractServerListManager - Will use com.alibaba.nacos.client.address.PropertiesListProvider as ServerListProvider
2026-08-02 01:51:46.071 [main] [none] INFO  com.alibaba.nacos.common.labels - DefaultLabelsCollectorManager get labels.....
2026-08-02 01:51:46.071 [main] [none] INFO  com.alibaba.nacos.common.labels - Process LabelsCollector with [name:defaultNacosLabelsCollector]
2026-08-02 01:51:46.072 [main] [none] INFO  com.alibaba.nacos.common.labels - default nacos collect properties raw labels: null
2026-08-02 01:51:46.072 [main] [none] INFO  com.alibaba.nacos.common.labels - default nacos collect properties labels: {}
2026-08-02 01:51:46.072 [main] [none] INFO  com.alibaba.nacos.common.labels - default nacos collect jvm raw labels: null
2026-08-02 01:51:46.072 [main] [none] INFO  com.alibaba.nacos.common.labels - default nacos collect jvm labels: {}
2026-08-02 01:51:46.072 [main] [none] INFO  com.alibaba.nacos.common.labels - default nacos collect env raw labels: null
2026-08-02 01:51:46.072 [main] [none] INFO  com.alibaba.nacos.common.labels - default nacos collect env labels: {}
2026-08-02 01:51:46.072 [main] [none] INFO  com.alibaba.nacos.common.labels - DefaultLabelsCollectorManager get labels finished,labels :{}
2026-08-02 01:51:46.073 [main] [none] INFO  c.a.n.p.a.s.c.ClientAuthPluginManager - [ClientAuthPluginManager] Load ClientAuthService com.alibaba.nacos.client.auth.impl.NacosClientAuthServiceImpl success.
2026-08-02 01:51:46.073 [main] [none] INFO  c.a.n.p.a.s.c.ClientAuthPluginManager - [ClientAuthPluginManager] Load ClientAuthService com.alibaba.nacos.client.auth.ram.RamClientAuthServiceImpl success.
2026-08-02 01:51:46.073 [main] [none] DEBUG c.a.n.c.c.i.ConfigHttpClientManager - HTTP method: POST, url: http://129.204.152.168:8848/nacos/v3/auth/user/login?username=nacos, body: {password=nacos}
2026-08-02 01:51:46.073 [main] [none] DEBUG c.a.n.c.c.i.ConfigHttpClientManager - Execute via interceptors :[com.alibaba.nacos.client.config.impl.ConfigHttpClientManager$LimiterHttpClientRequestInterceptor@3d8c4d35]
2026-08-02 01:51:46.223 [main] [none] INFO  c.a.n.client.config.impl.CacheData - config listener notify warn timeout millis use default 60000 millis 
2026-08-02 01:51:46.223 [main] [none] INFO  c.a.n.client.config.impl.CacheData - nacos.cache.data.init.snapshot = true 
2026-08-02 01:51:46.223 [main] [none] INFO  c.a.n.c.config.impl.ClientWorker - [Config-fixed-public-129.204.152.168_8848] [subscribe] mall-marketing-degrade-rules+SENTINEL_GROUP+public
2026-08-02 01:51:46.256 [main] [none] INFO  c.a.n.client.config.impl.CacheData - [Config-fixed-public-129.204.152.168_8848] [add-listener] ok, tenant=public, dataId=mall-marketing-degrade-rules, group=SENTINEL_GROUP, cnt=1
2026-08-02 01:51:46.256 [main] [none] INFO  c.alibaba.nacos.common.remote.client - [RpcClientFactory] create a new rpc client of dc5fbd3f-30f6-4048-b9dc-0d30b703c861_config-0
2026-08-02 01:51:46.257 [main] [none] INFO  c.alibaba.nacos.common.remote.client - [dc5fbd3f-30f6-4048-b9dc-0d30b703c861_config-0] Register server push request handler:com.alibaba.nacos.client.config.impl.ClientWorker$ConfigRpcTransportClient$$Lambda/0x000000000a800c68
2026-08-02 01:51:46.257 [main] [none] INFO  c.alibaba.nacos.common.remote.client - [dc5fbd3f-30f6-4048-b9dc-0d30b703c861_config-0] Register server push request handler:com.alibaba.nacos.client.config.impl.ClientWorker$ConfigRpcTransportClient$$Lambda/0x000000000a801198
2026-08-02 01:51:46.257 [main] [none] INFO  c.alibaba.nacos.common.remote.client - [dc5fbd3f-30f6-4048-b9dc-0d30b703c861_config-0] Register server push request handler:com.alibaba.nacos.client.config.impl.ClientFuzzyWatchNotifyRequestHandler
2026-08-02 01:51:46.257 [main] [none] INFO  c.alibaba.nacos.common.remote.client - [dc5fbd3f-30f6-4048-b9dc-0d30b703c861_config-0] Registry connection listener to current client:com.alibaba.nacos.client.config.impl.ClientWorker$ConfigRpcTransportClient$1
2026-08-02 01:51:46.257 [main] [none] INFO  c.alibaba.nacos.common.remote.client - [dc5fbd3f-30f6-4048-b9dc-0d30b703c861_config-0] RpcClient init, ServerListFactory = com.alibaba.nacos.client.config.impl.ClientWorker$ConfigRpcTransportClient$2
2026-08-02 01:51:46.257 [main] [none] INFO  c.alibaba.nacos.common.remote.client - [dc5fbd3f-30f6-4048-b9dc-0d30b703c861_config-0] Try to connect to server on start up, server: {serverIp = '129.204.152.168', server main port = 8848}
2026-08-02 01:51:46.258 [main] [none] INFO  c.a.n.c.r.client.grpc.GrpcClient - grpc client connection server: 129.204.152.168 ip, serverPort: 9848, grpcTslConfig: {"enableTls":false,"mutualAuthEnable":false,"trustAll":true}
2026-08-02 01:51:46.711 [main] [none] INFO  c.alibaba.nacos.common.remote.client - [dc5fbd3f-30f6-4048-b9dc-0d30b703c861_config-0] Success to connect to server [129.204.152.168:8848] on start up, connectionId = 1785606706783_172.18.0.1_58060
2026-08-02 01:51:46.712 [main] [none] INFO  c.alibaba.nacos.common.remote.client - [dc5fbd3f-30f6-4048-b9dc-0d30b703c861_config-0] Register server push request handler:com.alibaba.nacos.common.remote.client.RpcClient$ConnectResetRequestHandler
2026-08-02 01:51:46.712 [com.alibaba.nacos.client.remote.worker.1] [none] INFO  c.alibaba.nacos.common.remote.client - [dc5fbd3f-30f6-4048-b9dc-0d30b703c861_config-0] Notify connected event to listeners.
2026-08-02 01:51:46.712 [main] [none] INFO  c.alibaba.nacos.common.remote.client - [dc5fbd3f-30f6-4048-b9dc-0d30b703c861_config-0] Register server push request handler:com.alibaba.nacos.common.remote.client.RpcClient$$Lambda/0x000000000a99d810
2026-08-02 01:51:46.712 [com.alibaba.nacos.client.remote.worker.1] [none] INFO  c.a.n.c.config.impl.ClientWorker - [dc5fbd3f-30f6-4048-b9dc-0d30b703c861_config-0] Connected,notify listen context...
2026-08-02 01:51:46.712 [com.alibaba.nacos.client.remote.worker.1] [none] INFO  c.a.n.c.config.impl.ClientWorker - [dc5fbd3f-30f6-4048-b9dc-0d30b703c861_config-0] Connected,notify fuzzy listen context...
2026-08-02 01:51:46.855 [main] [none] INFO  c.a.c.s.d.c.SentinelConverter - converter can not convert rules because source is empty
2026-08-02 01:51:46.873 [main] [none] INFO  c.a.n.c.config.NacosConfigService - Nacos client key init properties: 
	serverAddr=129.204.152.168:8848
	username=nacos
	password=n***s

2026-08-02 01:51:46.876 [main] [none] INFO  c.a.n.c.a.AbstractServerListManager - Load and match ServerListProvider com.alibaba.nacos.client.address.EndpointServerListProvider, match result: false
2026-08-02 01:51:46.877 [main] [none] INFO  c.a.n.c.a.AbstractServerListManager - Load and match ServerListProvider com.alibaba.nacos.client.address.PropertiesListProvider, match result: true
2026-08-02 01:51:46.877 [main] [none] INFO  c.a.n.c.a.AbstractServerListManager - Will use com.alibaba.nacos.client.address.PropertiesListProvider as ServerListProvider
2026-08-02 01:51:46.878 [main] [none] INFO  com.alibaba.nacos.common.labels - DefaultLabelsCollectorManager get labels.....
2026-08-02 01:51:46.879 [main] [none] INFO  com.alibaba.nacos.common.labels - Process LabelsCollector with [name:defaultNacosLabelsCollector]
2026-08-02 01:51:46.879 [main] [none] INFO  com.alibaba.nacos.common.labels - default nacos collect properties raw labels: null
2026-08-02 01:51:46.879 [main] [none] INFO  com.alibaba.nacos.common.labels - default nacos collect properties labels: {}
2026-08-02 01:51:46.879 [main] [none] INFO  com.alibaba.nacos.common.labels - default nacos collect jvm raw labels: null
2026-08-02 01:51:46.879 [main] [none] INFO  com.alibaba.nacos.common.labels - default nacos collect jvm labels: {}
2026-08-02 01:51:46.879 [main] [none] INFO  com.alibaba.nacos.common.labels - default nacos collect env raw labels: null
2026-08-02 01:51:46.879 [main] [none] INFO  com.alibaba.nacos.common.labels - default nacos collect env labels: {}
2026-08-02 01:51:46.879 [main] [none] INFO  com.alibaba.nacos.common.labels - DefaultLabelsCollectorManager get labels finished,labels :{}
2026-08-02 01:51:46.880 [main] [none] INFO  c.a.n.p.a.s.c.ClientAuthPluginManager - [ClientAuthPluginManager] Load ClientAuthService com.alibaba.nacos.client.auth.impl.NacosClientAuthServiceImpl success.
2026-08-02 01:51:46.880 [main] [none] INFO  c.a.n.p.a.s.c.ClientAuthPluginManager - [ClientAuthPluginManager] Load ClientAuthService com.alibaba.nacos.client.auth.ram.RamClientAuthServiceImpl success.
2026-08-02 01:51:46.880 [main] [none] DEBUG c.a.n.c.c.i.ConfigHttpClientManager - HTTP method: POST, url: http://129.204.152.168:8848/nacos/v3/auth/user/login?username=nacos, body: {password=nacos}
2026-08-02 01:51:46.880 [main] [none] DEBUG c.a.n.c.c.i.ConfigHttpClientManager - Execute via interceptors :[com.alibaba.nacos.client.config.impl.ConfigHttpClientManager$LimiterHttpClientRequestInterceptor@3d8c4d35]
2026-08-02 01:51:46.985 [main] [none] INFO  c.a.n.c.config.impl.ClientWorker - [Config-fixed-public-129.204.152.168_8848] [subscribe] mall-marketing-flow-rules+SENTINEL_GROUP+public
2026-08-02 01:51:46.985 [main] [none] INFO  c.a.n.client.config.impl.CacheData - [Config-fixed-public-129.204.152.168_8848] [add-listener] ok, tenant=public, dataId=mall-marketing-flow-rules, group=SENTINEL_GROUP, cnt=1
2026-08-02 01:51:46.985 [main] [none] INFO  c.alibaba.nacos.common.remote.client - [RpcClientFactory] create a new rpc client of eab7de7c-d831-4e36-adf4-f4dc47a0d2cf_config-0
2026-08-02 01:51:46.986 [main] [none] INFO  c.alibaba.nacos.common.remote.client - [eab7de7c-d831-4e36-adf4-f4dc47a0d2cf_config-0] Register server push request handler:com.alibaba.nacos.client.config.impl.ClientWorker$ConfigRpcTransportClient$$Lambda/0x000000000a800c68
2026-08-02 01:51:46.986 [main] [none] INFO  c.alibaba.nacos.common.remote.client - [eab7de7c-d831-4e36-adf4-f4dc47a0d2cf_config-0] Register server push request handler:com.alibaba.nacos.client.config.impl.ClientWorker$ConfigRpcTransportClient$$Lambda/0x000000000a801198
2026-08-02 01:51:46.986 [main] [none] INFO  c.alibaba.nacos.common.remote.client - [eab7de7c-d831-4e36-adf4-f4dc47a0d2cf_config-0] Register server push request handler:com.alibaba.nacos.client.config.impl.ClientFuzzyWatchNotifyRequestHandler
2026-08-02 01:51:46.986 [main] [none] INFO  c.alibaba.nacos.common.remote.client - [eab7de7c-d831-4e36-adf4-f4dc47a0d2cf_config-0] Registry connection listener to current client:com.alibaba.nacos.client.config.impl.ClientWorker$ConfigRpcTransportClient$1
2026-08-02 01:51:46.986 [main] [none] INFO  c.alibaba.nacos.common.remote.client - [eab7de7c-d831-4e36-adf4-f4dc47a0d2cf_config-0] RpcClient init, ServerListFactory = com.alibaba.nacos.client.config.impl.ClientWorker$ConfigRpcTransportClient$2
2026-08-02 01:51:46.986 [main] [none] INFO  c.alibaba.nacos.common.remote.client - [eab7de7c-d831-4e36-adf4-f4dc47a0d2cf_config-0] Try to connect to server on start up, server: {serverIp = '129.204.152.168', server main port = 8848}
2026-08-02 01:51:46.987 [main] [none] INFO  c.a.n.c.r.client.grpc.GrpcClient - grpc client connection server: 129.204.152.168 ip, serverPort: 9848, grpcTslConfig: {"enableTls":false,"mutualAuthEnable":false,"trustAll":true}
2026-08-02 01:51:48.147 [main] [none] INFO  c.alibaba.nacos.common.remote.client - [eab7de7c-d831-4e36-adf4-f4dc47a0d2cf_config-0] Success to connect to server [129.204.152.168:8848] on start up, connectionId = 1785606707424_172.18.0.1_58074
2026-08-02 01:51:48.147 [main] [none] INFO  c.alibaba.nacos.common.remote.client - [eab7de7c-d831-4e36-adf4-f4dc47a0d2cf_config-0] Register server push request handler:com.alibaba.nacos.common.remote.client.RpcClient$ConnectResetRequestHandler
2026-08-02 01:51:48.147 [com.alibaba.nacos.client.remote.worker.0] [none] INFO  c.alibaba.nacos.common.remote.client - [eab7de7c-d831-4e36-adf4-f4dc47a0d2cf_config-0] Notify connected event to listeners.
2026-08-02 01:51:48.148 [main] [none] INFO  c.alibaba.nacos.common.remote.client - [eab7de7c-d831-4e36-adf4-f4dc47a0d2cf_config-0] Register server push request handler:com.alibaba.nacos.common.remote.client.RpcClient$$Lambda/0x000000000a99d810
2026-08-02 01:51:48.148 [com.alibaba.nacos.client.remote.worker.0] [none] INFO  c.a.n.c.config.impl.ClientWorker - [eab7de7c-d831-4e36-adf4-f4dc47a0d2cf_config-0] Connected,notify listen context...
2026-08-02 01:51:48.148 [com.alibaba.nacos.client.remote.worker.0] [none] INFO  c.a.n.c.config.impl.ClientWorker - [eab7de7c-d831-4e36-adf4-f4dc47a0d2cf_config-0] Connected,notify fuzzy listen context...
2026-08-02 01:51:48.267 [main] [none] INFO  c.a.c.s.d.c.SentinelConverter - converter can not convert rules because source is empty
2026-08-02 01:51:48.873 [main] [none] INFO  o.s.boot.tomcat.TomcatWebServer - Tomcat started on port 9014 (http) with context path '/'
2026-08-02 01:51:48.935 [main] [none] INFO  com.alibaba.nacos.client.naming - Nacos client key init properties: 
	serverAddr=129.204.152.168:8848
	username=nacos
	password=n***s

2026-08-02 01:51:48.939 [main] [none] INFO  com.alibaba.nacos.client.naming - initializer namespace from ans.namespace attribute : null
2026-08-02 01:51:48.940 [main] [none] INFO  com.alibaba.nacos.client.naming - initializer namespace from ALIBABA_ALIWARE_NAMESPACE attribute :null
2026-08-02 01:51:48.941 [main] [none] INFO  com.alibaba.nacos.client.naming - initializer namespace from namespace attribute :null
2026-08-02 01:51:48.982 [main] [none] INFO  com.alibaba.nacos.client.naming - FailoverDataSource type is class com.alibaba.nacos.client.naming.backups.datasource.DiskFailoverDataSource
2026-08-02 01:51:49.009 [main] [none] INFO  c.a.n.c.a.AbstractServerListManager - Load and match ServerListProvider com.alibaba.nacos.client.address.EndpointServerListProvider, match result: false
2026-08-02 01:51:49.017 [main] [none] INFO  c.a.n.c.a.AbstractServerListManager - Load and match ServerListProvider com.alibaba.nacos.client.address.PropertiesListProvider, match result: true
2026-08-02 01:51:49.018 [main] [none] INFO  c.a.n.c.a.AbstractServerListManager - Will use com.alibaba.nacos.client.address.PropertiesListProvider as ServerListProvider
2026-08-02 01:51:49.025 [main] [none] INFO  c.a.n.p.a.s.c.ClientAuthPluginManager - [ClientAuthPluginManager] Load ClientAuthService com.alibaba.nacos.client.auth.impl.NacosClientAuthServiceImpl success.
2026-08-02 01:51:49.025 [main] [none] INFO  c.a.n.p.a.s.c.ClientAuthPluginManager - [ClientAuthPluginManager] Load ClientAuthService com.alibaba.nacos.client.auth.ram.RamClientAuthServiceImpl success.
2026-08-02 01:51:49.027 [main] [none] DEBUG com.alibaba.nacos.client.naming - HTTP method: POST, url: http://129.204.152.168:8848/nacos/v3/auth/user/login?username=nacos, body: {password=nacos}
2026-08-02 01:51:49.047 [com.alibaba.nacos.naming.failover.0] [none] DEBUG com.alibaba.nacos.client.naming - failover switch is not found, 00-00---000-VIPSRV_FAILOVER_SWITCH-000---00-00
2026-08-02 01:51:49.157 [main] [none] INFO  c.alibaba.nacos.common.remote.client - [RpcClientFactory] create a new rpc client of e0f57a1d-efd0-4a9e-8f80-e0a922cfdd5d
2026-08-02 01:51:49.163 [main] [none] INFO  com.alibaba.nacos.client.naming - Create naming rpc client for uuid->e0f57a1d-efd0-4a9e-8f80-e0a922cfdd5d
2026-08-02 01:51:49.164 [main] [none] INFO  c.alibaba.nacos.common.remote.client - [e0f57a1d-efd0-4a9e-8f80-e0a922cfdd5d] RpcClient init, ServerListFactory = com.alibaba.nacos.client.naming.core.NamingServerListManager
2026-08-02 01:51:49.164 [main] [none] INFO  c.alibaba.nacos.common.remote.client - [e0f57a1d-efd0-4a9e-8f80-e0a922cfdd5d] Registry connection listener to current client:com.alibaba.nacos.client.naming.remote.gprc.redo.NamingGrpcRedoService
2026-08-02 01:51:49.165 [main] [none] INFO  c.alibaba.nacos.common.remote.client - [e0f57a1d-efd0-4a9e-8f80-e0a922cfdd5d] Register server push request handler:com.alibaba.nacos.client.naming.remote.gprc.NamingPushRequestHandler
2026-08-02 01:51:49.166 [main] [none] INFO  c.alibaba.nacos.common.remote.client - [e0f57a1d-efd0-4a9e-8f80-e0a922cfdd5d] Register server push request handler:com.alibaba.nacos.client.naming.remote.gprc.NamingFuzzyWatchNotifyRequestHandler
2026-08-02 01:51:49.166 [main] [none] INFO  c.alibaba.nacos.common.remote.client - [e0f57a1d-efd0-4a9e-8f80-e0a922cfdd5d] Try to connect to server on start up, server: {serverIp = '129.204.152.168', server main port = 8848}
2026-08-02 01:51:49.167 [main] [none] INFO  c.a.n.c.r.client.grpc.GrpcClient - grpc client connection server: 129.204.152.168 ip, serverPort: 9848, grpcTslConfig: {"enableTls":false,"mutualAuthEnable":false,"trustAll":true}
2026-08-02 01:51:49.433 [main] [none] INFO  c.alibaba.nacos.common.remote.client - [e0f57a1d-efd0-4a9e-8f80-e0a922cfdd5d] Success to connect to server [129.204.152.168:8848] on start up, connectionId = 1785606709574_172.18.0.1_59646
2026-08-02 01:51:49.434 [main] [none] INFO  c.alibaba.nacos.common.remote.client - [e0f57a1d-efd0-4a9e-8f80-e0a922cfdd5d] Register server push request handler:com.alibaba.nacos.common.remote.client.RpcClient$ConnectResetRequestHandler
2026-08-02 01:51:49.434 [com.alibaba.nacos.client.remote.worker.0] [none] INFO  c.alibaba.nacos.common.remote.client - [e0f57a1d-efd0-4a9e-8f80-e0a922cfdd5d] Notify connected event to listeners.
2026-08-02 01:51:49.434 [main] [none] INFO  c.alibaba.nacos.common.remote.client - [e0f57a1d-efd0-4a9e-8f80-e0a922cfdd5d] Register server push request handler:com.alibaba.nacos.common.remote.client.RpcClient$$Lambda/0x000000000a99d810
2026-08-02 01:51:49.434 [com.alibaba.nacos.client.remote.worker.0] [none] INFO  com.alibaba.nacos.client.naming - Grpc connection connect
2026-08-02 01:51:49.441 [main] [none] INFO  com.alibaba.nacos.client.naming - [REGISTER-SERVICE] public registering service mall-marketing with instance Instance{instanceId='null', ip='192.168.1.59', port=9014, weight=1.0, healthy=true, enabled=true, ephemeral=true, clusterName='', serviceName='null', metadata={IPv6=null, preserved.register.source=SPRING_CLOUD}}
2026-08-02 01:51:49.503 [main] [none] INFO  c.a.c.n.r.NacosServiceRegistry - nacos registry, DEFAULT_GROUP mall-marketing 192.168.1.59:9014 register finished
2026-08-02 01:51:51.606 [main] [none] INFO  o.a.r.s.s.DefaultRocketMQListenerContainer - running container: DefaultRocketMQListenerContainer{consumerGroup='marketing-group-expired-cg', namespace='', namespaceV2='', nameServer='129.204.152.168:9876', topic='marketing-events', consumeMode=CONCURRENTLY, selectorType=TAG, selectorExpression='group-expired', messageModel=CLUSTERING', tlsEnable=false, instanceName=DEFAULT}
2026-08-02 01:51:51.627 [main] [none] INFO  c.c.marketing.MarketingApplication - Started MarketingApplication in 132.889 seconds (process running for 171.605)
2026-08-02 01:51:51.718 [main] [none] INFO  c.a.n.c.config.impl.ClientWorker - [Config-fixed-public-129.204.152.168_8848] [subscribe] mall-marketing.yml+DEFAULT_GROUP+public
2026-08-02 01:51:51.726 [main] [none] INFO  c.a.n.client.config.impl.CacheData - [Config-fixed-public-129.204.152.168_8848] [add-listener] ok, tenant=public, dataId=mall-marketing.yml, group=DEFAULT_GROUP, cnt=1
2026-08-02 01:51:51.726 [main] [none] INFO  c.a.c.n.r.NacosContextRefresher - [Nacos Config] Listening config: dataId=mall-marketing.yml, group=DEFAULT_GROUP
2026-08-02 01:51:51.730 [main] [none] INFO  c.a.n.c.config.impl.ClientWorker - [Config-fixed-public-129.204.152.168_8848] [subscribe] shared-logging.yml+DEFAULT_GROUP+public
2026-08-02 01:51:51.730 [main] [none] INFO  c.a.n.client.config.impl.CacheData - [Config-fixed-public-129.204.152.168_8848] [add-listener] ok, tenant=public, dataId=shared-logging.yml, group=DEFAULT_GROUP, cnt=1
2026-08-02 01:51:51.731 [main] [none] INFO  c.a.c.n.r.NacosContextRefresher - [Nacos Config] Listening config: dataId=shared-logging.yml, group=DEFAULT_GROUP
2026-08-02 01:51:54.131 [com.alibaba.nacos.naming.failover.0] [none] DEBUG com.alibaba.nacos.client.naming - failover switch is not found, 00-00---000-VIPSRV_FAILOVER_SWITCH-000---00-00
2026-08-02 01:51:59.138 [com.alibaba.nacos.naming.failover.0] [none] DEBUG com.alibaba.nacos.client.naming - failover switch is not found, 00-00---000-VIPSRV_FAILOVER_SWITCH-000---00-00
2026-08-02 01:52:04.156 [com.alibaba.nacos.naming.failover.0] [none] DEBUG com.alibaba.nacos.client.naming - failover switch is not found, 00-00---000-VIPSRV_FAILOVER_SWITCH-000---00-00
2026-08-02 01:52:09.160 [com.alibaba.nacos.naming.failover.0] [none] DEBUG com.alibaba.nacos.client.naming - failover switch is not found, 00-00---000-VIPSRV_FAILOVER_SWITCH-000---00-00
2026-08-02 01:52:14.161 [com.alibaba.nacos.naming.failover.0] [none] DEBUG com.alibaba.nacos.client.naming - failover switch is not found, 00-00---000-VIPSRV_FAILOVER_SWITCH-000---00-00
2026-08-02 01:52:19.162 [com.alibaba.nacos.naming.failover.0] [none] DEBUG com.alibaba.nacos.client.naming - failover switch is not found, 00-00---000-VIPSRV_FAILOVER_SWITCH-000---00-00
2026-08-02 01:52:24.174 [com.alibaba.nacos.naming.failover.0] [none] DEBUG com.alibaba.nacos.client.naming - failover switch is not found, 00-00---000-VIPSRV_FAILOVER_SWITCH-000---00-00
2026-08-02 01:52:29.176 [com.alibaba.nacos.naming.failover.0] [none] DEBUG com.alibaba.nacos.client.naming - failover switch is not found, 00-00---000-VIPSRV_FAILOVER_SWITCH-000---00-00
2026-08-02 01:52:34.176 [com.alibaba.nacos.naming.failover.0] [none] DEBUG com.alibaba.nacos.client.naming - failover switch is not found, 00-00---000-VIPSRV_FAILOVER_SWITCH-000---00-00
2026-08-02 01:52:39.177 [com.alibaba.nacos.naming.failover.0] [none] DEBUG com.alibaba.nacos.client.naming - failover switch is not found, 00-00---000-VIPSRV_FAILOVER_SWITCH-000---00-00
2026-08-02 01:52:44.178 [com.alibaba.nacos.naming.failover.0] [none] DEBUG com.alibaba.nacos.client.naming - failover switch is not found, 00-00---000-VIPSRV_FAILOVER_SWITCH-000---00-00
2026-08-02 01:52:49.180 [com.alibaba.nacos.naming.failover.0] [none] DEBUG com.alibaba.nacos.client.naming - failover switch is not found, 00-00---000-VIPSRV_FAILOVER_SWITCH-000---00-00
2026-08-02 01:52:54.181 [com.alibaba.nacos.naming.failover.0] [none] DEBUG com.alibaba.nacos.client.naming - failover switch is not found, 00-00---000-VIPSRV_FAILOVER_SWITCH-000---00-00
2026-08-02 01:52:59.182 [com.alibaba.nacos.naming.failover.0] [none] DEBUG com.alibaba.nacos.client.naming - failover switch is not found, 00-00---000-VIPSRV_FAILOVER_SWITCH-000---00-00
2026-08-02 01:53:04.185 [com.alibaba.nacos.naming.failover.0] [none] DEBUG com.alibaba.nacos.client.naming - failover switch is not found, 00-00---000-VIPSRV_FAILOVER_SWITCH-000---00-00
2026-08-02 01:53:09.186 [com.alibaba.nacos.naming.failover.0] [none] DEBUG com.alibaba.nacos.client.naming - failover switch is not found, 00-00---000-VIPSRV_FAILOVER_SWITCH-000---00-00
2026-08-02 01:53:14.187 [com.alibaba.nacos.naming.failover.0] [none] DEBUG com.alibaba.nacos.client.naming - failover switch is not found, 00-00---000-VIPSRV_FAILOVER_SWITCH-000---00-00
2026-08-02 01:53:19.188 [com.alibaba.nacos.naming.failover.0] [none] DEBUG com.alibaba.nacos.client.naming - failover switch is not found, 00-00---000-VIPSRV_FAILOVER_SWITCH-000---00-00
2026-08-02 01:53:24.188 [com.alibaba.nacos.naming.failover.0] [none] DEBUG com.alibaba.nacos.client.naming - failover switch is not found, 00-00---000-VIPSRV_FAILOVER_SWITCH-000---00-00
2026-08-02 01:53:29.189 [com.alibaba.nacos.naming.failover.0] [none] DEBUG com.alibaba.nacos.client.naming - failover switch is not found, 00-00---000-VIPSRV_FAILOVER_SWITCH-000---00-00
2026-08-02 01:53:34.190 [com.alibaba.nacos.naming.failover.0] [none] DEBUG com.alibaba.nacos.client.naming - failover switch is not found, 00-00---000-VIPSRV_FAILOVER_SWITCH-000---00-00
2026-08-02 01:53:39.192 [com.alibaba.nacos.naming.failover.0] [none] DEBUG com.alibaba.nacos.client.naming - failover switch is not found, 00-00---000-VIPSRV_FAILOVER_SWITCH-000---00-00
2026-08-02 01:53:44.193 [com.alibaba.nacos.naming.failover.0] [none] DEBUG com.alibaba.nacos.client.naming - failover switch is not found, 00-00---000-VIPSRV_FAILOVER_SWITCH-000---00-00
2026-08-02 01:53:49.195 [com.alibaba.nacos.naming.failover.0] [none] DEBUG com.alibaba.nacos.client.naming - failover switch is not found, 00-00---000-VIPSRV_FAILOVER_SWITCH-000---00-00
2026-08-02 01:53:54.196 [com.alibaba.nacos.naming.failover.0] [none] DEBUG com.alibaba.nacos.client.naming - failover switch is not found, 00-00---000-VIPSRV_FAILOVER_SWITCH-000---00-00
2026-08-02 01:53:59.198 [com.alibaba.nacos.naming.failover.0] [none] DEBUG com.alibaba.nacos.client.naming - failover switch is not found, 00-00---000-VIPSRV_FAILOVER_SWITCH-000---00-00
2026-08-02 01:54:04.199 [com.alibaba.nacos.naming.failover.0] [none] DEBUG com.alibaba.nacos.client.naming - failover switch is not found, 00-00---000-VIPSRV_FAILOVER_SWITCH-000---00-00
2026-08-02 01:54:09.200 [com.alibaba.nacos.naming.failover.0] [none] DEBUG com.alibaba.nacos.client.naming - failover switch is not found, 00-00---000-VIPSRV_FAILOVER_SWITCH-000---00-00
2026-08-02 01:54:14.201 [com.alibaba.nacos.naming.failover.0] [none] DEBUG com.alibaba.nacos.client.naming - failover switch is not found, 00-00---000-VIPSRV_FAILOVER_SWITCH-000---00-00
2026-08-02 01:54:19.204 [com.alibaba.nacos.naming.failover.0] [none] DEBUG com.alibaba.nacos.client.naming - failover switch is not found, 00-00---000-VIPSRV_FAILOVER_SWITCH-000---00-00
2026-08-02 01:54:24.205 [com.alibaba.nacos.naming.failover.0] [none] DEBUG com.alibaba.nacos.client.naming - failover switch is not found, 00-00---000-VIPSRV_FAILOVER_SWITCH-000---00-00
2026-08-02 01:54:29.206 [com.alibaba.nacos.naming.failover.0] [none] DEBUG com.alibaba.nacos.client.naming - failover switch is not found, 00-00---000-VIPSRV_FAILOVER_SWITCH-000---00-00
2026-08-02 01:54:34.207 [com.alibaba.nacos.naming.failover.0] [none] DEBUG com.alibaba.nacos.client.naming - failover switch is not found, 00-00---000-VIPSRV_FAILOVER_SWITCH-000---00-00
2026-08-02 01:54:39.209 [com.alibaba.nacos.naming.failover.0] [none] DEBUG com.alibaba.nacos.client.naming - failover switch is not found, 00-00---000-VIPSRV_FAILOVER_SWITCH-000---00-00
2026-08-02 01:54:44.210 [com.alibaba.nacos.naming.failover.0] [none] DEBUG com.alibaba.nacos.client.naming - failover switch is not found, 00-00---000-VIPSRV_FAILOVER_SWITCH-000---00-00
2026-08-02 01:54:49.212 [com.alibaba.nacos.naming.failover.0] [none] DEBUG com.alibaba.nacos.client.naming - failover switch is not found, 00-00---000-VIPSRV_FAILOVER_SWITCH-000---00-00
2026-08-02 01:54:54.213 [com.alibaba.nacos.naming.failover.0] [none] DEBUG com.alibaba.nacos.client.naming - failover switch is not found, 00-00---000-VIPSRV_FAILOVER_SWITCH-000---00-00
2026-08-02 01:54:59.214 [com.alibaba.nacos.naming.failover.0] [none] DEBUG com.alibaba.nacos.client.naming - failover switch is not found, 00-00---000-VIPSRV_FAILOVER_SWITCH-000---00-00
2026-08-02 01:55:04.215 [com.alibaba.nacos.naming.failover.0] [none] DEBUG com.alibaba.nacos.client.naming - failover switch is not found, 00-00---000-VIPSRV_FAILOVER_SWITCH-000---00-00
2026-08-02 01:55:09.216 [com.alibaba.nacos.naming.failover.0] [none] DEBUG com.alibaba.nacos.client.naming - failover switch is not found, 00-00---000-VIPSRV_FAILOVER_SWITCH-000---00-00
2026-08-02 01:55:14.217 [com.alibaba.nacos.naming.failover.0] [none] DEBUG com.alibaba.nacos.client.naming - failover switch is not found, 00-00---000-VIPSRV_FAILOVER_SWITCH-000---00-00
2026-08-02 01:55:19.221 [com.alibaba.nacos.naming.failover.0] [none] DEBUG com.alibaba.nacos.client.naming - failover switch is not found, 00-00---000-VIPSRV_FAILOVER_SWITCH-000---00-00
2026-08-02 01:55:24.221 [com.alibaba.nacos.naming.failover.0] [none] DEBUG com.alibaba.nacos.client.naming - failover switch is not found, 00-00---000-VIPSRV_FAILOVER_SWITCH-000---00-00
2026-08-02 01:55:29.223 [com.alibaba.nacos.naming.failover.0] [none] DEBUG com.alibaba.nacos.client.naming - failover switch is not found, 00-00---000-VIPSRV_FAILOVER_SWITCH-000---00-00
2026-08-02 01:55:34.225 [com.alibaba.nacos.naming.failover.0] [none] DEBUG com.alibaba.nacos.client.naming - failover switch is not found, 00-00---000-VIPSRV_FAILOVER_SWITCH-000---00-00
2026-08-02 01:55:39.225 [com.alibaba.nacos.naming.failover.0] [none] DEBUG com.alibaba.nacos.client.naming - failover switch is not found, 00-00---000-VIPSRV_FAILOVER_SWITCH-000---00-00
2026-08-02 01:55:44.226 [com.alibaba.nacos.naming.failover.0] [none] DEBUG com.alibaba.nacos.client.naming - failover switch is not found, 00-00---000-VIPSRV_FAILOVER_SWITCH-000---00-00
2026-08-02 01:55:49.226 [com.alibaba.nacos.naming.failover.0] [none] DEBUG com.alibaba.nacos.client.naming - failover switch is not found, 00-00---000-VIPSRV_FAILOVER_SWITCH-000---00-00
2026-08-02 01:55:54.227 [com.alibaba.nacos.naming.failover.0] [none] DEBUG com.alibaba.nacos.client.naming - failover switch is not found, 00-00---000-VIPSRV_FAILOVER_SWITCH-000---00-00
2026-08-02 01:55:55.103 [nacos.client.config.listener.task-0] [none] ERROR c.alibaba.nacos.common.remote.client - Send request fail, request = ConfigBatchListenRequest{headers={accessToken=eyJhbGciOiJIUzM4NCJ9.eyJzdWIiOiJuYWNvcyIsImV4cCI6MTc4NTYyNDU5NH0.QhFdr__j65F4rkvWVCEtq9lD5e5Jg5Ufvxm2pju-9WPHXB00XZyqS2-LvW-HIKtQ, charset=UTF-8, Client-AppName=unknown, Client-RequestToken=6ed20666e8dafd72dcc60dc217e87b1a, Client-RequestTS=1785606952101, exConfigInfo=true}, requestId='null'}, retryTimes = 0, errorMessage = java.util.concurrent.TimeoutException: Waited 3000 milliseconds (plus 355300 nanoseconds delay) for com.alibaba.nacos.shaded.io.grpc.stub.ClientCalls$GrpcFuture@58081afa[status=PENDING, info=[GrpcFuture{clientCall=ClientCallImpl{method=MethodDescriptor{fullMethodName=Request/request, type=UNARY, idempotent=false, safe=false, sampledToLocalTracing=true, requestMarshaller=com.alibaba.nacos.shaded.io.grpc.protobuf.lite.ProtoLiteUtils$MessageMarshaller@258c0cfb, responseMarshaller=com.alibaba.nacos.shaded.io.grpc.protobuf.lite.ProtoLiteUtils$MessageMarshaller@4156771b, schemaDescriptor=com.alibaba.nacos.api.grpc.auto.RequestGrpc$RequestMethodDescriptorSupplier@1ef76774}}}]]
2026-08-02 01:55:55.105 [nacos.client.config.listener.task-0] [none] ERROR c.a.n.c.config.impl.ClientWorker - Execute listen config change error 
ErrCode:500, ErrMsg:Waited 3000 milliseconds (plus 355300 nanoseconds delay) for com.alibaba.nacos.shaded.io.grpc.stub.ClientCalls$GrpcFuture@58081afa[status=PENDING, info=[GrpcFuture{clientCall=ClientCallImpl{method=MethodDescriptor{fullMethodName=Request/request, type=UNARY, idempotent=false, safe=false, sampledToLocalTracing=true, requestMarshaller=com.alibaba.nacos.shaded.io.grpc.protobuf.lite.ProtoLiteUtils$MessageMarshaller@258c0cfb, responseMarshaller=com.alibaba.nacos.shaded.io.grpc.protobuf.lite.ProtoLiteUtils$MessageMarshaller@4156771b, schemaDescriptor=com.alibaba.nacos.api.grpc.auto.RequestGrpc$RequestMethodDescriptorSupplier@1ef76774}}}]]
	at com.alibaba.nacos.common.remote.client.grpc.GrpcConnection.request(GrpcConnection.java:82) ~[nacos-client-3.1.1.jar:na]
	at com.alibaba.nacos.common.remote.client.RpcClient.request(RpcClient.java:649) ~[nacos-client-3.1.1.jar:na]
	at com.alibaba.nacos.common.remote.client.RpcClient.request(RpcClient.java:626) ~[nacos-client-3.1.1.jar:na]
	at com.alibaba.nacos.client.config.impl.ClientWorker$ConfigRpcTransportClient.requestProxy(ClientWorker.java:1317) ~[nacos-client-3.1.1.jar:na]
	at com.alibaba.nacos.client.config.impl.ClientWorker$ConfigRpcTransportClient.requestProxy(ClientWorker.java:1296) ~[nacos-client-3.1.1.jar:na]
	at com.alibaba.nacos.client.config.impl.ClientWorker$ConfigRpcTransportClient.lambda$checkListenCache$8(ClientWorker.java:1111) ~[nacos-client-3.1.1.jar:na]
	at java.base/java.util.concurrent.Executors$RunnableAdapter.call(Executors.java:545) ~[na:na]
	at java.base/java.util.concurrent.FutureTask.run(FutureTask.java:330) ~[na:na]
	at java.base/java.util.concurrent.ThreadPoolExecutor.runWorker(ThreadPoolExecutor.java:1090) ~[na:na]
	at java.base/java.util.concurrent.ThreadPoolExecutor$Worker.run(ThreadPoolExecutor.java:614) ~[na:na]
	at java.base/java.lang.Thread.run(Thread.java:1516) ~[na:na]
Caused by: java.util.concurrent.TimeoutException: Waited 3000 milliseconds (plus 355300 nanoseconds delay) for com.alibaba.nacos.shaded.io.grpc.stub.ClientCalls$GrpcFuture@58081afa[status=PENDING, info=[GrpcFuture{clientCall=ClientCallImpl{method=MethodDescriptor{fullMethodName=Request/request, type=UNARY, idempotent=false, safe=false, sampledToLocalTracing=true, requestMarshaller=com.alibaba.nacos.shaded.io.grpc.protobuf.lite.ProtoLiteUtils$MessageMarshaller@258c0cfb, responseMarshaller=com.alibaba.nacos.shaded.io.grpc.protobuf.lite.ProtoLiteUtils$MessageMarshaller@4156771b, schemaDescriptor=com.alibaba.nacos.api.grpc.auto.RequestGrpc$RequestMethodDescriptorSupplier@1ef76774}}}]]
	at com.alibaba.nacos.shaded.com.google.common.util.concurrent.AbstractFuture.get(AbstractFuture.java:535) ~[nacos-client-3.1.1.jar:na]
	at com.alibaba.nacos.common.remote.client.grpc.GrpcConnection.request(GrpcConnection.java:79) ~[nacos-client-3.1.1.jar:na]
	... 10 common frames omitted
2026-08-02 01:55:59.228 [com.alibaba.nacos.naming.failover.0] [none] DEBUG com.alibaba.nacos.client.naming - failover switch is not found, 00-00---000-VIPSRV_FAILOVER_SWITCH-000---00-00
2026-08-02 01:56:02.332 [com.alibaba.nacos.client.remote.worker.1] [none] INFO  c.alibaba.nacos.common.remote.client - [a2de216e-2f6a-4bbf-b7b4-697b66f31442_config-0] Server healthy check fail, currentConnection = 1785606604932_172.18.0.1_53492
2026-08-02 01:56:02.332 [com.alibaba.nacos.client.remote.worker.1] [none] INFO  c.alibaba.nacos.common.remote.client - [a2de216e-2f6a-4bbf-b7b4-697b66f31442_config-0] Try to reconnect to a new server, server is  not appointed, will choose a random server.
2026-08-02 01:56:02.333 [com.alibaba.nacos.client.remote.worker.1] [none] INFO  c.a.n.c.r.client.grpc.GrpcClient - grpc client connection server: 129.204.152.168 ip, serverPort: 9848, grpcTslConfig: {"enableTls":false,"mutualAuthEnable":false,"trustAll":true}
2026-08-02 01:56:02.433 [com.alibaba.nacos.client.remote.worker.0] [none] INFO  c.alibaba.nacos.common.remote.client - [dc5fbd3f-30f6-4048-b9dc-0d30b703c861_config-0] Server healthy check fail, currentConnection = 1785606706783_172.18.0.1_58060
2026-08-02 01:56:02.433 [com.alibaba.nacos.client.remote.worker.0] [none] INFO  c.alibaba.nacos.common.remote.client - [dc5fbd3f-30f6-4048-b9dc-0d30b703c861_config-0] Try to reconnect to a new server, server is  not appointed, will choose a random server.
2026-08-02 01:56:02.433 [com.alibaba.nacos.client.remote.worker.0] [none] INFO  c.a.n.c.r.client.grpc.GrpcClient - grpc client connection server: 129.204.152.168 ip, serverPort: 9848, grpcTslConfig: {"enableTls":false,"mutualAuthEnable":false,"trustAll":true}
2026-08-02 01:56:02.481 [com.alibaba.nacos.client.remote.worker.1] [none] INFO  c.alibaba.nacos.common.remote.client - [e0f57a1d-efd0-4a9e-8f80-e0a922cfdd5d] Server healthy check fail, currentConnection = 1785606709574_172.18.0.1_59646
2026-08-02 01:56:02.481 [com.alibaba.nacos.client.remote.worker.1] [none] INFO  c.alibaba.nacos.common.remote.client - [e0f57a1d-efd0-4a9e-8f80-e0a922cfdd5d] Try to reconnect to a new server, server is  not appointed, will choose a random server.
2026-08-02 01:56:02.481 [com.alibaba.nacos.client.remote.worker.1] [none] INFO  c.a.n.c.r.client.grpc.GrpcClient - grpc client connection server: 129.204.152.168 ip, serverPort: 9848, grpcTslConfig: {"enableTls":false,"mutualAuthEnable":false,"trustAll":true}
2026-08-02 01:56:02.609 [com.alibaba.nacos.client.remote.worker.1] [none] INFO  c.alibaba.nacos.common.remote.client - [eab7de7c-d831-4e36-adf4-f4dc47a0d2cf_config-0] Server healthy check fail, currentConnection = 1785606707424_172.18.0.1_58074
2026-08-02 01:56:02.609 [com.alibaba.nacos.client.remote.worker.1] [none] INFO  c.alibaba.nacos.common.remote.client - [eab7de7c-d831-4e36-adf4-f4dc47a0d2cf_config-0] Try to reconnect to a new server, server is  not appointed, will choose a random server.
2026-08-02 01:56:02.609 [com.alibaba.nacos.client.remote.worker.1] [none] INFO  c.a.n.c.r.client.grpc.GrpcClient - grpc client connection server: 129.204.152.168 ip, serverPort: 9848, grpcTslConfig: {"enableTls":false,"mutualAuthEnable":false,"trustAll":true}
2026-08-02 01:56:04.230 [com.alibaba.nacos.naming.failover.0] [none] DEBUG com.alibaba.nacos.client.naming - failover switch is not found, 00-00---000-VIPSRV_FAILOVER_SWITCH-000---00-00
2026-08-02 01:56:05.337 [com.alibaba.nacos.client.remote.worker.1] [none] ERROR c.a.n.c.r.client.grpc.GrpcClient - Server check fail, please check server 129.204.152.168, port 9848 is available, error ={}
java.util.concurrent.TimeoutException: Waited 3000 milliseconds (plus 836300 nanoseconds delay) for com.alibaba.nacos.shaded.io.grpc.stub.ClientCalls$GrpcFuture@229de222[status=PENDING, info=[GrpcFuture{clientCall=PendingCall{realCall=ClientCallImpl{method=MethodDescriptor{fullMethodName=Request/request, type=UNARY, idempotent=false, safe=false, sampledToLocalTracing=true, requestMarshaller=com.alibaba.nacos.shaded.io.grpc.protobuf.lite.ProtoLiteUtils$MessageMarshaller@258c0cfb, responseMarshaller=com.alibaba.nacos.shaded.io.grpc.protobuf.lite.ProtoLiteUtils$MessageMarshaller@4156771b, schemaDescriptor=com.alibaba.nacos.api.grpc.auto.RequestGrpc$RequestMethodDescriptorSupplier@1ef76774}}}}]]
	at com.alibaba.nacos.shaded.com.google.common.util.concurrent.AbstractFuture.get(AbstractFuture.java:535) ~[nacos-client-3.1.1.jar:na]
	at com.alibaba.nacos.common.remote.client.grpc.GrpcClient.serverCheck(GrpcClient.java:234) ~[nacos-client-3.1.1.jar:na]
	at com.alibaba.nacos.common.remote.client.grpc.GrpcClient.connectToServer(GrpcClient.java:346) ~[nacos-client-3.1.1.jar:na]
	at com.alibaba.nacos.common.remote.client.RpcClient.reconnect(RpcClient.java:504) ~[nacos-client-3.1.1.jar:na]
	at com.alibaba.nacos.common.remote.client.RpcClient.lambda$start$1(RpcClient.java:330) ~[nacos-client-3.1.1.jar:na]
	at java.base/java.util.concurrent.Executors$RunnableAdapter.call(Executors.java:545) ~[na:na]
	at java.base/java.util.concurrent.FutureTask.run(FutureTask.java:330) ~[na:na]
	at java.base/java.util.concurrent.ScheduledThreadPoolExecutor$ScheduledFutureTask.run(ScheduledThreadPoolExecutor.java:309) ~[na:na]
	at java.base/java.util.concurrent.ThreadPoolExecutor.runWorker(ThreadPoolExecutor.java:1090) ~[na:na]
	at java.base/java.util.concurrent.ThreadPoolExecutor$Worker.run(ThreadPoolExecutor.java:614) ~[na:na]
	at java.base/java.lang.Thread.run(Thread.java:1516) ~[na:na]
2026-08-02 01:56:05.435 [com.alibaba.nacos.client.remote.worker.0] [none] ERROR c.a.n.c.r.client.grpc.GrpcClient - Server check fail, please check server 129.204.152.168, port 9848 is available, error ={}
java.util.concurrent.TimeoutException: Waited 3000 milliseconds (plus 968800 nanoseconds delay) for com.alibaba.nacos.shaded.io.grpc.stub.ClientCalls$GrpcFuture@1b1da672[status=PENDING, info=[GrpcFuture{clientCall=PendingCall{realCall=ClientCallImpl{method=MethodDescriptor{fullMethodName=Request/request, type=UNARY, idempotent=false, safe=false, sampledToLocalTracing=true, requestMarshaller=com.alibaba.nacos.shaded.io.grpc.protobuf.lite.ProtoLiteUtils$MessageMarshaller@258c0cfb, responseMarshaller=com.alibaba.nacos.shaded.io.grpc.protobuf.lite.ProtoLiteUtils$MessageMarshaller@4156771b, schemaDescriptor=com.alibaba.nacos.api.grpc.auto.RequestGrpc$RequestMethodDescriptorSupplier@1ef76774}}}}]]
	at com.alibaba.nacos.shaded.com.google.common.util.concurrent.AbstractFuture.get(AbstractFuture.java:535) ~[nacos-client-3.1.1.jar:na]
	at com.alibaba.nacos.common.remote.client.grpc.GrpcClient.serverCheck(GrpcClient.java:234) ~[nacos-client-3.1.1.jar:na]
	at com.alibaba.nacos.common.remote.client.grpc.GrpcClient.connectToServer(GrpcClient.java:346) ~[nacos-client-3.1.1.jar:na]
	at com.alibaba.nacos.common.remote.client.RpcClient.reconnect(RpcClient.java:504) ~[nacos-client-3.1.1.jar:na]
	at com.alibaba.nacos.common.remote.client.RpcClient.lambda$start$1(RpcClient.java:330) ~[nacos-client-3.1.1.jar:na]
	at java.base/java.util.concurrent.Executors$RunnableAdapter.call(Executors.java:545) ~[na:na]
	at java.base/java.util.concurrent.FutureTask.run(FutureTask.java:330) ~[na:na]
	at java.base/java.util.concurrent.ScheduledThreadPoolExecutor$ScheduledFutureTask.run(ScheduledThreadPoolExecutor.java:309) ~[na:na]
	at java.base/java.util.concurrent.ThreadPoolExecutor.runWorker(ThreadPoolExecutor.java:1090) ~[na:na]
	at java.base/java.util.concurrent.ThreadPoolExecutor$Worker.run(ThreadPoolExecutor.java:614) ~[na:na]
	at java.base/java.lang.Thread.run(Thread.java:1516) ~[na:na]
2026-08-02 01:56:05.440 [com.alibaba.nacos.client.remote.worker.1] [none] INFO  c.a.n.c.r.client.grpc.GrpcClient - grpc client connection server: 129.204.152.168 ip, serverPort: 9848, grpcTslConfig: {"enableTls":false,"mutualAuthEnable":false,"trustAll":true}
2026-08-02 01:56:05.482 [com.alibaba.nacos.client.remote.worker.1] [none] ERROR c.a.n.c.r.client.grpc.GrpcClient - Server check fail, please check server 129.204.152.168, port 9848 is available, error ={}
java.util.concurrent.TimeoutException: Waited 3000 milliseconds (plus 26100 nanoseconds delay) for com.alibaba.nacos.shaded.io.grpc.stub.ClientCalls$GrpcFuture@1d9f06de[status=PENDING, info=[GrpcFuture{clientCall=PendingCall{realCall=ClientCallImpl{method=MethodDescriptor{fullMethodName=Request/request, type=UNARY, idempotent=false, safe=false, sampledToLocalTracing=true, requestMarshaller=com.alibaba.nacos.shaded.io.grpc.protobuf.lite.ProtoLiteUtils$MessageMarshaller@258c0cfb, responseMarshaller=com.alibaba.nacos.shaded.io.grpc.protobuf.lite.ProtoLiteUtils$MessageMarshaller@4156771b, schemaDescriptor=com.alibaba.nacos.api.grpc.auto.RequestGrpc$RequestMethodDescriptorSupplier@1ef76774}}}}]]
	at com.alibaba.nacos.shaded.com.google.common.util.concurrent.AbstractFuture.get(AbstractFuture.java:535) ~[nacos-client-3.1.1.jar:na]
	at com.alibaba.nacos.common.remote.client.grpc.GrpcClient.serverCheck(GrpcClient.java:234) ~[nacos-client-3.1.1.jar:na]
	at com.alibaba.nacos.common.remote.client.grpc.GrpcClient.connectToServer(GrpcClient.java:346) ~[nacos-client-3.1.1.jar:na]
	at com.alibaba.nacos.common.remote.client.RpcClient.reconnect(RpcClient.java:504) ~[nacos-client-3.1.1.jar:na]
	at com.alibaba.nacos.common.remote.client.RpcClient.lambda$start$1(RpcClient.java:330) ~[nacos-client-3.1.1.jar:na]
	at java.base/java.util.concurrent.Executors$RunnableAdapter.call(Executors.java:545) ~[na:na]
	at java.base/java.util.concurrent.FutureTask.run(FutureTask.java:330) ~[na:na]
	at java.base/java.util.concurrent.ScheduledThreadPoolExecutor$ScheduledFutureTask.run(ScheduledThreadPoolExecutor.java:309) ~[na:na]
	at java.base/java.util.concurrent.ThreadPoolExecutor.runWorker(ThreadPoolExecutor.java:1090) ~[na:na]
	at java.base/java.util.concurrent.ThreadPoolExecutor$Worker.run(ThreadPoolExecutor.java:614) ~[na:na]
	at java.base/java.lang.Thread.run(Thread.java:1516) ~[na:na]
2026-08-02 01:56:05.537 [com.alibaba.nacos.client.remote.worker.0] [none] INFO  c.a.n.c.r.client.grpc.GrpcClient - grpc client connection server: 129.204.152.168 ip, serverPort: 9848, grpcTslConfig: {"enableTls":false,"mutualAuthEnable":false,"trustAll":true}
2026-08-02 01:56:05.582 [com.alibaba.nacos.client.remote.worker.1] [none] INFO  c.a.n.c.r.client.grpc.GrpcClient - grpc client connection server: 129.204.152.168 ip, serverPort: 9848, grpcTslConfig: {"enableTls":false,"mutualAuthEnable":false,"trustAll":true}
2026-08-02 01:56:05.612 [com.alibaba.nacos.client.remote.worker.1] [none] ERROR c.a.n.c.r.client.grpc.GrpcClient - Server check fail, please check server 129.204.152.168, port 9848 is available, error ={}
java.util.concurrent.TimeoutException: Waited 3000 milliseconds (plus 994300 nanoseconds delay) for com.alibaba.nacos.shaded.io.grpc.stub.ClientCalls$GrpcFuture@1c6c4909[status=PENDING, info=[GrpcFuture{clientCall=PendingCall{realCall=ClientCallImpl{method=MethodDescriptor{fullMethodName=Request/request, type=UNARY, idempotent=false, safe=false, sampledToLocalTracing=true, requestMarshaller=com.alibaba.nacos.shaded.io.grpc.protobuf.lite.ProtoLiteUtils$MessageMarshaller@258c0cfb, responseMarshaller=com.alibaba.nacos.shaded.io.grpc.protobuf.lite.ProtoLiteUtils$MessageMarshaller@4156771b, schemaDescriptor=com.alibaba.nacos.api.grpc.auto.RequestGrpc$RequestMethodDescriptorSupplier@1ef76774}}}}]]
	at com.alibaba.nacos.shaded.com.google.common.util.concurrent.AbstractFuture.get(AbstractFuture.java:535) ~[nacos-client-3.1.1.jar:na]
	at com.alibaba.nacos.common.remote.client.grpc.GrpcClient.serverCheck(GrpcClient.java:234) ~[nacos-client-3.1.1.jar:na]
	at com.alibaba.nacos.common.remote.client.grpc.GrpcClient.connectToServer(GrpcClient.java:346) ~[nacos-client-3.1.1.jar:na]
	at com.alibaba.nacos.common.remote.client.RpcClient.reconnect(RpcClient.java:504) ~[nacos-client-3.1.1.jar:na]
	at com.alibaba.nacos.common.remote.client.RpcClient.lambda$start$1(RpcClient.java:330) ~[nacos-client-3.1.1.jar:na]
	at java.base/java.util.concurrent.Executors$RunnableAdapter.call(Executors.java:545) ~[na:na]
	at java.base/java.util.concurrent.FutureTask.run(FutureTask.java:330) ~[na:na]
	at java.base/java.util.concurrent.ScheduledThreadPoolExecutor$ScheduledFutureTask.run(ScheduledThreadPoolExecutor.java:309) ~[na:na]
	at java.base/java.util.concurrent.ThreadPoolExecutor.runWorker(ThreadPoolExecutor.java:1090) ~[na:na]
	at java.base/java.util.concurrent.ThreadPoolExecutor$Worker.run(ThreadPoolExecutor.java:614) ~[na:na]
	at java.base/java.lang.Thread.run(Thread.java:1516) ~[na:na]
2026-08-02 01:56:05.714 [com.alibaba.nacos.client.remote.worker.1] [none] INFO  c.a.n.c.r.client.grpc.GrpcClient - grpc client connection server: 129.204.152.168 ip, serverPort: 9848, grpcTslConfig: {"enableTls":false,"mutualAuthEnable":false,"trustAll":true}
2026-08-02 01:56:08.441 [com.alibaba.nacos.client.remote.worker.1] [none] ERROR c.a.n.c.r.client.grpc.GrpcClient - Server check fail, please check server 129.204.152.168, port 9848 is available, error ={}
java.util.concurrent.TimeoutException: Waited 3000 milliseconds (plus 361800 nanoseconds delay) for com.alibaba.nacos.shaded.io.grpc.stub.ClientCalls$GrpcFuture@6f95bb23[status=PENDING, info=[GrpcFuture{clientCall=PendingCall{realCall=ClientCallImpl{method=MethodDescriptor{fullMethodName=Request/request, type=UNARY, idempotent=false, safe=false, sampledToLocalTracing=true, requestMarshaller=com.alibaba.nacos.shaded.io.grpc.protobuf.lite.ProtoLiteUtils$MessageMarshaller@258c0cfb, responseMarshaller=com.alibaba.nacos.shaded.io.grpc.protobuf.lite.ProtoLiteUtils$MessageMarshaller@4156771b, schemaDescriptor=com.alibaba.nacos.api.grpc.auto.RequestGrpc$RequestMethodDescriptorSupplier@1ef76774}}}}]]
	at com.alibaba.nacos.shaded.com.google.common.util.concurrent.AbstractFuture.get(AbstractFuture.java:535) ~[nacos-client-3.1.1.jar:na]
	at com.alibaba.nacos.common.remote.client.grpc.GrpcClient.serverCheck(GrpcClient.java:234) ~[nacos-client-3.1.1.jar:na]
	at com.alibaba.nacos.common.remote.client.grpc.GrpcClient.connectToServer(GrpcClient.java:346) ~[nacos-client-3.1.1.jar:na]
	at com.alibaba.nacos.common.remote.client.RpcClient.reconnect(RpcClient.java:504) ~[nacos-client-3.1.1.jar:na]
	at com.alibaba.nacos.common.remote.client.RpcClient.lambda$start$1(RpcClient.java:330) ~[nacos-client-3.1.1.jar:na]
	at java.base/java.util.concurrent.Executors$RunnableAdapter.call(Executors.java:545) ~[na:na]
	at java.base/java.util.concurrent.FutureTask.run(FutureTask.java:330) ~[na:na]
	at java.base/java.util.concurrent.ScheduledThreadPoolExecutor$ScheduledFutureTask.run(ScheduledThreadPoolExecutor.java:309) ~[na:na]
	at java.base/java.util.concurrent.ThreadPoolExecutor.runWorker(ThreadPoolExecutor.java:1090) ~[na:na]
	at java.base/java.util.concurrent.ThreadPoolExecutor$Worker.run(ThreadPoolExecutor.java:614) ~[na:na]
	at java.base/java.lang.Thread.run(Thread.java:1516) ~[na:na]
2026-08-02 01:56:08.441 [com.alibaba.nacos.client.remote.worker.1] [none] INFO  c.alibaba.nacos.common.remote.client - [a2de216e-2f6a-4bbf-b7b4-697b66f31442_config-0] Fail to connect server, after trying 1 times, last try server is {serverIp = '129.204.152.168', server main port = 8848}, error = unknown
2026-08-02 01:56:08.539 [com.alibaba.nacos.client.remote.worker.0] [none] ERROR c.a.n.c.r.client.grpc.GrpcClient - Server check fail, please check server 129.204.152.168, port 9848 is available, error ={}
java.util.concurrent.TimeoutException: Waited 3000 milliseconds (plus 738300 nanoseconds delay) for com.alibaba.nacos.shaded.io.grpc.stub.ClientCalls$GrpcFuture@7d35e71[status=PENDING, info=[GrpcFuture{clientCall=PendingCall{realCall=ClientCallImpl{method=MethodDescriptor{fullMethodName=Request/request, type=UNARY, idempotent=false, safe=false, sampledToLocalTracing=true, requestMarshaller=com.alibaba.nacos.shaded.io.grpc.protobuf.lite.ProtoLiteUtils$MessageMarshaller@258c0cfb, responseMarshaller=com.alibaba.nacos.shaded.io.grpc.protobuf.lite.ProtoLiteUtils$MessageMarshaller@4156771b, schemaDescriptor=com.alibaba.nacos.api.grpc.auto.RequestGrpc$RequestMethodDescriptorSupplier@1ef76774}}}}]]
	at com.alibaba.nacos.shaded.com.google.common.util.concurrent.AbstractFuture.get(AbstractFuture.java:535) ~[nacos-client-3.1.1.jar:na]
	at com.alibaba.nacos.common.remote.client.grpc.GrpcClient.serverCheck(GrpcClient.java:234) ~[nacos-client-3.1.1.jar:na]
	at com.alibaba.nacos.common.remote.client.grpc.GrpcClient.connectToServer(GrpcClient.java:346) ~[nacos-client-3.1.1.jar:na]
	at com.alibaba.nacos.common.remote.client.RpcClient.reconnect(RpcClient.java:504) ~[nacos-client-3.1.1.jar:na]
	at com.alibaba.nacos.common.remote.client.RpcClient.lambda$start$1(RpcClient.java:330) ~[nacos-client-3.1.1.jar:na]
	at java.base/java.util.concurrent.Executors$RunnableAdapter.call(Executors.java:545) ~[na:na]
	at java.base/java.util.concurrent.FutureTask.run(FutureTask.java:330) ~[na:na]
	at java.base/java.util.concurrent.ScheduledThreadPoolExecutor$ScheduledFutureTask.run(ScheduledThreadPoolExecutor.java:309) ~[na:na]
	at java.base/java.util.concurrent.ThreadPoolExecutor.runWorker(ThreadPoolExecutor.java:1090) ~[na:na]
	at java.base/java.util.concurrent.ThreadPoolExecutor$Worker.run(ThreadPoolExecutor.java:614) ~[na:na]
	at java.base/java.lang.Thread.run(Thread.java:1516) ~[na:na]
2026-08-02 01:56:08.539 [com.alibaba.nacos.client.remote.worker.0] [none] INFO  c.alibaba.nacos.common.remote.client - [dc5fbd3f-30f6-4048-b9dc-0d30b703c861_config-0] Fail to connect server, after trying 1 times, last try server is {serverIp = '129.204.152.168', server main port = 8848}, error = unknown
2026-08-02 01:56:08.585 [com.alibaba.nacos.client.remote.worker.1] [none] ERROR c.a.n.c.r.client.grpc.GrpcClient - Server check fail, please check server 129.204.152.168, port 9848 is available, error ={}
java.util.concurrent.TimeoutException: Waited 3000 milliseconds (plus 1 milliseconds, 467300 nanoseconds delay) for com.alibaba.nacos.shaded.io.grpc.stub.ClientCalls$GrpcFuture@6edfffd9[status=PENDING, info=[GrpcFuture{clientCall=PendingCall{realCall=ClientCallImpl{method=MethodDescriptor{fullMethodName=Request/request, type=UNARY, idempotent=false, safe=false, sampledToLocalTracing=true, requestMarshaller=com.alibaba.nacos.shaded.io.grpc.protobuf.lite.ProtoLiteUtils$MessageMarshaller@258c0cfb, responseMarshaller=com.alibaba.nacos.shaded.io.grpc.protobuf.lite.ProtoLiteUtils$MessageMarshaller@4156771b, schemaDescriptor=com.alibaba.nacos.api.grpc.auto.RequestGrpc$RequestMethodDescriptorSupplier@1ef76774}}}}]]
	at com.alibaba.nacos.shaded.com.google.common.util.concurrent.AbstractFuture.get(AbstractFuture.java:535) ~[nacos-client-3.1.1.jar:na]
	at com.alibaba.nacos.common.remote.client.grpc.GrpcClient.serverCheck(GrpcClient.java:234) ~[nacos-client-3.1.1.jar:na]
	at com.alibaba.nacos.common.remote.client.grpc.GrpcClient.connectToServer(GrpcClient.java:346) ~[nacos-client-3.1.1.jar:na]
	at com.alibaba.nacos.common.remote.client.RpcClient.reconnect(RpcClient.java:504) ~[nacos-client-3.1.1.jar:na]
	at com.alibaba.nacos.common.remote.client.RpcClient.lambda$start$1(RpcClient.java:330) ~[nacos-client-3.1.1.jar:na]
	at java.base/java.util.concurrent.Executors$RunnableAdapter.call(Executors.java:545) ~[na:na]
	at java.base/java.util.concurrent.FutureTask.run(FutureTask.java:330) ~[na:na]
	at java.base/java.util.concurrent.ScheduledThreadPoolExecutor$ScheduledFutureTask.run(ScheduledThreadPoolExecutor.java:309) ~[na:na]
	at java.base/java.util.concurrent.ThreadPoolExecutor.runWorker(ThreadPoolExecutor.java:1090) ~[na:na]
	at java.base/java.util.concurrent.ThreadPoolExecutor$Worker.run(ThreadPoolExecutor.java:614) ~[na:na]
	at java.base/java.lang.Thread.run(Thread.java:1516) ~[na:na]
2026-08-02 01:56:08.585 [com.alibaba.nacos.client.remote.worker.1] [none] INFO  c.alibaba.nacos.common.remote.client - [e0f57a1d-efd0-4a9e-8f80-e0a922cfdd5d] Fail to connect server, after trying 1 times, last try server is {serverIp = '129.204.152.168', server main port = 8848}, error = unknown
2026-08-02 01:56:08.642 [com.alibaba.nacos.client.remote.worker.1] [none] INFO  c.a.n.c.r.client.grpc.GrpcClient - grpc client connection server: 129.204.152.168 ip, serverPort: 9848, grpcTslConfig: {"enableTls":false,"mutualAuthEnable":false,"trustAll":true}
2026-08-02 01:56:08.715 [com.alibaba.nacos.client.remote.worker.1] [none] ERROR c.a.n.c.r.client.grpc.GrpcClient - Server check fail, please check server 129.204.152.168, port 9848 is available, error ={}
java.util.concurrent.TimeoutException: Waited 3000 milliseconds (plus 369900 nanoseconds delay) for com.alibaba.nacos.shaded.io.grpc.stub.ClientCalls$GrpcFuture@a1bc10b[status=PENDING, info=[GrpcFuture{clientCall=PendingCall{realCall=ClientCallImpl{method=MethodDescriptor{fullMethodName=Request/request, type=UNARY, idempotent=false, safe=false, sampledToLocalTracing=true, requestMarshaller=com.alibaba.nacos.shaded.io.grpc.protobuf.lite.ProtoLiteUtils$MessageMarshaller@258c0cfb, responseMarshaller=com.alibaba.nacos.shaded.io.grpc.protobuf.lite.ProtoLiteUtils$MessageMarshaller@4156771b, schemaDescriptor=com.alibaba.nacos.api.grpc.auto.RequestGrpc$RequestMethodDescriptorSupplier@1ef76774}}}}]]
	at com.alibaba.nacos.shaded.com.google.common.util.concurrent.AbstractFuture.get(AbstractFuture.java:535) ~[nacos-client-3.1.1.jar:na]
	at com.alibaba.nacos.common.remote.client.grpc.GrpcClient.serverCheck(GrpcClient.java:234) ~[nacos-client-3.1.1.jar:na]
	at com.alibaba.nacos.common.remote.client.grpc.GrpcClient.connectToServer(GrpcClient.java:346) ~[nacos-client-3.1.1.jar:na]
	at com.alibaba.nacos.common.remote.client.RpcClient.reconnect(RpcClient.java:504) ~[nacos-client-3.1.1.jar:na]
	at com.alibaba.nacos.common.remote.client.RpcClient.lambda$start$1(RpcClient.java:330) ~[nacos-client-3.1.1.jar:na]
	at java.base/java.util.concurrent.Executors$RunnableAdapter.call(Executors.java:545) ~[na:na]
	at java.base/java.util.concurrent.FutureTask.run(FutureTask.java:330) ~[na:na]
	at java.base/java.util.concurrent.ScheduledThreadPoolExecutor$ScheduledFutureTask.run(ScheduledThreadPoolExecutor.java:309) ~[na:na]
	at java.base/java.util.concurrent.ThreadPoolExecutor.runWorker(ThreadPoolExecutor.java:1090) ~[na:na]
	at java.base/java.util.concurrent.ThreadPoolExecutor$Worker.run(ThreadPoolExecutor.java:614) ~[na:na]
	at java.base/java.lang.Thread.run(Thread.java:1516) ~[na:na]
2026-08-02 01:56:08.715 [com.alibaba.nacos.client.remote.worker.1] [none] INFO  c.alibaba.nacos.common.remote.client - [eab7de7c-d831-4e36-adf4-f4dc47a0d2cf_config-0] Fail to connect server, after trying 1 times, last try server is {serverIp = '129.204.152.168', server main port = 8848}, error = unknown
2026-08-02 01:56:08.741 [com.alibaba.nacos.client.remote.worker.0] [none] INFO  c.a.n.c.r.client.grpc.GrpcClient - grpc client connection server: 129.204.152.168 ip, serverPort: 9848, grpcTslConfig: {"enableTls":false,"mutualAuthEnable":false,"trustAll":true}
2026-08-02 01:56:08.787 [com.alibaba.nacos.client.remote.worker.1] [none] INFO  c.a.n.c.r.client.grpc.GrpcClient - grpc client connection server: 129.204.152.168 ip, serverPort: 9848, grpcTslConfig: {"enableTls":false,"mutualAuthEnable":false,"trustAll":true}
2026-08-02 01:56:08.916 [com.alibaba.nacos.client.remote.worker.1] [none] INFO  c.a.n.c.r.client.grpc.GrpcClient - grpc client connection server: 129.204.152.168 ip, serverPort: 9848, grpcTslConfig: {"enableTls":false,"mutualAuthEnable":false,"trustAll":true}
2026-08-02 01:56:09.231 [com.alibaba.nacos.naming.failover.0] [none] DEBUG com.alibaba.nacos.client.naming - failover switch is not found, 00-00---000-VIPSRV_FAILOVER_SWITCH-000---00-00
2026-08-02 01:56:11.644 [com.alibaba.nacos.client.remote.worker.1] [none] ERROR c.a.n.c.r.client.grpc.GrpcClient - Server check fail, please check server 129.204.152.168, port 9848 is available, error ={}
java.util.concurrent.TimeoutException: Waited 3000 milliseconds (plus 700800 nanoseconds delay) for com.alibaba.nacos.shaded.io.grpc.stub.ClientCalls$GrpcFuture@15eb8476[status=PENDING, info=[GrpcFuture{clientCall=PendingCall{realCall=ClientCallImpl{method=MethodDescriptor{fullMethodName=Request/request, type=UNARY, idempotent=false, safe=false, sampledToLocalTracing=true, requestMarshaller=com.alibaba.nacos.shaded.io.grpc.protobuf.lite.ProtoLiteUtils$MessageMarshaller@258c0cfb, responseMarshaller=com.alibaba.nacos.shaded.io.grpc.protobuf.lite.ProtoLiteUtils$MessageMarshaller@4156771b, schemaDescriptor=com.alibaba.nacos.api.grpc.auto.RequestGrpc$RequestMethodDescriptorSupplier@1ef76774}}}}]]
	at com.alibaba.nacos.shaded.com.google.common.util.concurrent.AbstractFuture.get(AbstractFuture.java:535) ~[nacos-client-3.1.1.jar:na]
	at com.alibaba.nacos.common.remote.client.grpc.GrpcClient.serverCheck(GrpcClient.java:234) ~[nacos-client-3.1.1.jar:na]
	at com.alibaba.nacos.common.remote.client.grpc.GrpcClient.connectToServer(GrpcClient.java:346) ~[nacos-client-3.1.1.jar:na]
	at com.alibaba.nacos.common.remote.client.RpcClient.reconnect(RpcClient.java:504) ~[nacos-client-3.1.1.jar:na]
	at com.alibaba.nacos.common.remote.client.RpcClient.lambda$start$1(RpcClient.java:330) ~[nacos-client-3.1.1.jar:na]
	at java.base/java.util.concurrent.Executors$RunnableAdapter.call(Executors.java:545) ~[na:na]
	at java.base/java.util.concurrent.FutureTask.run(FutureTask.java:330) ~[na:na]
	at java.base/java.util.concurrent.ScheduledThreadPoolExecutor$ScheduledFutureTask.run(ScheduledThreadPoolExecutor.java:309) ~[na:na]
	at java.base/java.util.concurrent.ThreadPoolExecutor.runWorker(ThreadPoolExecutor.java:1090) ~[na:na]
	at java.base/java.util.concurrent.ThreadPoolExecutor$Worker.run(ThreadPoolExecutor.java:614) ~[na:na]
	at java.base/java.lang.Thread.run(Thread.java:1516) ~[na:na]
2026-08-02 01:56:11.644 [com.alibaba.nacos.client.remote.worker.1] [none] INFO  c.alibaba.nacos.common.remote.client - [a2de216e-2f6a-4bbf-b7b4-697b66f31442_config-0] Fail to connect server, after trying 2 times, last try server is {serverIp = '129.204.152.168', server main port = 8848}, error = unknown
2026-08-02 01:56:11.743 [com.alibaba.nacos.client.remote.worker.0] [none] ERROR c.a.n.c.r.client.grpc.GrpcClient - Server check fail, please check server 129.204.152.168, port 9848 is available, error ={}
java.util.concurrent.TimeoutException: Waited 3000 milliseconds (plus 745800 nanoseconds delay) for com.alibaba.nacos.shaded.io.grpc.stub.ClientCalls$GrpcFuture@914113[status=PENDING, info=[GrpcFuture{clientCall=PendingCall{realCall=ClientCallImpl{method=MethodDescriptor{fullMethodName=Request/request, type=UNARY, idempotent=false, safe=false, sampledToLocalTracing=true, requestMarshaller=com.alibaba.nacos.shaded.io.grpc.protobuf.lite.ProtoLiteUtils$MessageMarshaller@258c0cfb, responseMarshaller=com.alibaba.nacos.shaded.io.grpc.protobuf.lite.ProtoLiteUtils$MessageMarshaller@4156771b, schemaDescriptor=com.alibaba.nacos.api.grpc.auto.RequestGrpc$RequestMethodDescriptorSupplier@1ef76774}}}}]]
	at com.alibaba.nacos.shaded.com.google.common.util.concurrent.AbstractFuture.get(AbstractFuture.java:535) ~[nacos-client-3.1.1.jar:na]
	at com.alibaba.nacos.common.remote.client.grpc.GrpcClient.serverCheck(GrpcClient.java:234) ~[nacos-client-3.1.1.jar:na]
	at com.alibaba.nacos.common.remote.client.grpc.GrpcClient.connectToServer(GrpcClient.java:346) ~[nacos-client-3.1.1.jar:na]
	at com.alibaba.nacos.common.remote.client.RpcClient.reconnect(RpcClient.java:504) ~[nacos-client-3.1.1.jar:na]
	at com.alibaba.nacos.common.remote.client.RpcClient.lambda$start$1(RpcClient.java:330) ~[nacos-client-3.1.1.jar:na]
	at java.base/java.util.concurrent.Executors$RunnableAdapter.call(Executors.java:545) ~[na:na]
	at java.base/java.util.concurrent.FutureTask.run(FutureTask.java:330) ~[na:na]
	at java.base/java.util.concurrent.ScheduledThreadPoolExecutor$ScheduledFutureTask.run(ScheduledThreadPoolExecutor.java:309) ~[na:na]
	at java.base/java.util.concurrent.ThreadPoolExecutor.runWorker(ThreadPoolExecutor.java:1090) ~[na:na]
	at java.base/java.util.concurrent.ThreadPoolExecutor$Worker.run(ThreadPoolExecutor.java:614) ~[na:na]
	at java.base/java.lang.Thread.run(Thread.java:1516) ~[na:na]
2026-08-02 01:56:11.743 [com.alibaba.nacos.client.remote.worker.0] [none] INFO  c.alibaba.nacos.common.remote.client - [dc5fbd3f-30f6-4048-b9dc-0d30b703c861_config-0] Fail to connect server, after trying 2 times, last try server is {serverIp = '129.204.152.168', server main port = 8848}, error = unknown
2026-08-02 01:56:11.789 [com.alibaba.nacos.client.remote.worker.1] [none] ERROR c.a.n.c.r.client.grpc.GrpcClient - Server check fail, please check server 129.204.152.168, port 9848 is available, error ={}
java.util.concurrent.TimeoutException: Waited 3000 milliseconds (plus 280300 nanoseconds delay) for com.alibaba.nacos.shaded.io.grpc.stub.ClientCalls$GrpcFuture@29747b8f[status=PENDING, info=[GrpcFuture{clientCall=PendingCall{realCall=ClientCallImpl{method=MethodDescriptor{fullMethodName=Request/request, type=UNARY, idempotent=false, safe=false, sampledToLocalTracing=true, requestMarshaller=com.alibaba.nacos.shaded.io.grpc.protobuf.lite.ProtoLiteUtils$MessageMarshaller@258c0cfb, responseMarshaller=com.alibaba.nacos.shaded.io.grpc.protobuf.lite.ProtoLiteUtils$MessageMarshaller@4156771b, schemaDescriptor=com.alibaba.nacos.api.grpc.auto.RequestGrpc$RequestMethodDescriptorSupplier@1ef76774}}}}]]
	at com.alibaba.nacos.shaded.com.google.common.util.concurrent.AbstractFuture.get(AbstractFuture.java:535) ~[nacos-client-3.1.1.jar:na]
	at com.alibaba.nacos.common.remote.client.grpc.GrpcClient.serverCheck(GrpcClient.java:234) ~[nacos-client-3.1.1.jar:na]
	at com.alibaba.nacos.common.remote.client.grpc.GrpcClient.connectToServer(GrpcClient.java:346) ~[nacos-client-3.1.1.jar:na]
	at com.alibaba.nacos.common.remote.client.RpcClient.reconnect(RpcClient.java:504) ~[nacos-client-3.1.1.jar:na]
	at com.alibaba.nacos.common.remote.client.RpcClient.lambda$start$1(RpcClient.java:330) ~[nacos-client-3.1.1.jar:na]
	at java.base/java.util.concurrent.Executors$RunnableAdapter.call(Executors.java:545) ~[na:na]
	at java.base/java.util.concurrent.FutureTask.run(FutureTask.java:330) ~[na:na]
	at java.base/java.util.concurrent.ScheduledThreadPoolExecutor$ScheduledFutureTask.run(ScheduledThreadPoolExecutor.java:309) ~[na:na]
	at java.base/java.util.concurrent.ThreadPoolExecutor.runWorker(ThreadPoolExecutor.java:1090) ~[na:na]
	at java.base/java.util.concurrent.ThreadPoolExecutor$Worker.run(ThreadPoolExecutor.java:614) ~[na:na]
	at java.base/java.lang.Thread.run(Thread.java:1516) ~[na:na]
2026-08-02 01:56:11.789 [com.alibaba.nacos.client.remote.worker.1] [none] INFO  c.alibaba.nacos.common.remote.client - [e0f57a1d-efd0-4a9e-8f80-e0a922cfdd5d] Fail to connect server, after trying 2 times, last try server is {serverIp = '129.204.152.168', server main port = 8848}, error = unknown
2026-08-02 01:56:11.918 [com.alibaba.nacos.client.remote.worker.1] [none] ERROR c.a.n.c.r.client.grpc.GrpcClient - Server check fail, please check server 129.204.152.168, port 9848 is available, error ={}
java.util.concurrent.TimeoutException: Waited 3000 milliseconds (plus 623700 nanoseconds delay) for com.alibaba.nacos.shaded.io.grpc.stub.ClientCalls$GrpcFuture@6d5a82be[status=PENDING, info=[GrpcFuture{clientCall=PendingCall{realCall=ClientCallImpl{method=MethodDescriptor{fullMethodName=Request/request, type=UNARY, idempotent=false, safe=false, sampledToLocalTracing=true, requestMarshaller=com.alibaba.nacos.shaded.io.grpc.protobuf.lite.ProtoLiteUtils$MessageMarshaller@258c0cfb, responseMarshaller=com.alibaba.nacos.shaded.io.grpc.protobuf.lite.ProtoLiteUtils$MessageMarshaller@4156771b, schemaDescriptor=com.alibaba.nacos.api.grpc.auto.RequestGrpc$RequestMethodDescriptorSupplier@1ef76774}}}}]]
	at com.alibaba.nacos.shaded.com.google.common.util.concurrent.AbstractFuture.get(AbstractFuture.java:535) ~[nacos-client-3.1.1.jar:na]
	at com.alibaba.nacos.common.remote.client.grpc.GrpcClient.serverCheck(GrpcClient.java:234) ~[nacos-client-3.1.1.jar:na]
	at com.alibaba.nacos.common.remote.client.grpc.GrpcClient.connectToServer(GrpcClient.java:346) ~[nacos-client-3.1.1.jar:na]
	at com.alibaba.nacos.common.remote.client.RpcClient.reconnect(RpcClient.java:504) ~[nacos-client-3.1.1.jar:na]
	at com.alibaba.nacos.common.remote.client.RpcClient.lambda$start$1(RpcClient.java:330) ~[nacos-client-3.1.1.jar:na]
	at java.base/java.util.concurrent.Executors$RunnableAdapter.call(Executors.java:545) ~[na:na]
	at java.base/java.util.concurrent.FutureTask.run(FutureTask.java:330) ~[na:na]
	at java.base/java.util.concurrent.ScheduledThreadPoolExecutor$ScheduledFutureTask.run(ScheduledThreadPoolExecutor.java:309) ~[na:na]
	at java.base/java.util.concurrent.ThreadPoolExecutor.runWorker(ThreadPoolExecutor.java:1090) ~[na:na]
	at java.base/java.util.concurrent.ThreadPoolExecutor$Worker.run(ThreadPoolExecutor.java:614) ~[na:na]
	at java.base/java.lang.Thread.run(Thread.java:1516) ~[na:na]
2026-08-02 01:56:11.918 [com.alibaba.nacos.client.remote.worker.1] [none] INFO  c.alibaba.nacos.common.remote.client - [eab7de7c-d831-4e36-adf4-f4dc47a0d2cf_config-0] Fail to connect server, after trying 2 times, last try server is {serverIp = '129.204.152.168', server main port = 8848}, error = unknown
2026-08-02 01:56:11.946 [com.alibaba.nacos.client.remote.worker.1] [none] INFO  c.a.n.c.r.client.grpc.GrpcClient - grpc client connection server: 129.204.152.168 ip, serverPort: 9848, grpcTslConfig: {"enableTls":false,"mutualAuthEnable":false,"trustAll":true}
2026-08-02 01:56:12.043 [com.alibaba.nacos.client.remote.worker.0] [none] INFO  c.a.n.c.r.client.grpc.GrpcClient - grpc client connection server: 129.204.152.168 ip, serverPort: 9848, grpcTslConfig: {"enableTls":false,"mutualAuthEnable":false,"trustAll":true}
2026-08-02 01:56:12.090 [com.alibaba.nacos.client.remote.worker.1] [none] INFO  c.a.n.c.r.client.grpc.GrpcClient - grpc client connection server: 129.204.152.168 ip, serverPort: 9848, grpcTslConfig: {"enableTls":false,"mutualAuthEnable":false,"trustAll":true}
2026-08-02 01:56:12.220 [com.alibaba.nacos.client.remote.worker.1] [none] INFO  c.a.n.c.r.client.grpc.GrpcClient - grpc client connection server: 129.204.152.168 ip, serverPort: 9848, grpcTslConfig: {"enableTls":false,"mutualAuthEnable":false,"trustAll":true}
2026-08-02 01:56:14.233 [com.alibaba.nacos.naming.failover.0] [none] DEBUG com.alibaba.nacos.client.naming - failover switch is not found, 00-00---000-VIPSRV_FAILOVER_SWITCH-000---00-00
2026-08-02 01:56:14.948 [com.alibaba.nacos.client.remote.worker.1] [none] ERROR c.a.n.c.r.client.grpc.GrpcClient - Server check fail, please check server 129.204.152.168, port 9848 is available, error ={}
java.util.concurrent.TimeoutException: Waited 3000 milliseconds (plus 973900 nanoseconds delay) for com.alibaba.nacos.shaded.io.grpc.stub.ClientCalls$GrpcFuture@1fb5429c[status=PENDING, info=[GrpcFuture{clientCall=PendingCall{realCall=ClientCallImpl{method=MethodDescriptor{fullMethodName=Request/request, type=UNARY, idempotent=false, safe=false, sampledToLocalTracing=true, requestMarshaller=com.alibaba.nacos.shaded.io.grpc.protobuf.lite.ProtoLiteUtils$MessageMarshaller@258c0cfb, responseMarshaller=com.alibaba.nacos.shaded.io.grpc.protobuf.lite.ProtoLiteUtils$MessageMarshaller@4156771b, schemaDescriptor=com.alibaba.nacos.api.grpc.auto.RequestGrpc$RequestMethodDescriptorSupplier@1ef76774}}}}]]
	at com.alibaba.nacos.shaded.com.google.common.util.concurrent.AbstractFuture.get(AbstractFuture.java:535) ~[nacos-client-3.1.1.jar:na]
	at com.alibaba.nacos.common.remote.client.grpc.GrpcClient.serverCheck(GrpcClient.java:234) ~[nacos-client-3.1.1.jar:na]
	at com.alibaba.nacos.common.remote.client.grpc.GrpcClient.connectToServer(GrpcClient.java:346) ~[nacos-client-3.1.1.jar:na]
	at com.alibaba.nacos.common.remote.client.RpcClient.reconnect(RpcClient.java:504) ~[nacos-client-3.1.1.jar:na]
	at com.alibaba.nacos.common.remote.client.RpcClient.lambda$start$1(RpcClient.java:330) ~[nacos-client-3.1.1.jar:na]
	at java.base/java.util.concurrent.Executors$RunnableAdapter.call(Executors.java:545) ~[na:na]
	at java.base/java.util.concurrent.FutureTask.run(FutureTask.java:330) ~[na:na]
	at java.base/java.util.concurrent.ScheduledThreadPoolExecutor$ScheduledFutureTask.run(ScheduledThreadPoolExecutor.java:309) ~[na:na]
	at java.base/java.util.concurrent.ThreadPoolExecutor.runWorker(ThreadPoolExecutor.java:1090) ~[na:na]
	at java.base/java.util.concurrent.ThreadPoolExecutor$Worker.run(ThreadPoolExecutor.java:614) ~[na:na]
	at java.base/java.lang.Thread.run(Thread.java:1516) ~[na:na]
2026-08-02 01:56:14.949 [com.alibaba.nacos.client.remote.worker.1] [none] INFO  c.alibaba.nacos.common.remote.client - [a2de216e-2f6a-4bbf-b7b4-697b66f31442_config-0] Fail to connect server, after trying 3 times, last try server is {serverIp = '129.204.152.168', server main port = 8848}, error = unknown
2026-08-02 01:56:15.045 [com.alibaba.nacos.client.remote.worker.0] [none] ERROR c.a.n.c.r.client.grpc.GrpcClient - Server check fail, please check server 129.204.152.168, port 9848 is available, error ={}
java.util.concurrent.TimeoutException: Waited 3000 milliseconds (plus 18900 nanoseconds delay) for com.alibaba.nacos.shaded.io.grpc.stub.ClientCalls$GrpcFuture@6add0a9d[status=PENDING, info=[GrpcFuture{clientCall=PendingCall{realCall=ClientCallImpl{method=MethodDescriptor{fullMethodName=Request/request, type=UNARY, idempotent=false, safe=false, sampledToLocalTracing=true, requestMarshaller=com.alibaba.nacos.shaded.io.grpc.protobuf.lite.ProtoLiteUtils$MessageMarshaller@258c0cfb, responseMarshaller=com.alibaba.nacos.shaded.io.grpc.protobuf.lite.ProtoLiteUtils$MessageMarshaller@4156771b, schemaDescriptor=com.alibaba.nacos.api.grpc.auto.RequestGrpc$RequestMethodDescriptorSupplier@1ef76774}}}}]]
	at com.alibaba.nacos.shaded.com.google.common.util.concurrent.AbstractFuture.get(AbstractFuture.java:535) ~[nacos-client-3.1.1.jar:na]
	at com.alibaba.nacos.common.remote.client.grpc.GrpcClient.serverCheck(GrpcClient.java:234) ~[nacos-client-3.1.1.jar:na]
	at com.alibaba.nacos.common.remote.client.grpc.GrpcClient.connectToServer(GrpcClient.java:346) ~[nacos-client-3.1.1.jar:na]
	at com.alibaba.nacos.common.remote.client.RpcClient.reconnect(RpcClient.java:504) ~[nacos-client-3.1.1.jar:na]
	at com.alibaba.nacos.common.remote.client.RpcClient.lambda$start$1(RpcClient.java:330) ~[nacos-client-3.1.1.jar:na]
	at java.base/java.util.concurrent.Executors$RunnableAdapter.call(Executors.java:545) ~[na:na]
	at java.base/java.util.concurrent.FutureTask.run(FutureTask.java:330) ~[na:na]
	at java.base/java.util.concurrent.ScheduledThreadPoolExecutor$ScheduledFutureTask.run(ScheduledThreadPoolExecutor.java:309) ~[na:na]
	at java.base/java.util.concurrent.ThreadPoolExecutor.runWorker(ThreadPoolExecutor.java:1090) ~[na:na]
	at java.base/java.util.concurrent.ThreadPoolExecutor$Worker.run(ThreadPoolExecutor.java:614) ~[na:na]
	at java.base/java.lang.Thread.run(Thread.java:1516) ~[na:na]
2026-08-02 01:56:15.045 [com.alibaba.nacos.client.remote.worker.0] [none] INFO  c.alibaba.nacos.common.remote.client - [dc5fbd3f-30f6-4048-b9dc-0d30b703c861_config-0] Fail to connect server, after trying 3 times, last try server is {serverIp = '129.204.152.168', server main port = 8848}, error = unknown
2026-08-02 01:56:15.092 [com.alibaba.nacos.client.remote.worker.1] [none] ERROR c.a.n.c.r.client.grpc.GrpcClient - Server check fail, please check server 129.204.152.168, port 9848 is available, error ={}
java.util.concurrent.TimeoutException: Waited 3000 milliseconds (plus 1 milliseconds, 268300 nanoseconds delay) for com.alibaba.nacos.shaded.io.grpc.stub.ClientCalls$GrpcFuture@65bb7321[status=PENDING, info=[GrpcFuture{clientCall=PendingCall{realCall=ClientCallImpl{method=MethodDescriptor{fullMethodName=Request/request, type=UNARY, idempotent=false, safe=false, sampledToLocalTracing=true, requestMarshaller=com.alibaba.nacos.shaded.io.grpc.protobuf.lite.ProtoLiteUtils$MessageMarshaller@258c0cfb, responseMarshaller=com.alibaba.nacos.shaded.io.grpc.protobuf.lite.ProtoLiteUtils$MessageMarshaller@4156771b, schemaDescriptor=com.alibaba.nacos.api.grpc.auto.RequestGrpc$RequestMethodDescriptorSupplier@1ef76774}}}}]]
	at com.alibaba.nacos.shaded.com.google.common.util.concurrent.AbstractFuture.get(AbstractFuture.java:535) ~[nacos-client-3.1.1.jar:na]
	at com.alibaba.nacos.common.remote.client.grpc.GrpcClient.serverCheck(GrpcClient.java:234) ~[nacos-client-3.1.1.jar:na]
	at com.alibaba.nacos.common.remote.client.grpc.GrpcClient.connectToServer(GrpcClient.java:346) ~[nacos-client-3.1.1.jar:na]
	at com.alibaba.nacos.common.remote.client.RpcClient.reconnect(RpcClient.java:504) ~[nacos-client-3.1.1.jar:na]
	at com.alibaba.nacos.common.remote.client.RpcClient.lambda$start$1(RpcClient.java:330) ~[nacos-client-3.1.1.jar:na]
	at java.base/java.util.concurrent.Executors$RunnableAdapter.call(Executors.java:545) ~[na:na]
	at java.base/java.util.concurrent.FutureTask.run(FutureTask.java:330) ~[na:na]
	at java.base/java.util.concurrent.ScheduledThreadPoolExecutor$ScheduledFutureTask.run(ScheduledThreadPoolExecutor.java:309) ~[na:na]
	at java.base/java.util.concurrent.ThreadPoolExecutor.runWorker(ThreadPoolExecutor.java:1090) ~[na:na]
	at java.base/java.util.concurrent.ThreadPoolExecutor$Worker.run(ThreadPoolExecutor.java:614) ~[na:na]
	at java.base/java.lang.Thread.run(Thread.java:1516) ~[na:na]
2026-08-02 01:56:15.092 [com.alibaba.nacos.client.remote.worker.1] [none] INFO  c.alibaba.nacos.common.remote.client - [e0f57a1d-efd0-4a9e-8f80-e0a922cfdd5d] Fail to connect server, after trying 3 times, last try server is {serverIp = '129.204.152.168', server main port = 8848}, error = unknown
2026-08-02 01:56:15.223 [com.alibaba.nacos.client.remote.worker.1] [none] ERROR c.a.n.c.r.client.grpc.GrpcClient - Server check fail, please check server 129.204.152.168, port 9848 is available, error ={}
java.util.concurrent.TimeoutException: Waited 3000 milliseconds (plus 1 milliseconds, 835400 nanoseconds delay) for com.alibaba.nacos.shaded.io.grpc.stub.ClientCalls$GrpcFuture@2fc4360e[status=PENDING, info=[GrpcFuture{clientCall=PendingCall{realCall=ClientCallImpl{method=MethodDescriptor{fullMethodName=Request/request, type=UNARY, idempotent=false, safe=false, sampledToLocalTracing=true, requestMarshaller=com.alibaba.nacos.shaded.io.grpc.protobuf.lite.ProtoLiteUtils$MessageMarshaller@258c0cfb, responseMarshaller=com.alibaba.nacos.shaded.io.grpc.protobuf.lite.ProtoLiteUtils$MessageMarshaller@4156771b, schemaDescriptor=com.alibaba.nacos.api.grpc.auto.RequestGrpc$RequestMethodDescriptorSupplier@1ef76774}}}}]]
	at com.alibaba.nacos.shaded.com.google.common.util.concurrent.AbstractFuture.get(AbstractFuture.java:535) ~[nacos-client-3.1.1.jar:na]
	at com.alibaba.nacos.common.remote.client.grpc.GrpcClient.serverCheck(GrpcClient.java:234) ~[nacos-client-3.1.1.jar:na]
	at com.alibaba.nacos.common.remote.client.grpc.GrpcClient.connectToServer(GrpcClient.java:346) ~[nacos-client-3.1.1.jar:na]
	at com.alibaba.nacos.common.remote.client.RpcClient.reconnect(RpcClient.java:504) ~[nacos-client-3.1.1.jar:na]
	at com.alibaba.nacos.common.remote.client.RpcClient.lambda$start$1(RpcClient.java:330) ~[nacos-client-3.1.1.jar:na]
	at java.base/java.util.concurrent.Executors$RunnableAdapter.call(Executors.java:545) ~[na:na]
	at java.base/java.util.concurrent.FutureTask.run(FutureTask.java:330) ~[na:na]
	at java.base/java.util.concurrent.ScheduledThreadPoolExecutor$ScheduledFutureTask.run(ScheduledThreadPoolExecutor.java:309) ~[na:na]
	at java.base/java.util.concurrent.ThreadPoolExecutor.runWorker(ThreadPoolExecutor.java:1090) ~[na:na]
	at java.base/java.util.concurrent.ThreadPoolExecutor$Worker.run(ThreadPoolExecutor.java:614) ~[na:na]
	at java.base/java.lang.Thread.run(Thread.java:1516) ~[na:na]
2026-08-02 01:56:15.223 [com.alibaba.nacos.client.remote.worker.1] [none] INFO  c.alibaba.nacos.common.remote.client - [eab7de7c-d831-4e36-adf4-f4dc47a0d2cf_config-0] Fail to connect server, after trying 3 times, last try server is {serverIp = '129.204.152.168', server main port = 8848}, error = unknown
2026-08-02 01:56:15.350 [com.alibaba.nacos.client.remote.worker.1] [none] INFO  c.a.n.c.r.client.grpc.GrpcClient - grpc client connection server: 129.204.152.168 ip, serverPort: 9848, grpcTslConfig: {"enableTls":false,"mutualAuthEnable":false,"trustAll":true}
2026-08-02 01:56:15.446 [com.alibaba.nacos.client.remote.worker.0] [none] INFO  c.a.n.c.r.client.grpc.GrpcClient - grpc client connection server: 129.204.152.168 ip, serverPort: 9848, grpcTslConfig: {"enableTls":false,"mutualAuthEnable":false,"trustAll":true}
2026-08-02 01:56:15.492 [com.alibaba.nacos.client.remote.worker.1] [none] INFO  c.a.n.c.r.client.grpc.GrpcClient - grpc client connection server: 129.204.152.168 ip, serverPort: 9848, grpcTslConfig: {"enableTls":false,"mutualAuthEnable":false,"trustAll":true}
2026-08-02 01:56:15.623 [HikariPool-1:housekeeper] [none] WARN  com.zaxxer.hikari.pool.PoolBase - HikariPool-1 - Failed to validate connection com.mysql.cj.jdbc.ConnectionImpl@39d0dc86 (No operations allowed after connection closed.). Possibly consider using a shorter maxLifetime value.
2026-08-02 01:56:15.624 [com.alibaba.nacos.client.remote.worker.1] [none] INFO  c.a.n.c.r.client.grpc.GrpcClient - grpc client connection server: 129.204.152.168 ip, serverPort: 9848, grpcTslConfig: {"enableTls":false,"mutualAuthEnable":false,"trustAll":true}
2026-08-02 01:56:18.352 [com.alibaba.nacos.client.remote.worker.1] [none] ERROR c.a.n.c.r.client.grpc.GrpcClient - Server check fail, please check server 129.204.152.168, port 9848 is available, error ={}
java.util.concurrent.TimeoutException: Waited 3000 milliseconds (plus 659700 nanoseconds delay) for com.alibaba.nacos.shaded.io.grpc.stub.ClientCalls$GrpcFuture@513f668a[status=PENDING, info=[GrpcFuture{clientCall=PendingCall{realCall=ClientCallImpl{method=MethodDescriptor{fullMethodName=Request/request, type=UNARY, idempotent=false, safe=false, sampledToLocalTracing=true, requestMarshaller=com.alibaba.nacos.shaded.io.grpc.protobuf.lite.ProtoLiteUtils$MessageMarshaller@258c0cfb, responseMarshaller=com.alibaba.nacos.shaded.io.grpc.protobuf.lite.ProtoLiteUtils$MessageMarshaller@4156771b, schemaDescriptor=com.alibaba.nacos.api.grpc.auto.RequestGrpc$RequestMethodDescriptorSupplier@1ef76774}}}}]]
	at com.alibaba.nacos.shaded.com.google.common.util.concurrent.AbstractFuture.get(AbstractFuture.java:535) ~[nacos-client-3.1.1.jar:na]
	at com.alibaba.nacos.common.remote.client.grpc.GrpcClient.serverCheck(GrpcClient.java:234) ~[nacos-client-3.1.1.jar:na]
	at com.alibaba.nacos.common.remote.client.grpc.GrpcClient.connectToServer(GrpcClient.java:346) ~[nacos-client-3.1.1.jar:na]
	at com.alibaba.nacos.common.remote.client.RpcClient.reconnect(RpcClient.java:504) ~[nacos-client-3.1.1.jar:na]
	at com.alibaba.nacos.common.remote.client.RpcClient.lambda$start$1(RpcClient.java:330) ~[nacos-client-3.1.1.jar:na]
	at java.base/java.util.concurrent.Executors$RunnableAdapter.call(Executors.java:545) ~[na:na]
	at java.base/java.util.concurrent.FutureTask.run(FutureTask.java:330) ~[na:na]
	at java.base/java.util.concurrent.ScheduledThreadPoolExecutor$ScheduledFutureTask.run(ScheduledThreadPoolExecutor.java:309) ~[na:na]
	at java.base/java.util.concurrent.ThreadPoolExecutor.runWorker(ThreadPoolExecutor.java:1090) ~[na:na]
	at java.base/java.util.concurrent.ThreadPoolExecutor$Worker.run(ThreadPoolExecutor.java:614) ~[na:na]
	at java.base/java.lang.Thread.run(Thread.java:1516) ~[na:na]
2026-08-02 01:56:18.352 [com.alibaba.nacos.client.remote.worker.1] [none] INFO  c.alibaba.nacos.common.remote.client - [a2de216e-2f6a-4bbf-b7b4-697b66f31442_config-0] Fail to connect server, after trying 4 times, last try server is {serverIp = '129.204.152.168', server main port = 8848}, error = unknown
2026-08-02 01:56:18.447 [com.alibaba.nacos.client.remote.worker.0] [none] ERROR c.a.n.c.r.client.grpc.GrpcClient - Server check fail, please check server 129.204.152.168, port 9848 is available, error ={}
java.util.concurrent.TimeoutException: Waited 3000 milliseconds (plus 696100 nanoseconds delay) for com.alibaba.nacos.shaded.io.grpc.stub.ClientCalls$GrpcFuture@a07ed6f[status=PENDING, info=[GrpcFuture{clientCall=PendingCall{realCall=ClientCallImpl{method=MethodDescriptor{fullMethodName=Request/request, type=UNARY, idempotent=false, safe=false, sampledToLocalTracing=true, requestMarshaller=com.alibaba.nacos.shaded.io.grpc.protobuf.lite.ProtoLiteUtils$MessageMarshaller@258c0cfb, responseMarshaller=com.alibaba.nacos.shaded.io.grpc.protobuf.lite.ProtoLiteUtils$MessageMarshaller@4156771b, schemaDescriptor=com.alibaba.nacos.api.grpc.auto.RequestGrpc$RequestMethodDescriptorSupplier@1ef76774}}}}]]
	at com.alibaba.nacos.shaded.com.google.common.util.concurrent.AbstractFuture.get(AbstractFuture.java:535) ~[nacos-client-3.1.1.jar:na]
	at com.alibaba.nacos.common.remote.client.grpc.GrpcClient.serverCheck(GrpcClient.java:234) ~[nacos-client-3.1.1.jar:na]
	at com.alibaba.nacos.common.remote.client.grpc.GrpcClient.connectToServer(GrpcClient.java:346) ~[nacos-client-3.1.1.jar:na]
	at com.alibaba.nacos.common.remote.client.RpcClient.reconnect(RpcClient.java:504) ~[nacos-client-3.1.1.jar:na]
	at com.alibaba.nacos.common.remote.client.RpcClient.lambda$start$1(RpcClient.java:330) ~[nacos-client-3.1.1.jar:na]
	at java.base/java.util.concurrent.Executors$RunnableAdapter.call(Executors.java:545) ~[na:na]
	at java.base/java.util.concurrent.FutureTask.run(FutureTask.java:330) ~[na:na]
	at java.base/java.util.concurrent.ScheduledThreadPoolExecutor$ScheduledFutureTask.run(ScheduledThreadPoolExecutor.java:309) ~[na:na]
	at java.base/java.util.concurrent.ThreadPoolExecutor.runWorker(ThreadPoolExecutor.java:1090) ~[na:na]
	at java.base/java.util.concurrent.ThreadPoolExecutor$Worker.run(ThreadPoolExecutor.java:614) ~[na:na]
	at java.base/java.lang.Thread.run(Thread.java:1516) ~[na:na]
2026-08-02 01:56:18.448 [com.alibaba.nacos.client.remote.worker.0] [none] INFO  c.alibaba.nacos.common.remote.client - [dc5fbd3f-30f6-4048-b9dc-0d30b703c861_config-0] Fail to connect server, after trying 4 times, last try server is {serverIp = '129.204.152.168', server main port = 8848}, error = unknown
2026-08-02 01:56:18.494 [com.alibaba.nacos.client.remote.worker.1] [none] ERROR c.a.n.c.r.client.grpc.GrpcClient - Server check fail, please check server 129.204.152.168, port 9848 is available, error ={}
java.util.concurrent.TimeoutException: Waited 3000 milliseconds (plus 211500 nanoseconds delay) for com.alibaba.nacos.shaded.io.grpc.stub.ClientCalls$GrpcFuture@6aa85927[status=PENDING, info=[GrpcFuture{clientCall=PendingCall{realCall=ClientCallImpl{method=MethodDescriptor{fullMethodName=Request/request, type=UNARY, idempotent=false, safe=false, sampledToLocalTracing=true, requestMarshaller=com.alibaba.nacos.shaded.io.grpc.protobuf.lite.ProtoLiteUtils$MessageMarshaller@258c0cfb, responseMarshaller=com.alibaba.nacos.shaded.io.grpc.protobuf.lite.ProtoLiteUtils$MessageMarshaller@4156771b, schemaDescriptor=com.alibaba.nacos.api.grpc.auto.RequestGrpc$RequestMethodDescriptorSupplier@1ef76774}}}}]]
	at com.alibaba.nacos.shaded.com.google.common.util.concurrent.AbstractFuture.get(AbstractFuture.java:535) ~[nacos-client-3.1.1.jar:na]
	at com.alibaba.nacos.common.remote.client.grpc.GrpcClient.serverCheck(GrpcClient.java:234) ~[nacos-client-3.1.1.jar:na]
	at com.alibaba.nacos.common.remote.client.grpc.GrpcClient.connectToServer(GrpcClient.java:346) ~[nacos-client-3.1.1.jar:na]
	at com.alibaba.nacos.common.remote.client.RpcClient.reconnect(RpcClient.java:504) ~[nacos-client-3.1.1.jar:na]
	at com.alibaba.nacos.common.remote.client.RpcClient.lambda$start$1(RpcClient.java:330) ~[nacos-client-3.1.1.jar:na]
	at java.base/java.util.concurrent.Executors$RunnableAdapter.call(Executors.java:545) ~[na:na]
	at java.base/java.util.concurrent.FutureTask.run(FutureTask.java:330) ~[na:na]
	at java.base/java.util.concurrent.ScheduledThreadPoolExecutor$ScheduledFutureTask.run(ScheduledThreadPoolExecutor.java:309) ~[na:na]
	at java.base/java.util.concurrent.ThreadPoolExecutor.runWorker(ThreadPoolExecutor.java:1090) ~[na:na]
	at java.base/java.util.concurrent.ThreadPoolExecutor$Worker.run(ThreadPoolExecutor.java:614) ~[na:na]
	at java.base/java.lang.Thread.run(Thread.java:1516) ~[na:na]
2026-08-02 01:56:18.494 [com.alibaba.nacos.client.remote.worker.1] [none] INFO  c.alibaba.nacos.common.remote.client - [e0f57a1d-efd0-4a9e-8f80-e0a922cfdd5d] Fail to connect server, after trying 4 times, last try server is {serverIp = '129.204.152.168', server main port = 8848}, error = unknown
2026-08-02 01:56:18.625 [com.alibaba.nacos.client.remote.worker.1] [none] ERROR c.a.n.c.r.client.grpc.GrpcClient - Server check fail, please check server 129.204.152.168, port 9848 is available, error ={}
java.util.concurrent.TimeoutException: Waited 3000 milliseconds (plus 40500 nanoseconds delay) for com.alibaba.nacos.shaded.io.grpc.stub.ClientCalls$GrpcFuture@3fc7d245[status=PENDING, info=[GrpcFuture{clientCall=PendingCall{realCall=ClientCallImpl{method=MethodDescriptor{fullMethodName=Request/request, type=UNARY, idempotent=false, safe=false, sampledToLocalTracing=true, requestMarshaller=com.alibaba.nacos.shaded.io.grpc.protobuf.lite.ProtoLiteUtils$MessageMarshaller@258c0cfb, responseMarshaller=com.alibaba.nacos.shaded.io.grpc.protobuf.lite.ProtoLiteUtils$MessageMarshaller@4156771b, schemaDescriptor=com.alibaba.nacos.api.grpc.auto.RequestGrpc$RequestMethodDescriptorSupplier@1ef76774}}}}]]
	at com.alibaba.nacos.shaded.com.google.common.util.concurrent.AbstractFuture.get(AbstractFuture.java:535) ~[nacos-client-3.1.1.jar:na]
	at com.alibaba.nacos.common.remote.client.grpc.GrpcClient.serverCheck(GrpcClient.java:234) ~[nacos-client-3.1.1.jar:na]
	at com.alibaba.nacos.common.remote.client.grpc.GrpcClient.connectToServer(GrpcClient.java:346) ~[nacos-client-3.1.1.jar:na]
	at com.alibaba.nacos.common.remote.client.RpcClient.reconnect(RpcClient.java:504) ~[nacos-client-3.1.1.jar:na]
	at com.alibaba.nacos.common.remote.client.RpcClient.lambda$start$1(RpcClient.java:330) ~[nacos-client-3.1.1.jar:na]
	at java.base/java.util.concurrent.Executors$RunnableAdapter.call(Executors.java:545) ~[na:na]
	at java.base/java.util.concurrent.FutureTask.run(FutureTask.java:330) ~[na:na]
	at java.base/java.util.concurrent.ScheduledThreadPoolExecutor$ScheduledFutureTask.run(ScheduledThreadPoolExecutor.java:309) ~[na:na]
	at java.base/java.util.concurrent.ThreadPoolExecutor.runWorker(ThreadPoolExecutor.java:1090) ~[na:na]
	at java.base/java.util.concurrent.ThreadPoolExecutor$Worker.run(ThreadPoolExecutor.java:614) ~[na:na]
	at java.base/java.lang.Thread.run(Thread.java:1516) ~[na:na]
2026-08-02 01:56:18.626 [com.alibaba.nacos.client.remote.worker.1] [none] INFO  c.alibaba.nacos.common.remote.client - [eab7de7c-d831-4e36-adf4-f4dc47a0d2cf_config-0] Fail to connect server, after trying 4 times, last try server is {serverIp = '129.204.152.168', server main port = 8848}, error = unknown
2026-08-02 01:56:18.853 [com.alibaba.nacos.client.remote.worker.1] [none] INFO  c.a.n.c.r.client.grpc.GrpcClient - grpc client connection server: 129.204.152.168 ip, serverPort: 9848, grpcTslConfig: {"enableTls":false,"mutualAuthEnable":false,"trustAll":true}
2026-08-02 01:56:18.949 [com.alibaba.nacos.client.remote.worker.0] [none] INFO  c.a.n.c.r.client.grpc.GrpcClient - grpc client connection server: 129.204.152.168 ip, serverPort: 9848, grpcTslConfig: {"enableTls":false,"mutualAuthEnable":false,"trustAll":true}
2026-08-02 01:56:18.995 [com.alibaba.nacos.client.remote.worker.1] [none] INFO  c.a.n.c.r.client.grpc.GrpcClient - grpc client connection server: 129.204.152.168 ip, serverPort: 9848, grpcTslConfig: {"enableTls":false,"mutualAuthEnable":false,"trustAll":true}
2026-08-02 01:56:19.126 [com.alibaba.nacos.client.remote.worker.1] [none] INFO  c.a.n.c.r.client.grpc.GrpcClient - grpc client connection server: 129.204.152.168 ip, serverPort: 9848, grpcTslConfig: {"enableTls":false,"mutualAuthEnable":false,"trustAll":true}
2026-08-02 01:56:19.234 [com.alibaba.nacos.naming.failover.0] [none] DEBUG com.alibaba.nacos.client.naming - failover switch is not found, 00-00---000-VIPSRV_FAILOVER_SWITCH-000---00-00
2026-08-02 01:56:21.855 [com.alibaba.nacos.client.remote.worker.1] [none] ERROR c.a.n.c.r.client.grpc.GrpcClient - Server check fail, please check server 129.204.152.168, port 9848 is available, error ={}
java.util.concurrent.TimeoutException: Waited 3000 milliseconds (plus 549900 nanoseconds delay) for com.alibaba.nacos.shaded.io.grpc.stub.ClientCalls$GrpcFuture@714ebb1e[status=PENDING, info=[GrpcFuture{clientCall=PendingCall{realCall=ClientCallImpl{method=MethodDescriptor{fullMethodName=Request/request, type=UNARY, idempotent=false, safe=false, sampledToLocalTracing=true, requestMarshaller=com.alibaba.nacos.shaded.io.grpc.protobuf.lite.ProtoLiteUtils$MessageMarshaller@258c0cfb, responseMarshaller=com.alibaba.nacos.shaded.io.grpc.protobuf.lite.ProtoLiteUtils$MessageMarshaller@4156771b, schemaDescriptor=com.alibaba.nacos.api.grpc.auto.RequestGrpc$RequestMethodDescriptorSupplier@1ef76774}}}}]]
	at com.alibaba.nacos.shaded.com.google.common.util.concurrent.AbstractFuture.get(AbstractFuture.java:535) ~[nacos-client-3.1.1.jar:na]
	at com.alibaba.nacos.common.remote.client.grpc.GrpcClient.serverCheck(GrpcClient.java:234) ~[nacos-client-3.1.1.jar:na]
	at com.alibaba.nacos.common.remote.client.grpc.GrpcClient.connectToServer(GrpcClient.java:346) ~[nacos-client-3.1.1.jar:na]
	at com.alibaba.nacos.common.remote.client.RpcClient.reconnect(RpcClient.java:504) ~[nacos-client-3.1.1.jar:na]
	at com.alibaba.nacos.common.remote.client.RpcClient.lambda$start$1(RpcClient.java:330) ~[nacos-client-3.1.1.jar:na]
	at java.base/java.util.concurrent.Executors$RunnableAdapter.call(Executors.java:545) ~[na:na]
	at java.base/java.util.concurrent.FutureTask.run(FutureTask.java:330) ~[na:na]
	at java.base/java.util.concurrent.ScheduledThreadPoolExecutor$ScheduledFutureTask.run(ScheduledThreadPoolExecutor.java:309) ~[na:na]
	at java.base/java.util.concurrent.ThreadPoolExecutor.runWorker(ThreadPoolExecutor.java:1090) ~[na:na]
	at java.base/java.util.concurrent.ThreadPoolExecutor$Worker.run(ThreadPoolExecutor.java:614) ~[na:na]
	at java.base/java.lang.Thread.run(Thread.java:1516) ~[na:na]
2026-08-02 01:56:21.856 [com.alibaba.nacos.client.remote.worker.1] [none] INFO  c.alibaba.nacos.common.remote.client - [a2de216e-2f6a-4bbf-b7b4-697b66f31442_config-0] Fail to connect server, after trying 5 times, last try server is {serverIp = '129.204.152.168', server main port = 8848}, error = unknown
2026-08-02 01:56:21.951 [com.alibaba.nacos.client.remote.worker.0] [none] ERROR c.a.n.c.r.client.grpc.GrpcClient - Server check fail, please check server 129.204.152.168, port 9848 is available, error ={}
java.util.concurrent.TimeoutException: Waited 3000 milliseconds (plus 712500 nanoseconds delay) for com.alibaba.nacos.shaded.io.grpc.stub.ClientCalls$GrpcFuture@7033cfa6[status=PENDING, info=[GrpcFuture{clientCall=PendingCall{realCall=ClientCallImpl{method=MethodDescriptor{fullMethodName=Request/request, type=UNARY, idempotent=false, safe=false, sampledToLocalTracing=true, requestMarshaller=com.alibaba.nacos.shaded.io.grpc.protobuf.lite.ProtoLiteUtils$MessageMarshaller@258c0cfb, responseMarshaller=com.alibaba.nacos.shaded.io.grpc.protobuf.lite.ProtoLiteUtils$MessageMarshaller@4156771b, schemaDescriptor=com.alibaba.nacos.api.grpc.auto.RequestGrpc$RequestMethodDescriptorSupplier@1ef76774}}}}]]
	at com.alibaba.nacos.shaded.com.google.common.util.concurrent.AbstractFuture.get(AbstractFuture.java:535) ~[nacos-client-3.1.1.jar:na]
	at com.alibaba.nacos.common.remote.client.grpc.GrpcClient.serverCheck(GrpcClient.java:234) ~[nacos-client-3.1.1.jar:na]
	at com.alibaba.nacos.common.remote.client.grpc.GrpcClient.connectToServer(GrpcClient.java:346) ~[nacos-client-3.1.1.jar:na]
	at com.alibaba.nacos.common.remote.client.RpcClient.reconnect(RpcClient.java:504) ~[nacos-client-3.1.1.jar:na]
	at com.alibaba.nacos.common.remote.client.RpcClient.lambda$start$1(RpcClient.java:330) ~[nacos-client-3.1.1.jar:na]
	at java.base/java.util.concurrent.Executors$RunnableAdapter.call(Executors.java:545) ~[na:na]
	at java.base/java.util.concurrent.FutureTask.run(FutureTask.java:330) ~[na:na]
	at java.base/java.util.concurrent.ScheduledThreadPoolExecutor$ScheduledFutureTask.run(ScheduledThreadPoolExecutor.java:309) ~[na:na]
	at java.base/java.util.concurrent.ThreadPoolExecutor.runWorker(ThreadPoolExecutor.java:1090) ~[na:na]
	at java.base/java.util.concurrent.ThreadPoolExecutor$Worker.run(ThreadPoolExecutor.java:614) ~[na:na]
	at java.base/java.lang.Thread.run(Thread.java:1516) ~[na:na]
2026-08-02 01:56:21.951 [com.alibaba.nacos.client.remote.worker.0] [none] INFO  c.alibaba.nacos.common.remote.client - [dc5fbd3f-30f6-4048-b9dc-0d30b703c861_config-0] Fail to connect server, after trying 5 times, last try server is {serverIp = '129.204.152.168', server main port = 8848}, error = unknown
2026-08-02 01:56:21.998 [com.alibaba.nacos.client.remote.worker.1] [none] ERROR c.a.n.c.r.client.grpc.GrpcClient - Server check fail, please check server 129.204.152.168, port 9848 is available, error ={}
java.util.concurrent.TimeoutException: Waited 3000 milliseconds (plus 956100 nanoseconds delay) for com.alibaba.nacos.shaded.io.grpc.stub.ClientCalls$GrpcFuture@2011562f[status=PENDING, info=[GrpcFuture{clientCall=PendingCall{realCall=ClientCallImpl{method=MethodDescriptor{fullMethodName=Request/request, type=UNARY, idempotent=false, safe=false, sampledToLocalTracing=true, requestMarshaller=com.alibaba.nacos.shaded.io.grpc.protobuf.lite.ProtoLiteUtils$MessageMarshaller@258c0cfb, responseMarshaller=com.alibaba.nacos.shaded.io.grpc.protobuf.lite.ProtoLiteUtils$MessageMarshaller@4156771b, schemaDescriptor=com.alibaba.nacos.api.grpc.auto.RequestGrpc$RequestMethodDescriptorSupplier@1ef76774}}}}]]
	at com.alibaba.nacos.shaded.com.google.common.util.concurrent.AbstractFuture.get(AbstractFuture.java:535) ~[nacos-client-3.1.1.jar:na]
	at com.alibaba.nacos.common.remote.client.grpc.GrpcClient.serverCheck(GrpcClient.java:234) ~[nacos-client-3.1.1.jar:na]
	at com.alibaba.nacos.common.remote.client.grpc.GrpcClient.connectToServer(GrpcClient.java:346) ~[nacos-client-3.1.1.jar:na]
	at com.alibaba.nacos.common.remote.client.RpcClient.reconnect(RpcClient.java:504) ~[nacos-client-3.1.1.jar:na]
	at com.alibaba.nacos.common.remote.client.RpcClient.lambda$start$1(RpcClient.java:330) ~[nacos-client-3.1.1.jar:na]
	at java.base/java.util.concurrent.Executors$RunnableAdapter.call(Executors.java:545) ~[na:na]
	at java.base/java.util.concurrent.FutureTask.run(FutureTask.java:330) ~[na:na]
	at java.base/java.util.concurrent.ScheduledThreadPoolExecutor$ScheduledFutureTask.run(ScheduledThreadPoolExecutor.java:309) ~[na:na]
	at java.base/java.util.concurrent.ThreadPoolExecutor.runWorker(ThreadPoolExecutor.java:1090) ~[na:na]
	at java.base/java.util.concurrent.ThreadPoolExecutor$Worker.run(ThreadPoolExecutor.java:614) ~[na:na]
	at java.base/java.lang.Thread.run(Thread.java:1516) ~[na:na]
2026-08-02 01:56:21.998 [com.alibaba.nacos.client.remote.worker.1] [none] INFO  c.alibaba.nacos.common.remote.client - [e0f57a1d-efd0-4a9e-8f80-e0a922cfdd5d] Fail to connect server, after trying 5 times, last try server is {serverIp = '129.204.152.168', server main port = 8848}, error = unknown
2026-08-02 01:56:22.127 [com.alibaba.nacos.client.remote.worker.1] [none] ERROR c.a.n.c.r.client.grpc.GrpcClient - Server check fail, please check server 129.204.152.168, port 9848 is available, error ={}
java.util.concurrent.TimeoutException: Waited 3000 milliseconds (plus 204900 nanoseconds delay) for com.alibaba.nacos.shaded.io.grpc.stub.ClientCalls$GrpcFuture@346fda2e[status=PENDING, info=[GrpcFuture{clientCall=PendingCall{realCall=ClientCallImpl{method=MethodDescriptor{fullMethodName=Request/request, type=UNARY, idempotent=false, safe=false, sampledToLocalTracing=true, requestMarshaller=com.alibaba.nacos.shaded.io.grpc.protobuf.lite.ProtoLiteUtils$MessageMarshaller@258c0cfb, responseMarshaller=com.alibaba.nacos.shaded.io.grpc.protobuf.lite.ProtoLiteUtils$MessageMarshaller@4156771b, schemaDescriptor=com.alibaba.nacos.api.grpc.auto.RequestGrpc$RequestMethodDescriptorSupplier@1ef76774}}}}]]
	at com.alibaba.nacos.shaded.com.google.common.util.concurrent.AbstractFuture.get(AbstractFuture.java:535) ~[nacos-client-3.1.1.jar:na]
	at com.alibaba.nacos.common.remote.client.grpc.GrpcClient.serverCheck(GrpcClient.java:234) ~[nacos-client-3.1.1.jar:na]
	at com.alibaba.nacos.common.remote.client.grpc.GrpcClient.connectToServer(GrpcClient.java:346) ~[nacos-client-3.1.1.jar:na]
	at com.alibaba.nacos.common.remote.client.RpcClient.reconnect(RpcClient.java:504) ~[nacos-client-3.1.1.jar:na]
	at com.alibaba.nacos.common.remote.client.RpcClient.lambda$start$1(RpcClient.java:330) ~[nacos-client-3.1.1.jar:na]
	at java.base/java.util.concurrent.Executors$RunnableAdapter.call(Executors.java:545) ~[na:na]
	at java.base/java.util.concurrent.FutureTask.run(FutureTask.java:330) ~[na:na]
	at java.base/java.util.concurrent.ScheduledThreadPoolExecutor$ScheduledFutureTask.run(ScheduledThreadPoolExecutor.java:309) ~[na:na]
	at java.base/java.util.concurrent.ThreadPoolExecutor.runWorker(ThreadPoolExecutor.java:1090) ~[na:na]
	at java.base/java.util.concurrent.ThreadPoolExecutor$Worker.run(ThreadPoolExecutor.java:614) ~[na:na]
	at java.base/java.lang.Thread.run(Thread.java:1516) ~[na:na]
2026-08-02 01:56:22.128 [com.alibaba.nacos.client.remote.worker.1] [none] INFO  c.alibaba.nacos.common.remote.client - [eab7de7c-d831-4e36-adf4-f4dc47a0d2cf_config-0] Fail to connect server, after trying 5 times, last try server is {serverIp = '129.204.152.168', server main port = 8848}, error = unknown
2026-08-02 01:56:22.457 [com.alibaba.nacos.client.remote.worker.1] [none] INFO  c.a.n.c.r.client.grpc.GrpcClient - grpc client connection server: 129.204.152.168 ip, serverPort: 9848, grpcTslConfig: {"enableTls":false,"mutualAuthEnable":false,"trustAll":true}
2026-08-02 01:56:22.552 [com.alibaba.nacos.client.remote.worker.0] [none] INFO  c.a.n.c.r.client.grpc.GrpcClient - grpc client connection server: 129.204.152.168 ip, serverPort: 9848, grpcTslConfig: {"enableTls":false,"mutualAuthEnable":false,"trustAll":true}
2026-08-02 01:56:22.600 [com.alibaba.nacos.client.remote.worker.1] [none] INFO  c.a.n.c.r.client.grpc.GrpcClient - grpc client connection server: 129.204.152.168 ip, serverPort: 9848, grpcTslConfig: {"enableTls":false,"mutualAuthEnable":false,"trustAll":true}
2026-08-02 01:56:22.729 [com.alibaba.nacos.client.remote.worker.1] [none] INFO  c.a.n.c.r.client.grpc.GrpcClient - grpc client connection server: 129.204.152.168 ip, serverPort: 9848, grpcTslConfig: {"enableTls":false,"mutualAuthEnable":false,"trustAll":true}
2026-08-02 01:56:24.235 [com.alibaba.nacos.naming.failover.0] [none] DEBUG com.alibaba.nacos.client.naming - failover switch is not found, 00-00---000-VIPSRV_FAILOVER_SWITCH-000---00-00
2026-08-02 01:56:25.460 [com.alibaba.nacos.client.remote.worker.1] [none] ERROR c.a.n.c.r.client.grpc.GrpcClient - Server check fail, please check server 129.204.152.168, port 9848 is available, error ={}
java.util.concurrent.TimeoutException: Waited 3000 milliseconds (plus 995900 nanoseconds delay) for com.alibaba.nacos.shaded.io.grpc.stub.ClientCalls$GrpcFuture@5e716768[status=PENDING, info=[GrpcFuture{clientCall=PendingCall{realCall=ClientCallImpl{method=MethodDescriptor{fullMethodName=Request/request, type=UNARY, idempotent=false, safe=false, sampledToLocalTracing=true, requestMarshaller=com.alibaba.nacos.shaded.io.grpc.protobuf.lite.ProtoLiteUtils$MessageMarshaller@258c0cfb, responseMarshaller=com.alibaba.nacos.shaded.io.grpc.protobuf.lite.ProtoLiteUtils$MessageMarshaller@4156771b, schemaDescriptor=com.alibaba.nacos.api.grpc.auto.RequestGrpc$RequestMethodDescriptorSupplier@1ef76774}}}}]]
	at com.alibaba.nacos.shaded.com.google.common.util.concurrent.AbstractFuture.get(AbstractFuture.java:535) ~[nacos-client-3.1.1.jar:na]
	at com.alibaba.nacos.common.remote.client.grpc.GrpcClient.serverCheck(GrpcClient.java:234) ~[nacos-client-3.1.1.jar:na]
	at com.alibaba.nacos.common.remote.client.grpc.GrpcClient.connectToServer(GrpcClient.java:346) ~[nacos-client-3.1.1.jar:na]
	at com.alibaba.nacos.common.remote.client.RpcClient.reconnect(RpcClient.java:504) ~[nacos-client-3.1.1.jar:na]
	at com.alibaba.nacos.common.remote.client.RpcClient.lambda$start$1(RpcClient.java:330) ~[nacos-client-3.1.1.jar:na]
	at java.base/java.util.concurrent.Executors$RunnableAdapter.call(Executors.java:545) ~[na:na]
	at java.base/java.util.concurrent.FutureTask.run(FutureTask.java:330) ~[na:na]
	at java.base/java.util.concurrent.ScheduledThreadPoolExecutor$ScheduledFutureTask.run(ScheduledThreadPoolExecutor.java:309) ~[na:na]
	at java.base/java.util.concurrent.ThreadPoolExecutor.runWorker(ThreadPoolExecutor.java:1090) ~[na:na]
	at java.base/java.util.concurrent.ThreadPoolExecutor$Worker.run(ThreadPoolExecutor.java:614) ~[na:na]
	at java.base/java.lang.Thread.run(Thread.java:1516) ~[na:na]
2026-08-02 01:56:25.461 [com.alibaba.nacos.client.remote.worker.1] [none] INFO  c.alibaba.nacos.common.remote.client - [a2de216e-2f6a-4bbf-b7b4-697b66f31442_config-0] Fail to connect server, after trying 6 times, last try server is {serverIp = '129.204.152.168', server main port = 8848}, error = unknown
2026-08-02 01:56:25.555 [com.alibaba.nacos.client.remote.worker.0] [none] ERROR c.a.n.c.r.client.grpc.GrpcClient - Server check fail, please check server 129.204.152.168, port 9848 is available, error ={}
java.util.concurrent.TimeoutException: Waited 3000 milliseconds (plus 1 milliseconds, 452200 nanoseconds delay) for com.alibaba.nacos.shaded.io.grpc.stub.ClientCalls$GrpcFuture@57cc1f00[status=PENDING, info=[GrpcFuture{clientCall=PendingCall{realCall=ClientCallImpl{method=MethodDescriptor{fullMethodName=Request/request, type=UNARY, idempotent=false, safe=false, sampledToLocalTracing=true, requestMarshaller=com.alibaba.nacos.shaded.io.grpc.protobuf.lite.ProtoLiteUtils$MessageMarshaller@258c0cfb, responseMarshaller=com.alibaba.nacos.shaded.io.grpc.protobuf.lite.ProtoLiteUtils$MessageMarshaller@4156771b, schemaDescriptor=com.alibaba.nacos.api.grpc.auto.RequestGrpc$RequestMethodDescriptorSupplier@1ef76774}}}}]]
	at com.alibaba.nacos.shaded.com.google.common.util.concurrent.AbstractFuture.get(AbstractFuture.java:535) ~[nacos-client-3.1.1.jar:na]
	at com.alibaba.nacos.common.remote.client.grpc.GrpcClient.serverCheck(GrpcClient.java:234) ~[nacos-client-3.1.1.jar:na]
	at com.alibaba.nacos.common.remote.client.grpc.GrpcClient.connectToServer(GrpcClient.java:346) ~[nacos-client-3.1.1.jar:na]
	at com.alibaba.nacos.common.remote.client.RpcClient.reconnect(RpcClient.java:504) ~[nacos-client-3.1.1.jar:na]
	at com.alibaba.nacos.common.remote.client.RpcClient.lambda$start$1(RpcClient.java:330) ~[nacos-client-3.1.1.jar:na]
	at java.base/java.util.concurrent.Executors$RunnableAdapter.call(Executors.java:545) ~[na:na]
	at java.base/java.util.concurrent.FutureTask.run(FutureTask.java:330) ~[na:na]
	at java.base/java.util.concurrent.ScheduledThreadPoolExecutor$ScheduledFutureTask.run(ScheduledThreadPoolExecutor.java:309) ~[na:na]
	at java.base/java.util.concurrent.ThreadPoolExecutor.runWorker(ThreadPoolExecutor.java:1090) ~[na:na]
	at java.base/java.util.concurrent.ThreadPoolExecutor$Worker.run(ThreadPoolExecutor.java:614) ~[na:na]
	at java.base/java.lang.Thread.run(Thread.java:1516) ~[na:na]
2026-08-02 01:56:25.556 [com.alibaba.nacos.client.remote.worker.0] [none] INFO  c.alibaba.nacos.common.remote.client - [dc5fbd3f-30f6-4048-b9dc-0d30b703c861_config-0] Fail to connect server, after trying 6 times, last try server is {serverIp = '129.204.152.168', server main port = 8848}, error = unknown
2026-08-02 01:56:25.601 [com.alibaba.nacos.client.remote.worker.1] [none] ERROR c.a.n.c.r.client.grpc.GrpcClient - Server check fail, please check server 129.204.152.168, port 9848 is available, error ={}
java.util.concurrent.TimeoutException: Waited 3000 milliseconds (plus 10200 nanoseconds delay) for com.alibaba.nacos.shaded.io.grpc.stub.ClientCalls$GrpcFuture@682f5c95[status=PENDING, info=[GrpcFuture{clientCall=PendingCall{realCall=ClientCallImpl{method=MethodDescriptor{fullMethodName=Request/request, type=UNARY, idempotent=false, safe=false, sampledToLocalTracing=true, requestMarshaller=com.alibaba.nacos.shaded.io.grpc.protobuf.lite.ProtoLiteUtils$MessageMarshaller@258c0cfb, responseMarshaller=com.alibaba.nacos.shaded.io.grpc.protobuf.lite.ProtoLiteUtils$MessageMarshaller@4156771b, schemaDescriptor=com.alibaba.nacos.api.grpc.auto.RequestGrpc$RequestMethodDescriptorSupplier@1ef76774}}}}]]
	at com.alibaba.nacos.shaded.com.google.common.util.concurrent.AbstractFuture.get(AbstractFuture.java:535) ~[nacos-client-3.1.1.jar:na]
	at com.alibaba.nacos.common.remote.client.grpc.GrpcClient.serverCheck(GrpcClient.java:234) ~[nacos-client-3.1.1.jar:na]
	at com.alibaba.nacos.common.remote.client.grpc.GrpcClient.connectToServer(GrpcClient.java:346) ~[nacos-client-3.1.1.jar:na]
	at com.alibaba.nacos.common.remote.client.RpcClient.reconnect(RpcClient.java:504) ~[nacos-client-3.1.1.jar:na]
	at com.alibaba.nacos.common.remote.client.RpcClient.lambda$start$1(RpcClient.java:330) ~[nacos-client-3.1.1.jar:na]
	at java.base/java.util.concurrent.Executors$RunnableAdapter.call(Executors.java:545) ~[na:na]
	at java.base/java.util.concurrent.FutureTask.run(FutureTask.java:330) ~[na:na]
	at java.base/java.util.concurrent.ScheduledThreadPoolExecutor$ScheduledFutureTask.run(ScheduledThreadPoolExecutor.java:309) ~[na:na]
	at java.base/java.util.concurrent.ThreadPoolExecutor.runWorker(ThreadPoolExecutor.java:1090) ~[na:na]
	at java.base/java.util.concurrent.ThreadPoolExecutor$Worker.run(ThreadPoolExecutor.java:614) ~[na:na]
	at java.base/java.lang.Thread.run(Thread.java:1516) ~[na:na]
2026-08-02 01:56:25.601 [com.alibaba.nacos.client.remote.worker.1] [none] INFO  c.alibaba.nacos.common.remote.client - [e0f57a1d-efd0-4a9e-8f80-e0a922cfdd5d] Fail to connect server, after trying 6 times, last try server is {serverIp = '129.204.152.168', server main port = 8848}, error = unknown
2026-08-02 01:56:25.731 [com.alibaba.nacos.client.remote.worker.1] [none] ERROR c.a.n.c.r.client.grpc.GrpcClient - Server check fail, please check server 129.204.152.168, port 9848 is available, error ={}
java.util.concurrent.TimeoutException: Waited 3000 milliseconds (plus 971600 nanoseconds delay) for com.alibaba.nacos.shaded.io.grpc.stub.ClientCalls$GrpcFuture@35efc5c7[status=PENDING, info=[GrpcFuture{clientCall=PendingCall{realCall=ClientCallImpl{method=MethodDescriptor{fullMethodName=Request/request, type=UNARY, idempotent=false, safe=false, sampledToLocalTracing=true, requestMarshaller=com.alibaba.nacos.shaded.io.grpc.protobuf.lite.ProtoLiteUtils$MessageMarshaller@258c0cfb, responseMarshaller=com.alibaba.nacos.shaded.io.grpc.protobuf.lite.ProtoLiteUtils$MessageMarshaller@4156771b, schemaDescriptor=com.alibaba.nacos.api.grpc.auto.RequestGrpc$RequestMethodDescriptorSupplier@1ef76774}}}}]]
	at com.alibaba.nacos.shaded.com.google.common.util.concurrent.AbstractFuture.get(AbstractFuture.java:535) ~[nacos-client-3.1.1.jar:na]
	at com.alibaba.nacos.common.remote.client.grpc.GrpcClient.serverCheck(GrpcClient.java:234) ~[nacos-client-3.1.1.jar:na]
	at com.alibaba.nacos.common.remote.client.grpc.GrpcClient.connectToServer(GrpcClient.java:346) ~[nacos-client-3.1.1.jar:na]
	at com.alibaba.nacos.common.remote.client.RpcClient.reconnect(RpcClient.java:504) ~[nacos-client-3.1.1.jar:na]
	at com.alibaba.nacos.common.remote.client.RpcClient.lambda$start$1(RpcClient.java:330) ~[nacos-client-3.1.1.jar:na]
	at java.base/java.util.concurrent.Executors$RunnableAdapter.call(Executors.java:545) ~[na:na]
	at java.base/java.util.concurrent.FutureTask.run(FutureTask.java:330) ~[na:na]
	at java.base/java.util.concurrent.ScheduledThreadPoolExecutor$ScheduledFutureTask.run(ScheduledThreadPoolExecutor.java:309) ~[na:na]
	at java.base/java.util.concurrent.ThreadPoolExecutor.runWorker(ThreadPoolExecutor.java:1090) ~[na:na]
	at java.base/java.util.concurrent.ThreadPoolExecutor$Worker.run(ThreadPoolExecutor.java:614) ~[na:na]
	at java.base/java.lang.Thread.run(Thread.java:1516) ~[na:na]
2026-08-02 01:56:25.732 [com.alibaba.nacos.client.remote.worker.1] [none] INFO  c.alibaba.nacos.common.remote.client - [eab7de7c-d831-4e36-adf4-f4dc47a0d2cf_config-0] Fail to connect server, after trying 6 times, last try server is {serverIp = '129.204.152.168', server main port = 8848}, error = unknown
2026-08-02 01:56:26.162 [com.alibaba.nacos.client.remote.worker.1] [none] INFO  c.a.n.c.r.client.grpc.GrpcClient - grpc client connection server: 129.204.152.168 ip, serverPort: 9848, grpcTslConfig: {"enableTls":false,"mutualAuthEnable":false,"trustAll":true}
2026-08-02 01:56:26.181 [HikariPool-1:housekeeper] [none] WARN  com.zaxxer.hikari.pool.PoolBase - HikariPool-1 - Failed to validate connection com.mysql.cj.jdbc.ConnectionImpl@2cb2b23d (No operations allowed after connection closed.). Possibly consider using a shorter maxLifetime value.
2026-08-02 01:56:26.257 [com.alibaba.nacos.client.remote.worker.0] [none] INFO  c.a.n.c.r.client.grpc.GrpcClient - grpc client connection server: 129.204.152.168 ip, serverPort: 9848, grpcTslConfig: {"enableTls":false,"mutualAuthEnable":false,"trustAll":true}
2026-08-02 01:56:26.303 [com.alibaba.nacos.client.remote.worker.1] [none] INFO  c.a.n.c.r.client.grpc.GrpcClient - grpc client connection server: 129.204.152.168 ip, serverPort: 9848, grpcTslConfig: {"enableTls":false,"mutualAuthEnable":false,"trustAll":true}
2026-08-02 01:56:26.432 [com.alibaba.nacos.client.remote.worker.1] [none] INFO  c.a.n.c.r.client.grpc.GrpcClient - grpc client connection server: 129.204.152.168 ip, serverPort: 9848, grpcTslConfig: {"enableTls":false,"mutualAuthEnable":false,"trustAll":true}
2026-08-02 01:56:29.163 [com.alibaba.nacos.client.remote.worker.1] [none] ERROR c.a.n.c.r.client.grpc.GrpcClient - Server check fail, please check server 129.204.152.168, port 9848 is available, error ={}
java.util.concurrent.TimeoutException: Waited 3000 milliseconds (plus 326300 nanoseconds delay) for com.alibaba.nacos.shaded.io.grpc.stub.ClientCalls$GrpcFuture@5d3c0774[status=PENDING, info=[GrpcFuture{clientCall=PendingCall{realCall=ClientCallImpl{method=MethodDescriptor{fullMethodName=Request/request, type=UNARY, idempotent=false, safe=false, sampledToLocalTracing=true, requestMarshaller=com.alibaba.nacos.shaded.io.grpc.protobuf.lite.ProtoLiteUtils$MessageMarshaller@258c0cfb, responseMarshaller=com.alibaba.nacos.shaded.io.grpc.protobuf.lite.ProtoLiteUtils$MessageMarshaller@4156771b, schemaDescriptor=com.alibaba.nacos.api.grpc.auto.RequestGrpc$RequestMethodDescriptorSupplier@1ef76774}}}}]]
	at com.alibaba.nacos.shaded.com.google.common.util.concurrent.AbstractFuture.get(AbstractFuture.java:535) ~[nacos-client-3.1.1.jar:na]
	at com.alibaba.nacos.common.remote.client.grpc.GrpcClient.serverCheck(GrpcClient.java:234) ~[nacos-client-3.1.1.jar:na]
	at com.alibaba.nacos.common.remote.client.grpc.GrpcClient.connectToServer(GrpcClient.java:346) ~[nacos-client-3.1.1.jar:na]
	at com.alibaba.nacos.common.remote.client.RpcClient.reconnect(RpcClient.java:504) ~[nacos-client-3.1.1.jar:na]
	at com.alibaba.nacos.common.remote.client.RpcClient.lambda$start$1(RpcClient.java:330) ~[nacos-client-3.1.1.jar:na]
	at java.base/java.util.concurrent.Executors$RunnableAdapter.call(Executors.java:545) ~[na:na]
	at java.base/java.util.concurrent.FutureTask.run(FutureTask.java:330) ~[na:na]
	at java.base/java.util.concurrent.ScheduledThreadPoolExecutor$ScheduledFutureTask.run(ScheduledThreadPoolExecutor.java:309) ~[na:na]
	at java.base/java.util.concurrent.ThreadPoolExecutor.runWorker(ThreadPoolExecutor.java:1090) ~[na:na]
	at java.base/java.util.concurrent.ThreadPoolExecutor$Worker.run(ThreadPoolExecutor.java:614) ~[na:na]
	at java.base/java.lang.Thread.run(Thread.java:1516) ~[na:na]
2026-08-02 01:56:29.163 [com.alibaba.nacos.client.remote.worker.1] [none] INFO  c.alibaba.nacos.common.remote.client - [a2de216e-2f6a-4bbf-b7b4-697b66f31442_config-0] Fail to connect server, after trying 7 times, last try server is {serverIp = '129.204.152.168', server main port = 8848}, error = unknown
2026-08-02 01:56:29.236 [com.alibaba.nacos.naming.failover.0] [none] DEBUG com.alibaba.nacos.client.naming - failover switch is not found, 00-00---000-VIPSRV_FAILOVER_SWITCH-000---00-00
2026-08-02 01:56:29.259 [com.alibaba.nacos.client.remote.worker.0] [none] ERROR c.a.n.c.r.client.grpc.GrpcClient - Server check fail, please check server 129.204.152.168, port 9848 is available, error ={}
java.util.concurrent.TimeoutException: Waited 3000 milliseconds (plus 540300 nanoseconds delay) for com.alibaba.nacos.shaded.io.grpc.stub.ClientCalls$GrpcFuture@2e573916[status=PENDING, info=[GrpcFuture{clientCall=PendingCall{realCall=ClientCallImpl{method=MethodDescriptor{fullMethodName=Request/request, type=UNARY, idempotent=false, safe=false, sampledToLocalTracing=true, requestMarshaller=com.alibaba.nacos.shaded.io.grpc.protobuf.lite.ProtoLiteUtils$MessageMarshaller@258c0cfb, responseMarshaller=com.alibaba.nacos.shaded.io.grpc.protobuf.lite.ProtoLiteUtils$MessageMarshaller@4156771b, schemaDescriptor=com.alibaba.nacos.api.grpc.auto.RequestGrpc$RequestMethodDescriptorSupplier@1ef76774}}}}]]
	at com.alibaba.nacos.shaded.com.google.common.util.concurrent.AbstractFuture.get(AbstractFuture.java:535) ~[nacos-client-3.1.1.jar:na]
	at com.alibaba.nacos.common.remote.client.grpc.GrpcClient.serverCheck(GrpcClient.java:234) ~[nacos-client-3.1.1.jar:na]
	at com.alibaba.nacos.common.remote.client.grpc.GrpcClient.connectToServer(GrpcClient.java:346) ~[nacos-client-3.1.1.jar:na]
	at com.alibaba.nacos.common.remote.client.RpcClient.reconnect(RpcClient.java:504) ~[nacos-client-3.1.1.jar:na]
	at com.alibaba.nacos.common.remote.client.RpcClient.lambda$start$1(RpcClient.java:330) ~[nacos-client-3.1.1.jar:na]
	at java.base/java.util.concurrent.Executors$RunnableAdapter.call(Executors.java:545) ~[na:na]
	at java.base/java.util.concurrent.FutureTask.run(FutureTask.java:330) ~[na:na]
	at java.base/java.util.concurrent.ScheduledThreadPoolExecutor$ScheduledFutureTask.run(ScheduledThreadPoolExecutor.java:309) ~[na:na]
	at java.base/java.util.concurrent.ThreadPoolExecutor.runWorker(ThreadPoolExecutor.java:1090) ~[na:na]
	at java.base/java.util.concurrent.ThreadPoolExecutor$Worker.run(ThreadPoolExecutor.java:614) ~[na:na]
	at java.base/java.lang.Thread.run(Thread.java:1516) ~[na:na]
2026-08-02 01:56:29.259 [com.alibaba.nacos.client.remote.worker.0] [none] INFO  c.alibaba.nacos.common.remote.client - [dc5fbd3f-30f6-4048-b9dc-0d30b703c861_config-0] Fail to connect server, after trying 7 times, last try server is {serverIp = '129.204.152.168', server main port = 8848}, error = unknown
2026-08-02 01:56:29.305 [com.alibaba.nacos.client.remote.worker.1] [none] ERROR c.a.n.c.r.client.grpc.GrpcClient - Server check fail, please check server 129.204.152.168, port 9848 is available, error ={}
java.util.concurrent.TimeoutException: Waited 3000 milliseconds (plus 816000 nanoseconds delay) for com.alibaba.nacos.shaded.io.grpc.stub.ClientCalls$GrpcFuture@4063a54c[status=PENDING, info=[GrpcFuture{clientCall=PendingCall{realCall=ClientCallImpl{method=MethodDescriptor{fullMethodName=Request/request, type=UNARY, idempotent=false, safe=false, sampledToLocalTracing=true, requestMarshaller=com.alibaba.nacos.shaded.io.grpc.protobuf.lite.ProtoLiteUtils$MessageMarshaller@258c0cfb, responseMarshaller=com.alibaba.nacos.shaded.io.grpc.protobuf.lite.ProtoLiteUtils$MessageMarshaller@4156771b, schemaDescriptor=com.alibaba.nacos.api.grpc.auto.RequestGrpc$RequestMethodDescriptorSupplier@1ef76774}}}}]]
	at com.alibaba.nacos.shaded.com.google.common.util.concurrent.AbstractFuture.get(AbstractFuture.java:535) ~[nacos-client-3.1.1.jar:na]
	at com.alibaba.nacos.common.remote.client.grpc.GrpcClient.serverCheck(GrpcClient.java:234) ~[nacos-client-3.1.1.jar:na]
	at com.alibaba.nacos.common.remote.client.grpc.GrpcClient.connectToServer(GrpcClient.java:346) ~[nacos-client-3.1.1.jar:na]
	at com.alibaba.nacos.common.remote.client.RpcClient.reconnect(RpcClient.java:504) ~[nacos-client-3.1.1.jar:na]
	at com.alibaba.nacos.common.remote.client.RpcClient.lambda$start$1(RpcClient.java:330) ~[nacos-client-3.1.1.jar:na]
	at java.base/java.util.concurrent.Executors$RunnableAdapter.call(Executors.java:545) ~[na:na]
	at java.base/java.util.concurrent.FutureTask.run(FutureTask.java:330) ~[na:na]
	at java.base/java.util.concurrent.ScheduledThreadPoolExecutor$ScheduledFutureTask.run(ScheduledThreadPoolExecutor.java:309) ~[na:na]
	at java.base/java.util.concurrent.ThreadPoolExecutor.runWorker(ThreadPoolExecutor.java:1090) ~[na:na]
	at java.base/java.util.concurrent.ThreadPoolExecutor$Worker.run(ThreadPoolExecutor.java:614) ~[na:na]
	at java.base/java.lang.Thread.run(Thread.java:1516) ~[na:na]
2026-08-02 01:56:29.305 [com.alibaba.nacos.client.remote.worker.1] [none] INFO  c.alibaba.nacos.common.remote.client - [e0f57a1d-efd0-4a9e-8f80-e0a922cfdd5d] Fail to connect server, after trying 7 times, last try server is {serverIp = '129.204.152.168', server main port = 8848}, error = unknown
2026-08-02 01:56:29.434 [com.alibaba.nacos.client.remote.worker.1] [none] ERROR c.a.n.c.r.client.grpc.GrpcClient - Server check fail, please check server 129.204.152.168, port 9848 is available, error ={}
java.util.concurrent.TimeoutException: Waited 3000 milliseconds (plus 836900 nanoseconds delay) for com.alibaba.nacos.shaded.io.grpc.stub.ClientCalls$GrpcFuture@15bfe8ae[status=PENDING, info=[GrpcFuture{clientCall=PendingCall{realCall=ClientCallImpl{method=MethodDescriptor{fullMethodName=Request/request, type=UNARY, idempotent=false, safe=false, sampledToLocalTracing=true, requestMarshaller=com.alibaba.nacos.shaded.io.grpc.protobuf.lite.ProtoLiteUtils$MessageMarshaller@258c0cfb, responseMarshaller=com.alibaba.nacos.shaded.io.grpc.protobuf.lite.ProtoLiteUtils$MessageMarshaller@4156771b, schemaDescriptor=com.alibaba.nacos.api.grpc.auto.RequestGrpc$RequestMethodDescriptorSupplier@1ef76774}}}}]]
	at com.alibaba.nacos.shaded.com.google.common.util.concurrent.AbstractFuture.get(AbstractFuture.java:535) ~[nacos-client-3.1.1.jar:na]
	at com.alibaba.nacos.common.remote.client.grpc.GrpcClient.serverCheck(GrpcClient.java:234) ~[nacos-client-3.1.1.jar:na]
	at com.alibaba.nacos.common.remote.client.grpc.GrpcClient.connectToServer(GrpcClient.java:346) ~[nacos-client-3.1.1.jar:na]
	at com.alibaba.nacos.common.remote.client.RpcClient.reconnect(RpcClient.java:504) ~[nacos-client-3.1.1.jar:na]
	at com.alibaba.nacos.common.remote.client.RpcClient.lambda$start$1(RpcClient.java:330) ~[nacos-client-3.1.1.jar:na]
	at java.base/java.util.concurrent.Executors$RunnableAdapter.call(Executors.java:545) ~[na:na]
	at java.base/java.util.concurrent.FutureTask.run(FutureTask.java:330) ~[na:na]
	at java.base/java.util.concurrent.ScheduledThreadPoolExecutor$ScheduledFutureTask.run(ScheduledThreadPoolExecutor.java:309) ~[na:na]
	at java.base/java.util.concurrent.ThreadPoolExecutor.runWorker(ThreadPoolExecutor.java:1090) ~[na:na]
	at java.base/java.util.concurrent.ThreadPoolExecutor$Worker.run(ThreadPoolExecutor.java:614) ~[na:na]
	at java.base/java.lang.Thread.run(Thread.java:1516) ~[na:na]
2026-08-02 01:56:29.434 [com.alibaba.nacos.client.remote.worker.1] [none] INFO  c.alibaba.nacos.common.remote.client - [eab7de7c-d831-4e36-adf4-f4dc47a0d2cf_config-0] Fail to connect server, after trying 7 times, last try server is {serverIp = '129.204.152.168', server main port = 8848}, error = unknown
2026-08-02 01:56:29.965 [com.alibaba.nacos.client.remote.worker.1] [none] INFO  c.a.n.c.r.client.grpc.GrpcClient - grpc client connection server: 129.204.152.168 ip, serverPort: 9848, grpcTslConfig: {"enableTls":false,"mutualAuthEnable":false,"trustAll":true}
2026-08-02 01:56:30.061 [com.alibaba.nacos.client.remote.worker.0] [none] INFO  c.a.n.c.r.client.grpc.GrpcClient - grpc client connection server: 129.204.152.168 ip, serverPort: 9848, grpcTslConfig: {"enableTls":false,"mutualAuthEnable":false,"trustAll":true}
2026-08-02 01:56:30.105 [com.alibaba.nacos.client.remote.worker.1] [none] INFO  c.a.n.c.r.client.grpc.GrpcClient - grpc client connection server: 129.204.152.168 ip, serverPort: 9848, grpcTslConfig: {"enableTls":false,"mutualAuthEnable":false,"trustAll":true}
2026-08-02 01:56:30.236 [com.alibaba.nacos.client.remote.worker.1] [none] INFO  c.a.n.c.r.client.grpc.GrpcClient - grpc client connection server: 129.204.152.168 ip, serverPort: 9848, grpcTslConfig: {"enableTls":false,"mutualAuthEnable":false,"trustAll":true}
2026-08-02 01:56:32.968 [com.alibaba.nacos.client.remote.worker.1] [none] ERROR c.a.n.c.r.client.grpc.GrpcClient - Server check fail, please check server 129.204.152.168, port 9848 is available, error ={}
java.util.concurrent.TimeoutException: Waited 3000 milliseconds (plus 193000 nanoseconds delay) for com.alibaba.nacos.shaded.io.grpc.stub.ClientCalls$GrpcFuture@15cb3e43[status=PENDING, info=[GrpcFuture{clientCall=PendingCall{realCall=ClientCallImpl{method=MethodDescriptor{fullMethodName=Request/request, type=UNARY, idempotent=false, safe=false, sampledToLocalTracing=true, requestMarshaller=com.alibaba.nacos.shaded.io.grpc.protobuf.lite.ProtoLiteUtils$MessageMarshaller@258c0cfb, responseMarshaller=com.alibaba.nacos.shaded.io.grpc.protobuf.lite.ProtoLiteUtils$MessageMarshaller@4156771b, schemaDescriptor=com.alibaba.nacos.api.grpc.auto.RequestGrpc$RequestMethodDescriptorSupplier@1ef76774}}}}]]
	at com.alibaba.nacos.shaded.com.google.common.util.concurrent.AbstractFuture.get(AbstractFuture.java:535) ~[nacos-client-3.1.1.jar:na]
	at com.alibaba.nacos.common.remote.client.grpc.GrpcClient.serverCheck(GrpcClient.java:234) ~[nacos-client-3.1.1.jar:na]
	at com.alibaba.nacos.common.remote.client.grpc.GrpcClient.connectToServer(GrpcClient.java:346) ~[nacos-client-3.1.1.jar:na]
	at com.alibaba.nacos.common.remote.client.RpcClient.reconnect(RpcClient.java:504) ~[nacos-client-3.1.1.jar:na]
	at com.alibaba.nacos.common.remote.client.RpcClient.lambda$start$1(RpcClient.java:330) ~[nacos-client-3.1.1.jar:na]
	at java.base/java.util.concurrent.Executors$RunnableAdapter.call(Executors.java:545) ~[na:na]
	at java.base/java.util.concurrent.FutureTask.run(FutureTask.java:330) ~[na:na]
	at java.base/java.util.concurrent.ScheduledThreadPoolExecutor$ScheduledFutureTask.run(ScheduledThreadPoolExecutor.java:309) ~[na:na]
	at java.base/java.util.concurrent.ThreadPoolExecutor.runWorker(ThreadPoolExecutor.java:1090) ~[na:na]
	at java.base/java.util.concurrent.ThreadPoolExecutor$Worker.run(ThreadPoolExecutor.java:614) ~[na:na]
	at java.base/java.lang.Thread.run(Thread.java:1516) ~[na:na]
2026-08-02 01:56:32.968 [com.alibaba.nacos.client.remote.worker.1] [none] INFO  c.alibaba.nacos.common.remote.client - [a2de216e-2f6a-4bbf-b7b4-697b66f31442_config-0] Fail to connect server, after trying 8 times, last try server is {serverIp = '129.204.152.168', server main port = 8848}, error = unknown
2026-08-02 01:56:33.063 [com.alibaba.nacos.client.remote.worker.0] [none] ERROR c.a.n.c.r.client.grpc.GrpcClient - Server check fail, please check server 129.204.152.168, port 9848 is available, error ={}
java.util.concurrent.TimeoutException: Waited 3000 milliseconds (plus 820100 nanoseconds delay) for com.alibaba.nacos.shaded.io.grpc.stub.ClientCalls$GrpcFuture@19974a7d[status=PENDING, info=[GrpcFuture{clientCall=PendingCall{realCall=ClientCallImpl{method=MethodDescriptor{fullMethodName=Request/request, type=UNARY, idempotent=false, safe=false, sampledToLocalTracing=true, requestMarshaller=com.alibaba.nacos.shaded.io.grpc.protobuf.lite.ProtoLiteUtils$MessageMarshaller@258c0cfb, responseMarshaller=com.alibaba.nacos.shaded.io.grpc.protobuf.lite.ProtoLiteUtils$MessageMarshaller@4156771b, schemaDescriptor=com.alibaba.nacos.api.grpc.auto.RequestGrpc$RequestMethodDescriptorSupplier@1ef76774}}}}]]
	at com.alibaba.nacos.shaded.com.google.common.util.concurrent.AbstractFuture.get(AbstractFuture.java:535) ~[nacos-client-3.1.1.jar:na]
	at com.alibaba.nacos.common.remote.client.grpc.GrpcClient.serverCheck(GrpcClient.java:234) ~[nacos-client-3.1.1.jar:na]
	at com.alibaba.nacos.common.remote.client.grpc.GrpcClient.connectToServer(GrpcClient.java:346) ~[nacos-client-3.1.1.jar:na]
	at com.alibaba.nacos.common.remote.client.RpcClient.reconnect(RpcClient.java:504) ~[nacos-client-3.1.1.jar:na]
	at com.alibaba.nacos.common.remote.client.RpcClient.lambda$start$1(RpcClient.java:330) ~[nacos-client-3.1.1.jar:na]
	at java.base/java.util.concurrent.Executors$RunnableAdapter.call(Executors.java:545) ~[na:na]
	at java.base/java.util.concurrent.FutureTask.run(FutureTask.java:330) ~[na:na]
	at java.base/java.util.concurrent.ScheduledThreadPoolExecutor$ScheduledFutureTask.run(ScheduledThreadPoolExecutor.java:309) ~[na:na]
	at java.base/java.util.concurrent.ThreadPoolExecutor.runWorker(ThreadPoolExecutor.java:1090) ~[na:na]
	at java.base/java.util.concurrent.ThreadPoolExecutor$Worker.run(ThreadPoolExecutor.java:614) ~[na:na]
	at java.base/java.lang.Thread.run(Thread.java:1516) ~[na:na]
2026-08-02 01:56:33.063 [com.alibaba.nacos.client.remote.worker.0] [none] INFO  c.alibaba.nacos.common.remote.client - [dc5fbd3f-30f6-4048-b9dc-0d30b703c861_config-0] Fail to connect server, after trying 8 times, last try server is {serverIp = '129.204.152.168', server main port = 8848}, error = unknown
2026-08-02 01:56:33.107 [com.alibaba.nacos.client.remote.worker.1] [none] ERROR c.a.n.c.r.client.grpc.GrpcClient - Server check fail, please check server 129.204.152.168, port 9848 is available, error ={}
java.util.concurrent.TimeoutException: Waited 3000 milliseconds (plus 336300 nanoseconds delay) for com.alibaba.nacos.shaded.io.grpc.stub.ClientCalls$GrpcFuture@487b6373[status=PENDING, info=[GrpcFuture{clientCall=PendingCall{realCall=ClientCallImpl{method=MethodDescriptor{fullMethodName=Request/request, type=UNARY, idempotent=false, safe=false, sampledToLocalTracing=true, requestMarshaller=com.alibaba.nacos.shaded.io.grpc.protobuf.lite.ProtoLiteUtils$MessageMarshaller@258c0cfb, responseMarshaller=com.alibaba.nacos.shaded.io.grpc.protobuf.lite.ProtoLiteUtils$MessageMarshaller@4156771b, schemaDescriptor=com.alibaba.nacos.api.grpc.auto.RequestGrpc$RequestMethodDescriptorSupplier@1ef76774}}}}]]
	at com.alibaba.nacos.shaded.com.google.common.util.concurrent.AbstractFuture.get(AbstractFuture.java:535) ~[nacos-client-3.1.1.jar:na]
	at com.alibaba.nacos.common.remote.client.grpc.GrpcClient.serverCheck(GrpcClient.java:234) ~[nacos-client-3.1.1.jar:na]
	at com.alibaba.nacos.common.remote.client.grpc.GrpcClient.connectToServer(GrpcClient.java:346) ~[nacos-client-3.1.1.jar:na]
	at com.alibaba.nacos.common.remote.client.RpcClient.reconnect(RpcClient.java:504) ~[nacos-client-3.1.1.jar:na]
	at com.alibaba.nacos.common.remote.client.RpcClient.lambda$start$1(RpcClient.java:330) ~[nacos-client-3.1.1.jar:na]
	at java.base/java.util.concurrent.Executors$RunnableAdapter.call(Executors.java:545) ~[na:na]
	at java.base/java.util.concurrent.FutureTask.run(FutureTask.java:330) ~[na:na]
	at java.base/java.util.concurrent.ScheduledThreadPoolExecutor$ScheduledFutureTask.run(ScheduledThreadPoolExecutor.java:309) ~[na:na]
	at java.base/java.util.concurrent.ThreadPoolExecutor.runWorker(ThreadPoolExecutor.java:1090) ~[na:na]
	at java.base/java.util.concurrent.ThreadPoolExecutor$Worker.run(ThreadPoolExecutor.java:614) ~[na:na]
	at java.base/java.lang.Thread.run(Thread.java:1516) ~[na:na]
2026-08-02 01:56:33.107 [com.alibaba.nacos.client.remote.worker.1] [none] INFO  c.alibaba.nacos.common.remote.client - [e0f57a1d-efd0-4a9e-8f80-e0a922cfdd5d] Fail to connect server, after trying 8 times, last try server is {serverIp = '129.204.152.168', server main port = 8848}, error = unknown
2026-08-02 01:56:33.237 [com.alibaba.nacos.client.remote.worker.1] [none] ERROR c.a.n.c.r.client.grpc.GrpcClient - Server check fail, please check server 129.204.152.168, port 9848 is available, error ={}
java.util.concurrent.TimeoutException: Waited 3000 milliseconds (plus 891700 nanoseconds delay) for com.alibaba.nacos.shaded.io.grpc.stub.ClientCalls$GrpcFuture@58243a4f[status=PENDING, info=[GrpcFuture{clientCall=PendingCall{realCall=ClientCallImpl{method=MethodDescriptor{fullMethodName=Request/request, type=UNARY, idempotent=false, safe=false, sampledToLocalTracing=true, requestMarshaller=com.alibaba.nacos.shaded.io.grpc.protobuf.lite.ProtoLiteUtils$MessageMarshaller@258c0cfb, responseMarshaller=com.alibaba.nacos.shaded.io.grpc.protobuf.lite.ProtoLiteUtils$MessageMarshaller@4156771b, schemaDescriptor=com.alibaba.nacos.api.grpc.auto.RequestGrpc$RequestMethodDescriptorSupplier@1ef76774}}}}]]
	at com.alibaba.nacos.shaded.com.google.common.util.concurrent.AbstractFuture.get(AbstractFuture.java:535) ~[nacos-client-3.1.1.jar:na]
	at com.alibaba.nacos.common.remote.client.grpc.GrpcClient.serverCheck(GrpcClient.java:234) ~[nacos-client-3.1.1.jar:na]
	at com.alibaba.nacos.common.remote.client.grpc.GrpcClient.connectToServer(GrpcClient.java:346) ~[nacos-client-3.1.1.jar:na]
	at com.alibaba.nacos.common.remote.client.RpcClient.reconnect(RpcClient.java:504) ~[nacos-client-3.1.1.jar:na]
	at com.alibaba.nacos.common.remote.client.RpcClient.lambda$start$1(RpcClient.java:330) ~[nacos-client-3.1.1.jar:na]
	at java.base/java.util.concurrent.Executors$RunnableAdapter.call(Executors.java:545) ~[na:na]
	at java.base/java.util.concurrent.FutureTask.run(FutureTask.java:330) ~[na:na]
	at java.base/java.util.concurrent.ScheduledThreadPoolExecutor$ScheduledFutureTask.run(ScheduledThreadPoolExecutor.java:309) ~[na:na]
	at java.base/java.util.concurrent.ThreadPoolExecutor.runWorker(ThreadPoolExecutor.java:1090) ~[na:na]
	at java.base/java.util.concurrent.ThreadPoolExecutor$Worker.run(ThreadPoolExecutor.java:614) ~[na:na]
	at java.base/java.lang.Thread.run(Thread.java:1516) ~[na:na]
2026-08-02 01:56:33.237 [com.alibaba.nacos.client.remote.worker.1] [none] INFO  c.alibaba.nacos.common.remote.client - [eab7de7c-d831-4e36-adf4-f4dc47a0d2cf_config-0] Fail to connect server, after trying 8 times, last try server is {serverIp = '129.204.152.168', server main port = 8848}, error = unknown
2026-08-02 01:56:33.483 [nacos-grpc-client-executor-129.204.152.168-15] [none] INFO  c.alibaba.nacos.common.remote.client - [a2de216e-2f6a-4bbf-b7b4-697b66f31442_config-0] Receive server push request, request = ClientDetectionRequest, requestId = 249
2026-08-02 01:56:33.483 [nacos-grpc-client-executor-129.204.152.168-15] [none] INFO  c.alibaba.nacos.common.remote.client - [a2de216e-2f6a-4bbf-b7b4-697b66f31442_config-0] Ack server push request, request = ClientDetectionRequest, requestId = 249
2026-08-02 01:56:33.516 [nacos-grpc-client-executor-129.204.152.168-12] [none] INFO  c.alibaba.nacos.common.remote.client - [dc5fbd3f-30f6-4048-b9dc-0d30b703c861_config-0] Receive server push request, request = ClientDetectionRequest, requestId = 271
2026-08-02 01:56:33.517 [nacos-grpc-client-executor-129.204.152.168-12] [none] INFO  c.alibaba.nacos.common.remote.client - [dc5fbd3f-30f6-4048-b9dc-0d30b703c861_config-0] Ack server push request, request = ClientDetectionRequest, requestId = 271
2026-08-02 01:56:33.532 [nacos-grpc-client-executor-129.204.152.168-3] [none] INFO  c.alibaba.nacos.common.remote.client - [e0f57a1d-efd0-4a9e-8f80-e0a922cfdd5d] Receive server push request, request = ClientDetectionRequest, requestId = 240
2026-08-02 01:56:33.533 [nacos-grpc-client-executor-129.204.152.168-3] [none] INFO  c.alibaba.nacos.common.remote.client - [e0f57a1d-efd0-4a9e-8f80-e0a922cfdd5d] Ack server push request, request = ClientDetectionRequest, requestId = 240
2026-08-02 01:56:33.583 [nacos-grpc-client-executor-129.204.152.168-9] [none] INFO  c.alibaba.nacos.common.remote.client - [eab7de7c-d831-4e36-adf4-f4dc47a0d2cf_config-0] Receive server push request, request = ClientDetectionRequest, requestId = 260
2026-08-02 01:56:33.583 [nacos-grpc-client-executor-129.204.152.168-9] [none] INFO  c.alibaba.nacos.common.remote.client - [eab7de7c-d831-4e36-adf4-f4dc47a0d2cf_config-0] Ack server push request, request = ClientDetectionRequest, requestId = 260
2026-08-02 01:56:33.869 [com.alibaba.nacos.client.remote.worker.1] [none] INFO  c.a.n.c.r.client.grpc.GrpcClient - grpc client connection server: 129.204.152.168 ip, serverPort: 9848, grpcTslConfig: {"enableTls":false,"mutualAuthEnable":false,"trustAll":true}
2026-08-02 01:56:33.965 [com.alibaba.nacos.client.remote.worker.0] [none] INFO  c.a.n.c.r.client.grpc.GrpcClient - grpc client connection server: 129.204.152.168 ip, serverPort: 9848, grpcTslConfig: {"enableTls":false,"mutualAuthEnable":false,"trustAll":true}
2026-08-02 01:56:33.987 [com.alibaba.nacos.client.remote.worker.1] [none] INFO  c.alibaba.nacos.common.remote.client - [a2de216e-2f6a-4bbf-b7b4-697b66f31442_config-0] Success to connect a server [129.204.152.168:8848], connectionId = 1785606994281_172.18.0.1_46904
2026-08-02 01:56:33.987 [com.alibaba.nacos.client.remote.worker.1] [none] INFO  c.alibaba.nacos.common.remote.client - [a2de216e-2f6a-4bbf-b7b4-697b66f31442_config-0] Abandon prev connection, server is 129.204.152.168:8848, connectionId is 1785606604932_172.18.0.1_53492
2026-08-02 01:56:33.987 [com.alibaba.nacos.client.remote.worker.1] [none] INFO  c.alibaba.nacos.common.remote.client - Close current connection 1785606604932_172.18.0.1_53492
2026-08-02 01:56:33.988 [com.alibaba.nacos.client.remote.worker.0] [none] INFO  c.alibaba.nacos.common.remote.client - [a2de216e-2f6a-4bbf-b7b4-697b66f31442_config-0] Notify disconnected event to listeners
2026-08-02 01:56:33.989 [com.alibaba.nacos.client.remote.worker.0] [none] INFO  c.a.n.c.config.impl.ClientWorker - [a2de216e-2f6a-4bbf-b7b4-697b66f31442_config-0] DisConnected,reset listen context
2026-08-02 01:56:33.989 [nacos-grpc-client-executor-129.204.152.168-7] [none] WARN  c.a.n.c.r.client.grpc.GrpcClient - [1785606604932_172.18.0.1_53492]Ignore error event,isRunning:true,isAbandon=true
2026-08-02 01:56:33.989 [com.alibaba.nacos.client.remote.worker.0] [none] INFO  c.a.n.c.config.impl.ClientWorker - [a2de216e-2f6a-4bbf-b7b4-697b66f31442_config-0] DisConnected,reset  fuzzy watch consistence status
2026-08-02 01:56:33.989 [com.alibaba.nacos.client.remote.worker.0] [none] INFO  c.alibaba.nacos.common.remote.client - [a2de216e-2f6a-4bbf-b7b4-697b66f31442_config-0] Notify connected event to listeners.
2026-08-02 01:56:33.989 [com.alibaba.nacos.client.remote.worker.0] [none] INFO  c.a.n.c.config.impl.ClientWorker - [a2de216e-2f6a-4bbf-b7b4-697b66f31442_config-0] Connected,notify listen context...
2026-08-02 01:56:33.989 [com.alibaba.nacos.client.remote.worker.0] [none] INFO  c.a.n.c.config.impl.ClientWorker - [a2de216e-2f6a-4bbf-b7b4-697b66f31442_config-0] Connected,notify fuzzy listen context...
2026-08-02 01:56:34.009 [com.alibaba.nacos.client.remote.worker.1] [none] INFO  c.a.n.c.r.client.grpc.GrpcClient - grpc client connection server: 129.204.152.168 ip, serverPort: 9848, grpcTslConfig: {"enableTls":false,"mutualAuthEnable":false,"trustAll":true}
2026-08-02 01:56:34.122 [com.alibaba.nacos.client.remote.worker.1] [none] INFO  c.alibaba.nacos.common.remote.client - [a2de216e-2f6a-4bbf-b7b4-697b66f31442_config-0] Server check success, currentServer is 129.204.152.168:8848 
2026-08-02 01:56:34.127 [com.alibaba.nacos.client.remote.worker.0] [none] INFO  c.alibaba.nacos.common.remote.client - [dc5fbd3f-30f6-4048-b9dc-0d30b703c861_config-0] Success to connect a server [129.204.152.168:8848], connectionId = 1785606994389_172.18.0.1_47044
2026-08-02 01:56:34.128 [com.alibaba.nacos.client.remote.worker.0] [none] INFO  c.alibaba.nacos.common.remote.client - [dc5fbd3f-30f6-4048-b9dc-0d30b703c861_config-0] Abandon prev connection, server is 129.204.152.168:8848, connectionId is 1785606706783_172.18.0.1_58060
2026-08-02 01:56:34.128 [com.alibaba.nacos.client.remote.worker.0] [none] INFO  c.alibaba.nacos.common.remote.client - Close current connection 1785606706783_172.18.0.1_58060
2026-08-02 01:56:34.128 [com.alibaba.nacos.client.remote.worker.1] [none] INFO  c.alibaba.nacos.common.remote.client - [dc5fbd3f-30f6-4048-b9dc-0d30b703c861_config-0] Notify disconnected event to listeners
2026-08-02 01:56:34.129 [com.alibaba.nacos.client.remote.worker.1] [none] INFO  c.a.n.c.config.impl.ClientWorker - [dc5fbd3f-30f6-4048-b9dc-0d30b703c861_config-0] DisConnected,reset listen context
2026-08-02 01:56:34.129 [com.alibaba.nacos.client.remote.worker.1] [none] INFO  c.a.n.c.config.impl.ClientWorker - [dc5fbd3f-30f6-4048-b9dc-0d30b703c861_config-0] DisConnected,reset  fuzzy watch consistence status
2026-08-02 01:56:34.129 [com.alibaba.nacos.client.remote.worker.1] [none] INFO  c.alibaba.nacos.common.remote.client - [dc5fbd3f-30f6-4048-b9dc-0d30b703c861_config-0] Notify connected event to listeners.
2026-08-02 01:56:34.129 [com.alibaba.nacos.client.remote.worker.1] [none] INFO  c.a.n.c.config.impl.ClientWorker - [dc5fbd3f-30f6-4048-b9dc-0d30b703c861_config-0] Connected,notify listen context...
2026-08-02 01:56:34.129 [com.alibaba.nacos.client.remote.worker.1] [none] INFO  c.a.n.c.config.impl.ClientWorker - [dc5fbd3f-30f6-4048-b9dc-0d30b703c861_config-0] Connected,notify fuzzy listen context...
2026-08-02 01:56:34.129 [nacos-grpc-client-executor-129.204.152.168-12] [none] WARN  c.a.n.c.r.client.grpc.GrpcClient - [1785606706783_172.18.0.1_58060]Ignore error event,isRunning:true,isAbandon=true
2026-08-02 01:56:34.140 [com.alibaba.nacos.client.remote.worker.1] [none] INFO  c.a.n.c.r.client.grpc.GrpcClient - grpc client connection server: 129.204.152.168 ip, serverPort: 9848, grpcTslConfig: {"enableTls":false,"mutualAuthEnable":false,"trustAll":true}
2026-08-02 01:56:34.143 [com.alibaba.nacos.client.remote.worker.1] [none] INFO  c.alibaba.nacos.common.remote.client - [e0f57a1d-efd0-4a9e-8f80-e0a922cfdd5d] Success to connect a server [129.204.152.168:8848], connectionId = 1785606994420_172.18.0.1_47076
2026-08-02 01:56:34.143 [com.alibaba.nacos.client.remote.worker.1] [none] INFO  c.alibaba.nacos.common.remote.client - [e0f57a1d-efd0-4a9e-8f80-e0a922cfdd5d] Abandon prev connection, server is 129.204.152.168:8848, connectionId is 1785606709574_172.18.0.1_59646
2026-08-02 01:56:34.143 [com.alibaba.nacos.client.remote.worker.1] [none] INFO  c.alibaba.nacos.common.remote.client - Close current connection 1785606709574_172.18.0.1_59646
2026-08-02 01:56:34.144 [nacos-grpc-client-executor-129.204.152.168-4] [none] WARN  c.a.n.c.r.client.grpc.GrpcClient - [1785606709574_172.18.0.1_59646]Ignore error event,isRunning:true,isAbandon=true
2026-08-02 01:56:34.145 [com.alibaba.nacos.client.remote.worker.0] [none] INFO  c.alibaba.nacos.common.remote.client - [e0f57a1d-efd0-4a9e-8f80-e0a922cfdd5d] Notify disconnected event to listeners
2026-08-02 01:56:34.145 [com.alibaba.nacos.client.remote.worker.0] [none] WARN  com.alibaba.nacos.client.naming - Grpc connection disconnect, mark to redo
2026-08-02 01:56:34.166 [com.alibaba.nacos.client.remote.worker.0] [none] WARN  com.alibaba.nacos.client.naming - mark to redo completed
2026-08-02 01:56:34.166 [com.alibaba.nacos.client.remote.worker.0] [none] INFO  c.alibaba.nacos.common.remote.client - [e0f57a1d-efd0-4a9e-8f80-e0a922cfdd5d] Notify connected event to listeners.
2026-08-02 01:56:34.166 [com.alibaba.nacos.client.remote.worker.0] [none] INFO  com.alibaba.nacos.client.naming - Grpc connection connect
2026-08-02 01:56:34.236 [com.alibaba.nacos.naming.failover.0] [none] DEBUG com.alibaba.nacos.client.naming - failover switch is not found, 00-00---000-VIPSRV_FAILOVER_SWITCH-000---00-00
2026-08-02 01:56:34.303 [com.alibaba.nacos.client.remote.worker.1] [none] INFO  c.alibaba.nacos.common.remote.client - [eab7de7c-d831-4e36-adf4-f4dc47a0d2cf_config-0] Success to connect a server [129.204.152.168:8848], connectionId = 1785606994578_172.18.0.1_47278
2026-08-02 01:56:34.303 [com.alibaba.nacos.client.remote.worker.1] [none] INFO  c.alibaba.nacos.common.remote.client - [eab7de7c-d831-4e36-adf4-f4dc47a0d2cf_config-0] Abandon prev connection, server is 129.204.152.168:8848, connectionId is 1785606707424_172.18.0.1_58074
2026-08-02 01:56:34.303 [com.alibaba.nacos.client.remote.worker.1] [none] INFO  c.alibaba.nacos.common.remote.client - Close current connection 1785606707424_172.18.0.1_58074
2026-08-02 01:56:34.304 [com.alibaba.nacos.client.remote.worker.0] [none] INFO  c.alibaba.nacos.common.remote.client - [eab7de7c-d831-4e36-adf4-f4dc47a0d2cf_config-0] Notify disconnected event to listeners
2026-08-02 01:56:34.304 [com.alibaba.nacos.client.remote.worker.0] [none] INFO  c.a.n.c.config.impl.ClientWorker - [eab7de7c-d831-4e36-adf4-f4dc47a0d2cf_config-0] DisConnected,reset listen context
2026-08-02 01:56:34.304 [com.alibaba.nacos.client.remote.worker.0] [none] INFO  c.a.n.c.config.impl.ClientWorker - [eab7de7c-d831-4e36-adf4-f4dc47a0d2cf_config-0] DisConnected,reset  fuzzy watch consistence status
2026-08-02 01:56:34.304 [com.alibaba.nacos.client.remote.worker.0] [none] INFO  c.alibaba.nacos.common.remote.client - [eab7de7c-d831-4e36-adf4-f4dc47a0d2cf_config-0] Notify connected event to listeners.
2026-08-02 01:56:34.304 [com.alibaba.nacos.client.remote.worker.0] [none] INFO  c.a.n.c.config.impl.ClientWorker - [eab7de7c-d831-4e36-adf4-f4dc47a0d2cf_config-0] Connected,notify listen context...
2026-08-02 01:56:34.304 [com.alibaba.nacos.client.remote.worker.0] [none] INFO  c.a.n.c.config.impl.ClientWorker - [eab7de7c-d831-4e36-adf4-f4dc47a0d2cf_config-0] Connected,notify fuzzy listen context...
2026-08-02 01:56:34.304 [nacos-grpc-client-executor-129.204.152.168-14] [none] WARN  c.a.n.c.r.client.grpc.GrpcClient - [1785606707424_172.18.0.1_58074]Ignore error event,isRunning:true,isAbandon=true
2026-08-02 01:56:34.635 [com.alibaba.nacos.client.naming.grpc.redo.0] [none] INFO  com.alibaba.nacos.client.naming - Redo instance operation REGISTER for DEFAULT_GROUP@@mall-marketing
2026-08-02 01:56:39.239 [com.alibaba.nacos.naming.failover.0] [none] DEBUG com.alibaba.nacos.client.naming - failover switch is not found, 00-00---000-VIPSRV_FAILOVER_SWITCH-000---00-00
2026-08-02 01:56:44.240 [com.alibaba.nacos.naming.failover.0] [none] DEBUG com.alibaba.nacos.client.naming - failover switch is not found, 00-00---000-VIPSRV_FAILOVER_SWITCH-000---00-00
2026-08-02 01:56:49.242 [com.alibaba.nacos.naming.failover.0] [none] DEBUG com.alibaba.nacos.client.naming - failover switch is not found, 00-00---000-VIPSRV_FAILOVER_SWITCH-000---00-00
2026-08-02 01:56:54.243 [com.alibaba.nacos.naming.failover.0] [none] DEBUG com.alibaba.nacos.client.naming - failover switch is not found, 00-00---000-VIPSRV_FAILOVER_SWITCH-000---00-00
2026-08-02 01:56:59.244 [com.alibaba.nacos.naming.failover.0] [none] DEBUG com.alibaba.nacos.client.naming - failover switch is not found, 00-00---000-VIPSRV_FAILOVER_SWITCH-000---00-00
2026-08-02 01:57:04.245 [com.alibaba.nacos.naming.failover.0] [none] DEBUG com.alibaba.nacos.client.naming - failover switch is not found, 00-00---000-VIPSRV_FAILOVER_SWITCH-000---00-00
2026-08-02 01:57:09.245 [com.alibaba.nacos.naming.failover.0] [none] DEBUG com.alibaba.nacos.client.naming - failover switch is not found, 00-00---000-VIPSRV_FAILOVER_SWITCH-000---00-00
2026-08-02 01:57:14.246 [com.alibaba.nacos.naming.failover.0] [none] DEBUG com.alibaba.nacos.client.naming - failover switch is not found, 00-00---000-VIPSRV_FAILOVER_SWITCH-000---00-00
2026-08-02 01:57:19.247 [com.alibaba.nacos.naming.failover.0] [none] DEBUG com.alibaba.nacos.client.naming - failover switch is not found, 00-00---000-VIPSRV_FAILOVER_SWITCH-000---00-00
2026-08-02 01:57:24.248 [com.alibaba.nacos.naming.failover.0] [none] DEBUG com.alibaba.nacos.client.naming - failover switch is not found, 00-00---000-VIPSRV_FAILOVER_SWITCH-000---00-00
2026-08-02 01:57:29.249 [com.alibaba.nacos.naming.failover.0] [none] DEBUG com.alibaba.nacos.client.naming - failover switch is not found, 00-00---000-VIPSRV_FAILOVER_SWITCH-000---00-00
2026-08-02 01:57:34.250 [com.alibaba.nacos.naming.failover.0] [none] DEBUG com.alibaba.nacos.client.naming - failover switch is not found, 00-00---000-VIPSRV_FAILOVER_SWITCH-000---00-00
2026-08-02 01:57:39.252 [com.alibaba.nacos.naming.failover.0] [none] DEBUG com.alibaba.nacos.client.naming - failover switch is not found, 00-00---000-VIPSRV_FAILOVER_SWITCH-000---00-00
2026-08-02 01:57:44.253 [com.alibaba.nacos.naming.failover.0] [none] DEBUG com.alibaba.nacos.client.naming - failover switch is not found, 00-00---000-VIPSRV_FAILOVER_SWITCH-000---00-00
2026-08-02 01:57:49.255 [com.alibaba.nacos.naming.failover.0] [none] DEBUG com.alibaba.nacos.client.naming - failover switch is not found, 00-00---000-VIPSRV_FAILOVER_SWITCH-000---00-00
2026-08-02 01:57:52.191 [nacos.client.config.listener.task-0] [none] ERROR c.alibaba.nacos.common.remote.client - Send request fail, request = ConfigBatchListenRequest{headers={accessToken=eyJhbGciOiJIUzM4NCJ9.eyJzdWIiOiJuYWNvcyIsImV4cCI6MTc4NTYyNDcwNn0.NTM1jxRmhYgdK_PRwnnL-_e12VwUu6d7tjbI9ItZ8whvTup7cLCQbVCA1NfuPLHj, charset=UTF-8, Client-AppName=unknown, Client-RequestToken=64d11c08d263a446fc727b60bf69905e, Client-RequestTS=1785607069189, exConfigInfo=true}, requestId='null'}, retryTimes = 0, errorMessage = java.util.concurrent.TimeoutException: Waited 3000 milliseconds (plus 487100 nanoseconds delay) for com.alibaba.nacos.shaded.io.grpc.stub.ClientCalls$GrpcFuture@39b47daf[status=PENDING, info=[GrpcFuture{clientCall=ClientCallImpl{method=MethodDescriptor{fullMethodName=Request/request, type=UNARY, idempotent=false, safe=false, sampledToLocalTracing=true, requestMarshaller=com.alibaba.nacos.shaded.io.grpc.protobuf.lite.ProtoLiteUtils$MessageMarshaller@258c0cfb, responseMarshaller=com.alibaba.nacos.shaded.io.grpc.protobuf.lite.ProtoLiteUtils$MessageMarshaller@4156771b, schemaDescriptor=com.alibaba.nacos.api.grpc.auto.RequestGrpc$RequestMethodDescriptorSupplier@1ef76774}}}]]
2026-08-02 01:57:52.191 [nacos.client.config.listener.task-0] [none] ERROR c.a.n.c.config.impl.ClientWorker - Execute listen config change error 
ErrCode:500, ErrMsg:Waited 3000 milliseconds (plus 487100 nanoseconds delay) for com.alibaba.nacos.shaded.io.grpc.stub.ClientCalls$GrpcFuture@39b47daf[status=PENDING, info=[GrpcFuture{clientCall=ClientCallImpl{method=MethodDescriptor{fullMethodName=Request/request, type=UNARY, idempotent=false, safe=false, sampledToLocalTracing=true, requestMarshaller=com.alibaba.nacos.shaded.io.grpc.protobuf.lite.ProtoLiteUtils$MessageMarshaller@258c0cfb, responseMarshaller=com.alibaba.nacos.shaded.io.grpc.protobuf.lite.ProtoLiteUtils$MessageMarshaller@4156771b, schemaDescriptor=com.alibaba.nacos.api.grpc.auto.RequestGrpc$RequestMethodDescriptorSupplier@1ef76774}}}]]
	at com.alibaba.nacos.common.remote.client.grpc.GrpcConnection.request(GrpcConnection.java:82) ~[nacos-client-3.1.1.jar:na]
	at com.alibaba.nacos.common.remote.client.RpcClient.request(RpcClient.java:649) ~[nacos-client-3.1.1.jar:na]
	at com.alibaba.nacos.common.remote.client.RpcClient.request(RpcClient.java:626) ~[nacos-client-3.1.1.jar:na]
	at com.alibaba.nacos.client.config.impl.ClientWorker$ConfigRpcTransportClient.requestProxy(ClientWorker.java:1317) ~[nacos-client-3.1.1.jar:na]
	at com.alibaba.nacos.client.config.impl.ClientWorker$ConfigRpcTransportClient.requestProxy(ClientWorker.java:1296) ~[nacos-client-3.1.1.jar:na]
	at com.alibaba.nacos.client.config.impl.ClientWorker$ConfigRpcTransportClient.lambda$checkListenCache$8(ClientWorker.java:1111) ~[nacos-client-3.1.1.jar:na]
	at java.base/java.util.concurrent.Executors$RunnableAdapter.call(Executors.java:545) ~[na:na]
	at java.base/java.util.concurrent.FutureTask.run(FutureTask.java:330) ~[na:na]
	at java.base/java.util.concurrent.ThreadPoolExecutor.runWorker(ThreadPoolExecutor.java:1090) ~[na:na]
	at java.base/java.util.concurrent.ThreadPoolExecutor$Worker.run(ThreadPoolExecutor.java:614) ~[na:na]
	at java.base/java.lang.Thread.run(Thread.java:1516) ~[na:na]
Caused by: java.util.concurrent.TimeoutException: Waited 3000 milliseconds (plus 487100 nanoseconds delay) for com.alibaba.nacos.shaded.io.grpc.stub.ClientCalls$GrpcFuture@39b47daf[status=PENDING, info=[GrpcFuture{clientCall=ClientCallImpl{method=MethodDescriptor{fullMethodName=Request/request, type=UNARY, idempotent=false, safe=false, sampledToLocalTracing=true, requestMarshaller=com.alibaba.nacos.shaded.io.grpc.protobuf.lite.ProtoLiteUtils$MessageMarshaller@258c0cfb, responseMarshaller=com.alibaba.nacos.shaded.io.grpc.protobuf.lite.ProtoLiteUtils$MessageMarshaller@4156771b, schemaDescriptor=com.alibaba.nacos.api.grpc.auto.RequestGrpc$RequestMethodDescriptorSupplier@1ef76774}}}]]
	at com.alibaba.nacos.shaded.com.google.common.util.concurrent.AbstractFuture.get(AbstractFuture.java:535) ~[nacos-client-3.1.1.jar:na]
	at com.alibaba.nacos.common.remote.client.grpc.GrpcConnection.request(GrpcConnection.java:79) ~[nacos-client-3.1.1.jar:na]
	... 10 common frames omitted
2026-08-02 01:57:52.367 [nacos.client.config.listener.task-0] [none] ERROR c.alibaba.nacos.common.remote.client - Send request fail, request = ConfigBatchListenRequest{headers={accessToken=eyJhbGciOiJIUzM4NCJ9.eyJzdWIiOiJuYWNvcyIsImV4cCI6MTc4NTYyNDcwN30.0UCJ2qOCHJsZ2jidZ_OA9zbq8zvLUBx7MsURdTwHUyDjwMeSAhyV2RIGid4NTPJq, charset=UTF-8, Client-AppName=unknown, Client-RequestToken=607d20d634d90e897a2c6a362429df35, Client-RequestTS=1785607069365, exConfigInfo=true}, requestId='null'}, retryTimes = 0, errorMessage = java.util.concurrent.TimeoutException: Waited 3000 milliseconds (plus 125000 nanoseconds delay) for com.alibaba.nacos.shaded.io.grpc.stub.ClientCalls$GrpcFuture@4edbc48e[status=PENDING, info=[GrpcFuture{clientCall=ClientCallImpl{method=MethodDescriptor{fullMethodName=Request/request, type=UNARY, idempotent=false, safe=false, sampledToLocalTracing=true, requestMarshaller=com.alibaba.nacos.shaded.io.grpc.protobuf.lite.ProtoLiteUtils$MessageMarshaller@258c0cfb, responseMarshaller=com.alibaba.nacos.shaded.io.grpc.protobuf.lite.ProtoLiteUtils$MessageMarshaller@4156771b, schemaDescriptor=com.alibaba.nacos.api.grpc.auto.RequestGrpc$RequestMethodDescriptorSupplier@1ef76774}}}]]
2026-08-02 01:57:52.367 [nacos.client.config.listener.task-0] [none] ERROR c.a.n.c.config.impl.ClientWorker - Execute listen config change error 
ErrCode:500, ErrMsg:Waited 3000 milliseconds (plus 125000 nanoseconds delay) for com.alibaba.nacos.shaded.io.grpc.stub.ClientCalls$GrpcFuture@4edbc48e[status=PENDING, info=[GrpcFuture{clientCall=ClientCallImpl{method=MethodDescriptor{fullMethodName=Request/request, type=UNARY, idempotent=false, safe=false, sampledToLocalTracing=true, requestMarshaller=com.alibaba.nacos.shaded.io.grpc.protobuf.lite.ProtoLiteUtils$MessageMarshaller@258c0cfb, responseMarshaller=com.alibaba.nacos.shaded.io.grpc.protobuf.lite.ProtoLiteUtils$MessageMarshaller@4156771b, schemaDescriptor=com.alibaba.nacos.api.grpc.auto.RequestGrpc$RequestMethodDescriptorSupplier@1ef76774}}}]]
	at com.alibaba.nacos.common.remote.client.grpc.GrpcConnection.request(GrpcConnection.java:82) ~[nacos-client-3.1.1.jar:na]
	at com.alibaba.nacos.common.remote.client.RpcClient.request(RpcClient.java:649) ~[nacos-client-3.1.1.jar:na]
	at com.alibaba.nacos.common.remote.client.RpcClient.request(RpcClient.java:626) ~[nacos-client-3.1.1.jar:na]
	at com.alibaba.nacos.client.config.impl.ClientWorker$ConfigRpcTransportClient.requestProxy(ClientWorker.java:1317) ~[nacos-client-3.1.1.jar:na]
	at com.alibaba.nacos.client.config.impl.ClientWorker$ConfigRpcTransportClient.requestProxy(ClientWorker.java:1296) ~[nacos-client-3.1.1.jar:na]
	at com.alibaba.nacos.client.config.impl.ClientWorker$ConfigRpcTransportClient.lambda$checkListenCache$8(ClientWorker.java:1111) ~[nacos-client-3.1.1.jar:na]
	at java.base/java.util.concurrent.Executors$RunnableAdapter.call(Executors.java:545) ~[na:na]
	at java.base/java.util.concurrent.FutureTask.run(FutureTask.java:330) ~[na:na]
	at java.base/java.util.concurrent.ThreadPoolExecutor.runWorker(ThreadPoolExecutor.java:1090) ~[na:na]
	at java.base/java.util.concurrent.ThreadPoolExecutor$Worker.run(ThreadPoolExecutor.java:614) ~[na:na]
	at java.base/java.lang.Thread.run(Thread.java:1516) ~[na:na]
Caused by: java.util.concurrent.TimeoutException: Waited 3000 milliseconds (plus 125000 nanoseconds delay) for com.alibaba.nacos.shaded.io.grpc.stub.ClientCalls$GrpcFuture@4edbc48e[status=PENDING, info=[GrpcFuture{clientCall=ClientCallImpl{method=MethodDescriptor{fullMethodName=Request/request, type=UNARY, idempotent=false, safe=false, sampledToLocalTracing=true, requestMarshaller=com.alibaba.nacos.shaded.io.grpc.protobuf.lite.ProtoLiteUtils$MessageMarshaller@258c0cfb, responseMarshaller=com.alibaba.nacos.shaded.io.grpc.protobuf.lite.ProtoLiteUtils$MessageMarshaller@4156771b, schemaDescriptor=com.alibaba.nacos.api.grpc.auto.RequestGrpc$RequestMethodDescriptorSupplier@1ef76774}}}]]
	at com.alibaba.nacos.shaded.com.google.common.util.concurrent.AbstractFuture.get(AbstractFuture.java:535) ~[nacos-client-3.1.1.jar:na]
	at com.alibaba.nacos.common.remote.client.grpc.GrpcConnection.request(GrpcConnection.java:79) ~[nacos-client-3.1.1.jar:na]
	... 10 common frames omitted
2026-08-02 01:57:54.255 [com.alibaba.nacos.naming.failover.0] [none] DEBUG com.alibaba.nacos.client.naming - failover switch is not found, 00-00---000-VIPSRV_FAILOVER_SWITCH-000---00-00
2026-08-02 01:57:55.143 [com.alibaba.nacos.client.remote.worker.0] [none] INFO  c.alibaba.nacos.common.remote.client - [dc5fbd3f-30f6-4048-b9dc-0d30b703c861_config-0] Server check success, currentServer is 129.204.152.168:8848 
2026-08-02 01:57:55.189 [com.alibaba.nacos.client.remote.worker.1] [none] INFO  c.alibaba.nacos.common.remote.client - [eab7de7c-d831-4e36-adf4-f4dc47a0d2cf_config-0] Server check success, currentServer is 129.204.152.168:8848 
2026-08-02 01:57:59.256 [com.alibaba.nacos.naming.failover.0] [none] DEBUG com.alibaba.nacos.client.naming - failover switch is not found, 00-00---000-VIPSRV_FAILOVER_SWITCH-000---00-00
2026-08-02 01:58:04.257 [com.alibaba.nacos.naming.failover.0] [none] DEBUG com.alibaba.nacos.client.naming - failover switch is not found, 00-00---000-VIPSRV_FAILOVER_SWITCH-000---00-00
2026-08-02 01:58:09.258 [com.alibaba.nacos.naming.failover.0] [none] DEBUG com.alibaba.nacos.client.naming - failover switch is not found, 00-00---000-VIPSRV_FAILOVER_SWITCH-000---00-00
2026-08-02 01:58:14.259 [com.alibaba.nacos.naming.failover.0] [none] DEBUG com.alibaba.nacos.client.naming - failover switch is not found, 00-00---000-VIPSRV_FAILOVER_SWITCH-000---00-00
2026-08-02 01:58:19.260 [com.alibaba.nacos.naming.failover.0] [none] DEBUG com.alibaba.nacos.client.naming - failover switch is not found, 00-00---000-VIPSRV_FAILOVER_SWITCH-000---00-00
2026-08-02 01:58:24.260 [com.alibaba.nacos.naming.failover.0] [none] DEBUG com.alibaba.nacos.client.naming - failover switch is not found, 00-00---000-VIPSRV_FAILOVER_SWITCH-000---00-00
2026-08-02 01:58:29.261 [com.alibaba.nacos.naming.failover.0] [none] DEBUG com.alibaba.nacos.client.naming - failover switch is not found, 00-00---000-VIPSRV_FAILOVER_SWITCH-000---00-00
2026-08-02 01:58:34.262 [com.alibaba.nacos.naming.failover.0] [none] DEBUG com.alibaba.nacos.client.naming - failover switch is not found, 00-00---000-VIPSRV_FAILOVER_SWITCH-000---00-00
2026-08-02 01:58:39.264 [com.alibaba.nacos.naming.failover.0] [none] DEBUG com.alibaba.nacos.client.naming - failover switch is not found, 00-00---000-VIPSRV_FAILOVER_SWITCH-000---00-00
2026-08-02 01:58:44.265 [com.alibaba.nacos.naming.failover.0] [none] DEBUG com.alibaba.nacos.client.naming - failover switch is not found, 00-00---000-VIPSRV_FAILOVER_SWITCH-000---00-00
2026-08-02 01:58:49.266 [com.alibaba.nacos.naming.failover.0] [none] DEBUG com.alibaba.nacos.client.naming - failover switch is not found, 00-00---000-VIPSRV_FAILOVER_SWITCH-000---00-00
2026-08-02 01:58:54.266 [com.alibaba.nacos.naming.failover.0] [none] DEBUG com.alibaba.nacos.client.naming - failover switch is not found, 00-00---000-VIPSRV_FAILOVER_SWITCH-000---00-00
2026-08-02 01:58:59.268 [com.alibaba.nacos.naming.failover.0] [none] DEBUG com.alibaba.nacos.client.naming - failover switch is not found, 00-00---000-VIPSRV_FAILOVER_SWITCH-000---00-00
2026-08-02 01:59:04.269 [com.alibaba.nacos.naming.failover.0] [none] DEBUG com.alibaba.nacos.client.naming - failover switch is not found, 00-00---000-VIPSRV_FAILOVER_SWITCH-000---00-00
2026-08-02 01:59:09.269 [com.alibaba.nacos.naming.failover.0] [none] DEBUG com.alibaba.nacos.client.naming - failover switch is not found, 00-00---000-VIPSRV_FAILOVER_SWITCH-000---00-00
2026-08-02 01:59:14.270 [com.alibaba.nacos.naming.failover.0] [none] DEBUG com.alibaba.nacos.client.naming - failover switch is not found, 00-00---000-VIPSRV_FAILOVER_SWITCH-000---00-00
2026-08-02 01:59:19.271 [com.alibaba.nacos.naming.failover.0] [none] DEBUG com.alibaba.nacos.client.naming - failover switch is not found, 00-00---000-VIPSRV_FAILOVER_SWITCH-000---00-00
2026-08-02 01:59:24.273 [com.alibaba.nacos.naming.failover.0] [none] DEBUG com.alibaba.nacos.client.naming - failover switch is not found, 00-00---000-VIPSRV_FAILOVER_SWITCH-000---00-00
2026-08-02 01:59:29.273 [com.alibaba.nacos.naming.failover.0] [none] DEBUG com.alibaba.nacos.client.naming - failover switch is not found, 00-00---000-VIPSRV_FAILOVER_SWITCH-000---00-00
2026-08-02 01:59:34.274 [com.alibaba.nacos.naming.failover.0] [none] DEBUG com.alibaba.nacos.client.naming - failover switch is not found, 00-00---000-VIPSRV_FAILOVER_SWITCH-000---00-00
2026-08-02 01:59:39.275 [com.alibaba.nacos.naming.failover.0] [none] DEBUG com.alibaba.nacos.client.naming - failover switch is not found, 00-00---000-VIPSRV_FAILOVER_SWITCH-000---00-00
2026-08-02 01:59:44.276 [com.alibaba.nacos.naming.failover.0] [none] DEBUG com.alibaba.nacos.client.naming - failover switch is not found, 00-00---000-VIPSRV_FAILOVER_SWITCH-000---00-00
2026-08-02 01:59:49.278 [com.alibaba.nacos.naming.failover.0] [none] DEBUG com.alibaba.nacos.client.naming - failover switch is not found, 00-00---000-VIPSRV_FAILOVER_SWITCH-000---00-00
2026-08-02 01:59:54.280 [com.alibaba.nacos.naming.failover.0] [none] DEBUG com.alibaba.nacos.client.naming - failover switch is not found, 00-00---000-VIPSRV_FAILOVER_SWITCH-000---00-00
2026-08-02 01:59:59.280 [com.alibaba.nacos.naming.failover.0] [none] DEBUG com.alibaba.nacos.client.naming - failover switch is not found, 00-00---000-VIPSRV_FAILOVER_SWITCH-000---00-00
2026-08-02 02:00:04.282 [com.alibaba.nacos.naming.failover.0] [none] DEBUG com.alibaba.nacos.client.naming - failover switch is not found, 00-00---000-VIPSRV_FAILOVER_SWITCH-000---00-00
2026-08-02 02:00:09.283 [com.alibaba.nacos.naming.failover.0] [none] DEBUG com.alibaba.nacos.client.naming - failover switch is not found, 00-00---000-VIPSRV_FAILOVER_SWITCH-000---00-00
2026-08-02 02:00:12.499 [HikariPool-1:housekeeper] [none] WARN  com.zaxxer.hikari.pool.PoolBase - HikariPool-1 - Failed to validate connection com.mysql.cj.jdbc.ConnectionImpl@7d217bb3 (No operations allowed after connection closed.). Possibly consider using a shorter maxLifetime value.
2026-08-02 02:00:14.285 [com.alibaba.nacos.naming.failover.0] [none] DEBUG com.alibaba.nacos.client.naming - failover switch is not found, 00-00---000-VIPSRV_FAILOVER_SWITCH-000---00-00
2026-08-02 02:00:15.316 [com.alibaba.nacos.client.remote.worker.1] [none] INFO  c.alibaba.nacos.common.remote.client - [e0f57a1d-efd0-4a9e-8f80-e0a922cfdd5d] Server healthy check fail, currentConnection = 1785606994420_172.18.0.1_47076
2026-08-02 02:00:15.316 [com.alibaba.nacos.client.remote.worker.1] [none] INFO  c.alibaba.nacos.common.remote.client - [e0f57a1d-efd0-4a9e-8f80-e0a922cfdd5d] Try to reconnect to a new server, server is  not appointed, will choose a random server.
2026-08-02 02:00:15.316 [com.alibaba.nacos.client.remote.worker.1] [none] INFO  c.a.n.c.r.client.grpc.GrpcClient - grpc client connection server: 129.204.152.168 ip, serverPort: 9848, grpcTslConfig: {"enableTls":false,"mutualAuthEnable":false,"trustAll":true}
2026-08-02 02:00:15.357 [com.alibaba.nacos.client.remote.worker.0] [none] INFO  c.alibaba.nacos.common.remote.client - [dc5fbd3f-30f6-4048-b9dc-0d30b703c861_config-0] Server healthy check fail, currentConnection = 1785606994389_172.18.0.1_47044
2026-08-02 02:00:15.357 [com.alibaba.nacos.client.remote.worker.0] [none] INFO  c.alibaba.nacos.common.remote.client - [dc5fbd3f-30f6-4048-b9dc-0d30b703c861_config-0] Try to reconnect to a new server, server is  not appointed, will choose a random server.
2026-08-02 02:00:15.357 [com.alibaba.nacos.client.remote.worker.0] [none] INFO  c.a.n.c.r.client.grpc.GrpcClient - grpc client connection server: 129.204.152.168 ip, serverPort: 9848, grpcTslConfig: {"enableTls":false,"mutualAuthEnable":false,"trustAll":true}
2026-08-02 02:00:15.712 [com.alibaba.nacos.client.remote.worker.1] [none] INFO  c.alibaba.nacos.common.remote.client - [a2de216e-2f6a-4bbf-b7b4-697b66f31442_config-0] Server healthy check fail, currentConnection = 1785606994281_172.18.0.1_46904
2026-08-02 02:00:15.712 [com.alibaba.nacos.client.remote.worker.1] [none] INFO  c.alibaba.nacos.common.remote.client - [a2de216e-2f6a-4bbf-b7b4-697b66f31442_config-0] Try to reconnect to a new server, server is  not appointed, will choose a random server.
2026-08-02 02:00:15.712 [com.alibaba.nacos.client.remote.worker.1] [none] INFO  c.a.n.c.r.client.grpc.GrpcClient - grpc client connection server: 129.204.152.168 ip, serverPort: 9848, grpcTslConfig: {"enableTls":false,"mutualAuthEnable":false,"trustAll":true}
2026-08-02 02:00:16.090 [com.alibaba.nacos.client.remote.worker.1] [none] INFO  c.alibaba.nacos.common.remote.client - [eab7de7c-d831-4e36-adf4-f4dc47a0d2cf_config-0] Server healthy check fail, currentConnection = 1785606994578_172.18.0.1_47278
2026-08-02 02:00:16.090 [com.alibaba.nacos.client.remote.worker.1] [none] INFO  c.alibaba.nacos.common.remote.client - [eab7de7c-d831-4e36-adf4-f4dc47a0d2cf_config-0] Try to reconnect to a new server, server is  not appointed, will choose a random server.
2026-08-02 02:00:16.090 [com.alibaba.nacos.client.remote.worker.1] [none] INFO  c.a.n.c.r.client.grpc.GrpcClient - grpc client connection server: 129.204.152.168 ip, serverPort: 9848, grpcTslConfig: {"enableTls":false,"mutualAuthEnable":false,"trustAll":true}
2026-08-02 02:00:18.318 [com.alibaba.nacos.client.remote.worker.1] [none] ERROR c.a.n.c.r.client.grpc.GrpcClient - Server check fail, please check server 129.204.152.168, port 9848 is available, error ={}
java.util.concurrent.TimeoutException: Waited 3000 milliseconds (plus 356300 nanoseconds delay) for com.alibaba.nacos.shaded.io.grpc.stub.ClientCalls$GrpcFuture@6f51a29d[status=PENDING, info=[GrpcFuture{clientCall=PendingCall{realCall=ClientCallImpl{method=MethodDescriptor{fullMethodName=Request/request, type=UNARY, idempotent=false, safe=false, sampledToLocalTracing=true, requestMarshaller=com.alibaba.nacos.shaded.io.grpc.protobuf.lite.ProtoLiteUtils$MessageMarshaller@258c0cfb, responseMarshaller=com.alibaba.nacos.shaded.io.grpc.protobuf.lite.ProtoLiteUtils$MessageMarshaller@4156771b, schemaDescriptor=com.alibaba.nacos.api.grpc.auto.RequestGrpc$RequestMethodDescriptorSupplier@1ef76774}}}}]]
	at com.alibaba.nacos.shaded.com.google.common.util.concurrent.AbstractFuture.get(AbstractFuture.java:535) ~[nacos-client-3.1.1.jar:na]
	at com.alibaba.nacos.common.remote.client.grpc.GrpcClient.serverCheck(GrpcClient.java:234) ~[nacos-client-3.1.1.jar:na]
	at com.alibaba.nacos.common.remote.client.grpc.GrpcClient.connectToServer(GrpcClient.java:346) ~[nacos-client-3.1.1.jar:na]
	at com.alibaba.nacos.common.remote.client.RpcClient.reconnect(RpcClient.java:504) ~[nacos-client-3.1.1.jar:na]
	at com.alibaba.nacos.common.remote.client.RpcClient.lambda$start$1(RpcClient.java:330) ~[nacos-client-3.1.1.jar:na]
	at java.base/java.util.concurrent.Executors$RunnableAdapter.call(Executors.java:545) ~[na:na]
	at java.base/java.util.concurrent.FutureTask.run(FutureTask.java:330) ~[na:na]
	at java.base/java.util.concurrent.ScheduledThreadPoolExecutor$ScheduledFutureTask.run(ScheduledThreadPoolExecutor.java:309) ~[na:na]
	at java.base/java.util.concurrent.ThreadPoolExecutor.runWorker(ThreadPoolExecutor.java:1090) ~[na:na]
	at java.base/java.util.concurrent.ThreadPoolExecutor$Worker.run(ThreadPoolExecutor.java:614) ~[na:na]
	at java.base/java.lang.Thread.run(Thread.java:1516) ~[na:na]
2026-08-02 02:00:18.361 [com.alibaba.nacos.client.remote.worker.0] [none] ERROR c.a.n.c.r.client.grpc.GrpcClient - Server check fail, please check server 129.204.152.168, port 9848 is available, error ={}
java.util.concurrent.TimeoutException: Waited 3000 milliseconds (plus 340000 nanoseconds delay) for com.alibaba.nacos.shaded.io.grpc.stub.ClientCalls$GrpcFuture@914ce76[status=PENDING, info=[GrpcFuture{clientCall=ClientCallImpl{method=MethodDescriptor{fullMethodName=Request/request, type=UNARY, idempotent=false, safe=false, sampledToLocalTracing=true, requestMarshaller=com.alibaba.nacos.shaded.io.grpc.protobuf.lite.ProtoLiteUtils$MessageMarshaller@258c0cfb, responseMarshaller=com.alibaba.nacos.shaded.io.grpc.protobuf.lite.ProtoLiteUtils$MessageMarshaller@4156771b, schemaDescriptor=com.alibaba.nacos.api.grpc.auto.RequestGrpc$RequestMethodDescriptorSupplier@1ef76774}}}]]
	at com.alibaba.nacos.shaded.com.google.common.util.concurrent.AbstractFuture.get(AbstractFuture.java:535) ~[nacos-client-3.1.1.jar:na]
	at com.alibaba.nacos.common.remote.client.grpc.GrpcClient.serverCheck(GrpcClient.java:234) ~[nacos-client-3.1.1.jar:na]
	at com.alibaba.nacos.common.remote.client.grpc.GrpcClient.connectToServer(GrpcClient.java:346) ~[nacos-client-3.1.1.jar:na]
	at com.alibaba.nacos.common.remote.client.RpcClient.reconnect(RpcClient.java:504) ~[nacos-client-3.1.1.jar:na]
	at com.alibaba.nacos.common.remote.client.RpcClient.lambda$start$1(RpcClient.java:330) ~[nacos-client-3.1.1.jar:na]
	at java.base/java.util.concurrent.Executors$RunnableAdapter.call(Executors.java:545) ~[na:na]
	at java.base/java.util.concurrent.FutureTask.run(FutureTask.java:330) ~[na:na]
	at java.base/java.util.concurrent.ScheduledThreadPoolExecutor$ScheduledFutureTask.run(ScheduledThreadPoolExecutor.java:309) ~[na:na]
	at java.base/java.util.concurrent.ThreadPoolExecutor.runWorker(ThreadPoolExecutor.java:1090) ~[na:na]
	at java.base/java.util.concurrent.ThreadPoolExecutor$Worker.run(ThreadPoolExecutor.java:614) ~[na:na]
	at java.base/java.lang.Thread.run(Thread.java:1516) ~[na:na]
2026-08-02 02:00:18.420 [com.alibaba.nacos.client.remote.worker.1] [none] INFO  c.a.n.c.r.client.grpc.GrpcClient - grpc client connection server: 129.204.152.168 ip, serverPort: 9848, grpcTslConfig: {"enableTls":false,"mutualAuthEnable":false,"trustAll":true}
2026-08-02 02:00:18.461 [com.alibaba.nacos.client.remote.worker.0] [none] INFO  c.a.n.c.r.client.grpc.GrpcClient - grpc client connection server: 129.204.152.168 ip, serverPort: 9848, grpcTslConfig: {"enableTls":false,"mutualAuthEnable":false,"trustAll":true}
2026-08-02 02:00:18.717 [com.alibaba.nacos.client.remote.worker.1] [none] ERROR c.a.n.c.r.client.grpc.GrpcClient - Server check fail, please check server 129.204.152.168, port 9848 is available, error ={}
java.util.concurrent.TimeoutException: Waited 3000 milliseconds (plus 3 milliseconds, 477600 nanoseconds delay) for com.alibaba.nacos.shaded.io.grpc.stub.ClientCalls$GrpcFuture@16ce341[status=PENDING, info=[GrpcFuture{clientCall=PendingCall{realCall=ClientCallImpl{method=MethodDescriptor{fullMethodName=Request/request, type=UNARY, idempotent=false, safe=false, sampledToLocalTracing=true, requestMarshaller=com.alibaba.nacos.shaded.io.grpc.protobuf.lite.ProtoLiteUtils$MessageMarshaller@258c0cfb, responseMarshaller=com.alibaba.nacos.shaded.io.grpc.protobuf.lite.ProtoLiteUtils$MessageMarshaller@4156771b, schemaDescriptor=com.alibaba.nacos.api.grpc.auto.RequestGrpc$RequestMethodDescriptorSupplier@1ef76774}}}}]]
	at com.alibaba.nacos.shaded.com.google.common.util.concurrent.AbstractFuture.get(AbstractFuture.java:535) ~[nacos-client-3.1.1.jar:na]
	at com.alibaba.nacos.common.remote.client.grpc.GrpcClient.serverCheck(GrpcClient.java:234) ~[nacos-client-3.1.1.jar:na]
	at com.alibaba.nacos.common.remote.client.grpc.GrpcClient.connectToServer(GrpcClient.java:346) ~[nacos-client-3.1.1.jar:na]
	at com.alibaba.nacos.common.remote.client.RpcClient.reconnect(RpcClient.java:504) ~[nacos-client-3.1.1.jar:na]
	at com.alibaba.nacos.common.remote.client.RpcClient.lambda$start$1(RpcClient.java:330) ~[nacos-client-3.1.1.jar:na]
	at java.base/java.util.concurrent.Executors$RunnableAdapter.call(Executors.java:545) ~[na:na]
	at java.base/java.util.concurrent.FutureTask.run(FutureTask.java:330) ~[na:na]
	at java.base/java.util.concurrent.ScheduledThreadPoolExecutor$ScheduledFutureTask.run(ScheduledThreadPoolExecutor.java:309) ~[na:na]
	at java.base/java.util.concurrent.ThreadPoolExecutor.runWorker(ThreadPoolExecutor.java:1090) ~[na:na]
	at java.base/java.util.concurrent.ThreadPoolExecutor$Worker.run(ThreadPoolExecutor.java:614) ~[na:na]
	at java.base/java.lang.Thread.run(Thread.java:1516) ~[na:na]
2026-08-02 02:00:18.820 [com.alibaba.nacos.client.remote.worker.1] [none] INFO  c.a.n.c.r.client.grpc.GrpcClient - grpc client connection server: 129.204.152.168 ip, serverPort: 9848, grpcTslConfig: {"enableTls":false,"mutualAuthEnable":false,"trustAll":true}
2026-08-02 02:00:19.093 [com.alibaba.nacos.client.remote.worker.1] [none] ERROR c.a.n.c.r.client.grpc.GrpcClient - Server check fail, please check server 129.204.152.168, port 9848 is available, error ={}
java.util.concurrent.TimeoutException: Waited 3000 milliseconds (plus 1 milliseconds, 869200 nanoseconds delay) for com.alibaba.nacos.shaded.io.grpc.stub.ClientCalls$GrpcFuture@4167dc84[status=PENDING, info=[GrpcFuture{clientCall=PendingCall{realCall=ClientCallImpl{method=MethodDescriptor{fullMethodName=Request/request, type=UNARY, idempotent=false, safe=false, sampledToLocalTracing=true, requestMarshaller=com.alibaba.nacos.shaded.io.grpc.protobuf.lite.ProtoLiteUtils$MessageMarshaller@258c0cfb, responseMarshaller=com.alibaba.nacos.shaded.io.grpc.protobuf.lite.ProtoLiteUtils$MessageMarshaller@4156771b, schemaDescriptor=com.alibaba.nacos.api.grpc.auto.RequestGrpc$RequestMethodDescriptorSupplier@1ef76774}}}}]]
	at com.alibaba.nacos.shaded.com.google.common.util.concurrent.AbstractFuture.get(AbstractFuture.java:535) ~[nacos-client-3.1.1.jar:na]
	at com.alibaba.nacos.common.remote.client.grpc.GrpcClient.serverCheck(GrpcClient.java:234) ~[nacos-client-3.1.1.jar:na]
	at com.alibaba.nacos.common.remote.client.grpc.GrpcClient.connectToServer(GrpcClient.java:346) ~[nacos-client-3.1.1.jar:na]
	at com.alibaba.nacos.common.remote.client.RpcClient.reconnect(RpcClient.java:504) ~[nacos-client-3.1.1.jar:na]
	at com.alibaba.nacos.common.remote.client.RpcClient.lambda$start$1(RpcClient.java:330) ~[nacos-client-3.1.1.jar:na]
	at java.base/java.util.concurrent.Executors$RunnableAdapter.call(Executors.java:545) ~[na:na]
	at java.base/java.util.concurrent.FutureTask.run(FutureTask.java:330) ~[na:na]
	at java.base/java.util.concurrent.ScheduledThreadPoolExecutor$ScheduledFutureTask.run(ScheduledThreadPoolExecutor.java:309) ~[na:na]
	at java.base/java.util.concurrent.ThreadPoolExecutor.runWorker(ThreadPoolExecutor.java:1090) ~[na:na]
	at java.base/java.util.concurrent.ThreadPoolExecutor$Worker.run(ThreadPoolExecutor.java:614) ~[na:na]
	at java.base/java.lang.Thread.run(Thread.java:1516) ~[na:na]
2026-08-02 02:00:19.195 [com.alibaba.nacos.client.remote.worker.1] [none] INFO  c.a.n.c.r.client.grpc.GrpcClient - grpc client connection server: 129.204.152.168 ip, serverPort: 9848, grpcTslConfig: {"enableTls":false,"mutualAuthEnable":false,"trustAll":true}
2026-08-02 02:00:19.286 [com.alibaba.nacos.naming.failover.0] [none] DEBUG com.alibaba.nacos.client.naming - failover switch is not found, 00-00---000-VIPSRV_FAILOVER_SWITCH-000---00-00
2026-08-02 02:00:21.421 [com.alibaba.nacos.client.remote.worker.1] [none] ERROR c.a.n.c.r.client.grpc.GrpcClient - Server check fail, please check server 129.204.152.168, port 9848 is available, error ={}
java.util.concurrent.TimeoutException: Waited 3000 milliseconds (plus 806800 nanoseconds delay) for com.alibaba.nacos.shaded.io.grpc.stub.ClientCalls$GrpcFuture@60f13726[status=PENDING, info=[GrpcFuture{clientCall=PendingCall{realCall=ClientCallImpl{method=MethodDescriptor{fullMethodName=Request/request, type=UNARY, idempotent=false, safe=false, sampledToLocalTracing=true, requestMarshaller=com.alibaba.nacos.shaded.io.grpc.protobuf.lite.ProtoLiteUtils$MessageMarshaller@258c0cfb, responseMarshaller=com.alibaba.nacos.shaded.io.grpc.protobuf.lite.ProtoLiteUtils$MessageMarshaller@4156771b, schemaDescriptor=com.alibaba.nacos.api.grpc.auto.RequestGrpc$RequestMethodDescriptorSupplier@1ef76774}}}}]]
	at com.alibaba.nacos.shaded.com.google.common.util.concurrent.AbstractFuture.get(AbstractFuture.java:535) ~[nacos-client-3.1.1.jar:na]
	at com.alibaba.nacos.common.remote.client.grpc.GrpcClient.serverCheck(GrpcClient.java:234) ~[nacos-client-3.1.1.jar:na]
	at com.alibaba.nacos.common.remote.client.grpc.GrpcClient.connectToServer(GrpcClient.java:346) ~[nacos-client-3.1.1.jar:na]
	at com.alibaba.nacos.common.remote.client.RpcClient.reconnect(RpcClient.java:504) ~[nacos-client-3.1.1.jar:na]
	at com.alibaba.nacos.common.remote.client.RpcClient.lambda$start$1(RpcClient.java:330) ~[nacos-client-3.1.1.jar:na]
	at java.base/java.util.concurrent.Executors$RunnableAdapter.call(Executors.java:545) ~[na:na]
	at java.base/java.util.concurrent.FutureTask.run(FutureTask.java:330) ~[na:na]
	at java.base/java.util.concurrent.ScheduledThreadPoolExecutor$ScheduledFutureTask.run(ScheduledThreadPoolExecutor.java:309) ~[na:na]
	at java.base/java.util.concurrent.ThreadPoolExecutor.runWorker(ThreadPoolExecutor.java:1090) ~[na:na]
	at java.base/java.util.concurrent.ThreadPoolExecutor$Worker.run(ThreadPoolExecutor.java:614) ~[na:na]
	at java.base/java.lang.Thread.run(Thread.java:1516) ~[na:na]
2026-08-02 02:00:21.421 [com.alibaba.nacos.client.remote.worker.1] [none] INFO  c.alibaba.nacos.common.remote.client - [e0f57a1d-efd0-4a9e-8f80-e0a922cfdd5d] Fail to connect server, after trying 1 times, last try server is {serverIp = '129.204.152.168', server main port = 8848}, error = unknown
2026-08-02 02:00:21.464 [com.alibaba.nacos.client.remote.worker.0] [none] ERROR c.a.n.c.r.client.grpc.GrpcClient - Server check fail, please check server 129.204.152.168, port 9848 is available, error ={}
java.util.concurrent.TimeoutException: Waited 3000 milliseconds (plus 1 milliseconds, 814600 nanoseconds delay) for com.alibaba.nacos.shaded.io.grpc.stub.ClientCalls$GrpcFuture@58d1c78c[status=PENDING, info=[GrpcFuture{clientCall=PendingCall{realCall=ClientCallImpl{method=MethodDescriptor{fullMethodName=Request/request, type=UNARY, idempotent=false, safe=false, sampledToLocalTracing=true, requestMarshaller=com.alibaba.nacos.shaded.io.grpc.protobuf.lite.ProtoLiteUtils$MessageMarshaller@258c0cfb, responseMarshaller=com.alibaba.nacos.shaded.io.grpc.protobuf.lite.ProtoLiteUtils$MessageMarshaller@4156771b, schemaDescriptor=com.alibaba.nacos.api.grpc.auto.RequestGrpc$RequestMethodDescriptorSupplier@1ef76774}}}}]]
	at com.alibaba.nacos.shaded.com.google.common.util.concurrent.AbstractFuture.get(AbstractFuture.java:535) ~[nacos-client-3.1.1.jar:na]
	at com.alibaba.nacos.common.remote.client.grpc.GrpcClient.serverCheck(GrpcClient.java:234) ~[nacos-client-3.1.1.jar:na]
	at com.alibaba.nacos.common.remote.client.grpc.GrpcClient.connectToServer(GrpcClient.java:346) ~[nacos-client-3.1.1.jar:na]
	at com.alibaba.nacos.common.remote.client.RpcClient.reconnect(RpcClient.java:504) ~[nacos-client-3.1.1.jar:na]
	at com.alibaba.nacos.common.remote.client.RpcClient.lambda$start$1(RpcClient.java:330) ~[nacos-client-3.1.1.jar:na]
	at java.base/java.util.concurrent.Executors$RunnableAdapter.call(Executors.java:545) ~[na:na]
	at java.base/java.util.concurrent.FutureTask.run(FutureTask.java:330) ~[na:na]
	at java.base/java.util.concurrent.ScheduledThreadPoolExecutor$ScheduledFutureTask.run(ScheduledThreadPoolExecutor.java:309) ~[na:na]
	at java.base/java.util.concurrent.ThreadPoolExecutor.runWorker(ThreadPoolExecutor.java:1090) ~[na:na]
	at java.base/java.util.concurrent.ThreadPoolExecutor$Worker.run(ThreadPoolExecutor.java:614) ~[na:na]
	at java.base/java.lang.Thread.run(Thread.java:1516) ~[na:na]
2026-08-02 02:00:21.464 [com.alibaba.nacos.client.remote.worker.0] [none] INFO  c.alibaba.nacos.common.remote.client - [dc5fbd3f-30f6-4048-b9dc-0d30b703c861_config-0] Fail to connect server, after trying 1 times, last try server is {serverIp = '129.204.152.168', server main port = 8848}, error = unknown
2026-08-02 02:00:21.623 [com.alibaba.nacos.client.remote.worker.1] [none] INFO  c.a.n.c.r.client.grpc.GrpcClient - grpc client connection server: 129.204.152.168 ip, serverPort: 9848, grpcTslConfig: {"enableTls":false,"mutualAuthEnable":false,"trustAll":true}
2026-08-02 02:00:21.665 [com.alibaba.nacos.client.remote.worker.0] [none] INFO  c.a.n.c.r.client.grpc.GrpcClient - grpc client connection server: 129.204.152.168 ip, serverPort: 9848, grpcTslConfig: {"enableTls":false,"mutualAuthEnable":false,"trustAll":true}
2026-08-02 02:00:21.821 [com.alibaba.nacos.client.remote.worker.1] [none] ERROR c.a.n.c.r.client.grpc.GrpcClient - Server check fail, please check server 129.204.152.168, port 9848 is available, error ={}
java.util.concurrent.TimeoutException: Waited 3000 milliseconds (plus 64900 nanoseconds delay) for com.alibaba.nacos.shaded.io.grpc.stub.ClientCalls$GrpcFuture@505b07fb[status=PENDING, info=[GrpcFuture{clientCall=PendingCall{realCall=ClientCallImpl{method=MethodDescriptor{fullMethodName=Request/request, type=UNARY, idempotent=false, safe=false, sampledToLocalTracing=true, requestMarshaller=com.alibaba.nacos.shaded.io.grpc.protobuf.lite.ProtoLiteUtils$MessageMarshaller@258c0cfb, responseMarshaller=com.alibaba.nacos.shaded.io.grpc.protobuf.lite.ProtoLiteUtils$MessageMarshaller@4156771b, schemaDescriptor=com.alibaba.nacos.api.grpc.auto.RequestGrpc$RequestMethodDescriptorSupplier@1ef76774}}}}]]
	at com.alibaba.nacos.shaded.com.google.common.util.concurrent.AbstractFuture.get(AbstractFuture.java:535) ~[nacos-client-3.1.1.jar:na]
	at com.alibaba.nacos.common.remote.client.grpc.GrpcClient.serverCheck(GrpcClient.java:234) ~[nacos-client-3.1.1.jar:na]
	at com.alibaba.nacos.common.remote.client.grpc.GrpcClient.connectToServer(GrpcClient.java:346) ~[nacos-client-3.1.1.jar:na]
	at com.alibaba.nacos.common.remote.client.RpcClient.reconnect(RpcClient.java:504) ~[nacos-client-3.1.1.jar:na]
	at com.alibaba.nacos.common.remote.client.RpcClient.lambda$start$1(RpcClient.java:330) ~[nacos-client-3.1.1.jar:na]
	at java.base/java.util.concurrent.Executors$RunnableAdapter.call(Executors.java:545) ~[na:na]
	at java.base/java.util.concurrent.FutureTask.run(FutureTask.java:330) ~[na:na]
	at java.base/java.util.concurrent.ScheduledThreadPoolExecutor$ScheduledFutureTask.run(ScheduledThreadPoolExecutor.java:309) ~[na:na]
	at java.base/java.util.concurrent.ThreadPoolExecutor.runWorker(ThreadPoolExecutor.java:1090) ~[na:na]
	at java.base/java.util.concurrent.ThreadPoolExecutor$Worker.run(ThreadPoolExecutor.java:614) ~[na:na]
	at java.base/java.lang.Thread.run(Thread.java:1516) ~[na:na]
2026-08-02 02:00:21.822 [com.alibaba.nacos.client.remote.worker.1] [none] INFO  c.alibaba.nacos.common.remote.client - [a2de216e-2f6a-4bbf-b7b4-697b66f31442_config-0] Fail to connect server, after trying 1 times, last try server is {serverIp = '129.204.152.168', server main port = 8848}, error = unknown
2026-08-02 02:00:22.023 [com.alibaba.nacos.client.remote.worker.1] [none] INFO  c.a.n.c.r.client.grpc.GrpcClient - grpc client connection server: 129.204.152.168 ip, serverPort: 9848, grpcTslConfig: {"enableTls":false,"mutualAuthEnable":false,"trustAll":true}
2026-08-02 02:00:22.197 [com.alibaba.nacos.client.remote.worker.1] [none] ERROR c.a.n.c.r.client.grpc.GrpcClient - Server check fail, please check server 129.204.152.168, port 9848 is available, error ={}
java.util.concurrent.TimeoutException: Waited 3000 milliseconds (plus 845600 nanoseconds delay) for com.alibaba.nacos.shaded.io.grpc.stub.ClientCalls$GrpcFuture@cedb675[status=PENDING, info=[GrpcFuture{clientCall=PendingCall{realCall=ClientCallImpl{method=MethodDescriptor{fullMethodName=Request/request, type=UNARY, idempotent=false, safe=false, sampledToLocalTracing=true, requestMarshaller=com.alibaba.nacos.shaded.io.grpc.protobuf.lite.ProtoLiteUtils$MessageMarshaller@258c0cfb, responseMarshaller=com.alibaba.nacos.shaded.io.grpc.protobuf.lite.ProtoLiteUtils$MessageMarshaller@4156771b, schemaDescriptor=com.alibaba.nacos.api.grpc.auto.RequestGrpc$RequestMethodDescriptorSupplier@1ef76774}}}}]]
	at com.alibaba.nacos.shaded.com.google.common.util.concurrent.AbstractFuture.get(AbstractFuture.java:535) ~[nacos-client-3.1.1.jar:na]
	at com.alibaba.nacos.common.remote.client.grpc.GrpcClient.serverCheck(GrpcClient.java:234) ~[nacos-client-3.1.1.jar:na]
	at com.alibaba.nacos.common.remote.client.grpc.GrpcClient.connectToServer(GrpcClient.java:346) ~[nacos-client-3.1.1.jar:na]
	at com.alibaba.nacos.common.remote.client.RpcClient.reconnect(RpcClient.java:504) ~[nacos-client-3.1.1.jar:na]
	at com.alibaba.nacos.common.remote.client.RpcClient.lambda$start$1(RpcClient.java:330) ~[nacos-client-3.1.1.jar:na]
	at java.base/java.util.concurrent.Executors$RunnableAdapter.call(Executors.java:545) ~[na:na]
	at java.base/java.util.concurrent.FutureTask.run(FutureTask.java:330) ~[na:na]
	at java.base/java.util.concurrent.ScheduledThreadPoolExecutor$ScheduledFutureTask.run(ScheduledThreadPoolExecutor.java:309) ~[na:na]
	at java.base/java.util.concurrent.ThreadPoolExecutor.runWorker(ThreadPoolExecutor.java:1090) ~[na:na]
	at java.base/java.util.concurrent.ThreadPoolExecutor$Worker.run(ThreadPoolExecutor.java:614) ~[na:na]
	at java.base/java.lang.Thread.run(Thread.java:1516) ~[na:na]
2026-08-02 02:00:22.198 [com.alibaba.nacos.client.remote.worker.1] [none] INFO  c.alibaba.nacos.common.remote.client - [eab7de7c-d831-4e36-adf4-f4dc47a0d2cf_config-0] Fail to connect server, after trying 1 times, last try server is {serverIp = '129.204.152.168', server main port = 8848}, error = unknown
2026-08-02 02:00:22.398 [com.alibaba.nacos.client.remote.worker.1] [none] INFO  c.a.n.c.r.client.grpc.GrpcClient - grpc client connection server: 129.204.152.168 ip, serverPort: 9848, grpcTslConfig: {"enableTls":false,"mutualAuthEnable":false,"trustAll":true}
2026-08-02 02:00:24.287 [com.alibaba.nacos.naming.failover.0] [none] DEBUG com.alibaba.nacos.client.naming - failover switch is not found, 00-00---000-VIPSRV_FAILOVER_SWITCH-000---00-00
2026-08-02 02:00:24.625 [com.alibaba.nacos.client.remote.worker.1] [none] ERROR c.a.n.c.r.client.grpc.GrpcClient - Server check fail, please check server 129.204.152.168, port 9848 is available, error ={}
java.util.concurrent.TimeoutException: Waited 3000 milliseconds (plus 353200 nanoseconds delay) for com.alibaba.nacos.shaded.io.grpc.stub.ClientCalls$GrpcFuture@6c734ea9[status=PENDING, info=[GrpcFuture{clientCall=PendingCall{realCall=ClientCallImpl{method=MethodDescriptor{fullMethodName=Request/request, type=UNARY, idempotent=false, safe=false, sampledToLocalTracing=true, requestMarshaller=com.alibaba.nacos.shaded.io.grpc.protobuf.lite.ProtoLiteUtils$MessageMarshaller@258c0cfb, responseMarshaller=com.alibaba.nacos.shaded.io.grpc.protobuf.lite.ProtoLiteUtils$MessageMarshaller@4156771b, schemaDescriptor=com.alibaba.nacos.api.grpc.auto.RequestGrpc$RequestMethodDescriptorSupplier@1ef76774}}}}]]
	at com.alibaba.nacos.shaded.com.google.common.util.concurrent.AbstractFuture.get(AbstractFuture.java:535) ~[nacos-client-3.1.1.jar:na]
	at com.alibaba.nacos.common.remote.client.grpc.GrpcClient.serverCheck(GrpcClient.java:234) ~[nacos-client-3.1.1.jar:na]
	at com.alibaba.nacos.common.remote.client.grpc.GrpcClient.connectToServer(GrpcClient.java:346) ~[nacos-client-3.1.1.jar:na]
	at com.alibaba.nacos.common.remote.client.RpcClient.reconnect(RpcClient.java:504) ~[nacos-client-3.1.1.jar:na]
	at com.alibaba.nacos.common.remote.client.RpcClient.lambda$start$1(RpcClient.java:330) ~[nacos-client-3.1.1.jar:na]
	at java.base/java.util.concurrent.Executors$RunnableAdapter.call(Executors.java:545) ~[na:na]
	at java.base/java.util.concurrent.FutureTask.run(FutureTask.java:330) ~[na:na]
	at java.base/java.util.concurrent.ScheduledThreadPoolExecutor$ScheduledFutureTask.run(ScheduledThreadPoolExecutor.java:309) ~[na:na]
	at java.base/java.util.concurrent.ThreadPoolExecutor.runWorker(ThreadPoolExecutor.java:1090) ~[na:na]
	at java.base/java.util.concurrent.ThreadPoolExecutor$Worker.run(ThreadPoolExecutor.java:614) ~[na:na]
	at java.base/java.lang.Thread.run(Thread.java:1516) ~[na:na]
2026-08-02 02:00:24.625 [com.alibaba.nacos.client.remote.worker.1] [none] INFO  c.alibaba.nacos.common.remote.client - [e0f57a1d-efd0-4a9e-8f80-e0a922cfdd5d] Fail to connect server, after trying 2 times, last try server is {serverIp = '129.204.152.168', server main port = 8848}, error = unknown
2026-08-02 02:00:24.667 [com.alibaba.nacos.client.remote.worker.0] [none] ERROR c.a.n.c.r.client.grpc.GrpcClient - Server check fail, please check server 129.204.152.168, port 9848 is available, error ={}
java.util.concurrent.TimeoutException: Waited 3000 milliseconds (plus 2700 nanoseconds delay) for com.alibaba.nacos.shaded.io.grpc.stub.ClientCalls$GrpcFuture@71826ade[status=PENDING, info=[GrpcFuture{clientCall=PendingCall{realCall=ClientCallImpl{method=MethodDescriptor{fullMethodName=Request/request, type=UNARY, idempotent=false, safe=false, sampledToLocalTracing=true, requestMarshaller=com.alibaba.nacos.shaded.io.grpc.protobuf.lite.ProtoLiteUtils$MessageMarshaller@258c0cfb, responseMarshaller=com.alibaba.nacos.shaded.io.grpc.protobuf.lite.ProtoLiteUtils$MessageMarshaller@4156771b, schemaDescriptor=com.alibaba.nacos.api.grpc.auto.RequestGrpc$RequestMethodDescriptorSupplier@1ef76774}}}}]]
	at com.alibaba.nacos.shaded.com.google.common.util.concurrent.AbstractFuture.get(AbstractFuture.java:535) ~[nacos-client-3.1.1.jar:na]
	at com.alibaba.nacos.common.remote.client.grpc.GrpcClient.serverCheck(GrpcClient.java:234) ~[nacos-client-3.1.1.jar:na]
	at com.alibaba.nacos.common.remote.client.grpc.GrpcClient.connectToServer(GrpcClient.java:346) ~[nacos-client-3.1.1.jar:na]
	at com.alibaba.nacos.common.remote.client.RpcClient.reconnect(RpcClient.java:504) ~[nacos-client-3.1.1.jar:na]
	at com.alibaba.nacos.common.remote.client.RpcClient.lambda$start$1(RpcClient.java:330) ~[nacos-client-3.1.1.jar:na]
	at java.base/java.util.concurrent.Executors$RunnableAdapter.call(Executors.java:545) ~[na:na]
	at java.base/java.util.concurrent.FutureTask.run(FutureTask.java:330) ~[na:na]
	at java.base/java.util.concurrent.ScheduledThreadPoolExecutor$ScheduledFutureTask.run(ScheduledThreadPoolExecutor.java:309) ~[na:na]
	at java.base/java.util.concurrent.ThreadPoolExecutor.runWorker(ThreadPoolExecutor.java:1090) ~[na:na]
	at java.base/java.util.concurrent.ThreadPoolExecutor$Worker.run(ThreadPoolExecutor.java:614) ~[na:na]
	at java.base/java.lang.Thread.run(Thread.java:1516) ~[na:na]
2026-08-02 02:00:24.667 [com.alibaba.nacos.client.remote.worker.0] [none] INFO  c.alibaba.nacos.common.remote.client - [dc5fbd3f-30f6-4048-b9dc-0d30b703c861_config-0] Fail to connect server, after trying 2 times, last try server is {serverIp = '129.204.152.168', server main port = 8848}, error = unknown
2026-08-02 02:00:24.926 [com.alibaba.nacos.client.remote.worker.1] [none] INFO  c.a.n.c.r.client.grpc.GrpcClient - grpc client connection server: 129.204.152.168 ip, serverPort: 9848, grpcTslConfig: {"enableTls":false,"mutualAuthEnable":false,"trustAll":true}
2026-08-02 02:00:24.969 [com.alibaba.nacos.client.remote.worker.0] [none] INFO  c.a.n.c.r.client.grpc.GrpcClient - grpc client connection server: 129.204.152.168 ip, serverPort: 9848, grpcTslConfig: {"enableTls":false,"mutualAuthEnable":false,"trustAll":true}
2026-08-02 02:00:25.025 [com.alibaba.nacos.client.remote.worker.1] [none] ERROR c.a.n.c.r.client.grpc.GrpcClient - Server check fail, please check server 129.204.152.168, port 9848 is available, error ={}
java.util.concurrent.TimeoutException: Waited 3000 milliseconds (plus 1 milliseconds, 278000 nanoseconds delay) for com.alibaba.nacos.shaded.io.grpc.stub.ClientCalls$GrpcFuture@2b601342[status=PENDING, info=[GrpcFuture{clientCall=PendingCall{realCall=ClientCallImpl{method=MethodDescriptor{fullMethodName=Request/request, type=UNARY, idempotent=false, safe=false, sampledToLocalTracing=true, requestMarshaller=com.alibaba.nacos.shaded.io.grpc.protobuf.lite.ProtoLiteUtils$MessageMarshaller@258c0cfb, responseMarshaller=com.alibaba.nacos.shaded.io.grpc.protobuf.lite.ProtoLiteUtils$MessageMarshaller@4156771b, schemaDescriptor=com.alibaba.nacos.api.grpc.auto.RequestGrpc$RequestMethodDescriptorSupplier@1ef76774}}}}]]
	at com.alibaba.nacos.shaded.com.google.common.util.concurrent.AbstractFuture.get(AbstractFuture.java:535) ~[nacos-client-3.1.1.jar:na]
	at com.alibaba.nacos.common.remote.client.grpc.GrpcClient.serverCheck(GrpcClient.java:234) ~[nacos-client-3.1.1.jar:na]
	at com.alibaba.nacos.common.remote.client.grpc.GrpcClient.connectToServer(GrpcClient.java:346) ~[nacos-client-3.1.1.jar:na]
	at com.alibaba.nacos.common.remote.client.RpcClient.reconnect(RpcClient.java:504) ~[nacos-client-3.1.1.jar:na]
	at com.alibaba.nacos.common.remote.client.RpcClient.lambda$start$1(RpcClient.java:330) ~[nacos-client-3.1.1.jar:na]
	at java.base/java.util.concurrent.Executors$RunnableAdapter.call(Executors.java:545) ~[na:na]
	at java.base/java.util.concurrent.FutureTask.run(FutureTask.java:330) ~[na:na]
	at java.base/java.util.concurrent.ScheduledThreadPoolExecutor$ScheduledFutureTask.run(ScheduledThreadPoolExecutor.java:309) ~[na:na]
	at java.base/java.util.concurrent.ThreadPoolExecutor.runWorker(ThreadPoolExecutor.java:1090) ~[na:na]
	at java.base/java.util.concurrent.ThreadPoolExecutor$Worker.run(ThreadPoolExecutor.java:614) ~[na:na]
	at java.base/java.lang.Thread.run(Thread.java:1516) ~[na:na]
2026-08-02 02:00:25.026 [com.alibaba.nacos.client.remote.worker.1] [none] INFO  c.alibaba.nacos.common.remote.client - [a2de216e-2f6a-4bbf-b7b4-697b66f31442_config-0] Fail to connect server, after trying 2 times, last try server is {serverIp = '129.204.152.168', server main port = 8848}, error = unknown
2026-08-02 02:00:25.327 [com.alibaba.nacos.client.remote.worker.1] [none] INFO  c.a.n.c.r.client.grpc.GrpcClient - grpc client connection server: 129.204.152.168 ip, serverPort: 9848, grpcTslConfig: {"enableTls":false,"mutualAuthEnable":false,"trustAll":true}
2026-08-02 02:00:25.401 [com.alibaba.nacos.client.remote.worker.1] [none] ERROR c.a.n.c.r.client.grpc.GrpcClient - Server check fail, please check server 129.204.152.168, port 9848 is available, error ={}
java.util.concurrent.TimeoutException: Waited 3000 milliseconds (plus 1 milliseconds, 960300 nanoseconds delay) for com.alibaba.nacos.shaded.io.grpc.stub.ClientCalls$GrpcFuture@5aeacb16[status=PENDING, info=[GrpcFuture{clientCall=PendingCall{realCall=ClientCallImpl{method=MethodDescriptor{fullMethodName=Request/request, type=UNARY, idempotent=false, safe=false, sampledToLocalTracing=true, requestMarshaller=com.alibaba.nacos.shaded.io.grpc.protobuf.lite.ProtoLiteUtils$MessageMarshaller@258c0cfb, responseMarshaller=com.alibaba.nacos.shaded.io.grpc.protobuf.lite.ProtoLiteUtils$MessageMarshaller@4156771b, schemaDescriptor=com.alibaba.nacos.api.grpc.auto.RequestGrpc$RequestMethodDescriptorSupplier@1ef76774}}}}]]
	at com.alibaba.nacos.shaded.com.google.common.util.concurrent.AbstractFuture.get(AbstractFuture.java:535) ~[nacos-client-3.1.1.jar:na]
	at com.alibaba.nacos.common.remote.client.grpc.GrpcClient.serverCheck(GrpcClient.java:234) ~[nacos-client-3.1.1.jar:na]
	at com.alibaba.nacos.common.remote.client.grpc.GrpcClient.connectToServer(GrpcClient.java:346) ~[nacos-client-3.1.1.jar:na]
	at com.alibaba.nacos.common.remote.client.RpcClient.reconnect(RpcClient.java:504) ~[nacos-client-3.1.1.jar:na]
	at com.alibaba.nacos.common.remote.client.RpcClient.lambda$start$1(RpcClient.java:330) ~[nacos-client-3.1.1.jar:na]
	at java.base/java.util.concurrent.Executors$RunnableAdapter.call(Executors.java:545) ~[na:na]
	at java.base/java.util.concurrent.FutureTask.run(FutureTask.java:330) ~[na:na]
	at java.base/java.util.concurrent.ScheduledThreadPoolExecutor$ScheduledFutureTask.run(ScheduledThreadPoolExecutor.java:309) ~[na:na]
	at java.base/java.util.concurrent.ThreadPoolExecutor.runWorker(ThreadPoolExecutor.java:1090) ~[na:na]
	at java.base/java.util.concurrent.ThreadPoolExecutor$Worker.run(ThreadPoolExecutor.java:614) ~[na:na]
	at java.base/java.lang.Thread.run(Thread.java:1516) ~[na:na]
2026-08-02 02:00:25.402 [com.alibaba.nacos.client.remote.worker.1] [none] INFO  c.alibaba.nacos.common.remote.client - [eab7de7c-d831-4e36-adf4-f4dc47a0d2cf_config-0] Fail to connect server, after trying 2 times, last try server is {serverIp = '129.204.152.168', server main port = 8848}, error = unknown
2026-08-02 02:00:25.703 [com.alibaba.nacos.client.remote.worker.1] [none] INFO  c.a.n.c.r.client.grpc.GrpcClient - grpc client connection server: 129.204.152.168 ip, serverPort: 9848, grpcTslConfig: {"enableTls":false,"mutualAuthEnable":false,"trustAll":true}
2026-08-02 02:00:27.927 [com.alibaba.nacos.client.remote.worker.1] [none] ERROR c.a.n.c.r.client.grpc.GrpcClient - Server check fail, please check server 129.204.152.168, port 9848 is available, error ={}
java.util.concurrent.TimeoutException: Waited 3000 milliseconds (plus 405000 nanoseconds delay) for com.alibaba.nacos.shaded.io.grpc.stub.ClientCalls$GrpcFuture@53ec1af9[status=PENDING, info=[GrpcFuture{clientCall=PendingCall{realCall=ClientCallImpl{method=MethodDescriptor{fullMethodName=Request/request, type=UNARY, idempotent=false, safe=false, sampledToLocalTracing=true, requestMarshaller=com.alibaba.nacos.shaded.io.grpc.protobuf.lite.ProtoLiteUtils$MessageMarshaller@258c0cfb, responseMarshaller=com.alibaba.nacos.shaded.io.grpc.protobuf.lite.ProtoLiteUtils$MessageMarshaller@4156771b, schemaDescriptor=com.alibaba.nacos.api.grpc.auto.RequestGrpc$RequestMethodDescriptorSupplier@1ef76774}}}}]]
	at com.alibaba.nacos.shaded.com.google.common.util.concurrent.AbstractFuture.get(AbstractFuture.java:535) ~[nacos-client-3.1.1.jar:na]
	at com.alibaba.nacos.common.remote.client.grpc.GrpcClient.serverCheck(GrpcClient.java:234) ~[nacos-client-3.1.1.jar:na]
	at com.alibaba.nacos.common.remote.client.grpc.GrpcClient.connectToServer(GrpcClient.java:346) ~[nacos-client-3.1.1.jar:na]
	at com.alibaba.nacos.common.remote.client.RpcClient.reconnect(RpcClient.java:504) ~[nacos-client-3.1.1.jar:na]
	at com.alibaba.nacos.common.remote.client.RpcClient.lambda$start$1(RpcClient.java:330) ~[nacos-client-3.1.1.jar:na]
	at java.base/java.util.concurrent.Executors$RunnableAdapter.call(Executors.java:545) ~[na:na]
	at java.base/java.util.concurrent.FutureTask.run(FutureTask.java:330) ~[na:na]
	at java.base/java.util.concurrent.ScheduledThreadPoolExecutor$ScheduledFutureTask.run(ScheduledThreadPoolExecutor.java:309) ~[na:na]
	at java.base/java.util.concurrent.ThreadPoolExecutor.runWorker(ThreadPoolExecutor.java:1090) ~[na:na]
	at java.base/java.util.concurrent.ThreadPoolExecutor$Worker.run(ThreadPoolExecutor.java:614) ~[na:na]
	at java.base/java.lang.Thread.run(Thread.java:1516) ~[na:na]
2026-08-02 02:00:27.927 [com.alibaba.nacos.client.remote.worker.1] [none] INFO  c.alibaba.nacos.common.remote.client - [e0f57a1d-efd0-4a9e-8f80-e0a922cfdd5d] Fail to connect server, after trying 3 times, last try server is {serverIp = '129.204.152.168', server main port = 8848}, error = unknown
2026-08-02 02:00:27.970 [com.alibaba.nacos.client.remote.worker.0] [none] ERROR c.a.n.c.r.client.grpc.GrpcClient - Server check fail, please check server 129.204.152.168, port 9848 is available, error ={}
java.util.concurrent.TimeoutException: Waited 3000 milliseconds (plus 434200 nanoseconds delay) for com.alibaba.nacos.shaded.io.grpc.stub.ClientCalls$GrpcFuture@21e18100[status=PENDING, info=[GrpcFuture{clientCall=PendingCall{realCall=ClientCallImpl{method=MethodDescriptor{fullMethodName=Request/request, type=UNARY, idempotent=false, safe=false, sampledToLocalTracing=true, requestMarshaller=com.alibaba.nacos.shaded.io.grpc.protobuf.lite.ProtoLiteUtils$MessageMarshaller@258c0cfb, responseMarshaller=com.alibaba.nacos.shaded.io.grpc.protobuf.lite.ProtoLiteUtils$MessageMarshaller@4156771b, schemaDescriptor=com.alibaba.nacos.api.grpc.auto.RequestGrpc$RequestMethodDescriptorSupplier@1ef76774}}}}]]
	at com.alibaba.nacos.shaded.com.google.common.util.concurrent.AbstractFuture.get(AbstractFuture.java:535) ~[nacos-client-3.1.1.jar:na]
	at com.alibaba.nacos.common.remote.client.grpc.GrpcClient.serverCheck(GrpcClient.java:234) ~[nacos-client-3.1.1.jar:na]
	at com.alibaba.nacos.common.remote.client.grpc.GrpcClient.connectToServer(GrpcClient.java:346) ~[nacos-client-3.1.1.jar:na]
	at com.alibaba.nacos.common.remote.client.RpcClient.reconnect(RpcClient.java:504) ~[nacos-client-3.1.1.jar:na]
	at com.alibaba.nacos.common.remote.client.RpcClient.lambda$start$1(RpcClient.java:330) ~[nacos-client-3.1.1.jar:na]
	at java.base/java.util.concurrent.Executors$RunnableAdapter.call(Executors.java:545) ~[na:na]
	at java.base/java.util.concurrent.FutureTask.run(FutureTask.java:330) ~[na:na]
	at java.base/java.util.concurrent.ScheduledThreadPoolExecutor$ScheduledFutureTask.run(ScheduledThreadPoolExecutor.java:309) ~[na:na]
	at java.base/java.util.concurrent.ThreadPoolExecutor.runWorker(ThreadPoolExecutor.java:1090) ~[na:na]
	at java.base/java.util.concurrent.ThreadPoolExecutor$Worker.run(ThreadPoolExecutor.java:614) ~[na:na]
	at java.base/java.lang.Thread.run(Thread.java:1516) ~[na:na]
2026-08-02 02:00:27.970 [com.alibaba.nacos.client.remote.worker.0] [none] INFO  c.alibaba.nacos.common.remote.client - [dc5fbd3f-30f6-4048-b9dc-0d30b703c861_config-0] Fail to connect server, after trying 3 times, last try server is {serverIp = '129.204.152.168', server main port = 8848}, error = unknown
2026-08-02 02:00:28.328 [com.alibaba.nacos.client.remote.worker.1] [none] INFO  c.a.n.c.r.client.grpc.GrpcClient - grpc client connection server: 129.204.152.168 ip, serverPort: 9848, grpcTslConfig: {"enableTls":false,"mutualAuthEnable":false,"trustAll":true}
2026-08-02 02:00:28.328 [com.alibaba.nacos.client.remote.worker.1] [none] ERROR c.a.n.c.r.client.grpc.GrpcClient - Server check fail, please check server 129.204.152.168, port 9848 is available, error ={}
java.util.concurrent.TimeoutException: Waited 3000 milliseconds (plus 288000 nanoseconds delay) for com.alibaba.nacos.shaded.io.grpc.stub.ClientCalls$GrpcFuture@799de856[status=PENDING, info=[GrpcFuture{clientCall=PendingCall{realCall=ClientCallImpl{method=MethodDescriptor{fullMethodName=Request/request, type=UNARY, idempotent=false, safe=false, sampledToLocalTracing=true, requestMarshaller=com.alibaba.nacos.shaded.io.grpc.protobuf.lite.ProtoLiteUtils$MessageMarshaller@258c0cfb, responseMarshaller=com.alibaba.nacos.shaded.io.grpc.protobuf.lite.ProtoLiteUtils$MessageMarshaller@4156771b, schemaDescriptor=com.alibaba.nacos.api.grpc.auto.RequestGrpc$RequestMethodDescriptorSupplier@1ef76774}}}}]]
	at com.alibaba.nacos.shaded.com.google.common.util.concurrent.AbstractFuture.get(AbstractFuture.java:535) ~[nacos-client-3.1.1.jar:na]
	at com.alibaba.nacos.common.remote.client.grpc.GrpcClient.serverCheck(GrpcClient.java:234) ~[nacos-client-3.1.1.jar:na]
	at com.alibaba.nacos.common.remote.client.grpc.GrpcClient.connectToServer(GrpcClient.java:346) ~[nacos-client-3.1.1.jar:na]
	at com.alibaba.nacos.common.remote.client.RpcClient.reconnect(RpcClient.java:504) ~[nacos-client-3.1.1.jar:na]
	at com.alibaba.nacos.common.remote.client.RpcClient.lambda$start$1(RpcClient.java:330) ~[nacos-client-3.1.1.jar:na]
	at java.base/java.util.concurrent.Executors$RunnableAdapter.call(Executors.java:545) ~[na:na]
	at java.base/java.util.concurrent.FutureTask.run(FutureTask.java:330) ~[na:na]
	at java.base/java.util.concurrent.ScheduledThreadPoolExecutor$ScheduledFutureTask.run(ScheduledThreadPoolExecutor.java:309) ~[na:na]
	at java.base/java.util.concurrent.ThreadPoolExecutor.runWorker(ThreadPoolExecutor.java:1090) ~[na:na]
	at java.base/java.util.concurrent.ThreadPoolExecutor$Worker.run(ThreadPoolExecutor.java:614) ~[na:na]
	at java.base/java.lang.Thread.run(Thread.java:1516) ~[na:na]
2026-08-02 02:00:28.329 [com.alibaba.nacos.client.remote.worker.1] [none] INFO  c.alibaba.nacos.common.remote.client - [a2de216e-2f6a-4bbf-b7b4-697b66f31442_config-0] Fail to connect server, after trying 3 times, last try server is {serverIp = '129.204.152.168', server main port = 8848}, error = unknown
2026-08-02 02:00:28.371 [com.alibaba.nacos.client.remote.worker.0] [none] INFO  c.a.n.c.r.client.grpc.GrpcClient - grpc client connection server: 129.204.152.168 ip, serverPort: 9848, grpcTslConfig: {"enableTls":false,"mutualAuthEnable":false,"trustAll":true}
2026-08-02 02:00:28.705 [com.alibaba.nacos.client.remote.worker.1] [none] ERROR c.a.n.c.r.client.grpc.GrpcClient - Server check fail, please check server 129.204.152.168, port 9848 is available, error ={}
java.util.concurrent.TimeoutException: Waited 3000 milliseconds (plus 1 milliseconds, 352100 nanoseconds delay) for com.alibaba.nacos.shaded.io.grpc.stub.ClientCalls$GrpcFuture@774aa09b[status=PENDING, info=[GrpcFuture{clientCall=PendingCall{realCall=ClientCallImpl{method=MethodDescriptor{fullMethodName=Request/request, type=UNARY, idempotent=false, safe=false, sampledToLocalTracing=true, requestMarshaller=com.alibaba.nacos.shaded.io.grpc.protobuf.lite.ProtoLiteUtils$MessageMarshaller@258c0cfb, responseMarshaller=com.alibaba.nacos.shaded.io.grpc.protobuf.lite.ProtoLiteUtils$MessageMarshaller@4156771b, schemaDescriptor=com.alibaba.nacos.api.grpc.auto.RequestGrpc$RequestMethodDescriptorSupplier@1ef76774}}}}]]
	at com.alibaba.nacos.shaded.com.google.common.util.concurrent.AbstractFuture.get(AbstractFuture.java:535) ~[nacos-client-3.1.1.jar:na]
	at com.alibaba.nacos.common.remote.client.grpc.GrpcClient.serverCheck(GrpcClient.java:234) ~[nacos-client-3.1.1.jar:na]
	at com.alibaba.nacos.common.remote.client.grpc.GrpcClient.connectToServer(GrpcClient.java:346) ~[nacos-client-3.1.1.jar:na]
	at com.alibaba.nacos.common.remote.client.RpcClient.reconnect(RpcClient.java:504) ~[nacos-client-3.1.1.jar:na]
	at com.alibaba.nacos.common.remote.client.RpcClient.lambda$start$1(RpcClient.java:330) ~[nacos-client-3.1.1.jar:na]
	at java.base/java.util.concurrent.Executors$RunnableAdapter.call(Executors.java:545) ~[na:na]
	at java.base/java.util.concurrent.FutureTask.run(FutureTask.java:330) ~[na:na]
	at java.base/java.util.concurrent.ScheduledThreadPoolExecutor$ScheduledFutureTask.run(ScheduledThreadPoolExecutor.java:309) ~[na:na]
	at java.base/java.util.concurrent.ThreadPoolExecutor.runWorker(ThreadPoolExecutor.java:1090) ~[na:na]
	at java.base/java.util.concurrent.ThreadPoolExecutor$Worker.run(ThreadPoolExecutor.java:614) ~[na:na]
	at java.base/java.lang.Thread.run(Thread.java:1516) ~[na:na]
2026-08-02 02:00:28.705 [com.alibaba.nacos.client.remote.worker.1] [none] INFO  c.alibaba.nacos.common.remote.client - [eab7de7c-d831-4e36-adf4-f4dc47a0d2cf_config-0] Fail to connect server, after trying 3 times, last try server is {serverIp = '129.204.152.168', server main port = 8848}, error = unknown
2026-08-02 02:00:28.730 [com.alibaba.nacos.client.remote.worker.1] [none] INFO  c.a.n.c.r.client.grpc.GrpcClient - grpc client connection server: 129.204.152.168 ip, serverPort: 9848, grpcTslConfig: {"enableTls":false,"mutualAuthEnable":false,"trustAll":true}
2026-08-02 02:00:29.106 [com.alibaba.nacos.client.remote.worker.1] [none] INFO  c.a.n.c.r.client.grpc.GrpcClient - grpc client connection server: 129.204.152.168 ip, serverPort: 9848, grpcTslConfig: {"enableTls":false,"mutualAuthEnable":false,"trustAll":true}
2026-08-02 02:00:29.289 [com.alibaba.nacos.naming.failover.0] [none] DEBUG com.alibaba.nacos.client.naming - failover switch is not found, 00-00---000-VIPSRV_FAILOVER_SWITCH-000---00-00
2026-08-02 02:00:31.330 [com.alibaba.nacos.client.remote.worker.1] [none] ERROR c.a.n.c.r.client.grpc.GrpcClient - Server check fail, please check server 129.204.152.168, port 9848 is available, error ={}
java.util.concurrent.TimeoutException: Waited 3000 milliseconds (plus 150300 nanoseconds delay) for com.alibaba.nacos.shaded.io.grpc.stub.ClientCalls$GrpcFuture@4da6fda8[status=PENDING, info=[GrpcFuture{clientCall=PendingCall{realCall=ClientCallImpl{method=MethodDescriptor{fullMethodName=Request/request, type=UNARY, idempotent=false, safe=false, sampledToLocalTracing=true, requestMarshaller=com.alibaba.nacos.shaded.io.grpc.protobuf.lite.ProtoLiteUtils$MessageMarshaller@258c0cfb, responseMarshaller=com.alibaba.nacos.shaded.io.grpc.protobuf.lite.ProtoLiteUtils$MessageMarshaller@4156771b, schemaDescriptor=com.alibaba.nacos.api.grpc.auto.RequestGrpc$RequestMethodDescriptorSupplier@1ef76774}}}}]]
	at com.alibaba.nacos.shaded.com.google.common.util.concurrent.AbstractFuture.get(AbstractFuture.java:535) ~[nacos-client-3.1.1.jar:na]
	at com.alibaba.nacos.common.remote.client.grpc.GrpcClient.serverCheck(GrpcClient.java:234) ~[nacos-client-3.1.1.jar:na]
	at com.alibaba.nacos.common.remote.client.grpc.GrpcClient.connectToServer(GrpcClient.java:346) ~[nacos-client-3.1.1.jar:na]
	at com.alibaba.nacos.common.remote.client.RpcClient.reconnect(RpcClient.java:504) ~[nacos-client-3.1.1.jar:na]
	at com.alibaba.nacos.common.remote.client.RpcClient.lambda$start$1(RpcClient.java:330) ~[nacos-client-3.1.1.jar:na]
	at java.base/java.util.concurrent.Executors$RunnableAdapter.call(Executors.java:545) ~[na:na]
	at java.base/java.util.concurrent.FutureTask.run(FutureTask.java:330) ~[na:na]
	at java.base/java.util.concurrent.ScheduledThreadPoolExecutor$ScheduledFutureTask.run(ScheduledThreadPoolExecutor.java:309) ~[na:na]
	at java.base/java.util.concurrent.ThreadPoolExecutor.runWorker(ThreadPoolExecutor.java:1090) ~[na:na]
	at java.base/java.util.concurrent.ThreadPoolExecutor$Worker.run(ThreadPoolExecutor.java:614) ~[na:na]
	at java.base/java.lang.Thread.run(Thread.java:1516) ~[na:na]
2026-08-02 02:00:31.330 [com.alibaba.nacos.client.remote.worker.1] [none] INFO  c.alibaba.nacos.common.remote.client - [e0f57a1d-efd0-4a9e-8f80-e0a922cfdd5d] Fail to connect server, after trying 4 times, last try server is {serverIp = '129.204.152.168', server main port = 8848}, error = unknown
2026-08-02 02:00:31.374 [com.alibaba.nacos.client.remote.worker.0] [none] ERROR c.a.n.c.r.client.grpc.GrpcClient - Server check fail, please check server 129.204.152.168, port 9848 is available, error ={}
java.util.concurrent.TimeoutException: Waited 3000 milliseconds (plus 1 milliseconds, 526100 nanoseconds delay) for com.alibaba.nacos.shaded.io.grpc.stub.ClientCalls$GrpcFuture@5ec77657[status=PENDING, info=[GrpcFuture{clientCall=PendingCall{realCall=ClientCallImpl{method=MethodDescriptor{fullMethodName=Request/request, type=UNARY, idempotent=false, safe=false, sampledToLocalTracing=true, requestMarshaller=com.alibaba.nacos.shaded.io.grpc.protobuf.lite.ProtoLiteUtils$MessageMarshaller@258c0cfb, responseMarshaller=com.alibaba.nacos.shaded.io.grpc.protobuf.lite.ProtoLiteUtils$MessageMarshaller@4156771b, schemaDescriptor=com.alibaba.nacos.api.grpc.auto.RequestGrpc$RequestMethodDescriptorSupplier@1ef76774}}}}]]
	at com.alibaba.nacos.shaded.com.google.common.util.concurrent.AbstractFuture.get(AbstractFuture.java:535) ~[nacos-client-3.1.1.jar:na]
	at com.alibaba.nacos.common.remote.client.grpc.GrpcClient.serverCheck(GrpcClient.java:234) ~[nacos-client-3.1.1.jar:na]
	at com.alibaba.nacos.common.remote.client.grpc.GrpcClient.connectToServer(GrpcClient.java:346) ~[nacos-client-3.1.1.jar:na]
	at com.alibaba.nacos.common.remote.client.RpcClient.reconnect(RpcClient.java:504) ~[nacos-client-3.1.1.jar:na]
	at com.alibaba.nacos.common.remote.client.RpcClient.lambda$start$1(RpcClient.java:330) ~[nacos-client-3.1.1.jar:na]
	at java.base/java.util.concurrent.Executors$RunnableAdapter.call(Executors.java:545) ~[na:na]
	at java.base/java.util.concurrent.FutureTask.run(FutureTask.java:330) ~[na:na]
	at java.base/java.util.concurrent.ScheduledThreadPoolExecutor$ScheduledFutureTask.run(ScheduledThreadPoolExecutor.java:309) ~[na:na]
	at java.base/java.util.concurrent.ThreadPoolExecutor.runWorker(ThreadPoolExecutor.java:1090) ~[na:na]
	at java.base/java.util.concurrent.ThreadPoolExecutor$Worker.run(ThreadPoolExecutor.java:614) ~[na:na]
	at java.base/java.lang.Thread.run(Thread.java:1516) ~[na:na]
2026-08-02 02:00:31.374 [com.alibaba.nacos.client.remote.worker.0] [none] INFO  c.alibaba.nacos.common.remote.client - [dc5fbd3f-30f6-4048-b9dc-0d30b703c861_config-0] Fail to connect server, after trying 4 times, last try server is {serverIp = '129.204.152.168', server main port = 8848}, error = unknown
2026-08-02 02:00:31.732 [com.alibaba.nacos.client.remote.worker.1] [none] ERROR c.a.n.c.r.client.grpc.GrpcClient - Server check fail, please check server 129.204.152.168, port 9848 is available, error ={}
java.util.concurrent.TimeoutException: Waited 3000 milliseconds (plus 858300 nanoseconds delay) for com.alibaba.nacos.shaded.io.grpc.stub.ClientCalls$GrpcFuture@49c6b35b[status=PENDING, info=[GrpcFuture{clientCall=PendingCall{realCall=ClientCallImpl{method=MethodDescriptor{fullMethodName=Request/request, type=UNARY, idempotent=false, safe=false, sampledToLocalTracing=true, requestMarshaller=com.alibaba.nacos.shaded.io.grpc.protobuf.lite.ProtoLiteUtils$MessageMarshaller@258c0cfb, responseMarshaller=com.alibaba.nacos.shaded.io.grpc.protobuf.lite.ProtoLiteUtils$MessageMarshaller@4156771b, schemaDescriptor=com.alibaba.nacos.api.grpc.auto.RequestGrpc$RequestMethodDescriptorSupplier@1ef76774}}}}]]
	at com.alibaba.nacos.shaded.com.google.common.util.concurrent.AbstractFuture.get(AbstractFuture.java:535) ~[nacos-client-3.1.1.jar:na]
	at com.alibaba.nacos.common.remote.client.grpc.GrpcClient.serverCheck(GrpcClient.java:234) ~[nacos-client-3.1.1.jar:na]
	at com.alibaba.nacos.common.remote.client.grpc.GrpcClient.connectToServer(GrpcClient.java:346) ~[nacos-client-3.1.1.jar:na]
	at com.alibaba.nacos.common.remote.client.RpcClient.reconnect(RpcClient.java:504) ~[nacos-client-3.1.1.jar:na]
	at com.alibaba.nacos.common.remote.client.RpcClient.lambda$start$1(RpcClient.java:330) ~[nacos-client-3.1.1.jar:na]
	at java.base/java.util.concurrent.Executors$RunnableAdapter.call(Executors.java:545) ~[na:na]
	at java.base/java.util.concurrent.FutureTask.run(FutureTask.java:330) ~[na:na]
	at java.base/java.util.concurrent.ScheduledThreadPoolExecutor$ScheduledFutureTask.run(ScheduledThreadPoolExecutor.java:309) ~[na:na]
	at java.base/java.util.concurrent.ThreadPoolExecutor.runWorker(ThreadPoolExecutor.java:1090) ~[na:na]
	at java.base/java.util.concurrent.ThreadPoolExecutor$Worker.run(ThreadPoolExecutor.java:614) ~[na:na]
	at java.base/java.lang.Thread.run(Thread.java:1516) ~[na:na]
2026-08-02 02:00:31.732 [com.alibaba.nacos.client.remote.worker.1] [none] INFO  c.alibaba.nacos.common.remote.client - [a2de216e-2f6a-4bbf-b7b4-697b66f31442_config-0] Fail to connect server, after trying 4 times, last try server is {serverIp = '129.204.152.168', server main port = 8848}, error = unknown
2026-08-02 02:00:31.832 [com.alibaba.nacos.client.remote.worker.1] [none] INFO  c.a.n.c.r.client.grpc.GrpcClient - grpc client connection server: 129.204.152.168 ip, serverPort: 9848, grpcTslConfig: {"enableTls":false,"mutualAuthEnable":false,"trustAll":true}
2026-08-02 02:00:31.875 [com.alibaba.nacos.client.remote.worker.0] [none] INFO  c.a.n.c.r.client.grpc.GrpcClient - grpc client connection server: 129.204.152.168 ip, serverPort: 9848, grpcTslConfig: {"enableTls":false,"mutualAuthEnable":false,"trustAll":true}
2026-08-02 02:00:32.108 [com.alibaba.nacos.client.remote.worker.1] [none] ERROR c.a.n.c.r.client.grpc.GrpcClient - Server check fail, please check server 129.204.152.168, port 9848 is available, error ={}
java.util.concurrent.TimeoutException: Waited 3000 milliseconds (plus 406300 nanoseconds delay) for com.alibaba.nacos.shaded.io.grpc.stub.ClientCalls$GrpcFuture@1fcc4b72[status=PENDING, info=[GrpcFuture{clientCall=PendingCall{realCall=ClientCallImpl{method=MethodDescriptor{fullMethodName=Request/request, type=UNARY, idempotent=false, safe=false, sampledToLocalTracing=true, requestMarshaller=com.alibaba.nacos.shaded.io.grpc.protobuf.lite.ProtoLiteUtils$MessageMarshaller@258c0cfb, responseMarshaller=com.alibaba.nacos.shaded.io.grpc.protobuf.lite.ProtoLiteUtils$MessageMarshaller@4156771b, schemaDescriptor=com.alibaba.nacos.api.grpc.auto.RequestGrpc$RequestMethodDescriptorSupplier@1ef76774}}}}]]
	at com.alibaba.nacos.shaded.com.google.common.util.concurrent.AbstractFuture.get(AbstractFuture.java:535) ~[nacos-client-3.1.1.jar:na]
	at com.alibaba.nacos.common.remote.client.grpc.GrpcClient.serverCheck(GrpcClient.java:234) ~[nacos-client-3.1.1.jar:na]
	at com.alibaba.nacos.common.remote.client.grpc.GrpcClient.connectToServer(GrpcClient.java:346) ~[nacos-client-3.1.1.jar:na]
	at com.alibaba.nacos.common.remote.client.RpcClient.reconnect(RpcClient.java:504) ~[nacos-client-3.1.1.jar:na]
	at com.alibaba.nacos.common.remote.client.RpcClient.lambda$start$1(RpcClient.java:330) ~[nacos-client-3.1.1.jar:na]
	at java.base/java.util.concurrent.Executors$RunnableAdapter.call(Executors.java:545) ~[na:na]
	at java.base/java.util.concurrent.FutureTask.run(FutureTask.java:330) ~[na:na]
	at java.base/java.util.concurrent.ScheduledThreadPoolExecutor$ScheduledFutureTask.run(ScheduledThreadPoolExecutor.java:309) ~[na:na]
	at java.base/java.util.concurrent.ThreadPoolExecutor.runWorker(ThreadPoolExecutor.java:1090) ~[na:na]
	at java.base/java.util.concurrent.ThreadPoolExecutor$Worker.run(ThreadPoolExecutor.java:614) ~[na:na]
	at java.base/java.lang.Thread.run(Thread.java:1516) ~[na:na]
2026-08-02 02:00:32.108 [com.alibaba.nacos.client.remote.worker.1] [none] INFO  c.alibaba.nacos.common.remote.client - [eab7de7c-d831-4e36-adf4-f4dc47a0d2cf_config-0] Fail to connect server, after trying 4 times, last try server is {serverIp = '129.204.152.168', server main port = 8848}, error = unknown
2026-08-02 02:00:32.235 [com.alibaba.nacos.client.remote.worker.1] [none] INFO  c.a.n.c.r.client.grpc.GrpcClient - grpc client connection server: 129.204.152.168 ip, serverPort: 9848, grpcTslConfig: {"enableTls":false,"mutualAuthEnable":false,"trustAll":true}
2026-08-02 02:00:32.610 [com.alibaba.nacos.client.remote.worker.1] [none] INFO  c.a.n.c.r.client.grpc.GrpcClient - grpc client connection server: 129.204.152.168 ip, serverPort: 9848, grpcTslConfig: {"enableTls":false,"mutualAuthEnable":false,"trustAll":true}
2026-08-02 02:00:34.290 [com.alibaba.nacos.naming.failover.0] [none] DEBUG com.alibaba.nacos.client.naming - failover switch is not found, 00-00---000-VIPSRV_FAILOVER_SWITCH-000---00-00
2026-08-02 02:00:34.835 [com.alibaba.nacos.client.remote.worker.1] [none] ERROR c.a.n.c.r.client.grpc.GrpcClient - Server check fail, please check server 129.204.152.168, port 9848 is available, error ={}
java.util.concurrent.TimeoutException: Waited 3000 milliseconds (plus 1 milliseconds, 376400 nanoseconds delay) for com.alibaba.nacos.shaded.io.grpc.stub.ClientCalls$GrpcFuture@6e1e5b82[status=PENDING, info=[GrpcFuture{clientCall=PendingCall{realCall=ClientCallImpl{method=MethodDescriptor{fullMethodName=Request/request, type=UNARY, idempotent=false, safe=false, sampledToLocalTracing=true, requestMarshaller=com.alibaba.nacos.shaded.io.grpc.protobuf.lite.ProtoLiteUtils$MessageMarshaller@258c0cfb, responseMarshaller=com.alibaba.nacos.shaded.io.grpc.protobuf.lite.ProtoLiteUtils$MessageMarshaller@4156771b, schemaDescriptor=com.alibaba.nacos.api.grpc.auto.RequestGrpc$RequestMethodDescriptorSupplier@1ef76774}}}}]]
	at com.alibaba.nacos.shaded.com.google.common.util.concurrent.AbstractFuture.get(AbstractFuture.java:535) ~[nacos-client-3.1.1.jar:na]
	at com.alibaba.nacos.common.remote.client.grpc.GrpcClient.serverCheck(GrpcClient.java:234) ~[nacos-client-3.1.1.jar:na]
	at com.alibaba.nacos.common.remote.client.grpc.GrpcClient.connectToServer(GrpcClient.java:346) ~[nacos-client-3.1.1.jar:na]
	at com.alibaba.nacos.common.remote.client.RpcClient.reconnect(RpcClient.java:504) ~[nacos-client-3.1.1.jar:na]
	at com.alibaba.nacos.common.remote.client.RpcClient.lambda$start$1(RpcClient.java:330) ~[nacos-client-3.1.1.jar:na]
	at java.base/java.util.concurrent.Executors$RunnableAdapter.call(Executors.java:545) ~[na:na]
	at java.base/java.util.concurrent.FutureTask.run(FutureTask.java:330) ~[na:na]
	at java.base/java.util.concurrent.ScheduledThreadPoolExecutor$ScheduledFutureTask.run(ScheduledThreadPoolExecutor.java:309) ~[na:na]
	at java.base/java.util.concurrent.ThreadPoolExecutor.runWorker(ThreadPoolExecutor.java:1090) ~[na:na]
	at java.base/java.util.concurrent.ThreadPoolExecutor$Worker.run(ThreadPoolExecutor.java:614) ~[na:na]
	at java.base/java.lang.Thread.run(Thread.java:1516) ~[na:na]
2026-08-02 02:00:34.835 [com.alibaba.nacos.client.remote.worker.1] [none] INFO  c.alibaba.nacos.common.remote.client - [e0f57a1d-efd0-4a9e-8f80-e0a922cfdd5d] Fail to connect server, after trying 5 times, last try server is {serverIp = '129.204.152.168', server main port = 8848}, error = unknown
2026-08-02 02:00:34.877 [com.alibaba.nacos.client.remote.worker.0] [none] ERROR c.a.n.c.r.client.grpc.GrpcClient - Server check fail, please check server 129.204.152.168, port 9848 is available, error ={}
java.util.concurrent.TimeoutException: Waited 3000 milliseconds (plus 779500 nanoseconds delay) for com.alibaba.nacos.shaded.io.grpc.stub.ClientCalls$GrpcFuture@7a36a476[status=PENDING, info=[GrpcFuture{clientCall=PendingCall{realCall=ClientCallImpl{method=MethodDescriptor{fullMethodName=Request/request, type=UNARY, idempotent=false, safe=false, sampledToLocalTracing=true, requestMarshaller=com.alibaba.nacos.shaded.io.grpc.protobuf.lite.ProtoLiteUtils$MessageMarshaller@258c0cfb, responseMarshaller=com.alibaba.nacos.shaded.io.grpc.protobuf.lite.ProtoLiteUtils$MessageMarshaller@4156771b, schemaDescriptor=com.alibaba.nacos.api.grpc.auto.RequestGrpc$RequestMethodDescriptorSupplier@1ef76774}}}}]]
	at com.alibaba.nacos.shaded.com.google.common.util.concurrent.AbstractFuture.get(AbstractFuture.java:535) ~[nacos-client-3.1.1.jar:na]
	at com.alibaba.nacos.common.remote.client.grpc.GrpcClient.serverCheck(GrpcClient.java:234) ~[nacos-client-3.1.1.jar:na]
	at com.alibaba.nacos.common.remote.client.grpc.GrpcClient.connectToServer(GrpcClient.java:346) ~[nacos-client-3.1.1.jar:na]
	at com.alibaba.nacos.common.remote.client.RpcClient.reconnect(RpcClient.java:504) ~[nacos-client-3.1.1.jar:na]
	at com.alibaba.nacos.common.remote.client.RpcClient.lambda$start$1(RpcClient.java:330) ~[nacos-client-3.1.1.jar:na]
	at java.base/java.util.concurrent.Executors$RunnableAdapter.call(Executors.java:545) ~[na:na]
	at java.base/java.util.concurrent.FutureTask.run(FutureTask.java:330) ~[na:na]
	at java.base/java.util.concurrent.ScheduledThreadPoolExecutor$ScheduledFutureTask.run(ScheduledThreadPoolExecutor.java:309) ~[na:na]
	at java.base/java.util.concurrent.ThreadPoolExecutor.runWorker(ThreadPoolExecutor.java:1090) ~[na:na]
	at java.base/java.util.concurrent.ThreadPoolExecutor$Worker.run(ThreadPoolExecutor.java:614) ~[na:na]
	at java.base/java.lang.Thread.run(Thread.java:1516) ~[na:na]
2026-08-02 02:00:34.878 [com.alibaba.nacos.client.remote.worker.0] [none] INFO  c.alibaba.nacos.common.remote.client - [dc5fbd3f-30f6-4048-b9dc-0d30b703c861_config-0] Fail to connect server, after trying 5 times, last try server is {serverIp = '129.204.152.168', server main port = 8848}, error = unknown
2026-08-02 02:00:35.236 [com.alibaba.nacos.client.remote.worker.1] [none] ERROR c.a.n.c.r.client.grpc.GrpcClient - Server check fail, please check server 129.204.152.168, port 9848 is available, error ={}
java.util.concurrent.TimeoutException: Waited 3000 milliseconds (plus 478600 nanoseconds delay) for com.alibaba.nacos.shaded.io.grpc.stub.ClientCalls$GrpcFuture@38b6cbaa[status=PENDING, info=[GrpcFuture{clientCall=PendingCall{realCall=ClientCallImpl{method=MethodDescriptor{fullMethodName=Request/request, type=UNARY, idempotent=false, safe=false, sampledToLocalTracing=true, requestMarshaller=com.alibaba.nacos.shaded.io.grpc.protobuf.lite.ProtoLiteUtils$MessageMarshaller@258c0cfb, responseMarshaller=com.alibaba.nacos.shaded.io.grpc.protobuf.lite.ProtoLiteUtils$MessageMarshaller@4156771b, schemaDescriptor=com.alibaba.nacos.api.grpc.auto.RequestGrpc$RequestMethodDescriptorSupplier@1ef76774}}}}]]
	at com.alibaba.nacos.shaded.com.google.common.util.concurrent.AbstractFuture.get(AbstractFuture.java:535) ~[nacos-client-3.1.1.jar:na]
	at com.alibaba.nacos.common.remote.client.grpc.GrpcClient.serverCheck(GrpcClient.java:234) ~[nacos-client-3.1.1.jar:na]
	at com.alibaba.nacos.common.remote.client.grpc.GrpcClient.connectToServer(GrpcClient.java:346) ~[nacos-client-3.1.1.jar:na]
	at com.alibaba.nacos.common.remote.client.RpcClient.reconnect(RpcClient.java:504) ~[nacos-client-3.1.1.jar:na]
	at com.alibaba.nacos.common.remote.client.RpcClient.lambda$start$1(RpcClient.java:330) ~[nacos-client-3.1.1.jar:na]
	at java.base/java.util.concurrent.Executors$RunnableAdapter.call(Executors.java:545) ~[na:na]
	at java.base/java.util.concurrent.FutureTask.run(FutureTask.java:330) ~[na:na]
	at java.base/java.util.concurrent.ScheduledThreadPoolExecutor$ScheduledFutureTask.run(ScheduledThreadPoolExecutor.java:309) ~[na:na]
	at java.base/java.util.concurrent.ThreadPoolExecutor.runWorker(ThreadPoolExecutor.java:1090) ~[na:na]
	at java.base/java.util.concurrent.ThreadPoolExecutor$Worker.run(ThreadPoolExecutor.java:614) ~[na:na]
	at java.base/java.lang.Thread.run(Thread.java:1516) ~[na:na]
2026-08-02 02:00:35.237 [com.alibaba.nacos.client.remote.worker.1] [none] INFO  c.alibaba.nacos.common.remote.client - [a2de216e-2f6a-4bbf-b7b4-697b66f31442_config-0] Fail to connect server, after trying 5 times, last try server is {serverIp = '129.204.152.168', server main port = 8848}, error = unknown
2026-08-02 02:00:35.436 [com.alibaba.nacos.client.remote.worker.1] [none] INFO  c.a.n.c.r.client.grpc.GrpcClient - grpc client connection server: 129.204.152.168 ip, serverPort: 9848, grpcTslConfig: {"enableTls":false,"mutualAuthEnable":false,"trustAll":true}
2026-08-02 02:00:35.480 [com.alibaba.nacos.client.remote.worker.0] [none] INFO  c.a.n.c.r.client.grpc.GrpcClient - grpc client connection server: 129.204.152.168 ip, serverPort: 9848, grpcTslConfig: {"enableTls":false,"mutualAuthEnable":false,"trustAll":true}
2026-08-02 02:00:35.611 [com.alibaba.nacos.client.remote.worker.1] [none] ERROR c.a.n.c.r.client.grpc.GrpcClient - Server check fail, please check server 129.204.152.168, port 9848 is available, error ={}
java.util.concurrent.TimeoutException: Waited 3000 milliseconds (plus 661000 nanoseconds delay) for com.alibaba.nacos.shaded.io.grpc.stub.ClientCalls$GrpcFuture@6fabb3df[status=PENDING, info=[GrpcFuture{clientCall=PendingCall{realCall=ClientCallImpl{method=MethodDescriptor{fullMethodName=Request/request, type=UNARY, idempotent=false, safe=false, sampledToLocalTracing=true, requestMarshaller=com.alibaba.nacos.shaded.io.grpc.protobuf.lite.ProtoLiteUtils$MessageMarshaller@258c0cfb, responseMarshaller=com.alibaba.nacos.shaded.io.grpc.protobuf.lite.ProtoLiteUtils$MessageMarshaller@4156771b, schemaDescriptor=com.alibaba.nacos.api.grpc.auto.RequestGrpc$RequestMethodDescriptorSupplier@1ef76774}}}}]]
	at com.alibaba.nacos.shaded.com.google.common.util.concurrent.AbstractFuture.get(AbstractFuture.java:535) ~[nacos-client-3.1.1.jar:na]
	at com.alibaba.nacos.common.remote.client.grpc.GrpcClient.serverCheck(GrpcClient.java:234) ~[nacos-client-3.1.1.jar:na]
	at com.alibaba.nacos.common.remote.client.grpc.GrpcClient.connectToServer(GrpcClient.java:346) ~[nacos-client-3.1.1.jar:na]
	at com.alibaba.nacos.common.remote.client.RpcClient.reconnect(RpcClient.java:504) ~[nacos-client-3.1.1.jar:na]
	at com.alibaba.nacos.common.remote.client.RpcClient.lambda$start$1(RpcClient.java:330) ~[nacos-client-3.1.1.jar:na]
	at java.base/java.util.concurrent.Executors$RunnableAdapter.call(Executors.java:545) ~[na:na]
	at java.base/java.util.concurrent.FutureTask.run(FutureTask.java:330) ~[na:na]
	at java.base/java.util.concurrent.ScheduledThreadPoolExecutor$ScheduledFutureTask.run(ScheduledThreadPoolExecutor.java:309) ~[na:na]
	at java.base/java.util.concurrent.ThreadPoolExecutor.runWorker(ThreadPoolExecutor.java:1090) ~[na:na]
	at java.base/java.util.concurrent.ThreadPoolExecutor$Worker.run(ThreadPoolExecutor.java:614) ~[na:na]
	at java.base/java.lang.Thread.run(Thread.java:1516) ~[na:na]
2026-08-02 02:00:35.611 [com.alibaba.nacos.client.remote.worker.1] [none] INFO  c.alibaba.nacos.common.remote.client - [eab7de7c-d831-4e36-adf4-f4dc47a0d2cf_config-0] Fail to connect server, after trying 5 times, last try server is {serverIp = '129.204.152.168', server main port = 8848}, error = unknown
2026-08-02 02:00:35.838 [com.alibaba.nacos.client.remote.worker.1] [none] INFO  c.a.n.c.r.client.grpc.GrpcClient - grpc client connection server: 129.204.152.168 ip, serverPort: 9848, grpcTslConfig: {"enableTls":false,"mutualAuthEnable":false,"trustAll":true}
2026-08-02 02:00:36.213 [com.alibaba.nacos.client.remote.worker.1] [none] INFO  c.a.n.c.r.client.grpc.GrpcClient - grpc client connection server: 129.204.152.168 ip, serverPort: 9848, grpcTslConfig: {"enableTls":false,"mutualAuthEnable":false,"trustAll":true}
2026-08-02 02:00:38.437 [com.alibaba.nacos.client.remote.worker.1] [none] ERROR c.a.n.c.r.client.grpc.GrpcClient - Server check fail, please check server 129.204.152.168, port 9848 is available, error ={}
java.util.concurrent.TimeoutException: Waited 3000 milliseconds (plus 214100 nanoseconds delay) for com.alibaba.nacos.shaded.io.grpc.stub.ClientCalls$GrpcFuture@6c984d7d[status=PENDING, info=[GrpcFuture{clientCall=PendingCall{realCall=ClientCallImpl{method=MethodDescriptor{fullMethodName=Request/request, type=UNARY, idempotent=false, safe=false, sampledToLocalTracing=true, requestMarshaller=com.alibaba.nacos.shaded.io.grpc.protobuf.lite.ProtoLiteUtils$MessageMarshaller@258c0cfb, responseMarshaller=com.alibaba.nacos.shaded.io.grpc.protobuf.lite.ProtoLiteUtils$MessageMarshaller@4156771b, schemaDescriptor=com.alibaba.nacos.api.grpc.auto.RequestGrpc$RequestMethodDescriptorSupplier@1ef76774}}}}]]
	at com.alibaba.nacos.shaded.com.google.common.util.concurrent.AbstractFuture.get(AbstractFuture.java:535) ~[nacos-client-3.1.1.jar:na]
	at com.alibaba.nacos.common.remote.client.grpc.GrpcClient.serverCheck(GrpcClient.java:234) ~[nacos-client-3.1.1.jar:na]
	at com.alibaba.nacos.common.remote.client.grpc.GrpcClient.connectToServer(GrpcClient.java:346) ~[nacos-client-3.1.1.jar:na]
	at com.alibaba.nacos.common.remote.client.RpcClient.reconnect(RpcClient.java:504) ~[nacos-client-3.1.1.jar:na]
	at com.alibaba.nacos.common.remote.client.RpcClient.lambda$start$1(RpcClient.java:330) ~[nacos-client-3.1.1.jar:na]
	at java.base/java.util.concurrent.Executors$RunnableAdapter.call(Executors.java:545) ~[na:na]
	at java.base/java.util.concurrent.FutureTask.run(FutureTask.java:330) ~[na:na]
	at java.base/java.util.concurrent.ScheduledThreadPoolExecutor$ScheduledFutureTask.run(ScheduledThreadPoolExecutor.java:309) ~[na:na]
	at java.base/java.util.concurrent.ThreadPoolExecutor.runWorker(ThreadPoolExecutor.java:1090) ~[na:na]
	at java.base/java.util.concurrent.ThreadPoolExecutor$Worker.run(ThreadPoolExecutor.java:614) ~[na:na]
	at java.base/java.lang.Thread.run(Thread.java:1516) ~[na:na]
2026-08-02 02:00:38.437 [com.alibaba.nacos.client.remote.worker.1] [none] INFO  c.alibaba.nacos.common.remote.client - [e0f57a1d-efd0-4a9e-8f80-e0a922cfdd5d] Fail to connect server, after trying 6 times, last try server is {serverIp = '129.204.152.168', server main port = 8848}, error = unknown
2026-08-02 02:00:38.482 [com.alibaba.nacos.client.remote.worker.0] [none] ERROR c.a.n.c.r.client.grpc.GrpcClient - Server check fail, please check server 129.204.152.168, port 9848 is available, error ={}
java.util.concurrent.TimeoutException: Waited 3000 milliseconds (plus 909500 nanoseconds delay) for com.alibaba.nacos.shaded.io.grpc.stub.ClientCalls$GrpcFuture@59ca2b47[status=PENDING, info=[GrpcFuture{clientCall=PendingCall{realCall=ClientCallImpl{method=MethodDescriptor{fullMethodName=Request/request, type=UNARY, idempotent=false, safe=false, sampledToLocalTracing=true, requestMarshaller=com.alibaba.nacos.shaded.io.grpc.protobuf.lite.ProtoLiteUtils$MessageMarshaller@258c0cfb, responseMarshaller=com.alibaba.nacos.shaded.io.grpc.protobuf.lite.ProtoLiteUtils$MessageMarshaller@4156771b, schemaDescriptor=com.alibaba.nacos.api.grpc.auto.RequestGrpc$RequestMethodDescriptorSupplier@1ef76774}}}}]]
	at com.alibaba.nacos.shaded.com.google.common.util.concurrent.AbstractFuture.get(AbstractFuture.java:535) ~[nacos-client-3.1.1.jar:na]
	at com.alibaba.nacos.common.remote.client.grpc.GrpcClient.serverCheck(GrpcClient.java:234) ~[nacos-client-3.1.1.jar:na]
	at com.alibaba.nacos.common.remote.client.grpc.GrpcClient.connectToServer(GrpcClient.java:346) ~[nacos-client-3.1.1.jar:na]
	at com.alibaba.nacos.common.remote.client.RpcClient.reconnect(RpcClient.java:504) ~[nacos-client-3.1.1.jar:na]
	at com.alibaba.nacos.common.remote.client.RpcClient.lambda$start$1(RpcClient.java:330) ~[nacos-client-3.1.1.jar:na]
	at java.base/java.util.concurrent.Executors$RunnableAdapter.call(Executors.java:545) ~[na:na]
	at java.base/java.util.concurrent.FutureTask.run(FutureTask.java:330) ~[na:na]
	at java.base/java.util.concurrent.ScheduledThreadPoolExecutor$ScheduledFutureTask.run(ScheduledThreadPoolExecutor.java:309) ~[na:na]
	at java.base/java.util.concurrent.ThreadPoolExecutor.runWorker(ThreadPoolExecutor.java:1090) ~[na:na]
	at java.base/java.util.concurrent.ThreadPoolExecutor$Worker.run(ThreadPoolExecutor.java:614) ~[na:na]
	at java.base/java.lang.Thread.run(Thread.java:1516) ~[na:na]
2026-08-02 02:00:38.482 [com.alibaba.nacos.client.remote.worker.0] [none] INFO  c.alibaba.nacos.common.remote.client - [dc5fbd3f-30f6-4048-b9dc-0d30b703c861_config-0] Fail to connect server, after trying 6 times, last try server is {serverIp = '129.204.152.168', server main port = 8848}, error = unknown
2026-08-02 02:00:38.840 [com.alibaba.nacos.client.remote.worker.1] [none] ERROR c.a.n.c.r.client.grpc.GrpcClient - Server check fail, please check server 129.204.152.168, port 9848 is available, error ={}
java.util.concurrent.TimeoutException: Waited 3000 milliseconds (plus 692700 nanoseconds delay) for com.alibaba.nacos.shaded.io.grpc.stub.ClientCalls$GrpcFuture@1d5a9c95[status=PENDING, info=[GrpcFuture{clientCall=PendingCall{realCall=ClientCallImpl{method=MethodDescriptor{fullMethodName=Request/request, type=UNARY, idempotent=false, safe=false, sampledToLocalTracing=true, requestMarshaller=com.alibaba.nacos.shaded.io.grpc.protobuf.lite.ProtoLiteUtils$MessageMarshaller@258c0cfb, responseMarshaller=com.alibaba.nacos.shaded.io.grpc.protobuf.lite.ProtoLiteUtils$MessageMarshaller@4156771b, schemaDescriptor=com.alibaba.nacos.api.grpc.auto.RequestGrpc$RequestMethodDescriptorSupplier@1ef76774}}}}]]
	at com.alibaba.nacos.shaded.com.google.common.util.concurrent.AbstractFuture.get(AbstractFuture.java:535) ~[nacos-client-3.1.1.jar:na]
	at com.alibaba.nacos.common.remote.client.grpc.GrpcClient.serverCheck(GrpcClient.java:234) ~[nacos-client-3.1.1.jar:na]
	at com.alibaba.nacos.common.remote.client.grpc.GrpcClient.connectToServer(GrpcClient.java:346) ~[nacos-client-3.1.1.jar:na]
	at com.alibaba.nacos.common.remote.client.RpcClient.reconnect(RpcClient.java:504) ~[nacos-client-3.1.1.jar:na]
	at com.alibaba.nacos.common.remote.client.RpcClient.lambda$start$1(RpcClient.java:330) ~[nacos-client-3.1.1.jar:na]
	at java.base/java.util.concurrent.Executors$RunnableAdapter.call(Executors.java:545) ~[na:na]
	at java.base/java.util.concurrent.FutureTask.run(FutureTask.java:330) ~[na:na]
	at java.base/java.util.concurrent.ScheduledThreadPoolExecutor$ScheduledFutureTask.run(ScheduledThreadPoolExecutor.java:309) ~[na:na]
	at java.base/java.util.concurrent.ThreadPoolExecutor.runWorker(ThreadPoolExecutor.java:1090) ~[na:na]
	at java.base/java.util.concurrent.ThreadPoolExecutor$Worker.run(ThreadPoolExecutor.java:614) ~[na:na]
	at java.base/java.lang.Thread.run(Thread.java:1516) ~[na:na]
2026-08-02 02:00:38.840 [com.alibaba.nacos.client.remote.worker.1] [none] INFO  c.alibaba.nacos.common.remote.client - [a2de216e-2f6a-4bbf-b7b4-697b66f31442_config-0] Fail to connect server, after trying 6 times, last try server is {serverIp = '129.204.152.168', server main port = 8848}, error = unknown
2026-08-02 02:00:39.139 [com.alibaba.nacos.client.remote.worker.1] [none] INFO  c.a.n.c.r.client.grpc.GrpcClient - grpc client connection server: 129.204.152.168 ip, serverPort: 9848, grpcTslConfig: {"enableTls":false,"mutualAuthEnable":false,"trustAll":true}
2026-08-02 02:00:39.182 [com.alibaba.nacos.client.remote.worker.0] [none] INFO  c.a.n.c.r.client.grpc.GrpcClient - grpc client connection server: 129.204.152.168 ip, serverPort: 9848, grpcTslConfig: {"enableTls":false,"mutualAuthEnable":false,"trustAll":true}
2026-08-02 02:00:39.214 [com.alibaba.nacos.client.remote.worker.1] [none] ERROR c.a.n.c.r.client.grpc.GrpcClient - Server check fail, please check server 129.204.152.168, port 9848 is available, error ={}
java.util.concurrent.TimeoutException: Waited 3000 milliseconds (plus 231600 nanoseconds delay) for com.alibaba.nacos.shaded.io.grpc.stub.ClientCalls$GrpcFuture@9cfa07d[status=PENDING, info=[GrpcFuture{clientCall=PendingCall{realCall=ClientCallImpl{method=MethodDescriptor{fullMethodName=Request/request, type=UNARY, idempotent=false, safe=false, sampledToLocalTracing=true, requestMarshaller=com.alibaba.nacos.shaded.io.grpc.protobuf.lite.ProtoLiteUtils$MessageMarshaller@258c0cfb, responseMarshaller=com.alibaba.nacos.shaded.io.grpc.protobuf.lite.ProtoLiteUtils$MessageMarshaller@4156771b, schemaDescriptor=com.alibaba.nacos.api.grpc.auto.RequestGrpc$RequestMethodDescriptorSupplier@1ef76774}}}}]]
	at com.alibaba.nacos.shaded.com.google.common.util.concurrent.AbstractFuture.get(AbstractFuture.java:535) ~[nacos-client-3.1.1.jar:na]
	at com.alibaba.nacos.common.remote.client.grpc.GrpcClient.serverCheck(GrpcClient.java:234) ~[nacos-client-3.1.1.jar:na]
	at com.alibaba.nacos.common.remote.client.grpc.GrpcClient.connectToServer(GrpcClient.java:346) ~[nacos-client-3.1.1.jar:na]
	at com.alibaba.nacos.common.remote.client.RpcClient.reconnect(RpcClient.java:504) ~[nacos-client-3.1.1.jar:na]
	at com.alibaba.nacos.common.remote.client.RpcClient.lambda$start$1(RpcClient.java:330) ~[nacos-client-3.1.1.jar:na]
	at java.base/java.util.concurrent.Executors$RunnableAdapter.call(Executors.java:545) ~[na:na]
	at java.base/java.util.concurrent.FutureTask.run(FutureTask.java:330) ~[na:na]
	at java.base/java.util.concurrent.ScheduledThreadPoolExecutor$ScheduledFutureTask.run(ScheduledThreadPoolExecutor.java:309) ~[na:na]
	at java.base/java.util.concurrent.ThreadPoolExecutor.runWorker(ThreadPoolExecutor.java:1090) ~[na:na]
	at java.base/java.util.concurrent.ThreadPoolExecutor$Worker.run(ThreadPoolExecutor.java:614) ~[na:na]
	at java.base/java.lang.Thread.run(Thread.java:1516) ~[na:na]
2026-08-02 02:00:39.214 [com.alibaba.nacos.client.remote.worker.1] [none] INFO  c.alibaba.nacos.common.remote.client - [eab7de7c-d831-4e36-adf4-f4dc47a0d2cf_config-0] Fail to connect server, after trying 6 times, last try server is {serverIp = '129.204.152.168', server main port = 8848}, error = unknown
2026-08-02 02:00:39.290 [com.alibaba.nacos.naming.failover.0] [none] DEBUG com.alibaba.nacos.client.naming - failover switch is not found, 00-00---000-VIPSRV_FAILOVER_SWITCH-000---00-00
2026-08-02 02:00:39.541 [com.alibaba.nacos.client.remote.worker.1] [none] INFO  c.a.n.c.r.client.grpc.GrpcClient - grpc client connection server: 129.204.152.168 ip, serverPort: 9848, grpcTslConfig: {"enableTls":false,"mutualAuthEnable":false,"trustAll":true}
2026-08-02 02:00:39.916 [com.alibaba.nacos.client.remote.worker.1] [none] INFO  c.a.n.c.r.client.grpc.GrpcClient - grpc client connection server: 129.204.152.168 ip, serverPort: 9848, grpcTslConfig: {"enableTls":false,"mutualAuthEnable":false,"trustAll":true}
2026-08-02 02:00:42.140 [com.alibaba.nacos.client.remote.worker.1] [none] ERROR c.a.n.c.r.client.grpc.GrpcClient - Server check fail, please check server 129.204.152.168, port 9848 is available, error ={}
java.util.concurrent.TimeoutException: Waited 3000 milliseconds (plus 152300 nanoseconds delay) for com.alibaba.nacos.shaded.io.grpc.stub.ClientCalls$GrpcFuture@49140445[status=PENDING, info=[GrpcFuture{clientCall=PendingCall{realCall=ClientCallImpl{method=MethodDescriptor{fullMethodName=Request/request, type=UNARY, idempotent=false, safe=false, sampledToLocalTracing=true, requestMarshaller=com.alibaba.nacos.shaded.io.grpc.protobuf.lite.ProtoLiteUtils$MessageMarshaller@258c0cfb, responseMarshaller=com.alibaba.nacos.shaded.io.grpc.protobuf.lite.ProtoLiteUtils$MessageMarshaller@4156771b, schemaDescriptor=com.alibaba.nacos.api.grpc.auto.RequestGrpc$RequestMethodDescriptorSupplier@1ef76774}}}}]]
	at com.alibaba.nacos.shaded.com.google.common.util.concurrent.AbstractFuture.get(AbstractFuture.java:535) ~[nacos-client-3.1.1.jar:na]
	at com.alibaba.nacos.common.remote.client.grpc.GrpcClient.serverCheck(GrpcClient.java:234) ~[nacos-client-3.1.1.jar:na]
	at com.alibaba.nacos.common.remote.client.grpc.GrpcClient.connectToServer(GrpcClient.java:346) ~[nacos-client-3.1.1.jar:na]
	at com.alibaba.nacos.common.remote.client.RpcClient.reconnect(RpcClient.java:504) ~[nacos-client-3.1.1.jar:na]
	at com.alibaba.nacos.common.remote.client.RpcClient.lambda$start$1(RpcClient.java:330) ~[nacos-client-3.1.1.jar:na]
	at java.base/java.util.concurrent.Executors$RunnableAdapter.call(Executors.java:545) ~[na:na]
	at java.base/java.util.concurrent.FutureTask.run(FutureTask.java:330) ~[na:na]
	at java.base/java.util.concurrent.ScheduledThreadPoolExecutor$ScheduledFutureTask.run(ScheduledThreadPoolExecutor.java:309) ~[na:na]
	at java.base/java.util.concurrent.ThreadPoolExecutor.runWorker(ThreadPoolExecutor.java:1090) ~[na:na]
	at java.base/java.util.concurrent.ThreadPoolExecutor$Worker.run(ThreadPoolExecutor.java:614) ~[na:na]
	at java.base/java.lang.Thread.run(Thread.java:1516) ~[na:na]
2026-08-02 02:00:42.140 [com.alibaba.nacos.client.remote.worker.1] [none] INFO  c.alibaba.nacos.common.remote.client - [e0f57a1d-efd0-4a9e-8f80-e0a922cfdd5d] Fail to connect server, after trying 7 times, last try server is {serverIp = '129.204.152.168', server main port = 8848}, error = unknown
2026-08-02 02:00:42.185 [com.alibaba.nacos.client.remote.worker.0] [none] ERROR c.a.n.c.r.client.grpc.GrpcClient - Server check fail, please check server 129.204.152.168, port 9848 is available, error ={}
java.util.concurrent.TimeoutException: Waited 3000 milliseconds (plus 391900 nanoseconds delay) for com.alibaba.nacos.shaded.io.grpc.stub.ClientCalls$GrpcFuture@75c254b8[status=PENDING, info=[GrpcFuture{clientCall=PendingCall{realCall=ClientCallImpl{method=MethodDescriptor{fullMethodName=Request/request, type=UNARY, idempotent=false, safe=false, sampledToLocalTracing=true, requestMarshaller=com.alibaba.nacos.shaded.io.grpc.protobuf.lite.ProtoLiteUtils$MessageMarshaller@258c0cfb, responseMarshaller=com.alibaba.nacos.shaded.io.grpc.protobuf.lite.ProtoLiteUtils$MessageMarshaller@4156771b, schemaDescriptor=com.alibaba.nacos.api.grpc.auto.RequestGrpc$RequestMethodDescriptorSupplier@1ef76774}}}}]]
	at com.alibaba.nacos.shaded.com.google.common.util.concurrent.AbstractFuture.get(AbstractFuture.java:535) ~[nacos-client-3.1.1.jar:na]
	at com.alibaba.nacos.common.remote.client.grpc.GrpcClient.serverCheck(GrpcClient.java:234) ~[nacos-client-3.1.1.jar:na]
	at com.alibaba.nacos.common.remote.client.grpc.GrpcClient.connectToServer(GrpcClient.java:346) ~[nacos-client-3.1.1.jar:na]
	at com.alibaba.nacos.common.remote.client.RpcClient.reconnect(RpcClient.java:504) ~[nacos-client-3.1.1.jar:na]
	at com.alibaba.nacos.common.remote.client.RpcClient.lambda$start$1(RpcClient.java:330) ~[nacos-client-3.1.1.jar:na]
	at java.base/java.util.concurrent.Executors$RunnableAdapter.call(Executors.java:545) ~[na:na]
	at java.base/java.util.concurrent.FutureTask.run(FutureTask.java:330) ~[na:na]
	at java.base/java.util.concurrent.ScheduledThreadPoolExecutor$ScheduledFutureTask.run(ScheduledThreadPoolExecutor.java:309) ~[na:na]
	at java.base/java.util.concurrent.ThreadPoolExecutor.runWorker(ThreadPoolExecutor.java:1090) ~[na:na]
	at java.base/java.util.concurrent.ThreadPoolExecutor$Worker.run(ThreadPoolExecutor.java:614) ~[na:na]
	at java.base/java.lang.Thread.run(Thread.java:1516) ~[na:na]
2026-08-02 02:00:42.185 [com.alibaba.nacos.client.remote.worker.0] [none] INFO  c.alibaba.nacos.common.remote.client - [dc5fbd3f-30f6-4048-b9dc-0d30b703c861_config-0] Fail to connect server, after trying 7 times, last try server is {serverIp = '129.204.152.168', server main port = 8848}, error = unknown
2026-08-02 02:00:42.543 [com.alibaba.nacos.client.remote.worker.1] [none] ERROR c.a.n.c.r.client.grpc.GrpcClient - Server check fail, please check server 129.204.152.168, port 9848 is available, error ={}
java.util.concurrent.TimeoutException: Waited 3000 milliseconds (plus 557100 nanoseconds delay) for com.alibaba.nacos.shaded.io.grpc.stub.ClientCalls$GrpcFuture@586acd08[status=PENDING, info=[GrpcFuture{clientCall=PendingCall{realCall=ClientCallImpl{method=MethodDescriptor{fullMethodName=Request/request, type=UNARY, idempotent=false, safe=false, sampledToLocalTracing=true, requestMarshaller=com.alibaba.nacos.shaded.io.grpc.protobuf.lite.ProtoLiteUtils$MessageMarshaller@258c0cfb, responseMarshaller=com.alibaba.nacos.shaded.io.grpc.protobuf.lite.ProtoLiteUtils$MessageMarshaller@4156771b, schemaDescriptor=com.alibaba.nacos.api.grpc.auto.RequestGrpc$RequestMethodDescriptorSupplier@1ef76774}}}}]]
	at com.alibaba.nacos.shaded.com.google.common.util.concurrent.AbstractFuture.get(AbstractFuture.java:535) ~[nacos-client-3.1.1.jar:na]
	at com.alibaba.nacos.common.remote.client.grpc.GrpcClient.serverCheck(GrpcClient.java:234) ~[nacos-client-3.1.1.jar:na]
	at com.alibaba.nacos.common.remote.client.grpc.GrpcClient.connectToServer(GrpcClient.java:346) ~[nacos-client-3.1.1.jar:na]
	at com.alibaba.nacos.common.remote.client.RpcClient.reconnect(RpcClient.java:504) ~[nacos-client-3.1.1.jar:na]
	at com.alibaba.nacos.common.remote.client.RpcClient.lambda$start$1(RpcClient.java:330) ~[nacos-client-3.1.1.jar:na]
	at java.base/java.util.concurrent.Executors$RunnableAdapter.call(Executors.java:545) ~[na:na]
	at java.base/java.util.concurrent.FutureTask.run(FutureTask.java:330) ~[na:na]
	at java.base/java.util.concurrent.ScheduledThreadPoolExecutor$ScheduledFutureTask.run(ScheduledThreadPoolExecutor.java:309) ~[na:na]
	at java.base/java.util.concurrent.ThreadPoolExecutor.runWorker(ThreadPoolExecutor.java:1090) ~[na:na]
	at java.base/java.util.concurrent.ThreadPoolExecutor$Worker.run(ThreadPoolExecutor.java:614) ~[na:na]
	at java.base/java.lang.Thread.run(Thread.java:1516) ~[na:na]
2026-08-02 02:00:42.544 [com.alibaba.nacos.client.remote.worker.1] [none] INFO  c.alibaba.nacos.common.remote.client - [a2de216e-2f6a-4bbf-b7b4-697b66f31442_config-0] Fail to connect server, after trying 7 times, last try server is {serverIp = '129.204.152.168', server main port = 8848}, error = unknown
2026-08-02 02:00:42.917 [com.alibaba.nacos.client.remote.worker.1] [none] ERROR c.a.n.c.r.client.grpc.GrpcClient - Server check fail, please check server 129.204.152.168, port 9848 is available, error ={}
java.util.concurrent.TimeoutException: Waited 3000 milliseconds (plus 828600 nanoseconds delay) for com.alibaba.nacos.shaded.io.grpc.stub.ClientCalls$GrpcFuture@3921d04b[status=PENDING, info=[GrpcFuture{clientCall=PendingCall{realCall=ClientCallImpl{method=MethodDescriptor{fullMethodName=Request/request, type=UNARY, idempotent=false, safe=false, sampledToLocalTracing=true, requestMarshaller=com.alibaba.nacos.shaded.io.grpc.protobuf.lite.ProtoLiteUtils$MessageMarshaller@258c0cfb, responseMarshaller=com.alibaba.nacos.shaded.io.grpc.protobuf.lite.ProtoLiteUtils$MessageMarshaller@4156771b, schemaDescriptor=com.alibaba.nacos.api.grpc.auto.RequestGrpc$RequestMethodDescriptorSupplier@1ef76774}}}}]]
	at com.alibaba.nacos.shaded.com.google.common.util.concurrent.AbstractFuture.get(AbstractFuture.java:535) ~[nacos-client-3.1.1.jar:na]
	at com.alibaba.nacos.common.remote.client.grpc.GrpcClient.serverCheck(GrpcClient.java:234) ~[nacos-client-3.1.1.jar:na]
	at com.alibaba.nacos.common.remote.client.grpc.GrpcClient.connectToServer(GrpcClient.java:346) ~[nacos-client-3.1.1.jar:na]
	at com.alibaba.nacos.common.remote.client.RpcClient.reconnect(RpcClient.java:504) ~[nacos-client-3.1.1.jar:na]
	at com.alibaba.nacos.common.remote.client.RpcClient.lambda$start$1(RpcClient.java:330) ~[nacos-client-3.1.1.jar:na]
	at java.base/java.util.concurrent.Executors$RunnableAdapter.call(Executors.java:545) ~[na:na]
	at java.base/java.util.concurrent.FutureTask.run(FutureTask.java:330) ~[na:na]
	at java.base/java.util.concurrent.ScheduledThreadPoolExecutor$ScheduledFutureTask.run(ScheduledThreadPoolExecutor.java:309) ~[na:na]
	at java.base/java.util.concurrent.ThreadPoolExecutor.runWorker(ThreadPoolExecutor.java:1090) ~[na:na]
	at java.base/java.util.concurrent.ThreadPoolExecutor$Worker.run(ThreadPoolExecutor.java:614) ~[na:na]
	at java.base/java.lang.Thread.run(Thread.java:1516) ~[na:na]
2026-08-02 02:00:42.917 [com.alibaba.nacos.client.remote.worker.1] [none] INFO  c.alibaba.nacos.common.remote.client - [eab7de7c-d831-4e36-adf4-f4dc47a0d2cf_config-0] Fail to connect server, after trying 7 times, last try server is {serverIp = '129.204.152.168', server main port = 8848}, error = unknown
2026-08-02 02:00:42.942 [com.alibaba.nacos.client.remote.worker.1] [none] INFO  c.a.n.c.r.client.grpc.GrpcClient - grpc client connection server: 129.204.152.168 ip, serverPort: 9848, grpcTslConfig: {"enableTls":false,"mutualAuthEnable":false,"trustAll":true}
2026-08-02 02:00:42.987 [com.alibaba.nacos.client.remote.worker.0] [none] INFO  c.a.n.c.r.client.grpc.GrpcClient - grpc client connection server: 129.204.152.168 ip, serverPort: 9848, grpcTslConfig: {"enableTls":false,"mutualAuthEnable":false,"trustAll":true}
2026-08-02 02:00:43.345 [com.alibaba.nacos.client.remote.worker.1] [none] INFO  c.a.n.c.r.client.grpc.GrpcClient - grpc client connection server: 129.204.152.168 ip, serverPort: 9848, grpcTslConfig: {"enableTls":false,"mutualAuthEnable":false,"trustAll":true}
2026-08-02 02:00:43.718 [com.alibaba.nacos.client.remote.worker.1] [none] INFO  c.a.n.c.r.client.grpc.GrpcClient - grpc client connection server: 129.204.152.168 ip, serverPort: 9848, grpcTslConfig: {"enableTls":false,"mutualAuthEnable":false,"trustAll":true}
2026-08-02 02:00:44.292 [com.alibaba.nacos.naming.failover.0] [none] DEBUG com.alibaba.nacos.client.naming - failover switch is not found, 00-00---000-VIPSRV_FAILOVER_SWITCH-000---00-00
2026-08-02 02:00:45.944 [com.alibaba.nacos.client.remote.worker.1] [none] ERROR c.a.n.c.r.client.grpc.GrpcClient - Server check fail, please check server 129.204.152.168, port 9848 is available, error ={}
java.util.concurrent.TimeoutException: Waited 3000 milliseconds (plus 609800 nanoseconds delay) for com.alibaba.nacos.shaded.io.grpc.stub.ClientCalls$GrpcFuture@6a789e42[status=PENDING, info=[GrpcFuture{clientCall=PendingCall{realCall=ClientCallImpl{method=MethodDescriptor{fullMethodName=Request/request, type=UNARY, idempotent=false, safe=false, sampledToLocalTracing=true, requestMarshaller=com.alibaba.nacos.shaded.io.grpc.protobuf.lite.ProtoLiteUtils$MessageMarshaller@258c0cfb, responseMarshaller=com.alibaba.nacos.shaded.io.grpc.protobuf.lite.ProtoLiteUtils$MessageMarshaller@4156771b, schemaDescriptor=com.alibaba.nacos.api.grpc.auto.RequestGrpc$RequestMethodDescriptorSupplier@1ef76774}}}}]]
	at com.alibaba.nacos.shaded.com.google.common.util.concurrent.AbstractFuture.get(AbstractFuture.java:535) ~[nacos-client-3.1.1.jar:na]
	at com.alibaba.nacos.common.remote.client.grpc.GrpcClient.serverCheck(GrpcClient.java:234) ~[nacos-client-3.1.1.jar:na]
	at com.alibaba.nacos.common.remote.client.grpc.GrpcClient.connectToServer(GrpcClient.java:346) ~[nacos-client-3.1.1.jar:na]
	at com.alibaba.nacos.common.remote.client.RpcClient.reconnect(RpcClient.java:504) ~[nacos-client-3.1.1.jar:na]
	at com.alibaba.nacos.common.remote.client.RpcClient.lambda$start$1(RpcClient.java:330) ~[nacos-client-3.1.1.jar:na]
	at java.base/java.util.concurrent.Executors$RunnableAdapter.call(Executors.java:545) ~[na:na]
	at java.base/java.util.concurrent.FutureTask.run(FutureTask.java:330) ~[na:na]
	at java.base/java.util.concurrent.ScheduledThreadPoolExecutor$ScheduledFutureTask.run(ScheduledThreadPoolExecutor.java:309) ~[na:na]
	at java.base/java.util.concurrent.ThreadPoolExecutor.runWorker(ThreadPoolExecutor.java:1090) ~[na:na]
	at java.base/java.util.concurrent.ThreadPoolExecutor$Worker.run(ThreadPoolExecutor.java:614) ~[na:na]
	at java.base/java.lang.Thread.run(Thread.java:1516) ~[na:na]
2026-08-02 02:00:45.944 [com.alibaba.nacos.client.remote.worker.1] [none] INFO  c.alibaba.nacos.common.remote.client - [e0f57a1d-efd0-4a9e-8f80-e0a922cfdd5d] Fail to connect server, after trying 8 times, last try server is {serverIp = '129.204.152.168', server main port = 8848}, error = unknown
2026-08-02 02:00:45.988 [com.alibaba.nacos.client.remote.worker.0] [none] ERROR c.a.n.c.r.client.grpc.GrpcClient - Server check fail, please check server 129.204.152.168, port 9848 is available, error ={}
java.util.concurrent.TimeoutException: Waited 3000 milliseconds (plus 256100 nanoseconds delay) for com.alibaba.nacos.shaded.io.grpc.stub.ClientCalls$GrpcFuture@64e63011[status=PENDING, info=[GrpcFuture{clientCall=PendingCall{realCall=ClientCallImpl{method=MethodDescriptor{fullMethodName=Request/request, type=UNARY, idempotent=false, safe=false, sampledToLocalTracing=true, requestMarshaller=com.alibaba.nacos.shaded.io.grpc.protobuf.lite.ProtoLiteUtils$MessageMarshaller@258c0cfb, responseMarshaller=com.alibaba.nacos.shaded.io.grpc.protobuf.lite.ProtoLiteUtils$MessageMarshaller@4156771b, schemaDescriptor=com.alibaba.nacos.api.grpc.auto.RequestGrpc$RequestMethodDescriptorSupplier@1ef76774}}}}]]
	at com.alibaba.nacos.shaded.com.google.common.util.concurrent.AbstractFuture.get(AbstractFuture.java:535) ~[nacos-client-3.1.1.jar:na]
	at com.alibaba.nacos.common.remote.client.grpc.GrpcClient.serverCheck(GrpcClient.java:234) ~[nacos-client-3.1.1.jar:na]
	at com.alibaba.nacos.common.remote.client.grpc.GrpcClient.connectToServer(GrpcClient.java:346) ~[nacos-client-3.1.1.jar:na]
	at com.alibaba.nacos.common.remote.client.RpcClient.reconnect(RpcClient.java:504) ~[nacos-client-3.1.1.jar:na]
	at com.alibaba.nacos.common.remote.client.RpcClient.lambda$start$1(RpcClient.java:330) ~[nacos-client-3.1.1.jar:na]
	at java.base/java.util.concurrent.Executors$RunnableAdapter.call(Executors.java:545) ~[na:na]
	at java.base/java.util.concurrent.FutureTask.run(FutureTask.java:330) ~[na:na]
	at java.base/java.util.concurrent.ScheduledThreadPoolExecutor$ScheduledFutureTask.run(ScheduledThreadPoolExecutor.java:309) ~[na:na]
	at java.base/java.util.concurrent.ThreadPoolExecutor.runWorker(ThreadPoolExecutor.java:1090) ~[na:na]
	at java.base/java.util.concurrent.ThreadPoolExecutor$Worker.run(ThreadPoolExecutor.java:614) ~[na:na]
	at java.base/java.lang.Thread.run(Thread.java:1516) ~[na:na]
2026-08-02 02:00:45.988 [com.alibaba.nacos.client.remote.worker.0] [none] INFO  c.alibaba.nacos.common.remote.client - [dc5fbd3f-30f6-4048-b9dc-0d30b703c861_config-0] Fail to connect server, after trying 8 times, last try server is {serverIp = '129.204.152.168', server main port = 8848}, error = unknown
2026-08-02 02:00:46.347 [com.alibaba.nacos.client.remote.worker.1] [none] ERROR c.a.n.c.r.client.grpc.GrpcClient - Server check fail, please check server 129.204.152.168, port 9848 is available, error ={}
java.util.concurrent.TimeoutException: Waited 3000 milliseconds (plus 626100 nanoseconds delay) for com.alibaba.nacos.shaded.io.grpc.stub.ClientCalls$GrpcFuture@b186dd5[status=PENDING, info=[GrpcFuture{clientCall=PendingCall{realCall=ClientCallImpl{method=MethodDescriptor{fullMethodName=Request/request, type=UNARY, idempotent=false, safe=false, sampledToLocalTracing=true, requestMarshaller=com.alibaba.nacos.shaded.io.grpc.protobuf.lite.ProtoLiteUtils$MessageMarshaller@258c0cfb, responseMarshaller=com.alibaba.nacos.shaded.io.grpc.protobuf.lite.ProtoLiteUtils$MessageMarshaller@4156771b, schemaDescriptor=com.alibaba.nacos.api.grpc.auto.RequestGrpc$RequestMethodDescriptorSupplier@1ef76774}}}}]]
	at com.alibaba.nacos.shaded.com.google.common.util.concurrent.AbstractFuture.get(AbstractFuture.java:535) ~[nacos-client-3.1.1.jar:na]
	at com.alibaba.nacos.common.remote.client.grpc.GrpcClient.serverCheck(GrpcClient.java:234) ~[nacos-client-3.1.1.jar:na]
	at com.alibaba.nacos.common.remote.client.grpc.GrpcClient.connectToServer(GrpcClient.java:346) ~[nacos-client-3.1.1.jar:na]
	at com.alibaba.nacos.common.remote.client.RpcClient.reconnect(RpcClient.java:504) ~[nacos-client-3.1.1.jar:na]
	at com.alibaba.nacos.common.remote.client.RpcClient.lambda$start$1(RpcClient.java:330) ~[nacos-client-3.1.1.jar:na]
	at java.base/java.util.concurrent.Executors$RunnableAdapter.call(Executors.java:545) ~[na:na]
	at java.base/java.util.concurrent.FutureTask.run(FutureTask.java:330) ~[na:na]
	at java.base/java.util.concurrent.ScheduledThreadPoolExecutor$ScheduledFutureTask.run(ScheduledThreadPoolExecutor.java:309) ~[na:na]
	at java.base/java.util.concurrent.ThreadPoolExecutor.runWorker(ThreadPoolExecutor.java:1090) ~[na:na]
	at java.base/java.util.concurrent.ThreadPoolExecutor$Worker.run(ThreadPoolExecutor.java:614) ~[na:na]
	at java.base/java.lang.Thread.run(Thread.java:1516) ~[na:na]
2026-08-02 02:00:46.347 [com.alibaba.nacos.client.remote.worker.1] [none] INFO  c.alibaba.nacos.common.remote.client - [a2de216e-2f6a-4bbf-b7b4-697b66f31442_config-0] Fail to connect server, after trying 8 times, last try server is {serverIp = '129.204.152.168', server main port = 8848}, error = unknown
2026-08-02 02:00:46.441 [nacos-grpc-client-executor-129.204.152.168-1] [none] INFO  c.alibaba.nacos.common.remote.client - [a2de216e-2f6a-4bbf-b7b4-697b66f31442_config-0] Receive server push request, request = ClientDetectionRequest, requestId = 318
2026-08-02 02:00:46.442 [nacos-grpc-client-executor-129.204.152.168-1] [none] INFO  c.alibaba.nacos.common.remote.client - [a2de216e-2f6a-4bbf-b7b4-697b66f31442_config-0] Ack server push request, request = ClientDetectionRequest, requestId = 318
2026-08-02 02:00:46.457 [nacos-grpc-client-executor-129.204.152.168-3] [none] INFO  c.alibaba.nacos.common.remote.client - [eab7de7c-d831-4e36-adf4-f4dc47a0d2cf_config-0] Receive server push request, request = ClientDetectionRequest, requestId = 299
2026-08-02 02:00:46.457 [nacos-grpc-client-executor-129.204.152.168-3] [none] INFO  c.alibaba.nacos.common.remote.client - [eab7de7c-d831-4e36-adf4-f4dc47a0d2cf_config-0] Ack server push request, request = ClientDetectionRequest, requestId = 299
2026-08-02 02:00:46.483 [nacos-grpc-client-executor-129.204.152.168-3] [none] INFO  c.alibaba.nacos.common.remote.client - [e0f57a1d-efd0-4a9e-8f80-e0a922cfdd5d] Receive server push request, request = ClientDetectionRequest, requestId = 314
2026-08-02 02:00:46.483 [nacos-grpc-client-executor-129.204.152.168-3] [none] INFO  c.alibaba.nacos.common.remote.client - [e0f57a1d-efd0-4a9e-8f80-e0a922cfdd5d] Ack server push request, request = ClientDetectionRequest, requestId = 314
2026-08-02 02:00:46.495 [nacos-grpc-client-executor-129.204.152.168-14] [none] INFO  c.alibaba.nacos.common.remote.client - [dc5fbd3f-30f6-4048-b9dc-0d30b703c861_config-0] Receive server push request, request = ClientDetectionRequest, requestId = 329
2026-08-02 02:00:46.495 [nacos-grpc-client-executor-129.204.152.168-14] [none] INFO  c.alibaba.nacos.common.remote.client - [dc5fbd3f-30f6-4048-b9dc-0d30b703c861_config-0] Ack server push request, request = ClientDetectionRequest, requestId = 329
2026-08-02 02:00:46.682 [com.alibaba.nacos.client.remote.worker.1] [none] INFO  c.alibaba.nacos.common.remote.client - [eab7de7c-d831-4e36-adf4-f4dc47a0d2cf_config-0] Success to connect a server [129.204.152.168:8848], connectionId = 1785607246979_172.18.0.1_44180
2026-08-02 02:00:46.683 [com.alibaba.nacos.client.remote.worker.1] [none] INFO  c.alibaba.nacos.common.remote.client - [eab7de7c-d831-4e36-adf4-f4dc47a0d2cf_config-0] Abandon prev connection, server is 129.204.152.168:8848, connectionId is 1785606994578_172.18.0.1_47278
2026-08-02 02:00:46.683 [com.alibaba.nacos.client.remote.worker.1] [none] INFO  c.alibaba.nacos.common.remote.client - Close current connection 1785606994578_172.18.0.1_47278
2026-08-02 02:00:46.683 [com.alibaba.nacos.client.remote.worker.0] [none] INFO  c.alibaba.nacos.common.remote.client - [eab7de7c-d831-4e36-adf4-f4dc47a0d2cf_config-0] Notify disconnected event to listeners
2026-08-02 02:00:46.683 [com.alibaba.nacos.client.remote.worker.0] [none] INFO  c.a.n.c.config.impl.ClientWorker - [eab7de7c-d831-4e36-adf4-f4dc47a0d2cf_config-0] DisConnected,reset listen context
2026-08-02 02:00:46.684 [nacos-grpc-client-executor-129.204.152.168-3] [none] WARN  c.a.n.c.r.client.grpc.GrpcClient - [1785606994578_172.18.0.1_47278]Ignore error event,isRunning:true,isAbandon=true
2026-08-02 02:00:46.684 [com.alibaba.nacos.client.remote.worker.0] [none] INFO  c.a.n.c.config.impl.ClientWorker - [eab7de7c-d831-4e36-adf4-f4dc47a0d2cf_config-0] DisConnected,reset  fuzzy watch consistence status
2026-08-02 02:00:46.684 [com.alibaba.nacos.client.remote.worker.0] [none] INFO  c.alibaba.nacos.common.remote.client - [eab7de7c-d831-4e36-adf4-f4dc47a0d2cf_config-0] Notify connected event to listeners.
2026-08-02 02:00:46.684 [com.alibaba.nacos.client.remote.worker.0] [none] INFO  c.a.n.c.config.impl.ClientWorker - [eab7de7c-d831-4e36-adf4-f4dc47a0d2cf_config-0] Connected,notify listen context...
2026-08-02 02:00:46.684 [com.alibaba.nacos.client.remote.worker.0] [none] INFO  c.a.n.c.config.impl.ClientWorker - [eab7de7c-d831-4e36-adf4-f4dc47a0d2cf_config-0] Connected,notify fuzzy listen context...
2026-08-02 02:00:46.845 [com.alibaba.nacos.client.remote.worker.1] [none] INFO  c.a.n.c.r.client.grpc.GrpcClient - grpc client connection server: 129.204.152.168 ip, serverPort: 9848, grpcTslConfig: {"enableTls":false,"mutualAuthEnable":false,"trustAll":true}
2026-08-02 02:00:46.890 [com.alibaba.nacos.client.remote.worker.0] [none] INFO  c.a.n.c.r.client.grpc.GrpcClient - grpc client connection server: 129.204.152.168 ip, serverPort: 9848, grpcTslConfig: {"enableTls":false,"mutualAuthEnable":false,"trustAll":true}
2026-08-02 02:00:46.955 [com.alibaba.nacos.client.remote.worker.1] [none] INFO  c.alibaba.nacos.common.remote.client - [e0f57a1d-efd0-4a9e-8f80-e0a922cfdd5d] Success to connect a server [129.204.152.168:8848], connectionId = 1785607247280_172.18.0.1_44266
2026-08-02 02:00:46.955 [com.alibaba.nacos.client.remote.worker.1] [none] INFO  c.alibaba.nacos.common.remote.client - [e0f57a1d-efd0-4a9e-8f80-e0a922cfdd5d] Abandon prev connection, server is 129.204.152.168:8848, connectionId is 1785606994420_172.18.0.1_47076
2026-08-02 02:00:46.955 [com.alibaba.nacos.client.remote.worker.1] [none] INFO  c.alibaba.nacos.common.remote.client - Close current connection 1785606994420_172.18.0.1_47076
2026-08-02 02:00:46.956 [com.alibaba.nacos.client.remote.worker.0] [none] INFO  c.alibaba.nacos.common.remote.client - [e0f57a1d-efd0-4a9e-8f80-e0a922cfdd5d] Notify disconnected event to listeners
2026-08-02 02:00:46.956 [com.alibaba.nacos.client.remote.worker.0] [none] WARN  com.alibaba.nacos.client.naming - Grpc connection disconnect, mark to redo
2026-08-02 02:00:46.956 [com.alibaba.nacos.client.remote.worker.0] [none] WARN  com.alibaba.nacos.client.naming - mark to redo completed
2026-08-02 02:00:46.956 [com.alibaba.nacos.client.remote.worker.0] [none] INFO  c.alibaba.nacos.common.remote.client - [e0f57a1d-efd0-4a9e-8f80-e0a922cfdd5d] Notify connected event to listeners.
2026-08-02 02:00:46.956 [com.alibaba.nacos.client.remote.worker.0] [none] INFO  com.alibaba.nacos.client.naming - Grpc connection connect
2026-08-02 02:00:46.956 [nacos-grpc-client-executor-129.204.152.168-12] [none] WARN  c.a.n.c.r.client.grpc.GrpcClient - [1785606994420_172.18.0.1_47076]Ignore error event,isRunning:true,isAbandon=true
2026-08-02 02:00:46.998 [com.alibaba.nacos.client.remote.worker.0] [none] INFO  c.alibaba.nacos.common.remote.client - [dc5fbd3f-30f6-4048-b9dc-0d30b703c861_config-0] Success to connect a server [129.204.152.168:8848], connectionId = 1785607247326_172.18.0.1_44288
2026-08-02 02:00:46.998 [com.alibaba.nacos.client.remote.worker.0] [none] INFO  c.alibaba.nacos.common.remote.client - [dc5fbd3f-30f6-4048-b9dc-0d30b703c861_config-0] Abandon prev connection, server is 129.204.152.168:8848, connectionId is 1785606994389_172.18.0.1_47044
2026-08-02 02:00:46.998 [com.alibaba.nacos.client.remote.worker.0] [none] INFO  c.alibaba.nacos.common.remote.client - Close current connection 1785606994389_172.18.0.1_47044
2026-08-02 02:00:46.998 [com.alibaba.nacos.client.remote.worker.1] [none] INFO  c.alibaba.nacos.common.remote.client - [dc5fbd3f-30f6-4048-b9dc-0d30b703c861_config-0] Notify disconnected event to listeners
2026-08-02 02:00:46.998 [com.alibaba.nacos.client.remote.worker.1] [none] INFO  c.a.n.c.config.impl.ClientWorker - [dc5fbd3f-30f6-4048-b9dc-0d30b703c861_config-0] DisConnected,reset listen context
2026-08-02 02:00:46.998 [nacos-grpc-client-executor-129.204.152.168-15] [none] WARN  c.a.n.c.r.client.grpc.GrpcClient - [1785606994389_172.18.0.1_47044]Ignore error event,isRunning:true,isAbandon=true
2026-08-02 02:00:46.998 [com.alibaba.nacos.client.remote.worker.1] [none] INFO  c.a.n.c.config.impl.ClientWorker - [dc5fbd3f-30f6-4048-b9dc-0d30b703c861_config-0] DisConnected,reset  fuzzy watch consistence status
2026-08-02 02:00:46.998 [com.alibaba.nacos.client.remote.worker.1] [none] INFO  c.alibaba.nacos.common.remote.client - [dc5fbd3f-30f6-4048-b9dc-0d30b703c861_config-0] Notify connected event to listeners.
2026-08-02 02:00:46.998 [com.alibaba.nacos.client.remote.worker.1] [none] INFO  c.a.n.c.config.impl.ClientWorker - [dc5fbd3f-30f6-4048-b9dc-0d30b703c861_config-0] Connected,notify listen context...
2026-08-02 02:00:46.998 [com.alibaba.nacos.client.remote.worker.1] [none] INFO  c.a.n.c.config.impl.ClientWorker - [dc5fbd3f-30f6-4048-b9dc-0d30b703c861_config-0] Connected,notify fuzzy listen context...
2026-08-02 02:00:47.249 [com.alibaba.nacos.client.remote.worker.1] [none] INFO  c.a.n.c.r.client.grpc.GrpcClient - grpc client connection server: 129.204.152.168 ip, serverPort: 9848, grpcTslConfig: {"enableTls":false,"mutualAuthEnable":false,"trustAll":true}
2026-08-02 02:00:47.367 [com.alibaba.nacos.client.remote.worker.1] [none] INFO  c.alibaba.nacos.common.remote.client - [a2de216e-2f6a-4bbf-b7b4-697b66f31442_config-0] Success to connect a server [129.204.152.168:8848], connectionId = 1785607247689_172.18.0.1_44570
2026-08-02 02:00:47.367 [com.alibaba.nacos.client.remote.worker.1] [none] INFO  c.alibaba.nacos.common.remote.client - [a2de216e-2f6a-4bbf-b7b4-697b66f31442_config-0] Abandon prev connection, server is 129.204.152.168:8848, connectionId is 1785606994281_172.18.0.1_46904
2026-08-02 02:00:47.367 [com.alibaba.nacos.client.remote.worker.1] [none] INFO  c.alibaba.nacos.common.remote.client - Close current connection 1785606994281_172.18.0.1_46904
2026-08-02 02:00:47.367 [com.alibaba.nacos.client.remote.worker.0] [none] INFO  c.alibaba.nacos.common.remote.client - [a2de216e-2f6a-4bbf-b7b4-697b66f31442_config-0] Notify disconnected event to listeners
2026-08-02 02:00:47.367 [nacos-grpc-client-executor-129.204.152.168-10] [none] WARN  c.a.n.c.r.client.grpc.GrpcClient - [1785606994281_172.18.0.1_46904]Ignore error event,isRunning:true,isAbandon=true
2026-08-02 02:00:47.367 [com.alibaba.nacos.client.remote.worker.0] [none] INFO  c.a.n.c.config.impl.ClientWorker - [a2de216e-2f6a-4bbf-b7b4-697b66f31442_config-0] DisConnected,reset listen context
2026-08-02 02:00:47.368 [com.alibaba.nacos.client.remote.worker.0] [none] INFO  c.a.n.c.config.impl.ClientWorker - [a2de216e-2f6a-4bbf-b7b4-697b66f31442_config-0] DisConnected,reset  fuzzy watch consistence status
2026-08-02 02:00:47.368 [com.alibaba.nacos.client.remote.worker.0] [none] INFO  c.alibaba.nacos.common.remote.client - [a2de216e-2f6a-4bbf-b7b4-697b66f31442_config-0] Notify connected event to listeners.
2026-08-02 02:00:47.368 [com.alibaba.nacos.client.remote.worker.0] [none] INFO  c.a.n.c.config.impl.ClientWorker - [a2de216e-2f6a-4bbf-b7b4-697b66f31442_config-0] Connected,notify listen context...
2026-08-02 02:00:47.368 [com.alibaba.nacos.client.remote.worker.0] [none] INFO  c.a.n.c.config.impl.ClientWorker - [a2de216e-2f6a-4bbf-b7b4-697b66f31442_config-0] Connected,notify fuzzy listen context...
2026-08-02 02:00:49.294 [com.alibaba.nacos.naming.failover.0] [none] DEBUG com.alibaba.nacos.client.naming - failover switch is not found, 00-00---000-VIPSRV_FAILOVER_SWITCH-000---00-00
2026-08-02 02:00:49.755 [com.alibaba.nacos.client.naming.grpc.redo.0] [none] INFO  com.alibaba.nacos.client.naming - Redo instance operation REGISTER for DEFAULT_GROUP@@mall-marketing
2026-08-02 02:00:54.295 [com.alibaba.nacos.naming.failover.0] [none] DEBUG com.alibaba.nacos.client.naming - failover switch is not found, 00-00---000-VIPSRV_FAILOVER_SWITCH-000---00-00
2026-08-02 02:00:54.727 [nacos.client.config.listener.task-0] [none] ERROR c.alibaba.nacos.common.remote.client - Send request fail, request = ConfigBatchListenRequest{headers={accessToken=eyJhbGciOiJIUzM4NCJ9.eyJzdWIiOiJuYWNvcyIsImV4cCI6MTc4NTYyNDcwN30.0UCJ2qOCHJsZ2jidZ_OA9zbq8zvLUBx7MsURdTwHUyDjwMeSAhyV2RIGid4NTPJq, charset=UTF-8, Client-AppName=unknown, Client-RequestToken=6fa7c83027cef27bb03069526efd6e29, Client-RequestTS=1785607251725, exConfigInfo=true}, requestId='null'}, retryTimes = 0, errorMessage = java.util.concurrent.TimeoutException: Waited 3000 milliseconds (plus 711000 nanoseconds delay) for com.alibaba.nacos.shaded.io.grpc.stub.ClientCalls$GrpcFuture@4b910478[status=PENDING, info=[GrpcFuture{clientCall=ClientCallImpl{method=MethodDescriptor{fullMethodName=Request/request, type=UNARY, idempotent=false, safe=false, sampledToLocalTracing=true, requestMarshaller=com.alibaba.nacos.shaded.io.grpc.protobuf.lite.ProtoLiteUtils$MessageMarshaller@258c0cfb, responseMarshaller=com.alibaba.nacos.shaded.io.grpc.protobuf.lite.ProtoLiteUtils$MessageMarshaller@4156771b, schemaDescriptor=com.alibaba.nacos.api.grpc.auto.RequestGrpc$RequestMethodDescriptorSupplier@1ef76774}}}]]
2026-08-02 02:00:54.727 [nacos.client.config.listener.task-0] [none] ERROR c.a.n.c.config.impl.ClientWorker - Execute listen config change error 
ErrCode:500, ErrMsg:Waited 3000 milliseconds (plus 711000 nanoseconds delay) for com.alibaba.nacos.shaded.io.grpc.stub.ClientCalls$GrpcFuture@4b910478[status=PENDING, info=[GrpcFuture{clientCall=ClientCallImpl{method=MethodDescriptor{fullMethodName=Request/request, type=UNARY, idempotent=false, safe=false, sampledToLocalTracing=true, requestMarshaller=com.alibaba.nacos.shaded.io.grpc.protobuf.lite.ProtoLiteUtils$MessageMarshaller@258c0cfb, responseMarshaller=com.alibaba.nacos.shaded.io.grpc.protobuf.lite.ProtoLiteUtils$MessageMarshaller@4156771b, schemaDescriptor=com.alibaba.nacos.api.grpc.auto.RequestGrpc$RequestMethodDescriptorSupplier@1ef76774}}}]]
	at com.alibaba.nacos.common.remote.client.grpc.GrpcConnection.request(GrpcConnection.java:82) ~[nacos-client-3.1.1.jar:na]
	at com.alibaba.nacos.common.remote.client.RpcClient.request(RpcClient.java:649) ~[nacos-client-3.1.1.jar:na]
	at com.alibaba.nacos.common.remote.client.RpcClient.request(RpcClient.java:626) ~[nacos-client-3.1.1.jar:na]
	at com.alibaba.nacos.client.config.impl.ClientWorker$ConfigRpcTransportClient.requestProxy(ClientWorker.java:1317) ~[nacos-client-3.1.1.jar:na]
	at com.alibaba.nacos.client.config.impl.ClientWorker$ConfigRpcTransportClient.requestProxy(ClientWorker.java:1296) ~[nacos-client-3.1.1.jar:na]
	at com.alibaba.nacos.client.config.impl.ClientWorker$ConfigRpcTransportClient.lambda$checkListenCache$8(ClientWorker.java:1111) ~[nacos-client-3.1.1.jar:na]
	at java.base/java.util.concurrent.Executors$RunnableAdapter.call(Executors.java:545) ~[na:na]
	at java.base/java.util.concurrent.FutureTask.run(FutureTask.java:330) ~[na:na]
	at java.base/java.util.concurrent.ThreadPoolExecutor.runWorker(ThreadPoolExecutor.java:1090) ~[na:na]
	at java.base/java.util.concurrent.ThreadPoolExecutor$Worker.run(ThreadPoolExecutor.java:614) ~[na:na]
	at java.base/java.lang.Thread.run(Thread.java:1516) ~[na:na]
Caused by: java.util.concurrent.TimeoutException: Waited 3000 milliseconds (plus 711000 nanoseconds delay) for com.alibaba.nacos.shaded.io.grpc.stub.ClientCalls$GrpcFuture@4b910478[status=PENDING, info=[GrpcFuture{clientCall=ClientCallImpl{method=MethodDescriptor{fullMethodName=Request/request, type=UNARY, idempotent=false, safe=false, sampledToLocalTracing=true, requestMarshaller=com.alibaba.nacos.shaded.io.grpc.protobuf.lite.ProtoLiteUtils$MessageMarshaller@258c0cfb, responseMarshaller=com.alibaba.nacos.shaded.io.grpc.protobuf.lite.ProtoLiteUtils$MessageMarshaller@4156771b, schemaDescriptor=com.alibaba.nacos.api.grpc.auto.RequestGrpc$RequestMethodDescriptorSupplier@1ef76774}}}]]
	at com.alibaba.nacos.shaded.com.google.common.util.concurrent.AbstractFuture.get(AbstractFuture.java:535) ~[nacos-client-3.1.1.jar:na]
	at com.alibaba.nacos.common.remote.client.grpc.GrpcConnection.request(GrpcConnection.java:79) ~[nacos-client-3.1.1.jar:na]
	... 10 common frames omitted
2026-08-02 02:00:55.031 [nacos.client.config.listener.task-0] [none] ERROR c.alibaba.nacos.common.remote.client - Send request fail, request = ConfigBatchListenRequest{headers={accessToken=eyJhbGciOiJIUzM4NCJ9.eyJzdWIiOiJuYWNvcyIsImV4cCI6MTc4NTYyNDcwNn0.NTM1jxRmhYgdK_PRwnnL-_e12VwUu6d7tjbI9ItZ8whvTup7cLCQbVCA1NfuPLHj, charset=UTF-8, Client-AppName=unknown, Client-RequestToken=56fd3379b4a1f326cd7054dd0b592e01, Client-RequestTS=1785607252030, exConfigInfo=true}, requestId='null'}, retryTimes = 0, errorMessage = java.util.concurrent.TimeoutException: Waited 3000 milliseconds (plus 670400 nanoseconds delay) for com.alibaba.nacos.shaded.io.grpc.stub.ClientCalls$GrpcFuture@334bc2e6[status=PENDING, info=[GrpcFuture{clientCall=ClientCallImpl{method=MethodDescriptor{fullMethodName=Request/request, type=UNARY, idempotent=false, safe=false, sampledToLocalTracing=true, requestMarshaller=com.alibaba.nacos.shaded.io.grpc.protobuf.lite.ProtoLiteUtils$MessageMarshaller@258c0cfb, responseMarshaller=com.alibaba.nacos.shaded.io.grpc.protobuf.lite.ProtoLiteUtils$MessageMarshaller@4156771b, schemaDescriptor=com.alibaba.nacos.api.grpc.auto.RequestGrpc$RequestMethodDescriptorSupplier@1ef76774}}}]]
2026-08-02 02:00:55.031 [nacos.client.config.listener.task-0] [none] ERROR c.a.n.c.config.impl.ClientWorker - Execute listen config change error 
ErrCode:500, ErrMsg:Waited 3000 milliseconds (plus 670400 nanoseconds delay) for com.alibaba.nacos.shaded.io.grpc.stub.ClientCalls$GrpcFuture@334bc2e6[status=PENDING, info=[GrpcFuture{clientCall=ClientCallImpl{method=MethodDescriptor{fullMethodName=Request/request, type=UNARY, idempotent=false, safe=false, sampledToLocalTracing=true, requestMarshaller=com.alibaba.nacos.shaded.io.grpc.protobuf.lite.ProtoLiteUtils$MessageMarshaller@258c0cfb, responseMarshaller=com.alibaba.nacos.shaded.io.grpc.protobuf.lite.ProtoLiteUtils$MessageMarshaller@4156771b, schemaDescriptor=com.alibaba.nacos.api.grpc.auto.RequestGrpc$RequestMethodDescriptorSupplier@1ef76774}}}]]
	at com.alibaba.nacos.common.remote.client.grpc.GrpcConnection.request(GrpcConnection.java:82) ~[nacos-client-3.1.1.jar:na]
	at com.alibaba.nacos.common.remote.client.RpcClient.request(RpcClient.java:649) ~[nacos-client-3.1.1.jar:na]
	at com.alibaba.nacos.common.remote.client.RpcClient.request(RpcClient.java:626) ~[nacos-client-3.1.1.jar:na]
	at com.alibaba.nacos.client.config.impl.ClientWorker$ConfigRpcTransportClient.requestProxy(ClientWorker.java:1317) ~[nacos-client-3.1.1.jar:na]
	at com.alibaba.nacos.client.config.impl.ClientWorker$ConfigRpcTransportClient.requestProxy(ClientWorker.java:1296) ~[nacos-client-3.1.1.jar:na]
	at com.alibaba.nacos.client.config.impl.ClientWorker$ConfigRpcTransportClient.lambda$checkListenCache$8(ClientWorker.java:1111) ~[nacos-client-3.1.1.jar:na]
	at java.base/java.util.concurrent.Executors$RunnableAdapter.call(Executors.java:545) ~[na:na]
	at java.base/java.util.concurrent.FutureTask.run(FutureTask.java:330) ~[na:na]
	at java.base/java.util.concurrent.ThreadPoolExecutor.runWorker(ThreadPoolExecutor.java:1090) ~[na:na]
	at java.base/java.util.concurrent.ThreadPoolExecutor$Worker.run(ThreadPoolExecutor.java:614) ~[na:na]
	at java.base/java.lang.Thread.run(Thread.java:1516) ~[na:na]
Caused by: java.util.concurrent.TimeoutException: Waited 3000 milliseconds (plus 670400 nanoseconds delay) for com.alibaba.nacos.shaded.io.grpc.stub.ClientCalls$GrpcFuture@334bc2e6[status=PENDING, info=[GrpcFuture{clientCall=ClientCallImpl{method=MethodDescriptor{fullMethodName=Request/request, type=UNARY, idempotent=false, safe=false, sampledToLocalTracing=true, requestMarshaller=com.alibaba.nacos.shaded.io.grpc.protobuf.lite.ProtoLiteUtils$MessageMarshaller@258c0cfb, responseMarshaller=com.alibaba.nacos.shaded.io.grpc.protobuf.lite.ProtoLiteUtils$MessageMarshaller@4156771b, schemaDescriptor=com.alibaba.nacos.api.grpc.auto.RequestGrpc$RequestMethodDescriptorSupplier@1ef76774}}}]]
	at com.alibaba.nacos.shaded.com.google.common.util.concurrent.AbstractFuture.get(AbstractFuture.java:535) ~[nacos-client-3.1.1.jar:na]
	at com.alibaba.nacos.common.remote.client.grpc.GrpcConnection.request(GrpcConnection.java:79) ~[nacos-client-3.1.1.jar:na]
	... 10 common frames omitted
2026-08-02 02:00:56.464 [com.alibaba.nacos.client.remote.worker.0] [none] INFO  c.alibaba.nacos.common.remote.client - [dc5fbd3f-30f6-4048-b9dc-0d30b703c861_config-0] Server check success, currentServer is 129.204.152.168:8848 
2026-08-02 02:00:56.464 [com.alibaba.nacos.client.remote.worker.1] [none] INFO  c.alibaba.nacos.common.remote.client - [eab7de7c-d831-4e36-adf4-f4dc47a0d2cf_config-0] Server check success, currentServer is 129.204.152.168:8848 
2026-08-02 02:00:59.296 [com.alibaba.nacos.naming.failover.0] [none] DEBUG com.alibaba.nacos.client.naming - failover switch is not found, 00-00---000-VIPSRV_FAILOVER_SWITCH-000---00-00
2026-08-02 02:01:04.298 [com.alibaba.nacos.naming.failover.0] [none] DEBUG com.alibaba.nacos.client.naming - failover switch is not found, 00-00---000-VIPSRV_FAILOVER_SWITCH-000---00-00
2026-08-02 02:01:09.299 [com.alibaba.nacos.naming.failover.0] [none] DEBUG com.alibaba.nacos.client.naming - failover switch is not found, 00-00---000-VIPSRV_FAILOVER_SWITCH-000---00-00
2026-08-02 02:01:14.301 [com.alibaba.nacos.naming.failover.0] [none] DEBUG com.alibaba.nacos.client.naming - failover switch is not found, 00-00---000-VIPSRV_FAILOVER_SWITCH-000---00-00
2026-08-02 02:01:19.303 [com.alibaba.nacos.naming.failover.0] [none] DEBUG com.alibaba.nacos.client.naming - failover switch is not found, 00-00---000-VIPSRV_FAILOVER_SWITCH-000---00-00
2026-08-02 02:01:24.305 [com.alibaba.nacos.naming.failover.0] [none] DEBUG com.alibaba.nacos.client.naming - failover switch is not found, 00-00---000-VIPSRV_FAILOVER_SWITCH-000---00-00
2026-08-02 02:01:29.306 [com.alibaba.nacos.naming.failover.0] [none] DEBUG com.alibaba.nacos.client.naming - failover switch is not found, 00-00---000-VIPSRV_FAILOVER_SWITCH-000---00-00
2026-08-02 02:01:34.308 [com.alibaba.nacos.naming.failover.0] [none] DEBUG com.alibaba.nacos.client.naming - failover switch is not found, 00-00---000-VIPSRV_FAILOVER_SWITCH-000---00-00
2026-08-02 02:01:39.309 [com.alibaba.nacos.naming.failover.0] [none] DEBUG com.alibaba.nacos.client.naming - failover switch is not found, 00-00---000-VIPSRV_FAILOVER_SWITCH-000---00-00
2026-08-02 02:01:44.310 [com.alibaba.nacos.naming.failover.0] [none] DEBUG com.alibaba.nacos.client.naming - failover switch is not found, 00-00---000-VIPSRV_FAILOVER_SWITCH-000---00-00
2026-08-02 02:01:49.311 [com.alibaba.nacos.naming.failover.0] [none] DEBUG com.alibaba.nacos.client.naming - failover switch is not found, 00-00---000-VIPSRV_FAILOVER_SWITCH-000---00-00
2026-08-02 02:01:54.312 [com.alibaba.nacos.naming.failover.0] [none] DEBUG com.alibaba.nacos.client.naming - failover switch is not found, 00-00---000-VIPSRV_FAILOVER_SWITCH-000---00-00
2026-08-02 02:01:59.315 [com.alibaba.nacos.naming.failover.0] [none] DEBUG com.alibaba.nacos.client.naming - failover switch is not found, 00-00---000-VIPSRV_FAILOVER_SWITCH-000---00-00
2026-08-02 02:02:04.316 [com.alibaba.nacos.naming.failover.0] [none] DEBUG com.alibaba.nacos.client.naming - failover switch is not found, 00-00---000-VIPSRV_FAILOVER_SWITCH-000---00-00
2026-08-02 02:02:09.317 [com.alibaba.nacos.naming.failover.0] [none] DEBUG com.alibaba.nacos.client.naming - failover switch is not found, 00-00---000-VIPSRV_FAILOVER_SWITCH-000---00-00
2026-08-02 02:02:14.317 [com.alibaba.nacos.naming.failover.0] [none] DEBUG com.alibaba.nacos.client.naming - failover switch is not found, 00-00---000-VIPSRV_FAILOVER_SWITCH-000---00-00
2026-08-02 02:02:19.319 [com.alibaba.nacos.naming.failover.0] [none] DEBUG com.alibaba.nacos.client.naming - failover switch is not found, 00-00---000-VIPSRV_FAILOVER_SWITCH-000---00-00
2026-08-02 02:02:24.320 [com.alibaba.nacos.naming.failover.0] [none] DEBUG com.alibaba.nacos.client.naming - failover switch is not found, 00-00---000-VIPSRV_FAILOVER_SWITCH-000---00-00
2026-08-02 02:02:29.321 [com.alibaba.nacos.naming.failover.0] [none] DEBUG com.alibaba.nacos.client.naming - failover switch is not found, 00-00---000-VIPSRV_FAILOVER_SWITCH-000---00-00
2026-08-02 02:02:34.322 [com.alibaba.nacos.naming.failover.0] [none] DEBUG com.alibaba.nacos.client.naming - failover switch is not found, 00-00---000-VIPSRV_FAILOVER_SWITCH-000---00-00
2026-08-02 02:02:39.323 [com.alibaba.nacos.naming.failover.0] [none] DEBUG com.alibaba.nacos.client.naming - failover switch is not found, 00-00---000-VIPSRV_FAILOVER_SWITCH-000---00-00
2026-08-02 02:02:44.325 [com.alibaba.nacos.naming.failover.0] [none] DEBUG com.alibaba.nacos.client.naming - failover switch is not found, 00-00---000-VIPSRV_FAILOVER_SWITCH-000---00-00
2026-08-02 02:02:49.326 [com.alibaba.nacos.naming.failover.0] [none] DEBUG com.alibaba.nacos.client.naming - failover switch is not found, 00-00---000-VIPSRV_FAILOVER_SWITCH-000---00-00
2026-08-02 02:02:54.327 [com.alibaba.nacos.naming.failover.0] [none] DEBUG com.alibaba.nacos.client.naming - failover switch is not found, 00-00---000-VIPSRV_FAILOVER_SWITCH-000---00-00
2026-08-02 02:02:59.329 [com.alibaba.nacos.naming.failover.0] [none] DEBUG com.alibaba.nacos.client.naming - failover switch is not found, 00-00---000-VIPSRV_FAILOVER_SWITCH-000---00-00
2026-08-02 02:03:04.331 [com.alibaba.nacos.naming.failover.0] [none] DEBUG com.alibaba.nacos.client.naming - failover switch is not found, 00-00---000-VIPSRV_FAILOVER_SWITCH-000---00-00
2026-08-02 02:03:09.332 [com.alibaba.nacos.naming.failover.0] [none] DEBUG com.alibaba.nacos.client.naming - failover switch is not found, 00-00---000-VIPSRV_FAILOVER_SWITCH-000---00-00
2026-08-02 02:03:14.335 [com.alibaba.nacos.naming.failover.0] [none] DEBUG com.alibaba.nacos.client.naming - failover switch is not found, 00-00---000-VIPSRV_FAILOVER_SWITCH-000---00-00
2026-08-02 02:03:19.336 [com.alibaba.nacos.naming.failover.0] [none] DEBUG com.alibaba.nacos.client.naming - failover switch is not found, 00-00---000-VIPSRV_FAILOVER_SWITCH-000---00-00
2026-08-02 02:03:24.337 [com.alibaba.nacos.naming.failover.0] [none] DEBUG com.alibaba.nacos.client.naming - failover switch is not found, 00-00---000-VIPSRV_FAILOVER_SWITCH-000---00-00
2026-08-02 02:03:29.339 [com.alibaba.nacos.naming.failover.0] [none] DEBUG com.alibaba.nacos.client.naming - failover switch is not found, 00-00---000-VIPSRV_FAILOVER_SWITCH-000---00-00
2026-08-02 02:03:34.340 [com.alibaba.nacos.naming.failover.0] [none] DEBUG com.alibaba.nacos.client.naming - failover switch is not found, 00-00---000-VIPSRV_FAILOVER_SWITCH-000---00-00
2026-08-02 02:03:39.341 [com.alibaba.nacos.naming.failover.0] [none] DEBUG com.alibaba.nacos.client.naming - failover switch is not found, 00-00---000-VIPSRV_FAILOVER_SWITCH-000---00-00
2026-08-02 02:03:44.342 [com.alibaba.nacos.naming.failover.0] [none] DEBUG com.alibaba.nacos.client.naming - failover switch is not found, 00-00---000-VIPSRV_FAILOVER_SWITCH-000---00-00
2026-08-02 02:03:49.262 [com.alibaba.nacos.client.remote.worker.0] [none] INFO  c.alibaba.nacos.common.remote.client - [dc5fbd3f-30f6-4048-b9dc-0d30b703c861_config-0] Server healthy check fail, currentConnection = 1785607247326_172.18.0.1_44288
2026-08-02 02:03:49.262 [com.alibaba.nacos.client.remote.worker.0] [none] INFO  c.alibaba.nacos.common.remote.client - [dc5fbd3f-30f6-4048-b9dc-0d30b703c861_config-0] Try to reconnect to a new server, server is  not appointed, will choose a random server.
2026-08-02 02:03:49.262 [com.alibaba.nacos.client.remote.worker.0] [none] INFO  c.a.n.c.r.client.grpc.GrpcClient - grpc client connection server: 129.204.152.168 ip, serverPort: 9848, grpcTslConfig: {"enableTls":false,"mutualAuthEnable":false,"trustAll":true}
2026-08-02 02:03:49.344 [com.alibaba.nacos.naming.failover.0] [none] DEBUG com.alibaba.nacos.client.naming - failover switch is not found, 00-00---000-VIPSRV_FAILOVER_SWITCH-000---00-00
2026-08-02 02:03:49.378 [com.alibaba.nacos.client.remote.worker.1] [none] INFO  c.alibaba.nacos.common.remote.client - [eab7de7c-d831-4e36-adf4-f4dc47a0d2cf_config-0] Server healthy check fail, currentConnection = 1785607246979_172.18.0.1_44180
2026-08-02 02:03:49.378 [com.alibaba.nacos.client.remote.worker.1] [none] INFO  c.alibaba.nacos.common.remote.client - [eab7de7c-d831-4e36-adf4-f4dc47a0d2cf_config-0] Try to reconnect to a new server, server is  not appointed, will choose a random server.
2026-08-02 02:03:49.378 [com.alibaba.nacos.client.remote.worker.1] [none] INFO  c.a.n.c.r.client.grpc.GrpcClient - grpc client connection server: 129.204.152.168 ip, serverPort: 9848, grpcTslConfig: {"enableTls":false,"mutualAuthEnable":false,"trustAll":true}
2026-08-02 02:03:49.462 [com.alibaba.nacos.client.remote.worker.1] [none] INFO  c.alibaba.nacos.common.remote.client - [e0f57a1d-efd0-4a9e-8f80-e0a922cfdd5d] Server healthy check fail, currentConnection = 1785607247280_172.18.0.1_44266
2026-08-02 02:03:49.462 [com.alibaba.nacos.client.remote.worker.1] [none] INFO  c.alibaba.nacos.common.remote.client - [e0f57a1d-efd0-4a9e-8f80-e0a922cfdd5d] Try to reconnect to a new server, server is  not appointed, will choose a random server.
2026-08-02 02:03:49.462 [com.alibaba.nacos.client.remote.worker.1] [none] INFO  c.a.n.c.r.client.grpc.GrpcClient - grpc client connection server: 129.204.152.168 ip, serverPort: 9848, grpcTslConfig: {"enableTls":false,"mutualAuthEnable":false,"trustAll":true}
2026-08-02 02:03:49.633 [com.alibaba.nacos.client.remote.worker.1] [none] INFO  c.alibaba.nacos.common.remote.client - [a2de216e-2f6a-4bbf-b7b4-697b66f31442_config-0] Server healthy check fail, currentConnection = 1785607247689_172.18.0.1_44570
2026-08-02 02:03:49.633 [com.alibaba.nacos.client.remote.worker.1] [none] INFO  c.alibaba.nacos.common.remote.client - [a2de216e-2f6a-4bbf-b7b4-697b66f31442_config-0] Try to reconnect to a new server, server is  not appointed, will choose a random server.
2026-08-02 02:03:49.633 [com.alibaba.nacos.client.remote.worker.1] [none] INFO  c.a.n.c.r.client.grpc.GrpcClient - grpc client connection server: 129.204.152.168 ip, serverPort: 9848, grpcTslConfig: {"enableTls":false,"mutualAuthEnable":false,"trustAll":true}
2026-08-02 02:03:50.779 [com.alibaba.nacos.client.remote.worker.1] [none] INFO  c.alibaba.nacos.common.remote.client - [a2de216e-2f6a-4bbf-b7b4-697b66f31442_config-0] Success to connect a server [129.204.152.168:8848], connectionId = 1785607431034_172.18.0.1_44372
2026-08-02 02:03:50.782 [com.alibaba.nacos.client.remote.worker.1] [none] INFO  c.alibaba.nacos.common.remote.client - [a2de216e-2f6a-4bbf-b7b4-697b66f31442_config-0] Abandon prev connection, server is 129.204.152.168:8848, connectionId is 1785607247689_172.18.0.1_44570
2026-08-02 02:03:50.784 [com.alibaba.nacos.client.remote.worker.1] [none] INFO  c.alibaba.nacos.common.remote.client - Close current connection 1785607247689_172.18.0.1_44570
2026-08-02 02:03:50.788 [nacos-grpc-client-executor-129.204.152.168-9] [none] WARN  c.a.n.c.r.client.grpc.GrpcClient - [1785607247689_172.18.0.1_44570]Ignore error event,isRunning:false,isAbandon=true
2026-08-02 02:03:50.787 [com.alibaba.nacos.client.remote.worker.0] [none] INFO  c.alibaba.nacos.common.remote.client - [a2de216e-2f6a-4bbf-b7b4-697b66f31442_config-0] Notify disconnected event to listeners
2026-08-02 02:03:50.791 [com.alibaba.nacos.client.remote.worker.0] [none] INFO  c.a.n.c.config.impl.ClientWorker - [a2de216e-2f6a-4bbf-b7b4-697b66f31442_config-0] DisConnected,reset listen context
2026-08-02 02:03:50.791 [com.alibaba.nacos.client.remote.worker.0] [none] INFO  c.a.n.c.config.impl.ClientWorker - [a2de216e-2f6a-4bbf-b7b4-697b66f31442_config-0] DisConnected,reset  fuzzy watch consistence status
2026-08-02 02:03:50.792 [com.alibaba.nacos.client.remote.worker.0] [none] INFO  c.alibaba.nacos.common.remote.client - [a2de216e-2f6a-4bbf-b7b4-697b66f31442_config-0] Notify connected event to listeners.
2026-08-02 02:03:50.793 [com.alibaba.nacos.client.remote.worker.0] [none] INFO  c.a.n.c.config.impl.ClientWorker - [a2de216e-2f6a-4bbf-b7b4-697b66f31442_config-0] Connected,notify listen context...
2026-08-02 02:03:50.793 [com.alibaba.nacos.client.remote.worker.0] [none] INFO  c.a.n.c.config.impl.ClientWorker - [a2de216e-2f6a-4bbf-b7b4-697b66f31442_config-0] Connected,notify fuzzy listen context...
2026-08-02 02:03:50.828 [com.alibaba.nacos.client.remote.worker.1] [none] INFO  c.alibaba.nacos.common.remote.client - [eab7de7c-d831-4e36-adf4-f4dc47a0d2cf_config-0] Success to connect a server [129.204.152.168:8848], connectionId = 1785607431035_172.18.0.1_44126
2026-08-02 02:03:50.829 [com.alibaba.nacos.client.remote.worker.1] [none] INFO  c.alibaba.nacos.common.remote.client - [eab7de7c-d831-4e36-adf4-f4dc47a0d2cf_config-0] Abandon prev connection, server is 129.204.152.168:8848, connectionId is 1785607246979_172.18.0.1_44180
2026-08-02 02:03:50.829 [com.alibaba.nacos.client.remote.worker.1] [none] INFO  c.alibaba.nacos.common.remote.client - Close current connection 1785607246979_172.18.0.1_44180
2026-08-02 02:03:50.831 [com.alibaba.nacos.client.remote.worker.0] [none] INFO  c.alibaba.nacos.common.remote.client - [eab7de7c-d831-4e36-adf4-f4dc47a0d2cf_config-0] Notify disconnected event to listeners
2026-08-02 02:03:50.831 [com.alibaba.nacos.client.remote.worker.0] [none] INFO  c.a.n.c.config.impl.ClientWorker - [eab7de7c-d831-4e36-adf4-f4dc47a0d2cf_config-0] DisConnected,reset listen context
2026-08-02 02:03:50.831 [com.alibaba.nacos.client.remote.worker.0] [none] INFO  c.a.n.c.config.impl.ClientWorker - [eab7de7c-d831-4e36-adf4-f4dc47a0d2cf_config-0] DisConnected,reset  fuzzy watch consistence status
2026-08-02 02:03:50.831 [com.alibaba.nacos.client.remote.worker.0] [none] INFO  c.alibaba.nacos.common.remote.client - [eab7de7c-d831-4e36-adf4-f4dc47a0d2cf_config-0] Notify connected event to listeners.
2026-08-02 02:03:50.831 [com.alibaba.nacos.client.remote.worker.0] [none] INFO  c.a.n.c.config.impl.ClientWorker - [eab7de7c-d831-4e36-adf4-f4dc47a0d2cf_config-0] Connected,notify listen context...
2026-08-02 02:03:50.831 [com.alibaba.nacos.client.remote.worker.0] [none] INFO  c.a.n.c.config.impl.ClientWorker - [eab7de7c-d831-4e36-adf4-f4dc47a0d2cf_config-0] Connected,notify fuzzy listen context...
2026-08-02 02:03:50.846 [nacos-grpc-client-executor-129.204.152.168-8] [none] WARN  c.a.n.c.r.client.grpc.GrpcClient - [1785607246979_172.18.0.1_44180]Ignore error event,isRunning:true,isAbandon=true
2026-08-02 02:03:50.850 [com.alibaba.nacos.client.remote.worker.1] [none] INFO  c.alibaba.nacos.common.remote.client - [e0f57a1d-efd0-4a9e-8f80-e0a922cfdd5d] Success to connect a server [129.204.152.168:8848], connectionId = 1785607431036_172.18.0.1_44168
2026-08-02 02:03:50.850 [com.alibaba.nacos.client.remote.worker.1] [none] INFO  c.alibaba.nacos.common.remote.client - [e0f57a1d-efd0-4a9e-8f80-e0a922cfdd5d] Abandon prev connection, server is 129.204.152.168:8848, connectionId is 1785607247280_172.18.0.1_44266
2026-08-02 02:03:50.850 [com.alibaba.nacos.client.remote.worker.1] [none] INFO  c.alibaba.nacos.common.remote.client - Close current connection 1785607247280_172.18.0.1_44266
2026-08-02 02:03:50.851 [com.alibaba.nacos.client.remote.worker.0] [none] INFO  c.alibaba.nacos.common.remote.client - [e0f57a1d-efd0-4a9e-8f80-e0a922cfdd5d] Notify disconnected event to listeners
2026-08-02 02:03:50.851 [com.alibaba.nacos.client.remote.worker.0] [none] WARN  com.alibaba.nacos.client.naming - Grpc connection disconnect, mark to redo
2026-08-02 02:03:50.851 [com.alibaba.nacos.client.remote.worker.0] [none] WARN  com.alibaba.nacos.client.naming - mark to redo completed
2026-08-02 02:03:50.851 [nacos-grpc-client-executor-129.204.152.168-9] [none] WARN  c.a.n.c.r.client.grpc.GrpcClient - [1785607247280_172.18.0.1_44266]Ignore error event,isRunning:true,isAbandon=true
2026-08-02 02:03:50.851 [com.alibaba.nacos.client.remote.worker.0] [none] INFO  c.alibaba.nacos.common.remote.client - [e0f57a1d-efd0-4a9e-8f80-e0a922cfdd5d] Notify connected event to listeners.
2026-08-02 02:03:50.852 [com.alibaba.nacos.client.remote.worker.0] [none] INFO  com.alibaba.nacos.client.naming - Grpc connection connect
2026-08-02 02:03:50.873 [com.alibaba.nacos.client.remote.worker.0] [none] INFO  c.alibaba.nacos.common.remote.client - [dc5fbd3f-30f6-4048-b9dc-0d30b703c861_config-0] Success to connect a server [129.204.152.168:8848], connectionId = 1785607431035_172.18.0.1_44078
2026-08-02 02:03:50.873 [com.alibaba.nacos.client.remote.worker.0] [none] INFO  c.alibaba.nacos.common.remote.client - [dc5fbd3f-30f6-4048-b9dc-0d30b703c861_config-0] Abandon prev connection, server is 129.204.152.168:8848, connectionId is 1785607247326_172.18.0.1_44288
2026-08-02 02:03:50.873 [com.alibaba.nacos.client.remote.worker.0] [none] INFO  c.alibaba.nacos.common.remote.client - Close current connection 1785607247326_172.18.0.1_44288
2026-08-02 02:03:50.873 [com.alibaba.nacos.client.remote.worker.1] [none] INFO  c.alibaba.nacos.common.remote.client - [dc5fbd3f-30f6-4048-b9dc-0d30b703c861_config-0] Notify disconnected event to listeners
2026-08-02 02:03:50.875 [com.alibaba.nacos.client.remote.worker.1] [none] INFO  c.a.n.c.config.impl.ClientWorker - [dc5fbd3f-30f6-4048-b9dc-0d30b703c861_config-0] DisConnected,reset listen context
2026-08-02 02:03:50.875 [com.alibaba.nacos.client.remote.worker.1] [none] INFO  c.a.n.c.config.impl.ClientWorker - [dc5fbd3f-30f6-4048-b9dc-0d30b703c861_config-0] DisConnected,reset  fuzzy watch consistence status
2026-08-02 02:03:50.875 [com.alibaba.nacos.client.remote.worker.1] [none] INFO  c.alibaba.nacos.common.remote.client - [dc5fbd3f-30f6-4048-b9dc-0d30b703c861_config-0] Notify connected event to listeners.
2026-08-02 02:03:50.875 [com.alibaba.nacos.client.remote.worker.1] [none] INFO  c.a.n.c.config.impl.ClientWorker - [dc5fbd3f-30f6-4048-b9dc-0d30b703c861_config-0] Connected,notify listen context...
2026-08-02 02:03:50.875 [com.alibaba.nacos.client.remote.worker.1] [none] INFO  c.a.n.c.config.impl.ClientWorker - [dc5fbd3f-30f6-4048-b9dc-0d30b703c861_config-0] Connected,notify fuzzy listen context...
2026-08-02 02:03:50.878 [nacos-grpc-client-executor-129.204.152.168-13] [none] WARN  c.a.n.c.r.client.grpc.GrpcClient - [1785607247326_172.18.0.1_44288]Ignore error event,isRunning:true,isAbandon=true
2026-08-02 02:03:52.876 [com.alibaba.nacos.client.naming.grpc.redo.0] [none] INFO  com.alibaba.nacos.client.naming - Redo instance operation REGISTER for DEFAULT_GROUP@@mall-marketing
2026-08-02 02:03:54.345 [com.alibaba.nacos.naming.failover.0] [none] DEBUG com.alibaba.nacos.client.naming - failover switch is not found, 00-00---000-VIPSRV_FAILOVER_SWITCH-000---00-00
2026-08-02 02:03:58.889 [nacos.client.config.listener.task-0] [none] ERROR c.alibaba.nacos.common.remote.client - Send request fail, request = ConfigBatchListenRequest{headers={accessToken=eyJhbGciOiJIUzM4NCJ9.eyJzdWIiOiJuYWNvcyIsImV4cCI6MTc4NTYyNDcwN30.0UCJ2qOCHJsZ2jidZ_OA9zbq8zvLUBx7MsURdTwHUyDjwMeSAhyV2RIGid4NTPJq, charset=UTF-8, Client-AppName=unknown, Client-RequestToken=3c000da333fdf4f036921c6751c8c4ba, Client-RequestTS=1785607435888, exConfigInfo=true}, requestId='null'}, retryTimes = 0, errorMessage = java.util.concurrent.TimeoutException: Waited 3000 milliseconds (plus 507100 nanoseconds delay) for com.alibaba.nacos.shaded.io.grpc.stub.ClientCalls$GrpcFuture@7ef856ef[status=PENDING, info=[GrpcFuture{clientCall=ClientCallImpl{method=MethodDescriptor{fullMethodName=Request/request, type=UNARY, idempotent=false, safe=false, sampledToLocalTracing=true, requestMarshaller=com.alibaba.nacos.shaded.io.grpc.protobuf.lite.ProtoLiteUtils$MessageMarshaller@258c0cfb, responseMarshaller=com.alibaba.nacos.shaded.io.grpc.protobuf.lite.ProtoLiteUtils$MessageMarshaller@4156771b, schemaDescriptor=com.alibaba.nacos.api.grpc.auto.RequestGrpc$RequestMethodDescriptorSupplier@1ef76774}}}]]
2026-08-02 02:03:58.889 [nacos.client.config.listener.task-0] [none] ERROR c.a.n.c.config.impl.ClientWorker - Execute listen config change error 
ErrCode:500, ErrMsg:Waited 3000 milliseconds (plus 507100 nanoseconds delay) for com.alibaba.nacos.shaded.io.grpc.stub.ClientCalls$GrpcFuture@7ef856ef[status=PENDING, info=[GrpcFuture{clientCall=ClientCallImpl{method=MethodDescriptor{fullMethodName=Request/request, type=UNARY, idempotent=false, safe=false, sampledToLocalTracing=true, requestMarshaller=com.alibaba.nacos.shaded.io.grpc.protobuf.lite.ProtoLiteUtils$MessageMarshaller@258c0cfb, responseMarshaller=com.alibaba.nacos.shaded.io.grpc.protobuf.lite.ProtoLiteUtils$MessageMarshaller@4156771b, schemaDescriptor=com.alibaba.nacos.api.grpc.auto.RequestGrpc$RequestMethodDescriptorSupplier@1ef76774}}}]]
	at com.alibaba.nacos.common.remote.client.grpc.GrpcConnection.request(GrpcConnection.java:82) ~[nacos-client-3.1.1.jar:na]
	at com.alibaba.nacos.common.remote.client.RpcClient.request(RpcClient.java:649) ~[nacos-client-3.1.1.jar:na]
	at com.alibaba.nacos.common.remote.client.RpcClient.request(RpcClient.java:626) ~[nacos-client-3.1.1.jar:na]
	at com.alibaba.nacos.client.config.impl.ClientWorker$ConfigRpcTransportClient.requestProxy(ClientWorker.java:1317) ~[nacos-client-3.1.1.jar:na]
	at com.alibaba.nacos.client.config.impl.ClientWorker$ConfigRpcTransportClient.requestProxy(ClientWorker.java:1296) ~[nacos-client-3.1.1.jar:na]
	at com.alibaba.nacos.client.config.impl.ClientWorker$ConfigRpcTransportClient.lambda$checkListenCache$8(ClientWorker.java:1111) ~[nacos-client-3.1.1.jar:na]
	at java.base/java.util.concurrent.Executors$RunnableAdapter.call(Executors.java:545) ~[na:na]
	at java.base/java.util.concurrent.FutureTask.run(FutureTask.java:330) ~[na:na]
	at java.base/java.util.concurrent.ThreadPoolExecutor.runWorker(ThreadPoolExecutor.java:1090) ~[na:na]
	at java.base/java.util.concurrent.ThreadPoolExecutor$Worker.run(ThreadPoolExecutor.java:614) ~[na:na]
	at java.base/java.lang.Thread.run(Thread.java:1516) ~[na:na]
Caused by: java.util.concurrent.TimeoutException: Waited 3000 milliseconds (plus 507100 nanoseconds delay) for com.alibaba.nacos.shaded.io.grpc.stub.ClientCalls$GrpcFuture@7ef856ef[status=PENDING, info=[GrpcFuture{clientCall=ClientCallImpl{method=MethodDescriptor{fullMethodName=Request/request, type=UNARY, idempotent=false, safe=false, sampledToLocalTracing=true, requestMarshaller=com.alibaba.nacos.shaded.io.grpc.protobuf.lite.ProtoLiteUtils$MessageMarshaller@258c0cfb, responseMarshaller=com.alibaba.nacos.shaded.io.grpc.protobuf.lite.ProtoLiteUtils$MessageMarshaller@4156771b, schemaDescriptor=com.alibaba.nacos.api.grpc.auto.RequestGrpc$RequestMethodDescriptorSupplier@1ef76774}}}]]
	at com.alibaba.nacos.shaded.com.google.common.util.concurrent.AbstractFuture.get(AbstractFuture.java:535) ~[nacos-client-3.1.1.jar:na]
	at com.alibaba.nacos.common.remote.client.grpc.GrpcConnection.request(GrpcConnection.java:79) ~[nacos-client-3.1.1.jar:na]
	... 10 common frames omitted
2026-08-02 02:03:58.916 [nacos.client.config.listener.task-0] [none] ERROR c.alibaba.nacos.common.remote.client - Send request fail, request = ConfigBatchListenRequest{headers={accessToken=eyJhbGciOiJIUzM4NCJ9.eyJzdWIiOiJuYWNvcyIsImV4cCI6MTc4NTYyNDcwNn0.NTM1jxRmhYgdK_PRwnnL-_e12VwUu6d7tjbI9ItZ8whvTup7cLCQbVCA1NfuPLHj, charset=UTF-8, Client-AppName=unknown, Client-RequestToken=caf0d3528b4923c8ce11629e01a87834, Client-RequestTS=1785607435915, exConfigInfo=true}, requestId='null'}, retryTimes = 0, errorMessage = java.util.concurrent.TimeoutException: Waited 3000 milliseconds (plus 253900 nanoseconds delay) for com.alibaba.nacos.shaded.io.grpc.stub.ClientCalls$GrpcFuture@38bb9f65[status=PENDING, info=[GrpcFuture{clientCall=ClientCallImpl{method=MethodDescriptor{fullMethodName=Request/request, type=UNARY, idempotent=false, safe=false, sampledToLocalTracing=true, requestMarshaller=com.alibaba.nacos.shaded.io.grpc.protobuf.lite.ProtoLiteUtils$MessageMarshaller@258c0cfb, responseMarshaller=com.alibaba.nacos.shaded.io.grpc.protobuf.lite.ProtoLiteUtils$MessageMarshaller@4156771b, schemaDescriptor=com.alibaba.nacos.api.grpc.auto.RequestGrpc$RequestMethodDescriptorSupplier@1ef76774}}}]]
2026-08-02 02:03:58.916 [nacos.client.config.listener.task-0] [none] ERROR c.a.n.c.config.impl.ClientWorker - Execute listen config change error 
ErrCode:500, ErrMsg:Waited 3000 milliseconds (plus 253900 nanoseconds delay) for com.alibaba.nacos.shaded.io.grpc.stub.ClientCalls$GrpcFuture@38bb9f65[status=PENDING, info=[GrpcFuture{clientCall=ClientCallImpl{method=MethodDescriptor{fullMethodName=Request/request, type=UNARY, idempotent=false, safe=false, sampledToLocalTracing=true, requestMarshaller=com.alibaba.nacos.shaded.io.grpc.protobuf.lite.ProtoLiteUtils$MessageMarshaller@258c0cfb, responseMarshaller=com.alibaba.nacos.shaded.io.grpc.protobuf.lite.ProtoLiteUtils$MessageMarshaller@4156771b, schemaDescriptor=com.alibaba.nacos.api.grpc.auto.RequestGrpc$RequestMethodDescriptorSupplier@1ef76774}}}]]
	at com.alibaba.nacos.common.remote.client.grpc.GrpcConnection.request(GrpcConnection.java:82) ~[nacos-client-3.1.1.jar:na]
	at com.alibaba.nacos.common.remote.client.RpcClient.request(RpcClient.java:649) ~[nacos-client-3.1.1.jar:na]
	at com.alibaba.nacos.common.remote.client.RpcClient.request(RpcClient.java:626) ~[nacos-client-3.1.1.jar:na]
	at com.alibaba.nacos.client.config.impl.ClientWorker$ConfigRpcTransportClient.requestProxy(ClientWorker.java:1317) ~[nacos-client-3.1.1.jar:na]
	at com.alibaba.nacos.client.config.impl.ClientWorker$ConfigRpcTransportClient.requestProxy(ClientWorker.java:1296) ~[nacos-client-3.1.1.jar:na]
	at com.alibaba.nacos.client.config.impl.ClientWorker$ConfigRpcTransportClient.lambda$checkListenCache$8(ClientWorker.java:1111) ~[nacos-client-3.1.1.jar:na]
	at java.base/java.util.concurrent.Executors$RunnableAdapter.call(Executors.java:545) ~[na:na]
	at java.base/java.util.concurrent.FutureTask.run(FutureTask.java:330) ~[na:na]
	at java.base/java.util.concurrent.ThreadPoolExecutor.runWorker(ThreadPoolExecutor.java:1090) ~[na:na]
	at java.base/java.util.concurrent.ThreadPoolExecutor$Worker.run(ThreadPoolExecutor.java:614) ~[na:na]
	at java.base/java.lang.Thread.run(Thread.java:1516) ~[na:na]
Caused by: java.util.concurrent.TimeoutException: Waited 3000 milliseconds (plus 253900 nanoseconds delay) for com.alibaba.nacos.shaded.io.grpc.stub.ClientCalls$GrpcFuture@38bb9f65[status=PENDING, info=[GrpcFuture{clientCall=ClientCallImpl{method=MethodDescriptor{fullMethodName=Request/request, type=UNARY, idempotent=false, safe=false, sampledToLocalTracing=true, requestMarshaller=com.alibaba.nacos.shaded.io.grpc.protobuf.lite.ProtoLiteUtils$MessageMarshaller@258c0cfb, responseMarshaller=com.alibaba.nacos.shaded.io.grpc.protobuf.lite.ProtoLiteUtils$MessageMarshaller@4156771b, schemaDescriptor=com.alibaba.nacos.api.grpc.auto.RequestGrpc$RequestMethodDescriptorSupplier@1ef76774}}}]]
	at com.alibaba.nacos.shaded.com.google.common.util.concurrent.AbstractFuture.get(AbstractFuture.java:535) ~[nacos-client-3.1.1.jar:na]
	at com.alibaba.nacos.common.remote.client.grpc.GrpcConnection.request(GrpcConnection.java:79) ~[nacos-client-3.1.1.jar:na]
	... 10 common frames omitted
2026-08-02 02:03:59.345 [com.alibaba.nacos.naming.failover.0] [none] DEBUG com.alibaba.nacos.client.naming - failover switch is not found, 00-00---000-VIPSRV_FAILOVER_SWITCH-000---00-00
2026-08-02 02:03:59.739 [com.alibaba.nacos.client.remote.worker.1] [none] INFO  c.alibaba.nacos.common.remote.client - [eab7de7c-d831-4e36-adf4-f4dc47a0d2cf_config-0] Server check success, currentServer is 129.204.152.168:8848 
2026-08-02 02:03:59.739 [com.alibaba.nacos.client.remote.worker.0] [none] INFO  c.alibaba.nacos.common.remote.client - [dc5fbd3f-30f6-4048-b9dc-0d30b703c861_config-0] Server check success, currentServer is 129.204.152.168:8848 
2026-08-02 02:04:04.346 [com.alibaba.nacos.naming.failover.0] [none] DEBUG com.alibaba.nacos.client.naming - failover switch is not found, 00-00---000-VIPSRV_FAILOVER_SWITCH-000---00-00
2026-08-02 02:04:09.347 [com.alibaba.nacos.naming.failover.0] [none] DEBUG com.alibaba.nacos.client.naming - failover switch is not found, 00-00---000-VIPSRV_FAILOVER_SWITCH-000---00-00
2026-08-02 02:04:14.348 [com.alibaba.nacos.naming.failover.0] [none] DEBUG com.alibaba.nacos.client.naming - failover switch is not found, 00-00---000-VIPSRV_FAILOVER_SWITCH-000---00-00
2026-08-02 02:04:19.349 [com.alibaba.nacos.naming.failover.0] [none] DEBUG com.alibaba.nacos.client.naming - failover switch is not found, 00-00---000-VIPSRV_FAILOVER_SWITCH-000---00-00
2026-08-02 02:04:24.351 [com.alibaba.nacos.naming.failover.0] [none] DEBUG com.alibaba.nacos.client.naming - failover switch is not found, 00-00---000-VIPSRV_FAILOVER_SWITCH-000---00-00
2026-08-02 02:04:29.351 [com.alibaba.nacos.naming.failover.0] [none] DEBUG com.alibaba.nacos.client.naming - failover switch is not found, 00-00---000-VIPSRV_FAILOVER_SWITCH-000---00-00
2026-08-02 02:04:34.354 [com.alibaba.nacos.naming.failover.0] [none] DEBUG com.alibaba.nacos.client.naming - failover switch is not found, 00-00---000-VIPSRV_FAILOVER_SWITCH-000---00-00
2026-08-02 02:04:39.355 [com.alibaba.nacos.naming.failover.0] [none] DEBUG com.alibaba.nacos.client.naming - failover switch is not found, 00-00---000-VIPSRV_FAILOVER_SWITCH-000---00-00
2026-08-02 02:04:44.356 [com.alibaba.nacos.naming.failover.0] [none] DEBUG com.alibaba.nacos.client.naming - failover switch is not found, 00-00---000-VIPSRV_FAILOVER_SWITCH-000---00-00
2026-08-02 02:04:49.357 [com.alibaba.nacos.naming.failover.0] [none] DEBUG com.alibaba.nacos.client.naming - failover switch is not found, 00-00---000-VIPSRV_FAILOVER_SWITCH-000---00-00
2026-08-02 02:04:54.357 [com.alibaba.nacos.naming.failover.0] [none] DEBUG com.alibaba.nacos.client.naming - failover switch is not found, 00-00---000-VIPSRV_FAILOVER_SWITCH-000---00-00
2026-08-02 02:04:59.359 [com.alibaba.nacos.naming.failover.0] [none] DEBUG com.alibaba.nacos.client.naming - failover switch is not found, 00-00---000-VIPSRV_FAILOVER_SWITCH-000---00-00
2026-08-02 02:05:04.359 [com.alibaba.nacos.naming.failover.0] [none] DEBUG com.alibaba.nacos.client.naming - failover switch is not found, 00-00---000-VIPSRV_FAILOVER_SWITCH-000---00-00
2026-08-02 02:05:09.360 [com.alibaba.nacos.naming.failover.0] [none] DEBUG com.alibaba.nacos.client.naming - failover switch is not found, 00-00---000-VIPSRV_FAILOVER_SWITCH-000---00-00
2026-08-02 02:05:14.361 [com.alibaba.nacos.naming.failover.0] [none] DEBUG com.alibaba.nacos.client.naming - failover switch is not found, 00-00---000-VIPSRV_FAILOVER_SWITCH-000---00-00
2026-08-02 02:05:19.363 [com.alibaba.nacos.naming.failover.0] [none] DEBUG com.alibaba.nacos.client.naming - failover switch is not found, 00-00---000-VIPSRV_FAILOVER_SWITCH-000---00-00
2026-08-02 02:05:24.365 [com.alibaba.nacos.naming.failover.0] [none] DEBUG com.alibaba.nacos.client.naming - failover switch is not found, 00-00---000-VIPSRV_FAILOVER_SWITCH-000---00-00
2026-08-02 02:05:29.366 [com.alibaba.nacos.naming.failover.0] [none] DEBUG com.alibaba.nacos.client.naming - failover switch is not found, 00-00---000-VIPSRV_FAILOVER_SWITCH-000---00-00
2026-08-02 02:05:34.367 [com.alibaba.nacos.naming.failover.0] [none] DEBUG com.alibaba.nacos.client.naming - failover switch is not found, 00-00---000-VIPSRV_FAILOVER_SWITCH-000---00-00
2026-08-02 02:05:39.369 [com.alibaba.nacos.naming.failover.0] [none] DEBUG com.alibaba.nacos.client.naming - failover switch is not found, 00-00---000-VIPSRV_FAILOVER_SWITCH-000---00-00
2026-08-02 02:05:44.370 [com.alibaba.nacos.naming.failover.0] [none] DEBUG com.alibaba.nacos.client.naming - failover switch is not found, 00-00---000-VIPSRV_FAILOVER_SWITCH-000---00-00
2026-08-02 02:05:49.370 [com.alibaba.nacos.naming.failover.0] [none] DEBUG com.alibaba.nacos.client.naming - failover switch is not found, 00-00---000-VIPSRV_FAILOVER_SWITCH-000---00-00
2026-08-02 02:05:54.371 [com.alibaba.nacos.naming.failover.0] [none] DEBUG com.alibaba.nacos.client.naming - failover switch is not found, 00-00---000-VIPSRV_FAILOVER_SWITCH-000---00-00
2026-08-02 02:05:59.372 [com.alibaba.nacos.naming.failover.0] [none] DEBUG com.alibaba.nacos.client.naming - failover switch is not found, 00-00---000-VIPSRV_FAILOVER_SWITCH-000---00-00
2026-08-02 02:06:04.373 [com.alibaba.nacos.naming.failover.0] [none] DEBUG com.alibaba.nacos.client.naming - failover switch is not found, 00-00---000-VIPSRV_FAILOVER_SWITCH-000---00-00
2026-08-02 02:06:09.375 [com.alibaba.nacos.naming.failover.0] [none] DEBUG com.alibaba.nacos.client.naming - failover switch is not found, 00-00---000-VIPSRV_FAILOVER_SWITCH-000---00-00
2026-08-02 02:06:14.375 [com.alibaba.nacos.naming.failover.0] [none] DEBUG com.alibaba.nacos.client.naming - failover switch is not found, 00-00---000-VIPSRV_FAILOVER_SWITCH-000---00-00
2026-08-02 02:06:19.376 [com.alibaba.nacos.naming.failover.0] [none] DEBUG com.alibaba.nacos.client.naming - failover switch is not found, 00-00---000-VIPSRV_FAILOVER_SWITCH-000---00-00
2026-08-02 02:06:24.378 [com.alibaba.nacos.naming.failover.0] [none] DEBUG com.alibaba.nacos.client.naming - failover switch is not found, 00-00---000-VIPSRV_FAILOVER_SWITCH-000---00-00
2026-08-02 02:06:29.380 [com.alibaba.nacos.naming.failover.0] [none] DEBUG com.alibaba.nacos.client.naming - failover switch is not found, 00-00---000-VIPSRV_FAILOVER_SWITCH-000---00-00
2026-08-02 02:06:34.380 [com.alibaba.nacos.naming.failover.0] [none] DEBUG com.alibaba.nacos.client.naming - failover switch is not found, 00-00---000-VIPSRV_FAILOVER_SWITCH-000---00-00
2026-08-02 02:06:39.381 [com.alibaba.nacos.naming.failover.0] [none] DEBUG com.alibaba.nacos.client.naming - failover switch is not found, 00-00---000-VIPSRV_FAILOVER_SWITCH-000---00-00
2026-08-02 02:06:44.383 [com.alibaba.nacos.naming.failover.0] [none] DEBUG com.alibaba.nacos.client.naming - failover switch is not found, 00-00---000-VIPSRV_FAILOVER_SWITCH-000---00-00
2026-08-02 02:06:49.384 [com.alibaba.nacos.naming.failover.0] [none] DEBUG com.alibaba.nacos.client.naming - failover switch is not found, 00-00---000-VIPSRV_FAILOVER_SWITCH-000---00-00
2026-08-02 02:06:54.385 [com.alibaba.nacos.naming.failover.0] [none] DEBUG com.alibaba.nacos.client.naming - failover switch is not found, 00-00---000-VIPSRV_FAILOVER_SWITCH-000---00-00
2026-08-02 02:06:59.386 [com.alibaba.nacos.naming.failover.0] [none] DEBUG com.alibaba.nacos.client.naming - failover switch is not found, 00-00---000-VIPSRV_FAILOVER_SWITCH-000---00-00
2026-08-02 02:07:04.387 [com.alibaba.nacos.naming.failover.0] [none] DEBUG com.alibaba.nacos.client.naming - failover switch is not found, 00-00---000-VIPSRV_FAILOVER_SWITCH-000---00-00
2026-08-02 02:07:09.388 [com.alibaba.nacos.naming.failover.0] [none] DEBUG com.alibaba.nacos.client.naming - failover switch is not found, 00-00---000-VIPSRV_FAILOVER_SWITCH-000---00-00
2026-08-02 02:07:14.389 [com.alibaba.nacos.naming.failover.0] [none] DEBUG com.alibaba.nacos.client.naming - failover switch is not found, 00-00---000-VIPSRV_FAILOVER_SWITCH-000---00-00
2026-08-02 02:07:19.389 [com.alibaba.nacos.naming.failover.0] [none] DEBUG com.alibaba.nacos.client.naming - failover switch is not found, 00-00---000-VIPSRV_FAILOVER_SWITCH-000---00-00
2026-08-02 02:07:24.390 [com.alibaba.nacos.naming.failover.0] [none] DEBUG com.alibaba.nacos.client.naming - failover switch is not found, 00-00---000-VIPSRV_FAILOVER_SWITCH-000---00-00
2026-08-02 02:07:29.391 [com.alibaba.nacos.naming.failover.0] [none] DEBUG com.alibaba.nacos.client.naming - failover switch is not found, 00-00---000-VIPSRV_FAILOVER_SWITCH-000---00-00
2026-08-02 02:07:34.391 [com.alibaba.nacos.naming.failover.0] [none] DEBUG com.alibaba.nacos.client.naming - failover switch is not found, 00-00---000-VIPSRV_FAILOVER_SWITCH-000---00-00
2026-08-02 02:07:39.393 [com.alibaba.nacos.naming.failover.0] [none] DEBUG com.alibaba.nacos.client.naming - failover switch is not found, 00-00---000-VIPSRV_FAILOVER_SWITCH-000---00-00
2026-08-02 02:07:44.395 [com.alibaba.nacos.naming.failover.0] [none] DEBUG com.alibaba.nacos.client.naming - failover switch is not found, 00-00---000-VIPSRV_FAILOVER_SWITCH-000---00-00
2026-08-02 02:07:49.396 [com.alibaba.nacos.naming.failover.0] [none] DEBUG com.alibaba.nacos.client.naming - failover switch is not found, 00-00---000-VIPSRV_FAILOVER_SWITCH-000---00-00
2026-08-02 02:07:54.396 [com.alibaba.nacos.naming.failover.0] [none] DEBUG com.alibaba.nacos.client.naming - failover switch is not found, 00-00---000-VIPSRV_FAILOVER_SWITCH-000---00-00
2026-08-02 02:07:59.397 [com.alibaba.nacos.naming.failover.0] [none] DEBUG com.alibaba.nacos.client.naming - failover switch is not found, 00-00---000-VIPSRV_FAILOVER_SWITCH-000---00-00
2026-08-02 02:08:04.399 [com.alibaba.nacos.naming.failover.0] [none] DEBUG com.alibaba.nacos.client.naming - failover switch is not found, 00-00---000-VIPSRV_FAILOVER_SWITCH-000---00-00
2026-08-02 02:08:09.400 [com.alibaba.nacos.naming.failover.0] [none] DEBUG com.alibaba.nacos.client.naming - failover switch is not found, 00-00---000-VIPSRV_FAILOVER_SWITCH-000---00-00
2026-08-02 02:08:14.401 [com.alibaba.nacos.naming.failover.0] [none] DEBUG com.alibaba.nacos.client.naming - failover switch is not found, 00-00---000-VIPSRV_FAILOVER_SWITCH-000---00-00
2026-08-02 02:08:19.403 [com.alibaba.nacos.naming.failover.0] [none] DEBUG com.alibaba.nacos.client.naming - failover switch is not found, 00-00---000-VIPSRV_FAILOVER_SWITCH-000---00-00
2026-08-02 02:08:24.405 [com.alibaba.nacos.naming.failover.0] [none] DEBUG com.alibaba.nacos.client.naming - failover switch is not found, 00-00---000-VIPSRV_FAILOVER_SWITCH-000---00-00
2026-08-02 02:08:29.406 [com.alibaba.nacos.naming.failover.0] [none] DEBUG com.alibaba.nacos.client.naming - failover switch is not found, 00-00---000-VIPSRV_FAILOVER_SWITCH-000---00-00
2026-08-02 02:08:34.407 [com.alibaba.nacos.naming.failover.0] [none] DEBUG com.alibaba.nacos.client.naming - failover switch is not found, 00-00---000-VIPSRV_FAILOVER_SWITCH-000---00-00
2026-08-02 02:08:36.073 [com.alibaba.nacos.client.remote.worker.0] [none] INFO  c.alibaba.nacos.common.remote.client - [dc5fbd3f-30f6-4048-b9dc-0d30b703c861_config-0] Server healthy check fail, currentConnection = 1785607431035_172.18.0.1_44078
2026-08-02 02:08:36.073 [com.alibaba.nacos.client.remote.worker.0] [none] INFO  c.alibaba.nacos.common.remote.client - [dc5fbd3f-30f6-4048-b9dc-0d30b703c861_config-0] Try to reconnect to a new server, server is  not appointed, will choose a random server.
2026-08-02 02:08:36.073 [com.alibaba.nacos.client.remote.worker.0] [none] INFO  c.a.n.c.r.client.grpc.GrpcClient - grpc client connection server: 129.204.152.168 ip, serverPort: 9848, grpcTslConfig: {"enableTls":false,"mutualAuthEnable":false,"trustAll":true}
2026-08-02 02:08:36.212 [com.alibaba.nacos.client.remote.worker.1] [none] INFO  c.alibaba.nacos.common.remote.client - [e0f57a1d-efd0-4a9e-8f80-e0a922cfdd5d] Server healthy check fail, currentConnection = 1785607431036_172.18.0.1_44168
2026-08-02 02:08:36.212 [com.alibaba.nacos.client.remote.worker.1] [none] INFO  c.alibaba.nacos.common.remote.client - [e0f57a1d-efd0-4a9e-8f80-e0a922cfdd5d] Try to reconnect to a new server, server is  not appointed, will choose a random server.
2026-08-02 02:08:36.212 [com.alibaba.nacos.client.remote.worker.1] [none] INFO  c.a.n.c.r.client.grpc.GrpcClient - grpc client connection server: 129.204.152.168 ip, serverPort: 9848, grpcTslConfig: {"enableTls":false,"mutualAuthEnable":false,"trustAll":true}
2026-08-02 02:08:36.451 [com.alibaba.nacos.client.remote.worker.1] [none] INFO  c.alibaba.nacos.common.remote.client - [a2de216e-2f6a-4bbf-b7b4-697b66f31442_config-0] Server healthy check fail, currentConnection = 1785607431034_172.18.0.1_44372
2026-08-02 02:08:36.451 [com.alibaba.nacos.client.remote.worker.1] [none] INFO  c.alibaba.nacos.common.remote.client - [a2de216e-2f6a-4bbf-b7b4-697b66f31442_config-0] Try to reconnect to a new server, server is  not appointed, will choose a random server.
2026-08-02 02:08:36.451 [com.alibaba.nacos.client.remote.worker.1] [none] INFO  c.a.n.c.r.client.grpc.GrpcClient - grpc client connection server: 129.204.152.168 ip, serverPort: 9848, grpcTslConfig: {"enableTls":false,"mutualAuthEnable":false,"trustAll":true}
2026-08-02 02:08:36.533 [com.alibaba.nacos.client.remote.worker.1] [none] INFO  c.alibaba.nacos.common.remote.client - [eab7de7c-d831-4e36-adf4-f4dc47a0d2cf_config-0] Server healthy check fail, currentConnection = 1785607431035_172.18.0.1_44126
2026-08-02 02:08:36.533 [com.alibaba.nacos.client.remote.worker.1] [none] INFO  c.alibaba.nacos.common.remote.client - [eab7de7c-d831-4e36-adf4-f4dc47a0d2cf_config-0] Try to reconnect to a new server, server is  not appointed, will choose a random server.
2026-08-02 02:08:36.533 [com.alibaba.nacos.client.remote.worker.1] [none] INFO  c.a.n.c.r.client.grpc.GrpcClient - grpc client connection server: 129.204.152.168 ip, serverPort: 9848, grpcTslConfig: {"enableTls":false,"mutualAuthEnable":false,"trustAll":true}
2026-08-02 02:08:39.076 [com.alibaba.nacos.client.remote.worker.0] [none] ERROR c.a.n.c.r.client.grpc.GrpcClient - Server check fail, please check server 129.204.152.168, port 9848 is available, error ={}
java.util.concurrent.TimeoutException: Waited 3000 milliseconds (plus 820900 nanoseconds delay) for com.alibaba.nacos.shaded.io.grpc.stub.ClientCalls$GrpcFuture@4bb306dd[status=PENDING, info=[GrpcFuture{clientCall=PendingCall{realCall=ClientCallImpl{method=MethodDescriptor{fullMethodName=Request/request, type=UNARY, idempotent=false, safe=false, sampledToLocalTracing=true, requestMarshaller=com.alibaba.nacos.shaded.io.grpc.protobuf.lite.ProtoLiteUtils$MessageMarshaller@258c0cfb, responseMarshaller=com.alibaba.nacos.shaded.io.grpc.protobuf.lite.ProtoLiteUtils$MessageMarshaller@4156771b, schemaDescriptor=com.alibaba.nacos.api.grpc.auto.RequestGrpc$RequestMethodDescriptorSupplier@1ef76774}}}}]]
	at com.alibaba.nacos.shaded.com.google.common.util.concurrent.AbstractFuture.get(AbstractFuture.java:535) ~[nacos-client-3.1.1.jar:na]
	at com.alibaba.nacos.common.remote.client.grpc.GrpcClient.serverCheck(GrpcClient.java:234) ~[nacos-client-3.1.1.jar:na]
	at com.alibaba.nacos.common.remote.client.grpc.GrpcClient.connectToServer(GrpcClient.java:346) ~[nacos-client-3.1.1.jar:na]
	at com.alibaba.nacos.common.remote.client.RpcClient.reconnect(RpcClient.java:504) ~[nacos-client-3.1.1.jar:na]
	at com.alibaba.nacos.common.remote.client.RpcClient.lambda$start$1(RpcClient.java:330) ~[nacos-client-3.1.1.jar:na]
	at java.base/java.util.concurrent.Executors$RunnableAdapter.call(Executors.java:545) ~[na:na]
	at java.base/java.util.concurrent.FutureTask.run(FutureTask.java:330) ~[na:na]
	at java.base/java.util.concurrent.ScheduledThreadPoolExecutor$ScheduledFutureTask.run(ScheduledThreadPoolExecutor.java:309) ~[na:na]
	at java.base/java.util.concurrent.ThreadPoolExecutor.runWorker(ThreadPoolExecutor.java:1090) ~[na:na]
	at java.base/java.util.concurrent.ThreadPoolExecutor$Worker.run(ThreadPoolExecutor.java:614) ~[na:na]
	at java.base/java.lang.Thread.run(Thread.java:1516) ~[na:na]
2026-08-02 02:08:39.177 [com.alibaba.nacos.client.remote.worker.0] [none] INFO  c.a.n.c.r.client.grpc.GrpcClient - grpc client connection server: 129.204.152.168 ip, serverPort: 9848, grpcTslConfig: {"enableTls":false,"mutualAuthEnable":false,"trustAll":true}
2026-08-02 02:08:39.215 [com.alibaba.nacos.client.remote.worker.1] [none] ERROR c.a.n.c.r.client.grpc.GrpcClient - Server check fail, please check server 129.204.152.168, port 9848 is available, error ={}
java.util.concurrent.TimeoutException: Waited 3000 milliseconds (plus 1 milliseconds, 783900 nanoseconds delay) for com.alibaba.nacos.shaded.io.grpc.stub.ClientCalls$GrpcFuture@3be5b8d8[status=PENDING, info=[GrpcFuture{clientCall=PendingCall{realCall=ClientCallImpl{method=MethodDescriptor{fullMethodName=Request/request, type=UNARY, idempotent=false, safe=false, sampledToLocalTracing=true, requestMarshaller=com.alibaba.nacos.shaded.io.grpc.protobuf.lite.ProtoLiteUtils$MessageMarshaller@258c0cfb, responseMarshaller=com.alibaba.nacos.shaded.io.grpc.protobuf.lite.ProtoLiteUtils$MessageMarshaller@4156771b, schemaDescriptor=com.alibaba.nacos.api.grpc.auto.RequestGrpc$RequestMethodDescriptorSupplier@1ef76774}}}}]]
	at com.alibaba.nacos.shaded.com.google.common.util.concurrent.AbstractFuture.get(AbstractFuture.java:535) ~[nacos-client-3.1.1.jar:na]
	at com.alibaba.nacos.common.remote.client.grpc.GrpcClient.serverCheck(GrpcClient.java:234) ~[nacos-client-3.1.1.jar:na]
	at com.alibaba.nacos.common.remote.client.grpc.GrpcClient.connectToServer(GrpcClient.java:346) ~[nacos-client-3.1.1.jar:na]
	at com.alibaba.nacos.common.remote.client.RpcClient.reconnect(RpcClient.java:504) ~[nacos-client-3.1.1.jar:na]
	at com.alibaba.nacos.common.remote.client.RpcClient.lambda$start$1(RpcClient.java:330) ~[nacos-client-3.1.1.jar:na]
	at java.base/java.util.concurrent.Executors$RunnableAdapter.call(Executors.java:545) ~[na:na]
	at java.base/java.util.concurrent.FutureTask.run(FutureTask.java:330) ~[na:na]
	at java.base/java.util.concurrent.ScheduledThreadPoolExecutor$ScheduledFutureTask.run(ScheduledThreadPoolExecutor.java:309) ~[na:na]
	at java.base/java.util.concurrent.ThreadPoolExecutor.runWorker(ThreadPoolExecutor.java:1090) ~[na:na]
	at java.base/java.util.concurrent.ThreadPoolExecutor$Worker.run(ThreadPoolExecutor.java:614) ~[na:na]
	at java.base/java.lang.Thread.run(Thread.java:1516) ~[na:na]
2026-08-02 02:08:39.316 [com.alibaba.nacos.client.remote.worker.1] [none] INFO  c.a.n.c.r.client.grpc.GrpcClient - grpc client connection server: 129.204.152.168 ip, serverPort: 9848, grpcTslConfig: {"enableTls":false,"mutualAuthEnable":false,"trustAll":true}
2026-08-02 02:08:39.408 [com.alibaba.nacos.naming.failover.0] [none] DEBUG com.alibaba.nacos.client.naming - failover switch is not found, 00-00---000-VIPSRV_FAILOVER_SWITCH-000---00-00
2026-08-02 02:08:39.452 [com.alibaba.nacos.client.remote.worker.1] [none] ERROR c.a.n.c.r.client.grpc.GrpcClient - Server check fail, please check server 129.204.152.168, port 9848 is available, error ={}
java.util.concurrent.TimeoutException: Waited 3000 milliseconds (plus 10200 nanoseconds delay) for com.alibaba.nacos.shaded.io.grpc.stub.ClientCalls$GrpcFuture@2b8c0c67[status=PENDING, info=[GrpcFuture{clientCall=PendingCall{realCall=ClientCallImpl{method=MethodDescriptor{fullMethodName=Request/request, type=UNARY, idempotent=false, safe=false, sampledToLocalTracing=true, requestMarshaller=com.alibaba.nacos.shaded.io.grpc.protobuf.lite.ProtoLiteUtils$MessageMarshaller@258c0cfb, responseMarshaller=com.alibaba.nacos.shaded.io.grpc.protobuf.lite.ProtoLiteUtils$MessageMarshaller@4156771b, schemaDescriptor=com.alibaba.nacos.api.grpc.auto.RequestGrpc$RequestMethodDescriptorSupplier@1ef76774}}}}]]
	at com.alibaba.nacos.shaded.com.google.common.util.concurrent.AbstractFuture.get(AbstractFuture.java:535) ~[nacos-client-3.1.1.jar:na]
	at com.alibaba.nacos.common.remote.client.grpc.GrpcClient.serverCheck(GrpcClient.java:234) ~[nacos-client-3.1.1.jar:na]
	at com.alibaba.nacos.common.remote.client.grpc.GrpcClient.connectToServer(GrpcClient.java:346) ~[nacos-client-3.1.1.jar:na]
	at com.alibaba.nacos.common.remote.client.RpcClient.reconnect(RpcClient.java:504) ~[nacos-client-3.1.1.jar:na]
	at com.alibaba.nacos.common.remote.client.RpcClient.lambda$start$1(RpcClient.java:330) ~[nacos-client-3.1.1.jar:na]
	at java.base/java.util.concurrent.Executors$RunnableAdapter.call(Executors.java:545) ~[na:na]
	at java.base/java.util.concurrent.FutureTask.run(FutureTask.java:330) ~[na:na]
	at java.base/java.util.concurrent.ScheduledThreadPoolExecutor$ScheduledFutureTask.run(ScheduledThreadPoolExecutor.java:309) ~[na:na]
	at java.base/java.util.concurrent.ThreadPoolExecutor.runWorker(ThreadPoolExecutor.java:1090) ~[na:na]
	at java.base/java.util.concurrent.ThreadPoolExecutor$Worker.run(ThreadPoolExecutor.java:614) ~[na:na]
	at java.base/java.lang.Thread.run(Thread.java:1516) ~[na:na]
2026-08-02 02:08:39.535 [com.alibaba.nacos.client.remote.worker.1] [none] ERROR c.a.n.c.r.client.grpc.GrpcClient - Server check fail, please check server 129.204.152.168, port 9848 is available, error ={}
java.util.concurrent.TimeoutException: Waited 3000 milliseconds (plus 1 milliseconds, 164700 nanoseconds delay) for com.alibaba.nacos.shaded.io.grpc.stub.ClientCalls$GrpcFuture@1782ab53[status=PENDING, info=[GrpcFuture{clientCall=PendingCall{realCall=ClientCallImpl{method=MethodDescriptor{fullMethodName=Request/request, type=UNARY, idempotent=false, safe=false, sampledToLocalTracing=true, requestMarshaller=com.alibaba.nacos.shaded.io.grpc.protobuf.lite.ProtoLiteUtils$MessageMarshaller@258c0cfb, responseMarshaller=com.alibaba.nacos.shaded.io.grpc.protobuf.lite.ProtoLiteUtils$MessageMarshaller@4156771b, schemaDescriptor=com.alibaba.nacos.api.grpc.auto.RequestGrpc$RequestMethodDescriptorSupplier@1ef76774}}}}]]
	at com.alibaba.nacos.shaded.com.google.common.util.concurrent.AbstractFuture.get(AbstractFuture.java:535) ~[nacos-client-3.1.1.jar:na]
	at com.alibaba.nacos.common.remote.client.grpc.GrpcClient.serverCheck(GrpcClient.java:234) ~[nacos-client-3.1.1.jar:na]
	at com.alibaba.nacos.common.remote.client.grpc.GrpcClient.connectToServer(GrpcClient.java:346) ~[nacos-client-3.1.1.jar:na]
	at com.alibaba.nacos.common.remote.client.RpcClient.reconnect(RpcClient.java:504) ~[nacos-client-3.1.1.jar:na]
	at com.alibaba.nacos.common.remote.client.RpcClient.lambda$start$1(RpcClient.java:330) ~[nacos-client-3.1.1.jar:na]
	at java.base/java.util.concurrent.Executors$RunnableAdapter.call(Executors.java:545) ~[na:na]
	at java.base/java.util.concurrent.FutureTask.run(FutureTask.java:330) ~[na:na]
	at java.base/java.util.concurrent.ScheduledThreadPoolExecutor$ScheduledFutureTask.run(ScheduledThreadPoolExecutor.java:309) ~[na:na]
	at java.base/java.util.concurrent.ThreadPoolExecutor.runWorker(ThreadPoolExecutor.java:1090) ~[na:na]
	at java.base/java.util.concurrent.ThreadPoolExecutor$Worker.run(ThreadPoolExecutor.java:614) ~[na:na]
	at java.base/java.lang.Thread.run(Thread.java:1516) ~[na:na]
2026-08-02 02:08:39.553 [com.alibaba.nacos.client.remote.worker.1] [none] INFO  c.a.n.c.r.client.grpc.GrpcClient - grpc client connection server: 129.204.152.168 ip, serverPort: 9848, grpcTslConfig: {"enableTls":false,"mutualAuthEnable":false,"trustAll":true}
2026-08-02 02:08:39.636 [com.alibaba.nacos.client.remote.worker.1] [none] INFO  c.a.n.c.r.client.grpc.GrpcClient - grpc client connection server: 129.204.152.168 ip, serverPort: 9848, grpcTslConfig: {"enableTls":false,"mutualAuthEnable":false,"trustAll":true}
2026-08-02 02:08:42.178 [com.alibaba.nacos.client.remote.worker.0] [none] ERROR c.a.n.c.r.client.grpc.GrpcClient - Server check fail, please check server 129.204.152.168, port 9848 is available, error ={}
java.util.concurrent.TimeoutException: Waited 3000 milliseconds (plus 67700 nanoseconds delay) for com.alibaba.nacos.shaded.io.grpc.stub.ClientCalls$GrpcFuture@7c6b95f0[status=PENDING, info=[GrpcFuture{clientCall=PendingCall{realCall=ClientCallImpl{method=MethodDescriptor{fullMethodName=Request/request, type=UNARY, idempotent=false, safe=false, sampledToLocalTracing=true, requestMarshaller=com.alibaba.nacos.shaded.io.grpc.protobuf.lite.ProtoLiteUtils$MessageMarshaller@258c0cfb, responseMarshaller=com.alibaba.nacos.shaded.io.grpc.protobuf.lite.ProtoLiteUtils$MessageMarshaller@4156771b, schemaDescriptor=com.alibaba.nacos.api.grpc.auto.RequestGrpc$RequestMethodDescriptorSupplier@1ef76774}}}}]]
	at com.alibaba.nacos.shaded.com.google.common.util.concurrent.AbstractFuture.get(AbstractFuture.java:535) ~[nacos-client-3.1.1.jar:na]
	at com.alibaba.nacos.common.remote.client.grpc.GrpcClient.serverCheck(GrpcClient.java:234) ~[nacos-client-3.1.1.jar:na]
	at com.alibaba.nacos.common.remote.client.grpc.GrpcClient.connectToServer(GrpcClient.java:346) ~[nacos-client-3.1.1.jar:na]
	at com.alibaba.nacos.common.remote.client.RpcClient.reconnect(RpcClient.java:504) ~[nacos-client-3.1.1.jar:na]
	at com.alibaba.nacos.common.remote.client.RpcClient.lambda$start$1(RpcClient.java:330) ~[nacos-client-3.1.1.jar:na]
	at java.base/java.util.concurrent.Executors$RunnableAdapter.call(Executors.java:545) ~[na:na]
	at java.base/java.util.concurrent.FutureTask.run(FutureTask.java:330) ~[na:na]
	at java.base/java.util.concurrent.ScheduledThreadPoolExecutor$ScheduledFutureTask.run(ScheduledThreadPoolExecutor.java:309) ~[na:na]
	at java.base/java.util.concurrent.ThreadPoolExecutor.runWorker(ThreadPoolExecutor.java:1090) ~[na:na]
	at java.base/java.util.concurrent.ThreadPoolExecutor$Worker.run(ThreadPoolExecutor.java:614) ~[na:na]
	at java.base/java.lang.Thread.run(Thread.java:1516) ~[na:na]
2026-08-02 02:08:42.179 [com.alibaba.nacos.client.remote.worker.0] [none] INFO  c.alibaba.nacos.common.remote.client - [dc5fbd3f-30f6-4048-b9dc-0d30b703c861_config-0] Fail to connect server, after trying 1 times, last try server is {serverIp = '129.204.152.168', server main port = 8848}, error = unknown
2026-08-02 02:08:42.318 [com.alibaba.nacos.client.remote.worker.1] [none] ERROR c.a.n.c.r.client.grpc.GrpcClient - Server check fail, please check server 129.204.152.168, port 9848 is available, error ={}
java.util.concurrent.TimeoutException: Waited 3000 milliseconds (plus 317300 nanoseconds delay) for com.alibaba.nacos.shaded.io.grpc.stub.ClientCalls$GrpcFuture@6cc77bfa[status=PENDING, info=[GrpcFuture{clientCall=PendingCall{realCall=ClientCallImpl{method=MethodDescriptor{fullMethodName=Request/request, type=UNARY, idempotent=false, safe=false, sampledToLocalTracing=true, requestMarshaller=com.alibaba.nacos.shaded.io.grpc.protobuf.lite.ProtoLiteUtils$MessageMarshaller@258c0cfb, responseMarshaller=com.alibaba.nacos.shaded.io.grpc.protobuf.lite.ProtoLiteUtils$MessageMarshaller@4156771b, schemaDescriptor=com.alibaba.nacos.api.grpc.auto.RequestGrpc$RequestMethodDescriptorSupplier@1ef76774}}}}]]
	at com.alibaba.nacos.shaded.com.google.common.util.concurrent.AbstractFuture.get(AbstractFuture.java:535) ~[nacos-client-3.1.1.jar:na]
	at com.alibaba.nacos.common.remote.client.grpc.GrpcClient.serverCheck(GrpcClient.java:234) ~[nacos-client-3.1.1.jar:na]
	at com.alibaba.nacos.common.remote.client.grpc.GrpcClient.connectToServer(GrpcClient.java:346) ~[nacos-client-3.1.1.jar:na]
	at com.alibaba.nacos.common.remote.client.RpcClient.reconnect(RpcClient.java:504) ~[nacos-client-3.1.1.jar:na]
	at com.alibaba.nacos.common.remote.client.RpcClient.lambda$start$1(RpcClient.java:330) ~[nacos-client-3.1.1.jar:na]
	at java.base/java.util.concurrent.Executors$RunnableAdapter.call(Executors.java:545) ~[na:na]
	at java.base/java.util.concurrent.FutureTask.run(FutureTask.java:330) ~[na:na]
	at java.base/java.util.concurrent.ScheduledThreadPoolExecutor$ScheduledFutureTask.run(ScheduledThreadPoolExecutor.java:309) ~[na:na]
	at java.base/java.util.concurrent.ThreadPoolExecutor.runWorker(ThreadPoolExecutor.java:1090) ~[na:na]
	at java.base/java.util.concurrent.ThreadPoolExecutor$Worker.run(ThreadPoolExecutor.java:614) ~[na:na]
	at java.base/java.lang.Thread.run(Thread.java:1516) ~[na:na]
2026-08-02 02:08:42.318 [com.alibaba.nacos.client.remote.worker.1] [none] INFO  c.alibaba.nacos.common.remote.client - [e0f57a1d-efd0-4a9e-8f80-e0a922cfdd5d] Fail to connect server, after trying 1 times, last try server is {serverIp = '129.204.152.168', server main port = 8848}, error = unknown
2026-08-02 02:08:42.379 [com.alibaba.nacos.client.remote.worker.0] [none] INFO  c.a.n.c.r.client.grpc.GrpcClient - grpc client connection server: 129.204.152.168 ip, serverPort: 9848, grpcTslConfig: {"enableTls":false,"mutualAuthEnable":false,"trustAll":true}
2026-08-02 02:08:42.521 [com.alibaba.nacos.client.remote.worker.1] [none] INFO  c.a.n.c.r.client.grpc.GrpcClient - grpc client connection server: 129.204.152.168 ip, serverPort: 9848, grpcTslConfig: {"enableTls":false,"mutualAuthEnable":false,"trustAll":true}
2026-08-02 02:08:42.555 [com.alibaba.nacos.client.remote.worker.1] [none] ERROR c.a.n.c.r.client.grpc.GrpcClient - Server check fail, please check server 129.204.152.168, port 9848 is available, error ={}
java.util.concurrent.TimeoutException: Waited 3000 milliseconds (plus 431600 nanoseconds delay) for com.alibaba.nacos.shaded.io.grpc.stub.ClientCalls$GrpcFuture@66446f70[status=PENDING, info=[GrpcFuture{clientCall=PendingCall{realCall=ClientCallImpl{method=MethodDescriptor{fullMethodName=Request/request, type=UNARY, idempotent=false, safe=false, sampledToLocalTracing=true, requestMarshaller=com.alibaba.nacos.shaded.io.grpc.protobuf.lite.ProtoLiteUtils$MessageMarshaller@258c0cfb, responseMarshaller=com.alibaba.nacos.shaded.io.grpc.protobuf.lite.ProtoLiteUtils$MessageMarshaller@4156771b, schemaDescriptor=com.alibaba.nacos.api.grpc.auto.RequestGrpc$RequestMethodDescriptorSupplier@1ef76774}}}}]]
	at com.alibaba.nacos.shaded.com.google.common.util.concurrent.AbstractFuture.get(AbstractFuture.java:535) ~[nacos-client-3.1.1.jar:na]
	at com.alibaba.nacos.common.remote.client.grpc.GrpcClient.serverCheck(GrpcClient.java:234) ~[nacos-client-3.1.1.jar:na]
	at com.alibaba.nacos.common.remote.client.grpc.GrpcClient.connectToServer(GrpcClient.java:346) ~[nacos-client-3.1.1.jar:na]
	at com.alibaba.nacos.common.remote.client.RpcClient.reconnect(RpcClient.java:504) ~[nacos-client-3.1.1.jar:na]
	at com.alibaba.nacos.common.remote.client.RpcClient.lambda$start$1(RpcClient.java:330) ~[nacos-client-3.1.1.jar:na]
	at java.base/java.util.concurrent.Executors$RunnableAdapter.call(Executors.java:545) ~[na:na]
	at java.base/java.util.concurrent.FutureTask.run(FutureTask.java:330) ~[na:na]
	at java.base/java.util.concurrent.ScheduledThreadPoolExecutor$ScheduledFutureTask.run(ScheduledThreadPoolExecutor.java:309) ~[na:na]
	at java.base/java.util.concurrent.ThreadPoolExecutor.runWorker(ThreadPoolExecutor.java:1090) ~[na:na]
	at java.base/java.util.concurrent.ThreadPoolExecutor$Worker.run(ThreadPoolExecutor.java:614) ~[na:na]
	at java.base/java.lang.Thread.run(Thread.java:1516) ~[na:na]
2026-08-02 02:08:42.556 [com.alibaba.nacos.client.remote.worker.1] [none] INFO  c.alibaba.nacos.common.remote.client - [a2de216e-2f6a-4bbf-b7b4-697b66f31442_config-0] Fail to connect server, after trying 1 times, last try server is {serverIp = '129.204.152.168', server main port = 8848}, error = unknown
2026-08-02 02:08:42.639 [com.alibaba.nacos.client.remote.worker.1] [none] ERROR c.a.n.c.r.client.grpc.GrpcClient - Server check fail, please check server 129.204.152.168, port 9848 is available, error ={}
java.util.concurrent.TimeoutException: Waited 3000 milliseconds (plus 776000 nanoseconds delay) for com.alibaba.nacos.shaded.io.grpc.stub.ClientCalls$GrpcFuture@71107ef2[status=PENDING, info=[GrpcFuture{clientCall=PendingCall{realCall=ClientCallImpl{method=MethodDescriptor{fullMethodName=Request/request, type=UNARY, idempotent=false, safe=false, sampledToLocalTracing=true, requestMarshaller=com.alibaba.nacos.shaded.io.grpc.protobuf.lite.ProtoLiteUtils$MessageMarshaller@258c0cfb, responseMarshaller=com.alibaba.nacos.shaded.io.grpc.protobuf.lite.ProtoLiteUtils$MessageMarshaller@4156771b, schemaDescriptor=com.alibaba.nacos.api.grpc.auto.RequestGrpc$RequestMethodDescriptorSupplier@1ef76774}}}}]]
	at com.alibaba.nacos.shaded.com.google.common.util.concurrent.AbstractFuture.get(AbstractFuture.java:535) ~[nacos-client-3.1.1.jar:na]
	at com.alibaba.nacos.common.remote.client.grpc.GrpcClient.serverCheck(GrpcClient.java:234) ~[nacos-client-3.1.1.jar:na]
	at com.alibaba.nacos.common.remote.client.grpc.GrpcClient.connectToServer(GrpcClient.java:346) ~[nacos-client-3.1.1.jar:na]
	at com.alibaba.nacos.common.remote.client.RpcClient.reconnect(RpcClient.java:504) ~[nacos-client-3.1.1.jar:na]
	at com.alibaba.nacos.common.remote.client.RpcClient.lambda$start$1(RpcClient.java:330) ~[nacos-client-3.1.1.jar:na]
	at java.base/java.util.concurrent.Executors$RunnableAdapter.call(Executors.java:545) ~[na:na]
	at java.base/java.util.concurrent.FutureTask.run(FutureTask.java:330) ~[na:na]
	at java.base/java.util.concurrent.ScheduledThreadPoolExecutor$ScheduledFutureTask.run(ScheduledThreadPoolExecutor.java:309) ~[na:na]
	at java.base/java.util.concurrent.ThreadPoolExecutor.runWorker(ThreadPoolExecutor.java:1090) ~[na:na]
	at java.base/java.util.concurrent.ThreadPoolExecutor$Worker.run(ThreadPoolExecutor.java:614) ~[na:na]
	at java.base/java.lang.Thread.run(Thread.java:1516) ~[na:na]
2026-08-02 02:08:42.639 [com.alibaba.nacos.client.remote.worker.1] [none] INFO  c.alibaba.nacos.common.remote.client - [eab7de7c-d831-4e36-adf4-f4dc47a0d2cf_config-0] Fail to connect server, after trying 1 times, last try server is {serverIp = '129.204.152.168', server main port = 8848}, error = unknown
2026-08-02 02:08:42.756 [com.alibaba.nacos.client.remote.worker.1] [none] INFO  c.a.n.c.r.client.grpc.GrpcClient - grpc client connection server: 129.204.152.168 ip, serverPort: 9848, grpcTslConfig: {"enableTls":false,"mutualAuthEnable":false,"trustAll":true}
2026-08-02 02:08:42.840 [com.alibaba.nacos.client.remote.worker.1] [none] INFO  c.a.n.c.r.client.grpc.GrpcClient - grpc client connection server: 129.204.152.168 ip, serverPort: 9848, grpcTslConfig: {"enableTls":false,"mutualAuthEnable":false,"trustAll":true}
2026-08-02 02:08:44.408 [com.alibaba.nacos.naming.failover.0] [none] DEBUG com.alibaba.nacos.client.naming - failover switch is not found, 00-00---000-VIPSRV_FAILOVER_SWITCH-000---00-00
2026-08-02 02:08:45.382 [com.alibaba.nacos.client.remote.worker.0] [none] ERROR c.a.n.c.r.client.grpc.GrpcClient - Server check fail, please check server 129.204.152.168, port 9848 is available, error ={}
java.util.concurrent.TimeoutException: Waited 3000 milliseconds (plus 466900 nanoseconds delay) for com.alibaba.nacos.shaded.io.grpc.stub.ClientCalls$GrpcFuture@796ac625[status=PENDING, info=[GrpcFuture{clientCall=PendingCall{realCall=ClientCallImpl{method=MethodDescriptor{fullMethodName=Request/request, type=UNARY, idempotent=false, safe=false, sampledToLocalTracing=true, requestMarshaller=com.alibaba.nacos.shaded.io.grpc.protobuf.lite.ProtoLiteUtils$MessageMarshaller@258c0cfb, responseMarshaller=com.alibaba.nacos.shaded.io.grpc.protobuf.lite.ProtoLiteUtils$MessageMarshaller@4156771b, schemaDescriptor=com.alibaba.nacos.api.grpc.auto.RequestGrpc$RequestMethodDescriptorSupplier@1ef76774}}}}]]
	at com.alibaba.nacos.shaded.com.google.common.util.concurrent.AbstractFuture.get(AbstractFuture.java:535) ~[nacos-client-3.1.1.jar:na]
	at com.alibaba.nacos.common.remote.client.grpc.GrpcClient.serverCheck(GrpcClient.java:234) ~[nacos-client-3.1.1.jar:na]
	at com.alibaba.nacos.common.remote.client.grpc.GrpcClient.connectToServer(GrpcClient.java:346) ~[nacos-client-3.1.1.jar:na]
	at com.alibaba.nacos.common.remote.client.RpcClient.reconnect(RpcClient.java:504) ~[nacos-client-3.1.1.jar:na]
	at com.alibaba.nacos.common.remote.client.RpcClient.lambda$start$1(RpcClient.java:330) ~[nacos-client-3.1.1.jar:na]
	at java.base/java.util.concurrent.Executors$RunnableAdapter.call(Executors.java:545) ~[na:na]
	at java.base/java.util.concurrent.FutureTask.run(FutureTask.java:330) ~[na:na]
	at java.base/java.util.concurrent.ScheduledThreadPoolExecutor$ScheduledFutureTask.run(ScheduledThreadPoolExecutor.java:309) ~[na:na]
	at java.base/java.util.concurrent.ThreadPoolExecutor.runWorker(ThreadPoolExecutor.java:1090) ~[na:na]
	at java.base/java.util.concurrent.ThreadPoolExecutor$Worker.run(ThreadPoolExecutor.java:614) ~[na:na]
	at java.base/java.lang.Thread.run(Thread.java:1516) ~[na:na]
2026-08-02 02:08:45.382 [com.alibaba.nacos.client.remote.worker.0] [none] INFO  c.alibaba.nacos.common.remote.client - [dc5fbd3f-30f6-4048-b9dc-0d30b703c861_config-0] Fail to connect server, after trying 2 times, last try server is {serverIp = '129.204.152.168', server main port = 8848}, error = unknown
2026-08-02 02:08:45.522 [com.alibaba.nacos.client.remote.worker.1] [none] ERROR c.a.n.c.r.client.grpc.GrpcClient - Server check fail, please check server 129.204.152.168, port 9848 is available, error ={}
java.util.concurrent.TimeoutException: Waited 3000 milliseconds (plus 618400 nanoseconds delay) for com.alibaba.nacos.shaded.io.grpc.stub.ClientCalls$GrpcFuture@4b842a7d[status=PENDING, info=[GrpcFuture{clientCall=PendingCall{realCall=ClientCallImpl{method=MethodDescriptor{fullMethodName=Request/request, type=UNARY, idempotent=false, safe=false, sampledToLocalTracing=true, requestMarshaller=com.alibaba.nacos.shaded.io.grpc.protobuf.lite.ProtoLiteUtils$MessageMarshaller@258c0cfb, responseMarshaller=com.alibaba.nacos.shaded.io.grpc.protobuf.lite.ProtoLiteUtils$MessageMarshaller@4156771b, schemaDescriptor=com.alibaba.nacos.api.grpc.auto.RequestGrpc$RequestMethodDescriptorSupplier@1ef76774}}}}]]
	at com.alibaba.nacos.shaded.com.google.common.util.concurrent.AbstractFuture.get(AbstractFuture.java:535) ~[nacos-client-3.1.1.jar:na]
	at com.alibaba.nacos.common.remote.client.grpc.GrpcClient.serverCheck(GrpcClient.java:234) ~[nacos-client-3.1.1.jar:na]
	at com.alibaba.nacos.common.remote.client.grpc.GrpcClient.connectToServer(GrpcClient.java:346) ~[nacos-client-3.1.1.jar:na]
	at com.alibaba.nacos.common.remote.client.RpcClient.reconnect(RpcClient.java:504) ~[nacos-client-3.1.1.jar:na]
	at com.alibaba.nacos.common.remote.client.RpcClient.lambda$start$1(RpcClient.java:330) ~[nacos-client-3.1.1.jar:na]
	at java.base/java.util.concurrent.Executors$RunnableAdapter.call(Executors.java:545) ~[na:na]
	at java.base/java.util.concurrent.FutureTask.run(FutureTask.java:330) ~[na:na]
	at java.base/java.util.concurrent.ScheduledThreadPoolExecutor$ScheduledFutureTask.run(ScheduledThreadPoolExecutor.java:309) ~[na:na]
	at java.base/java.util.concurrent.ThreadPoolExecutor.runWorker(ThreadPoolExecutor.java:1090) ~[na:na]
	at java.base/java.util.concurrent.ThreadPoolExecutor$Worker.run(ThreadPoolExecutor.java:614) ~[na:na]
	at java.base/java.lang.Thread.run(Thread.java:1516) ~[na:na]
2026-08-02 02:08:45.522 [com.alibaba.nacos.client.remote.worker.1] [none] INFO  c.alibaba.nacos.common.remote.client - [e0f57a1d-efd0-4a9e-8f80-e0a922cfdd5d] Fail to connect server, after trying 2 times, last try server is {serverIp = '129.204.152.168', server main port = 8848}, error = unknown
2026-08-02 02:08:45.683 [com.alibaba.nacos.client.remote.worker.0] [none] INFO  c.a.n.c.r.client.grpc.GrpcClient - grpc client connection server: 129.204.152.168 ip, serverPort: 9848, grpcTslConfig: {"enableTls":false,"mutualAuthEnable":false,"trustAll":true}
2026-08-02 02:08:45.758 [com.alibaba.nacos.client.remote.worker.1] [none] ERROR c.a.n.c.r.client.grpc.GrpcClient - Server check fail, please check server 129.204.152.168, port 9848 is available, error ={}
java.util.concurrent.TimeoutException: Waited 3000 milliseconds (plus 349600 nanoseconds delay) for com.alibaba.nacos.shaded.io.grpc.stub.ClientCalls$GrpcFuture@64b890be[status=PENDING, info=[GrpcFuture{clientCall=PendingCall{realCall=ClientCallImpl{method=MethodDescriptor{fullMethodName=Request/request, type=UNARY, idempotent=false, safe=false, sampledToLocalTracing=true, requestMarshaller=com.alibaba.nacos.shaded.io.grpc.protobuf.lite.ProtoLiteUtils$MessageMarshaller@258c0cfb, responseMarshaller=com.alibaba.nacos.shaded.io.grpc.protobuf.lite.ProtoLiteUtils$MessageMarshaller@4156771b, schemaDescriptor=com.alibaba.nacos.api.grpc.auto.RequestGrpc$RequestMethodDescriptorSupplier@1ef76774}}}}]]
	at com.alibaba.nacos.shaded.com.google.common.util.concurrent.AbstractFuture.get(AbstractFuture.java:535) ~[nacos-client-3.1.1.jar:na]
	at com.alibaba.nacos.common.remote.client.grpc.GrpcClient.serverCheck(GrpcClient.java:234) ~[nacos-client-3.1.1.jar:na]
	at com.alibaba.nacos.common.remote.client.grpc.GrpcClient.connectToServer(GrpcClient.java:346) ~[nacos-client-3.1.1.jar:na]
	at com.alibaba.nacos.common.remote.client.RpcClient.reconnect(RpcClient.java:504) ~[nacos-client-3.1.1.jar:na]
	at com.alibaba.nacos.common.remote.client.RpcClient.lambda$start$1(RpcClient.java:330) ~[nacos-client-3.1.1.jar:na]
	at java.base/java.util.concurrent.Executors$RunnableAdapter.call(Executors.java:545) ~[na:na]
	at java.base/java.util.concurrent.FutureTask.run(FutureTask.java:330) ~[na:na]
	at java.base/java.util.concurrent.ScheduledThreadPoolExecutor$ScheduledFutureTask.run(ScheduledThreadPoolExecutor.java:309) ~[na:na]
	at java.base/java.util.concurrent.ThreadPoolExecutor.runWorker(ThreadPoolExecutor.java:1090) ~[na:na]
	at java.base/java.util.concurrent.ThreadPoolExecutor$Worker.run(ThreadPoolExecutor.java:614) ~[na:na]
	at java.base/java.lang.Thread.run(Thread.java:1516) ~[na:na]
2026-08-02 02:08:45.758 [com.alibaba.nacos.client.remote.worker.1] [none] INFO  c.alibaba.nacos.common.remote.client - [a2de216e-2f6a-4bbf-b7b4-697b66f31442_config-0] Fail to connect server, after trying 2 times, last try server is {serverIp = '129.204.152.168', server main port = 8848}, error = unknown
2026-08-02 02:08:45.824 [com.alibaba.nacos.client.remote.worker.1] [none] INFO  c.a.n.c.r.client.grpc.GrpcClient - grpc client connection server: 129.204.152.168 ip, serverPort: 9848, grpcTslConfig: {"enableTls":false,"mutualAuthEnable":false,"trustAll":true}
2026-08-02 02:08:45.841 [com.alibaba.nacos.client.remote.worker.1] [none] ERROR c.a.n.c.r.client.grpc.GrpcClient - Server check fail, please check server 129.204.152.168, port 9848 is available, error ={}
java.util.concurrent.TimeoutException: Waited 3000 milliseconds (plus 479200 nanoseconds delay) for com.alibaba.nacos.shaded.io.grpc.stub.ClientCalls$GrpcFuture@1488a407[status=PENDING, info=[GrpcFuture{clientCall=PendingCall{realCall=ClientCallImpl{method=MethodDescriptor{fullMethodName=Request/request, type=UNARY, idempotent=false, safe=false, sampledToLocalTracing=true, requestMarshaller=com.alibaba.nacos.shaded.io.grpc.protobuf.lite.ProtoLiteUtils$MessageMarshaller@258c0cfb, responseMarshaller=com.alibaba.nacos.shaded.io.grpc.protobuf.lite.ProtoLiteUtils$MessageMarshaller@4156771b, schemaDescriptor=com.alibaba.nacos.api.grpc.auto.RequestGrpc$RequestMethodDescriptorSupplier@1ef76774}}}}]]
	at com.alibaba.nacos.shaded.com.google.common.util.concurrent.AbstractFuture.get(AbstractFuture.java:535) ~[nacos-client-3.1.1.jar:na]
	at com.alibaba.nacos.common.remote.client.grpc.GrpcClient.serverCheck(GrpcClient.java:234) ~[nacos-client-3.1.1.jar:na]
	at com.alibaba.nacos.common.remote.client.grpc.GrpcClient.connectToServer(GrpcClient.java:346) ~[nacos-client-3.1.1.jar:na]
	at com.alibaba.nacos.common.remote.client.RpcClient.reconnect(RpcClient.java:504) ~[nacos-client-3.1.1.jar:na]
	at com.alibaba.nacos.common.remote.client.RpcClient.lambda$start$1(RpcClient.java:330) ~[nacos-client-3.1.1.jar:na]
	at java.base/java.util.concurrent.Executors$RunnableAdapter.call(Executors.java:545) ~[na:na]
	at java.base/java.util.concurrent.FutureTask.run(FutureTask.java:330) ~[na:na]
	at java.base/java.util.concurrent.ScheduledThreadPoolExecutor$ScheduledFutureTask.run(ScheduledThreadPoolExecutor.java:309) ~[na:na]
	at java.base/java.util.concurrent.ThreadPoolExecutor.runWorker(ThreadPoolExecutor.java:1090) ~[na:na]
	at java.base/java.util.concurrent.ThreadPoolExecutor$Worker.run(ThreadPoolExecutor.java:614) ~[na:na]
	at java.base/java.lang.Thread.run(Thread.java:1516) ~[na:na]
2026-08-02 02:08:45.841 [com.alibaba.nacos.client.remote.worker.1] [none] INFO  c.alibaba.nacos.common.remote.client - [eab7de7c-d831-4e36-adf4-f4dc47a0d2cf_config-0] Fail to connect server, after trying 2 times, last try server is {serverIp = '129.204.152.168', server main port = 8848}, error = unknown
2026-08-02 02:08:46.060 [com.alibaba.nacos.client.remote.worker.1] [none] INFO  c.a.n.c.r.client.grpc.GrpcClient - grpc client connection server: 129.204.152.168 ip, serverPort: 9848, grpcTslConfig: {"enableTls":false,"mutualAuthEnable":false,"trustAll":true}
2026-08-02 02:08:46.144 [com.alibaba.nacos.client.remote.worker.1] [none] INFO  c.a.n.c.r.client.grpc.GrpcClient - grpc client connection server: 129.204.152.168 ip, serverPort: 9848, grpcTslConfig: {"enableTls":false,"mutualAuthEnable":false,"trustAll":true}
2026-08-02 02:08:46.293 [nacos-grpc-client-executor-129.204.152.168-6] [none] INFO  c.alibaba.nacos.common.remote.client - [a2de216e-2f6a-4bbf-b7b4-697b66f31442_config-0] Receive server push request, request = ClientDetectionRequest, requestId = 348
2026-08-02 02:08:46.293 [nacos-grpc-client-executor-129.204.152.168-8] [none] INFO  c.alibaba.nacos.common.remote.client - [dc5fbd3f-30f6-4048-b9dc-0d30b703c861_config-0] Receive server push request, request = ClientDetectionRequest, requestId = 375
2026-08-02 02:08:46.293 [nacos-grpc-client-executor-129.204.152.168-8] [none] INFO  c.alibaba.nacos.common.remote.client - [dc5fbd3f-30f6-4048-b9dc-0d30b703c861_config-0] Ack server push request, request = ClientDetectionRequest, requestId = 375
2026-08-02 02:08:46.293 [nacos-grpc-client-executor-129.204.152.168-6] [none] INFO  c.alibaba.nacos.common.remote.client - [a2de216e-2f6a-4bbf-b7b4-697b66f31442_config-0] Ack server push request, request = ClientDetectionRequest, requestId = 348
2026-08-02 02:08:46.298 [nacos-grpc-client-executor-129.204.152.168-13] [none] INFO  c.alibaba.nacos.common.remote.client - [eab7de7c-d831-4e36-adf4-f4dc47a0d2cf_config-0] Receive server push request, request = ClientDetectionRequest, requestId = 389
2026-08-02 02:08:46.298 [nacos-grpc-client-executor-129.204.152.168-13] [none] INFO  c.alibaba.nacos.common.remote.client - [eab7de7c-d831-4e36-adf4-f4dc47a0d2cf_config-0] Ack server push request, request = ClientDetectionRequest, requestId = 389
2026-08-02 02:08:46.321 [nacos-grpc-client-executor-129.204.152.168-12] [none] INFO  c.alibaba.nacos.common.remote.client - [e0f57a1d-efd0-4a9e-8f80-e0a922cfdd5d] Receive server push request, request = ClientDetectionRequest, requestId = 352
2026-08-02 02:08:46.321 [nacos-grpc-client-executor-129.204.152.168-12] [none] INFO  c.alibaba.nacos.common.remote.client - [e0f57a1d-efd0-4a9e-8f80-e0a922cfdd5d] Ack server push request, request = ClientDetectionRequest, requestId = 352
2026-08-02 02:08:46.443 [com.alibaba.nacos.client.remote.worker.0] [none] INFO  c.alibaba.nacos.common.remote.client - [dc5fbd3f-30f6-4048-b9dc-0d30b703c861_config-0] Success to connect a server [129.204.152.168:8848], connectionId = 1785607726764_172.18.0.1_37764
2026-08-02 02:08:46.443 [com.alibaba.nacos.client.remote.worker.0] [none] INFO  c.alibaba.nacos.common.remote.client - [dc5fbd3f-30f6-4048-b9dc-0d30b703c861_config-0] Abandon prev connection, server is 129.204.152.168:8848, connectionId is 1785607431035_172.18.0.1_44078
2026-08-02 02:08:46.443 [com.alibaba.nacos.client.remote.worker.0] [none] INFO  c.alibaba.nacos.common.remote.client - Close current connection 1785607431035_172.18.0.1_44078
2026-08-02 02:08:46.444 [nacos-grpc-client-executor-129.204.152.168-10] [none] WARN  c.a.n.c.r.client.grpc.GrpcClient - [1785607431035_172.18.0.1_44078]Ignore error event,isRunning:true,isAbandon=true
2026-08-02 02:08:46.444 [com.alibaba.nacos.client.remote.worker.1] [none] INFO  c.alibaba.nacos.common.remote.client - [dc5fbd3f-30f6-4048-b9dc-0d30b703c861_config-0] Notify disconnected event to listeners
2026-08-02 02:08:46.444 [com.alibaba.nacos.client.remote.worker.1] [none] INFO  c.a.n.c.config.impl.ClientWorker - [dc5fbd3f-30f6-4048-b9dc-0d30b703c861_config-0] DisConnected,reset listen context
2026-08-02 02:08:46.444 [com.alibaba.nacos.client.remote.worker.1] [none] INFO  c.a.n.c.config.impl.ClientWorker - [dc5fbd3f-30f6-4048-b9dc-0d30b703c861_config-0] DisConnected,reset  fuzzy watch consistence status
2026-08-02 02:08:46.444 [com.alibaba.nacos.client.remote.worker.1] [none] INFO  c.alibaba.nacos.common.remote.client - [dc5fbd3f-30f6-4048-b9dc-0d30b703c861_config-0] Notify connected event to listeners.
2026-08-02 02:08:46.444 [com.alibaba.nacos.client.remote.worker.1] [none] INFO  c.a.n.c.config.impl.ClientWorker - [dc5fbd3f-30f6-4048-b9dc-0d30b703c861_config-0] Connected,notify listen context...
2026-08-02 02:08:46.445 [com.alibaba.nacos.client.remote.worker.1] [none] INFO  c.a.n.c.config.impl.ClientWorker - [dc5fbd3f-30f6-4048-b9dc-0d30b703c861_config-0] Connected,notify fuzzy listen context...
2026-08-02 02:08:46.461 [com.alibaba.nacos.client.remote.worker.1] [none] INFO  c.alibaba.nacos.common.remote.client - [a2de216e-2f6a-4bbf-b7b4-697b66f31442_config-0] Success to connect a server [129.204.152.168:8848], connectionId = 1785607726776_172.18.0.1_38456
2026-08-02 02:08:46.462 [com.alibaba.nacos.client.remote.worker.1] [none] INFO  c.alibaba.nacos.common.remote.client - [a2de216e-2f6a-4bbf-b7b4-697b66f31442_config-0] Abandon prev connection, server is 129.204.152.168:8848, connectionId is 1785607431034_172.18.0.1_44372
2026-08-02 02:08:46.462 [com.alibaba.nacos.client.remote.worker.1] [none] INFO  c.alibaba.nacos.common.remote.client - Close current connection 1785607431034_172.18.0.1_44372
2026-08-02 02:08:46.462 [com.alibaba.nacos.client.remote.worker.0] [none] INFO  c.alibaba.nacos.common.remote.client - [a2de216e-2f6a-4bbf-b7b4-697b66f31442_config-0] Notify disconnected event to listeners
2026-08-02 02:08:46.462 [com.alibaba.nacos.client.remote.worker.0] [none] INFO  c.a.n.c.config.impl.ClientWorker - [a2de216e-2f6a-4bbf-b7b4-697b66f31442_config-0] DisConnected,reset listen context
2026-08-02 02:08:46.463 [com.alibaba.nacos.client.remote.worker.1] [none] INFO  c.alibaba.nacos.common.remote.client - [eab7de7c-d831-4e36-adf4-f4dc47a0d2cf_config-0] Success to connect a server [129.204.152.168:8848], connectionId = 1785607726770_172.18.0.1_38374
2026-08-02 02:08:46.463 [com.alibaba.nacos.client.remote.worker.1] [none] INFO  c.alibaba.nacos.common.remote.client - [eab7de7c-d831-4e36-adf4-f4dc47a0d2cf_config-0] Abandon prev connection, server is 129.204.152.168:8848, connectionId is 1785607431035_172.18.0.1_44126
2026-08-02 02:08:46.463 [com.alibaba.nacos.client.remote.worker.1] [none] INFO  c.alibaba.nacos.common.remote.client - Close current connection 1785607431035_172.18.0.1_44126
2026-08-02 02:08:46.463 [com.alibaba.nacos.client.remote.worker.0] [none] INFO  c.a.n.c.config.impl.ClientWorker - [a2de216e-2f6a-4bbf-b7b4-697b66f31442_config-0] DisConnected,reset  fuzzy watch consistence status
2026-08-02 02:08:46.463 [com.alibaba.nacos.client.remote.worker.0] [none] INFO  c.alibaba.nacos.common.remote.client - [a2de216e-2f6a-4bbf-b7b4-697b66f31442_config-0] Notify connected event to listeners.
2026-08-02 02:08:46.463 [com.alibaba.nacos.client.remote.worker.0] [none] INFO  c.a.n.c.config.impl.ClientWorker - [a2de216e-2f6a-4bbf-b7b4-697b66f31442_config-0] Connected,notify listen context...
2026-08-02 02:08:46.463 [com.alibaba.nacos.client.remote.worker.0] [none] INFO  c.a.n.c.config.impl.ClientWorker - [a2de216e-2f6a-4bbf-b7b4-697b66f31442_config-0] Connected,notify fuzzy listen context...
2026-08-02 02:08:46.464 [nacos-grpc-client-executor-129.204.152.168-2] [none] WARN  c.a.n.c.r.client.grpc.GrpcClient - [1785607431035_172.18.0.1_44126]Ignore error event,isRunning:true,isAbandon=true
2026-08-02 02:08:46.464 [com.alibaba.nacos.client.remote.worker.0] [none] INFO  c.alibaba.nacos.common.remote.client - [eab7de7c-d831-4e36-adf4-f4dc47a0d2cf_config-0] Notify disconnected event to listeners
2026-08-02 02:08:46.464 [nacos-grpc-client-executor-129.204.152.168-7] [none] WARN  c.a.n.c.r.client.grpc.GrpcClient - [1785607431034_172.18.0.1_44372]Ignore error event,isRunning:true,isAbandon=true
2026-08-02 02:08:46.464 [com.alibaba.nacos.client.remote.worker.0] [none] INFO  c.a.n.c.config.impl.ClientWorker - [eab7de7c-d831-4e36-adf4-f4dc47a0d2cf_config-0] DisConnected,reset listen context
2026-08-02 02:08:46.465 [com.alibaba.nacos.client.remote.worker.0] [none] INFO  c.a.n.c.config.impl.ClientWorker - [eab7de7c-d831-4e36-adf4-f4dc47a0d2cf_config-0] DisConnected,reset  fuzzy watch consistence status
2026-08-02 02:08:46.465 [com.alibaba.nacos.client.remote.worker.0] [none] INFO  c.alibaba.nacos.common.remote.client - [eab7de7c-d831-4e36-adf4-f4dc47a0d2cf_config-0] Notify connected event to listeners.
2026-08-02 02:08:46.465 [com.alibaba.nacos.client.remote.worker.0] [none] INFO  c.a.n.c.config.impl.ClientWorker - [eab7de7c-d831-4e36-adf4-f4dc47a0d2cf_config-0] Connected,notify listen context...
2026-08-02 02:08:46.465 [com.alibaba.nacos.client.remote.worker.0] [none] INFO  c.a.n.c.config.impl.ClientWorker - [eab7de7c-d831-4e36-adf4-f4dc47a0d2cf_config-0] Connected,notify fuzzy listen context...
2026-08-02 02:08:46.469 [com.alibaba.nacos.client.remote.worker.1] [none] INFO  c.alibaba.nacos.common.remote.client - [e0f57a1d-efd0-4a9e-8f80-e0a922cfdd5d] Success to connect a server [129.204.152.168:8848], connectionId = 1785607726774_172.18.0.1_37690
2026-08-02 02:08:46.470 [com.alibaba.nacos.client.remote.worker.1] [none] INFO  c.alibaba.nacos.common.remote.client - [e0f57a1d-efd0-4a9e-8f80-e0a922cfdd5d] Abandon prev connection, server is 129.204.152.168:8848, connectionId is 1785607431036_172.18.0.1_44168
2026-08-02 02:08:46.470 [com.alibaba.nacos.client.remote.worker.1] [none] INFO  c.alibaba.nacos.common.remote.client - Close current connection 1785607431036_172.18.0.1_44168
2026-08-02 02:08:46.472 [com.alibaba.nacos.client.remote.worker.0] [none] INFO  c.alibaba.nacos.common.remote.client - [e0f57a1d-efd0-4a9e-8f80-e0a922cfdd5d] Notify disconnected event to listeners
2026-08-02 02:08:46.473 [com.alibaba.nacos.client.remote.worker.0] [none] WARN  com.alibaba.nacos.client.naming - Grpc connection disconnect, mark to redo
2026-08-02 02:08:46.473 [com.alibaba.nacos.client.remote.worker.0] [none] WARN  com.alibaba.nacos.client.naming - mark to redo completed
2026-08-02 02:08:46.473 [com.alibaba.nacos.client.remote.worker.0] [none] INFO  c.alibaba.nacos.common.remote.client - [e0f57a1d-efd0-4a9e-8f80-e0a922cfdd5d] Notify connected event to listeners.
2026-08-02 02:08:46.473 [com.alibaba.nacos.client.remote.worker.0] [none] INFO  com.alibaba.nacos.client.naming - Grpc connection connect
2026-08-02 02:08:46.473 [nacos-grpc-client-executor-129.204.152.168-3] [none] WARN  c.a.n.c.r.client.grpc.GrpcClient - [1785607431036_172.18.0.1_44168]Ignore error event,isRunning:true,isAbandon=true
2026-08-02 02:08:46.994 [com.alibaba.nacos.client.naming.grpc.redo.0] [none] INFO  com.alibaba.nacos.client.naming - Redo instance operation REGISTER for DEFAULT_GROUP@@mall-marketing
2026-08-02 02:08:49.410 [com.alibaba.nacos.naming.failover.0] [none] DEBUG com.alibaba.nacos.client.naming - failover switch is not found, 00-00---000-VIPSRV_FAILOVER_SWITCH-000---00-00
2026-08-02 02:08:54.411 [com.alibaba.nacos.naming.failover.0] [none] DEBUG com.alibaba.nacos.client.naming - failover switch is not found, 00-00---000-VIPSRV_FAILOVER_SWITCH-000---00-00
2026-08-02 02:08:59.413 [com.alibaba.nacos.naming.failover.0] [none] DEBUG com.alibaba.nacos.client.naming - failover switch is not found, 00-00---000-VIPSRV_FAILOVER_SWITCH-000---00-00
2026-08-02 02:09:04.415 [com.alibaba.nacos.naming.failover.0] [none] DEBUG com.alibaba.nacos.client.naming - failover switch is not found, 00-00---000-VIPSRV_FAILOVER_SWITCH-000---00-00
2026-08-02 02:09:09.416 [com.alibaba.nacos.naming.failover.0] [none] DEBUG com.alibaba.nacos.client.naming - failover switch is not found, 00-00---000-VIPSRV_FAILOVER_SWITCH-000---00-00
2026-08-02 02:09:14.417 [com.alibaba.nacos.naming.failover.0] [none] DEBUG com.alibaba.nacos.client.naming - failover switch is not found, 00-00---000-VIPSRV_FAILOVER_SWITCH-000---00-00
2026-08-02 02:09:19.419 [com.alibaba.nacos.naming.failover.0] [none] DEBUG com.alibaba.nacos.client.naming - failover switch is not found, 00-00---000-VIPSRV_FAILOVER_SWITCH-000---00-00
2026-08-02 02:09:24.420 [com.alibaba.nacos.naming.failover.0] [none] DEBUG com.alibaba.nacos.client.naming - failover switch is not found, 00-00---000-VIPSRV_FAILOVER_SWITCH-000---00-00
2026-08-02 02:09:29.422 [com.alibaba.nacos.naming.failover.0] [none] DEBUG com.alibaba.nacos.client.naming - failover switch is not found, 00-00---000-VIPSRV_FAILOVER_SWITCH-000---00-00
2026-08-02 02:09:34.423 [com.alibaba.nacos.naming.failover.0] [none] DEBUG com.alibaba.nacos.client.naming - failover switch is not found, 00-00---000-VIPSRV_FAILOVER_SWITCH-000---00-00
2026-08-02 02:09:39.424 [com.alibaba.nacos.naming.failover.0] [none] DEBUG com.alibaba.nacos.client.naming - failover switch is not found, 00-00---000-VIPSRV_FAILOVER_SWITCH-000---00-00
2026-08-02 02:09:44.424 [com.alibaba.nacos.naming.failover.0] [none] DEBUG com.alibaba.nacos.client.naming - failover switch is not found, 00-00---000-VIPSRV_FAILOVER_SWITCH-000---00-00
2026-08-02 02:09:49.425 [com.alibaba.nacos.naming.failover.0] [none] DEBUG com.alibaba.nacos.client.naming - failover switch is not found, 00-00---000-VIPSRV_FAILOVER_SWITCH-000---00-00
2026-08-02 02:09:54.435 [com.alibaba.nacos.naming.failover.0] [none] DEBUG com.alibaba.nacos.client.naming - failover switch is not found, 00-00---000-VIPSRV_FAILOVER_SWITCH-000---00-00
2026-08-02 02:09:59.439 [com.alibaba.nacos.naming.failover.0] [none] DEBUG com.alibaba.nacos.client.naming - failover switch is not found, 00-00---000-VIPSRV_FAILOVER_SWITCH-000---00-00
2026-08-02 02:10:04.439 [com.alibaba.nacos.naming.failover.0] [none] DEBUG com.alibaba.nacos.client.naming - failover switch is not found, 00-00---000-VIPSRV_FAILOVER_SWITCH-000---00-00
2026-08-02 02:10:09.440 [com.alibaba.nacos.naming.failover.0] [none] DEBUG com.alibaba.nacos.client.naming - failover switch is not found, 00-00---000-VIPSRV_FAILOVER_SWITCH-000---00-00
2026-08-02 02:10:14.442 [com.alibaba.nacos.naming.failover.0] [none] DEBUG com.alibaba.nacos.client.naming - failover switch is not found, 00-00---000-VIPSRV_FAILOVER_SWITCH-000---00-00
2026-08-02 02:10:19.443 [com.alibaba.nacos.naming.failover.0] [none] DEBUG com.alibaba.nacos.client.naming - failover switch is not found, 00-00---000-VIPSRV_FAILOVER_SWITCH-000---00-00
2026-08-02 02:10:24.444 [com.alibaba.nacos.naming.failover.0] [none] DEBUG com.alibaba.nacos.client.naming - failover switch is not found, 00-00---000-VIPSRV_FAILOVER_SWITCH-000---00-00
2026-08-02 02:10:29.445 [com.alibaba.nacos.naming.failover.0] [none] DEBUG com.alibaba.nacos.client.naming - failover switch is not found, 00-00---000-VIPSRV_FAILOVER_SWITCH-000---00-00
2026-08-02 02:10:34.446 [com.alibaba.nacos.naming.failover.0] [none] DEBUG com.alibaba.nacos.client.naming - failover switch is not found, 00-00---000-VIPSRV_FAILOVER_SWITCH-000---00-00
2026-08-02 02:10:39.446 [com.alibaba.nacos.naming.failover.0] [none] DEBUG com.alibaba.nacos.client.naming - failover switch is not found, 00-00---000-VIPSRV_FAILOVER_SWITCH-000---00-00
2026-08-02 02:10:44.447 [com.alibaba.nacos.naming.failover.0] [none] DEBUG com.alibaba.nacos.client.naming - failover switch is not found, 00-00---000-VIPSRV_FAILOVER_SWITCH-000---00-00
2026-08-02 02:10:49.447 [com.alibaba.nacos.naming.failover.0] [none] DEBUG com.alibaba.nacos.client.naming - failover switch is not found, 00-00---000-VIPSRV_FAILOVER_SWITCH-000---00-00
2026-08-02 02:10:54.449 [com.alibaba.nacos.naming.failover.0] [none] DEBUG com.alibaba.nacos.client.naming - failover switch is not found, 00-00---000-VIPSRV_FAILOVER_SWITCH-000---00-00
2026-08-02 02:10:59.451 [com.alibaba.nacos.naming.failover.0] [none] DEBUG com.alibaba.nacos.client.naming - failover switch is not found, 00-00---000-VIPSRV_FAILOVER_SWITCH-000---00-00
2026-08-02 02:11:04.452 [com.alibaba.nacos.naming.failover.0] [none] DEBUG com.alibaba.nacos.client.naming - failover switch is not found, 00-00---000-VIPSRV_FAILOVER_SWITCH-000---00-00
2026-08-02 02:11:09.453 [com.alibaba.nacos.naming.failover.0] [none] DEBUG com.alibaba.nacos.client.naming - failover switch is not found, 00-00---000-VIPSRV_FAILOVER_SWITCH-000---00-00
2026-08-02 02:11:14.455 [com.alibaba.nacos.naming.failover.0] [none] DEBUG com.alibaba.nacos.client.naming - failover switch is not found, 00-00---000-VIPSRV_FAILOVER_SWITCH-000---00-00
2026-08-02 02:11:19.456 [com.alibaba.nacos.naming.failover.0] [none] DEBUG com.alibaba.nacos.client.naming - failover switch is not found, 00-00---000-VIPSRV_FAILOVER_SWITCH-000---00-00
2026-08-02 02:11:24.457 [com.alibaba.nacos.naming.failover.0] [none] DEBUG com.alibaba.nacos.client.naming - failover switch is not found, 00-00---000-VIPSRV_FAILOVER_SWITCH-000---00-00
2026-08-02 02:11:29.459 [com.alibaba.nacos.naming.failover.0] [none] DEBUG com.alibaba.nacos.client.naming - failover switch is not found, 00-00---000-VIPSRV_FAILOVER_SWITCH-000---00-00
2026-08-02 02:11:34.462 [com.alibaba.nacos.naming.failover.0] [none] DEBUG com.alibaba.nacos.client.naming - failover switch is not found, 00-00---000-VIPSRV_FAILOVER_SWITCH-000---00-00
2026-08-02 02:11:39.463 [com.alibaba.nacos.naming.failover.0] [none] DEBUG com.alibaba.nacos.client.naming - failover switch is not found, 00-00---000-VIPSRV_FAILOVER_SWITCH-000---00-00
2026-08-02 02:11:44.465 [com.alibaba.nacos.naming.failover.0] [none] DEBUG com.alibaba.nacos.client.naming - failover switch is not found, 00-00---000-VIPSRV_FAILOVER_SWITCH-000---00-00
2026-08-02 02:11:49.467 [com.alibaba.nacos.naming.failover.0] [none] DEBUG com.alibaba.nacos.client.naming - failover switch is not found, 00-00---000-VIPSRV_FAILOVER_SWITCH-000---00-00
2026-08-02 02:11:54.468 [com.alibaba.nacos.naming.failover.0] [none] DEBUG com.alibaba.nacos.client.naming - failover switch is not found, 00-00---000-VIPSRV_FAILOVER_SWITCH-000---00-00
2026-08-02 02:11:59.468 [com.alibaba.nacos.naming.failover.0] [none] DEBUG com.alibaba.nacos.client.naming - failover switch is not found, 00-00---000-VIPSRV_FAILOVER_SWITCH-000---00-00
2026-08-02 02:12:04.485 [com.alibaba.nacos.naming.failover.0] [none] DEBUG com.alibaba.nacos.client.naming - failover switch is not found, 00-00---000-VIPSRV_FAILOVER_SWITCH-000---00-00
2026-08-02 02:12:09.497 [com.alibaba.nacos.naming.failover.0] [none] DEBUG com.alibaba.nacos.client.naming - failover switch is not found, 00-00---000-VIPSRV_FAILOVER_SWITCH-000---00-00
2026-08-02 02:12:14.499 [com.alibaba.nacos.naming.failover.0] [none] DEBUG com.alibaba.nacos.client.naming - failover switch is not found, 00-00---000-VIPSRV_FAILOVER_SWITCH-000---00-00
2026-08-02 02:12:19.500 [com.alibaba.nacos.naming.failover.0] [none] DEBUG com.alibaba.nacos.client.naming - failover switch is not found, 00-00---000-VIPSRV_FAILOVER_SWITCH-000---00-00
2026-08-02 02:12:24.500 [com.alibaba.nacos.naming.failover.0] [none] DEBUG com.alibaba.nacos.client.naming - failover switch is not found, 00-00---000-VIPSRV_FAILOVER_SWITCH-000---00-00
2026-08-02 02:12:29.502 [com.alibaba.nacos.naming.failover.0] [none] DEBUG com.alibaba.nacos.client.naming - failover switch is not found, 00-00---000-VIPSRV_FAILOVER_SWITCH-000---00-00
2026-08-02 02:12:34.569 [com.alibaba.nacos.naming.failover.0] [none] DEBUG com.alibaba.nacos.client.naming - failover switch is not found, 00-00---000-VIPSRV_FAILOVER_SWITCH-000---00-00
2026-08-02 02:12:39.645 [com.alibaba.nacos.naming.failover.0] [none] DEBUG com.alibaba.nacos.client.naming - failover switch is not found, 00-00---000-VIPSRV_FAILOVER_SWITCH-000---00-00
2026-08-02 02:12:44.647 [com.alibaba.nacos.naming.failover.0] [none] DEBUG com.alibaba.nacos.client.naming - failover switch is not found, 00-00---000-VIPSRV_FAILOVER_SWITCH-000---00-00
2026-08-02 02:12:49.648 [com.alibaba.nacos.naming.failover.0] [none] DEBUG com.alibaba.nacos.client.naming - failover switch is not found, 00-00---000-VIPSRV_FAILOVER_SWITCH-000---00-00
2026-08-02 02:12:54.650 [com.alibaba.nacos.naming.failover.0] [none] DEBUG com.alibaba.nacos.client.naming - failover switch is not found, 00-00---000-VIPSRV_FAILOVER_SWITCH-000---00-00
2026-08-02 02:12:59.652 [com.alibaba.nacos.naming.failover.0] [none] DEBUG com.alibaba.nacos.client.naming - failover switch is not found, 00-00---000-VIPSRV_FAILOVER_SWITCH-000---00-00
2026-08-02 02:13:04.653 [com.alibaba.nacos.naming.failover.0] [none] DEBUG com.alibaba.nacos.client.naming - failover switch is not found, 00-00---000-VIPSRV_FAILOVER_SWITCH-000---00-00
2026-08-02 02:13:09.672 [com.alibaba.nacos.naming.failover.0] [none] DEBUG com.alibaba.nacos.client.naming - failover switch is not found, 00-00---000-VIPSRV_FAILOVER_SWITCH-000---00-00
2026-08-02 02:13:14.674 [com.alibaba.nacos.naming.failover.0] [none] DEBUG com.alibaba.nacos.client.naming - failover switch is not found, 00-00---000-VIPSRV_FAILOVER_SWITCH-000---00-00
2026-08-02 02:13:19.675 [com.alibaba.nacos.naming.failover.0] [none] DEBUG com.alibaba.nacos.client.naming - failover switch is not found, 00-00---000-VIPSRV_FAILOVER_SWITCH-000---00-00
2026-08-02 02:13:24.677 [com.alibaba.nacos.naming.failover.0] [none] DEBUG com.alibaba.nacos.client.naming - failover switch is not found, 00-00---000-VIPSRV_FAILOVER_SWITCH-000---00-00
2026-08-02 02:13:29.678 [com.alibaba.nacos.naming.failover.0] [none] DEBUG com.alibaba.nacos.client.naming - failover switch is not found, 00-00---000-VIPSRV_FAILOVER_SWITCH-000---00-00
2026-08-02 02:13:34.679 [com.alibaba.nacos.naming.failover.0] [none] DEBUG com.alibaba.nacos.client.naming - failover switch is not found, 00-00---000-VIPSRV_FAILOVER_SWITCH-000---00-00
2026-08-02 02:13:39.680 [com.alibaba.nacos.naming.failover.0] [none] DEBUG com.alibaba.nacos.client.naming - failover switch is not found, 00-00---000-VIPSRV_FAILOVER_SWITCH-000---00-00
2026-08-02 02:13:41.302 [Thread-19] [none] INFO  c.a.nacos.common.notify.NotifyCenter - [NotifyCenter] Start destroying Publisher
2026-08-02 02:13:41.303 [Thread-11] [none] INFO  c.a.n.c.executor.ThreadPoolManager - [ThreadPoolManager] Start destroying ThreadPool
2026-08-02 02:13:41.306 [Thread-17] [none] INFO  c.a.n.c.http.HttpClientBeanHolder - [HttpClientBeanHolder] Start destroying common HttpClient
2026-08-02 02:13:41.307 [Thread-19] [none] INFO  c.a.nacos.common.notify.NotifyCenter - [NotifyCenter] Completed destruction of Publisher
2026-08-02 02:13:41.307 [Thread-11] [none] INFO  c.a.n.c.executor.ThreadPoolManager - [ThreadPoolManager] Completed destruction of ThreadPool
2026-08-02 02:13:41.332 [Thread-17] [none] INFO  c.a.n.c.http.HttpClientBeanHolder - [HttpClientBeanHolder] Completed destruction of HttpClient
2026-08-02 02:13:41.370 [SpringApplicationShutdownHook] [none] INFO  c.a.c.n.r.NacosServiceRegistry - De-registering from Nacos Server now...
2026-08-02 02:13:41.371 [SpringApplicationShutdownHook] [none] INFO  com.alibaba.nacos.client.naming - [DEREGISTER-SERVICE] public deregistering service mall-marketing with instance: Instance{instanceId='null', ip='192.168.1.59', port=9014, weight=1.0, healthy=true, enabled=true, ephemeral=true, clusterName='', serviceName='null', metadata={}}
2026-08-02 02:13:41.405 [SpringApplicationShutdownHook] [none] INFO  c.a.c.n.r.NacosServiceRegistry - De-registration finished.
2026-08-02 02:13:41.409 [SpringApplicationShutdownHook] [none] INFO  com.alibaba.nacos.client.naming - com.alibaba.nacos.client.naming.cache.ServiceInfoHolder do shutdown begin
2026-08-02 02:13:41.409 [SpringApplicationShutdownHook] [none] INFO  com.alibaba.nacos.client.naming - com.alibaba.nacos.client.naming.backups.FailoverReactor do shutdown begin
2026-08-02 02:13:41.409 [SpringApplicationShutdownHook] [none] INFO  com.alibaba.nacos.client.naming - com.alibaba.nacos.client.naming.backups.FailoverReactor do shutdown stop
2026-08-02 02:13:41.409 [SpringApplicationShutdownHook] [none] INFO  com.alibaba.nacos.client.naming - com.alibaba.nacos.client.naming.cache.ServiceInfoHolder do shutdown stop
2026-08-02 02:13:41.409 [SpringApplicationShutdownHook] [none] INFO  com.alibaba.nacos.client.naming - com.alibaba.nacos.client.naming.remote.NamingClientProxyDelegate do shutdown begin
2026-08-02 02:13:41.409 [SpringApplicationShutdownHook] [none] INFO  com.alibaba.nacos.client.naming - com.alibaba.nacos.client.naming.core.ServiceInfoUpdateService do shutdown begin
2026-08-02 02:13:41.410 [SpringApplicationShutdownHook] [none] INFO  com.alibaba.nacos.client.naming - com.alibaba.nacos.client.naming.core.ServiceInfoUpdateService do shutdown stop
2026-08-02 02:13:41.410 [SpringApplicationShutdownHook] [none] INFO  c.a.n.c.a.AbstractServerListManager - com.alibaba.nacos.client.naming.core.NamingServerListManager do shutdown begin
2026-08-02 02:13:41.410 [SpringApplicationShutdownHook] [none] INFO  c.a.n.c.a.AbstractServerListManager - com.alibaba.nacos.client.naming.core.NamingServerListManager do shutdown stop
2026-08-02 02:13:41.410 [SpringApplicationShutdownHook] [none] INFO  com.alibaba.nacos.client.naming - com.alibaba.nacos.client.naming.remote.http.NamingHttpClientProxy do shutdown begin
2026-08-02 02:13:41.410 [SpringApplicationShutdownHook] [none] INFO  com.alibaba.nacos.client.naming - [NamingHttpClientManager] Start destroying NacosRestTemplate
2026-08-02 02:13:41.410 [SpringApplicationShutdownHook] [none] INFO  com.alibaba.nacos.client.naming - [NamingHttpClientManager] Completed destruction of NacosRestTemplate
2026-08-02 02:13:41.410 [SpringApplicationShutdownHook] [none] INFO  com.alibaba.nacos.client.naming - com.alibaba.nacos.client.naming.remote.http.NamingHttpClientProxy do shutdown stop
2026-08-02 02:13:41.410 [SpringApplicationShutdownHook] [none] INFO  com.alibaba.nacos.client.naming - Shutdown naming grpc client proxy for  uuid->e0f57a1d-efd0-4a9e-8f80-e0a922cfdd5d
2026-08-02 02:13:41.410 [SpringApplicationShutdownHook] [none] INFO  com.alibaba.nacos.client.naming - Shutdown grpc redo service executor java.util.concurrent.ScheduledThreadPoolExecutor@181137af[Running, pool size = 1, active threads = 0, queued tasks = 1, completed tasks = 436]
2026-08-02 02:13:41.410 [SpringApplicationShutdownHook] [none] INFO  c.alibaba.nacos.common.remote.client - Shutdown rpc client, set status to shutdown
2026-08-02 02:13:41.411 [SpringApplicationShutdownHook] [none] INFO  c.alibaba.nacos.common.remote.client - Shutdown client event executor java.util.concurrent.ScheduledThreadPoolExecutor@18df0751[Running, pool size = 2, active threads = 2, queued tasks = 0, completed tasks = 0]
2026-08-02 02:13:41.411 [SpringApplicationShutdownHook] [none] INFO  c.alibaba.nacos.common.remote.client - Close current connection 1785607726774_172.18.0.1_37690
2026-08-02 02:13:41.411 [nacos-grpc-client-executor-129.204.152.168-3] [none] WARN  c.a.n.c.r.client.grpc.GrpcClient - [1785607726774_172.18.0.1_37690]Ignore error event,isRunning:false,isAbandon=false
2026-08-02 02:13:41.412 [SpringApplicationShutdownHook] [none] INFO  c.a.n.c.r.client.grpc.GrpcClient - Shutdown grpc executor java.util.concurrent.ThreadPoolExecutor@5596cdd8[Running, pool size = 16, active threads = 0, queued tasks = 0, completed tasks = 731]
2026-08-02 02:13:41.412 [SpringApplicationShutdownHook] [none] INFO  com.alibaba.nacos.client.naming - shutdown and remove naming rpc client  for uuid ->e0f57a1d-efd0-4a9e-8f80-e0a922cfdd5d
2026-08-02 02:13:41.412 [SpringApplicationShutdownHook] [none] INFO  c.a.n.c.a.r.i.CredentialWatcher - [null] CredentialWatcher is stopped
2026-08-02 02:13:41.412 [SpringApplicationShutdownHook] [none] INFO  c.a.n.c.a.r.i.CredentialService - [null] CredentialService is freed
2026-08-02 02:13:41.413 [SpringApplicationShutdownHook] [none] INFO  com.alibaba.nacos.client.naming - com.alibaba.nacos.client.naming.remote.NamingClientProxyDelegate do shutdown stop
2026-08-02 02:13:41.780 [com.alibaba.nacos.client.login-executor.0] [none] INFO  c.a.n.c.a.r.i.CredentialWatcher - null No credential found
2026-08-02 02:13:51.414 [SpringApplicationShutdownHook] [none] INFO  c.a.c.n.r.NacosGracefulShutdownDelegate - Nacos client graceful shutdown has been executed successfully. Graceful shutdown wait time is 10000
2026-08-02 02:13:54.549 [SpringApplicationShutdownHook] [none] INFO  o.s.boot.tomcat.GracefulShutdown - Commencing graceful shutdown. Waiting for active requests to complete
2026-08-02 02:13:54.567 [tomcat-shutdown] [none] INFO  o.s.boot.tomcat.GracefulShutdown - Graceful shutdown complete
2026-08-02 02:13:54.685 [SpringApplicationShutdownHook] [none] INFO  o.a.r.s.s.DefaultRocketMQListenerContainer - container destroyed, DefaultRocketMQListenerContainer{consumerGroup='marketing-group-expired-cg', namespace='', namespaceV2='', nameServer='129.204.152.168:9876', topic='marketing-events', consumeMode=CONCURRENTLY, selectorType=TAG, selectorExpression='group-expired', messageModel=CLUSTERING', tlsEnable=false, instanceName=DEFAULT}
2026-08-02 02:13:56.869 [SpringApplicationShutdownHook] [none] INFO  com.zaxxer.hikari.HikariDataSource - HikariPool-1 - Shutdown initiated...
2026-08-02 02:13:56.880 [SpringApplicationShutdownHook] [none] INFO  com.zaxxer.hikari.HikariDataSource - HikariPool-1 - Shutdown completed.
2026-08-02 02:14:35.058 [main] [none] INFO  c.c.marketing.MarketingApplication - Starting MarketingApplication using Java 26.0.1 with PID 33948 (D:\Ide\IdeaProjects\CloudMart\mall-marketing\target\classes started by Administrator in D:\Ide\IdeaProjects\CloudMart)
2026-08-02 02:14:35.060 [main] [none] INFO  c.c.marketing.MarketingApplication - No active profile set, falling back to 1 default profile: "default"
2026-08-02 02:14:35.248 [main] [none] INFO  c.a.c.n.c.NacosConfigDataLoader - [Nacos Config] Load config[dataId=shared-logging.yml, group=DEFAULT_GROUP] success
2026-08-02 02:14:35.249 [main] [none] WARN  c.a.c.n.c.NacosConfigDataLoader - [Nacos Config] config[dataId=mall-marketing.yml, group=DEFAULT_GROUP] is empty
2026-08-02 02:14:38.333 [main] [none] INFO  o.s.d.r.c.RepositoryConfigurationDelegate - Multiple Spring Data modules found, entering strict repository configuration mode
2026-08-02 02:14:38.339 [main] [none] INFO  o.s.d.r.c.RepositoryConfigurationDelegate - Bootstrapping Spring Data Redis repositories in DEFAULT mode.
2026-08-02 02:14:38.429 [main] [none] INFO  o.s.d.r.c.RepositoryConfigurationDelegate - Finished Spring Data repository scanning in 15 ms. Found 0 Redis repository interfaces.
2026-08-02 02:14:39.301 [main] [none] INFO  o.s.cloud.context.scope.GenericScope - BeanFactory id=b6fb0e8c-e7c6-3646-8c27-32b5cfeae470
2026-08-02 02:14:41.331 [main] [none] INFO  o.s.boot.tomcat.TomcatWebServer - Tomcat initialized with port 9014 (http)
2026-08-02 02:14:41.389 [main] [none] INFO  o.a.catalina.core.StandardService - Starting service [Tomcat]
2026-08-02 02:14:41.390 [main] [none] INFO  o.a.catalina.core.StandardEngine - Starting Servlet engine: [Apache Tomcat/11.0.21]
2026-08-02 02:14:41.547 [main] [none] INFO  o.s.b.w.c.s.WebApplicationContextInitializer - Root WebApplicationContext: initialization completed in 6292 ms
2026-08-02 02:14:42.341 [main] [none] INFO  com.zaxxer.hikari.HikariDataSource - HikariPool-1 - Starting...
2026-08-02 02:14:43.661 [main] [none] INFO  com.zaxxer.hikari.pool.HikariPool - HikariPool-1 - Added connection com.mysql.cj.jdbc.ConnectionImpl@76fb88dd
2026-08-02 02:14:43.663 [main] [none] INFO  com.zaxxer.hikari.HikariDataSource - HikariPool-1 - Start completed.
2026-08-02 02:14:43.854 [main] [none] INFO  org.flywaydb.core.FlywayExecutor - Database: jdbc:mysql://129.204.152.168:8306/mall_marketing?useUnicode=true&characterEncoding=utf-8&useSSL=false&serverTimezone=Asia/Shanghai&allowPublicKeyRetrieval=true&createDatabaseIfNotExist=true (MySQL 9.7)
2026-08-02 02:14:44.180 [main] [none] WARN  o.f.c.i.database.base.Database - Using MySQL 9.7 which is newer than the version Flyway has been verified with. The latest verified version of MySQL is 8.1.
2026-08-02 02:14:45.069 [main] [none] INFO  o.f.core.internal.command.DbMigrate - Current version of schema `mall_marketing`: 2
2026-08-02 02:14:45.113 [main] [none] INFO  o.f.core.internal.command.DbMigrate - Schema `mall_marketing` is up to date. No migration necessary.
2026-08-02 02:14:47.844 [main] [none] INFO  o.a.r.s.a.RocketMQAutoConfiguration - a producer (mall-marketing-producer-group) init on namesrv 129.204.152.168:9876
2026-08-02 02:14:48.178 [main] [none] INFO  o.a.r.s.s.RocketMQMessageListenerContainerRegistrar - Register the listener to container, listenerBeanName:groupExpiredListener, containerBeanName:org.apache.rocketmq.spring.support.DefaultRocketMQListenerContainer_1
2026-08-02 02:14:48.496 [main] [none] WARN  o.s.b.s.a.UserDetailsServiceAutoConfiguration - 

Using generated security password: 4b927e96-55a1-47f7-9f1b-cb169f85819f

This generated password is for development use only. Your security configuration must be updated before running your application in production.

2026-08-02 02:14:48.515 [main] [none] INFO  o.s.s.c.a.a.c.InitializeUserDetailsBeanManagerConfigurer$InitializeUserDetailsManagerConfigurer - Global AuthenticationManager configured with UserDetailsService bean with name inMemoryUserDetailsManager
2026-08-02 02:14:48.858 [main] [none] INFO  c.a.c.s.SentinelWebMvcConfigurer - [Sentinel Starter] register SentinelWebInterceptor with urlPatterns: [/**].
2026-08-02 02:14:49.303 [main] [none] INFO  c.b.m.e.s.MybatisPlusApplicationContextAware - Register ApplicationContext instances org.springframework.boot.web.server.servlet.context.AnnotationConfigServletWebServerApplicationContext@42286e68
2026-08-02 02:14:50.078 [main] [none] WARN  o.s.c.l.c.LoadBalancerCacheAutoConfiguration$LoadBalancerCaffeineWarnLogger - Spring Cloud LoadBalancer is currently working with the default cache. While this cache implementation is useful for development and tests, it's recommended to use Caffeine cache in production.You can switch to using Caffeine cache, by adding it and org.springframework.cache.caffeine.CaffeineCacheManager to the classpath.
2026-08-02 02:14:50.108 [main] [none] INFO  o.s.b.a.e.web.EndpointLinksResolver - Exposing 4 endpoints beneath base path '/actuator'
2026-08-02 02:14:50.324 [main] [none] INFO  c.a.n.c.config.NacosConfigService - Nacos client key init properties: 
	serverAddr=129.204.152.168:8848
	username=nacos
	password=n***s

2026-08-02 02:14:50.325 [main] [none] INFO  c.a.n.c.a.AbstractServerListManager - Load and match ServerListProvider com.alibaba.nacos.client.address.EndpointServerListProvider, match result: false
2026-08-02 02:14:50.325 [main] [none] INFO  c.a.n.c.a.AbstractServerListManager - Load and match ServerListProvider com.alibaba.nacos.client.address.PropertiesListProvider, match result: true
2026-08-02 02:14:50.326 [main] [none] INFO  c.a.n.c.a.AbstractServerListManager - Will use com.alibaba.nacos.client.address.PropertiesListProvider as ServerListProvider
2026-08-02 02:14:50.326 [main] [none] INFO  com.alibaba.nacos.common.labels - DefaultLabelsCollectorManager get labels.....
2026-08-02 02:14:50.326 [main] [none] INFO  com.alibaba.nacos.common.labels - Process LabelsCollector with [name:defaultNacosLabelsCollector]
2026-08-02 02:14:50.326 [main] [none] INFO  com.alibaba.nacos.common.labels - default nacos collect properties raw labels: null
2026-08-02 02:14:50.326 [main] [none] INFO  com.alibaba.nacos.common.labels - default nacos collect properties labels: {}
2026-08-02 02:14:50.326 [main] [none] INFO  com.alibaba.nacos.common.labels - default nacos collect jvm raw labels: null
2026-08-02 02:14:50.326 [main] [none] INFO  com.alibaba.nacos.common.labels - default nacos collect jvm labels: {}
2026-08-02 02:14:50.326 [main] [none] INFO  com.alibaba.nacos.common.labels - default nacos collect env raw labels: null
2026-08-02 02:14:50.327 [main] [none] INFO  com.alibaba.nacos.common.labels - default nacos collect env labels: {}
2026-08-02 02:14:50.327 [main] [none] INFO  com.alibaba.nacos.common.labels - DefaultLabelsCollectorManager get labels finished,labels :{}
2026-08-02 02:14:50.327 [main] [none] INFO  c.a.n.p.a.s.c.ClientAuthPluginManager - [ClientAuthPluginManager] Load ClientAuthService com.alibaba.nacos.client.auth.impl.NacosClientAuthServiceImpl success.
2026-08-02 02:14:50.327 [main] [none] INFO  c.a.n.p.a.s.c.ClientAuthPluginManager - [ClientAuthPluginManager] Load ClientAuthService com.alibaba.nacos.client.auth.ram.RamClientAuthServiceImpl success.
2026-08-02 02:14:50.327 [main] [none] DEBUG c.a.n.c.c.i.ConfigHttpClientManager - HTTP method: POST, url: http://129.204.152.168:8848/nacos/v3/auth/user/login?username=nacos, body: {password=nacos}
2026-08-02 02:14:50.327 [main] [none] DEBUG c.a.n.c.c.i.ConfigHttpClientManager - Execute via interceptors :[com.alibaba.nacos.client.config.impl.ConfigHttpClientManager$LimiterHttpClientRequestInterceptor@280b4fa]
2026-08-02 02:14:52.517 [main] [none] INFO  c.a.n.client.config.impl.CacheData - config listener notify warn timeout millis use default 60000 millis 
2026-08-02 02:14:52.518 [main] [none] INFO  c.a.n.client.config.impl.CacheData - nacos.cache.data.init.snapshot = true 
2026-08-02 02:14:52.518 [main] [none] INFO  c.a.n.c.config.impl.ClientWorker - [Config-fixed-public-129.204.152.168_8848] [subscribe] mall-marketing-degrade-rules+SENTINEL_GROUP+public
2026-08-02 02:14:52.535 [main] [none] INFO  c.a.n.client.config.impl.CacheData - [Config-fixed-public-129.204.152.168_8848] [add-listener] ok, tenant=public, dataId=mall-marketing-degrade-rules, group=SENTINEL_GROUP, cnt=1
2026-08-02 02:14:52.536 [main] [none] INFO  c.alibaba.nacos.common.remote.client - [RpcClientFactory] create a new rpc client of f3080d9f-49b9-4ead-bd80-b536fa04bc46_config-0
2026-08-02 02:14:52.536 [main] [none] INFO  c.alibaba.nacos.common.remote.client - [f3080d9f-49b9-4ead-bd80-b536fa04bc46_config-0] Register server push request handler:com.alibaba.nacos.client.config.impl.ClientWorker$ConfigRpcTransportClient$$Lambda/0x000000003c83b8a0
2026-08-02 02:14:52.536 [main] [none] INFO  c.alibaba.nacos.common.remote.client - [f3080d9f-49b9-4ead-bd80-b536fa04bc46_config-0] Register server push request handler:com.alibaba.nacos.client.config.impl.ClientWorker$ConfigRpcTransportClient$$Lambda/0x000000003c83bdd0
2026-08-02 02:14:52.536 [main] [none] INFO  c.alibaba.nacos.common.remote.client - [f3080d9f-49b9-4ead-bd80-b536fa04bc46_config-0] Register server push request handler:com.alibaba.nacos.client.config.impl.ClientFuzzyWatchNotifyRequestHandler
2026-08-02 02:14:52.536 [main] [none] INFO  c.alibaba.nacos.common.remote.client - [f3080d9f-49b9-4ead-bd80-b536fa04bc46_config-0] Registry connection listener to current client:com.alibaba.nacos.client.config.impl.ClientWorker$ConfigRpcTransportClient$1
2026-08-02 02:14:52.536 [main] [none] INFO  c.alibaba.nacos.common.remote.client - [f3080d9f-49b9-4ead-bd80-b536fa04bc46_config-0] RpcClient init, ServerListFactory = com.alibaba.nacos.client.config.impl.ClientWorker$ConfigRpcTransportClient$2
2026-08-02 02:14:52.536 [main] [none] INFO  c.alibaba.nacos.common.remote.client - [f3080d9f-49b9-4ead-bd80-b536fa04bc46_config-0] Try to connect to server on start up, server: {serverIp = '129.204.152.168', server main port = 8848}
2026-08-02 02:14:52.536 [main] [none] INFO  c.a.n.c.r.client.grpc.GrpcClient - grpc client connection server: 129.204.152.168 ip, serverPort: 9848, grpcTslConfig: {"enableTls":false,"mutualAuthEnable":false,"trustAll":true}
2026-08-02 02:14:52.682 [main] [none] INFO  c.alibaba.nacos.common.remote.client - [f3080d9f-49b9-4ead-bd80-b536fa04bc46_config-0] Success to connect to server [129.204.152.168:8848] on start up, connectionId = 1785608093054_172.18.0.1_41016
2026-08-02 02:14:52.682 [main] [none] INFO  c.alibaba.nacos.common.remote.client - [f3080d9f-49b9-4ead-bd80-b536fa04bc46_config-0] Register server push request handler:com.alibaba.nacos.common.remote.client.RpcClient$ConnectResetRequestHandler
2026-08-02 02:14:52.682 [com.alibaba.nacos.client.remote.worker.0] [none] INFO  c.alibaba.nacos.common.remote.client - [f3080d9f-49b9-4ead-bd80-b536fa04bc46_config-0] Notify connected event to listeners.
2026-08-02 02:14:52.682 [main] [none] INFO  c.alibaba.nacos.common.remote.client - [f3080d9f-49b9-4ead-bd80-b536fa04bc46_config-0] Register server push request handler:com.alibaba.nacos.common.remote.client.RpcClient$$Lambda/0x000000003c9b2550
2026-08-02 02:14:52.682 [com.alibaba.nacos.client.remote.worker.0] [none] INFO  c.a.n.c.config.impl.ClientWorker - [f3080d9f-49b9-4ead-bd80-b536fa04bc46_config-0] Connected,notify listen context...
2026-08-02 02:14:52.682 [com.alibaba.nacos.client.remote.worker.0] [none] INFO  c.a.n.c.config.impl.ClientWorker - [f3080d9f-49b9-4ead-bd80-b536fa04bc46_config-0] Connected,notify fuzzy listen context...
2026-08-02 02:14:52.719 [main] [none] INFO  c.a.c.s.d.c.SentinelConverter - converter can not convert rules because source is empty
2026-08-02 02:14:52.730 [main] [none] INFO  c.a.n.c.config.NacosConfigService - Nacos client key init properties: 
	serverAddr=129.204.152.168:8848
	username=nacos
	password=n***s

2026-08-02 02:14:52.731 [main] [none] INFO  c.a.n.c.a.AbstractServerListManager - Load and match ServerListProvider com.alibaba.nacos.client.address.EndpointServerListProvider, match result: false
2026-08-02 02:14:52.731 [main] [none] INFO  c.a.n.c.a.AbstractServerListManager - Load and match ServerListProvider com.alibaba.nacos.client.address.PropertiesListProvider, match result: true
2026-08-02 02:14:52.731 [main] [none] INFO  c.a.n.c.a.AbstractServerListManager - Will use com.alibaba.nacos.client.address.PropertiesListProvider as ServerListProvider
2026-08-02 02:14:52.732 [main] [none] INFO  com.alibaba.nacos.common.labels - DefaultLabelsCollectorManager get labels.....
2026-08-02 02:14:52.732 [main] [none] INFO  com.alibaba.nacos.common.labels - Process LabelsCollector with [name:defaultNacosLabelsCollector]
2026-08-02 02:14:52.732 [main] [none] INFO  com.alibaba.nacos.common.labels - default nacos collect properties raw labels: null
2026-08-02 02:14:52.732 [main] [none] INFO  com.alibaba.nacos.common.labels - default nacos collect properties labels: {}
2026-08-02 02:14:52.732 [main] [none] INFO  com.alibaba.nacos.common.labels - default nacos collect jvm raw labels: null
2026-08-02 02:14:52.732 [main] [none] INFO  com.alibaba.nacos.common.labels - default nacos collect jvm labels: {}
2026-08-02 02:14:52.732 [main] [none] INFO  com.alibaba.nacos.common.labels - default nacos collect env raw labels: null
2026-08-02 02:14:52.732 [main] [none] INFO  com.alibaba.nacos.common.labels - default nacos collect env labels: {}
2026-08-02 02:14:52.732 [main] [none] INFO  com.alibaba.nacos.common.labels - DefaultLabelsCollectorManager get labels finished,labels :{}
2026-08-02 02:14:52.732 [main] [none] INFO  c.a.n.p.a.s.c.ClientAuthPluginManager - [ClientAuthPluginManager] Load ClientAuthService com.alibaba.nacos.client.auth.impl.NacosClientAuthServiceImpl success.
2026-08-02 02:14:52.732 [main] [none] INFO  c.a.n.p.a.s.c.ClientAuthPluginManager - [ClientAuthPluginManager] Load ClientAuthService com.alibaba.nacos.client.auth.ram.RamClientAuthServiceImpl success.
2026-08-02 02:14:52.733 [main] [none] DEBUG c.a.n.c.c.i.ConfigHttpClientManager - HTTP method: POST, url: http://129.204.152.168:8848/nacos/v3/auth/user/login?username=nacos, body: {password=nacos}
2026-08-02 02:14:52.733 [main] [none] DEBUG c.a.n.c.c.i.ConfigHttpClientManager - Execute via interceptors :[com.alibaba.nacos.client.config.impl.ConfigHttpClientManager$LimiterHttpClientRequestInterceptor@280b4fa]
2026-08-02 02:14:52.830 [main] [none] INFO  c.a.n.c.config.impl.ClientWorker - [Config-fixed-public-129.204.152.168_8848] [subscribe] mall-marketing-flow-rules+SENTINEL_GROUP+public
2026-08-02 02:14:52.830 [main] [none] INFO  c.a.n.client.config.impl.CacheData - [Config-fixed-public-129.204.152.168_8848] [add-listener] ok, tenant=public, dataId=mall-marketing-flow-rules, group=SENTINEL_GROUP, cnt=1
2026-08-02 02:14:52.831 [main] [none] INFO  c.alibaba.nacos.common.remote.client - [RpcClientFactory] create a new rpc client of 2734a9a3-5615-4ccc-a0db-42b8e057adb1_config-0
2026-08-02 02:14:52.831 [main] [none] INFO  c.alibaba.nacos.common.remote.client - [2734a9a3-5615-4ccc-a0db-42b8e057adb1_config-0] Register server push request handler:com.alibaba.nacos.client.config.impl.ClientWorker$ConfigRpcTransportClient$$Lambda/0x000000003c83b8a0
2026-08-02 02:14:52.831 [main] [none] INFO  c.alibaba.nacos.common.remote.client - [2734a9a3-5615-4ccc-a0db-42b8e057adb1_config-0] Register server push request handler:com.alibaba.nacos.client.config.impl.ClientWorker$ConfigRpcTransportClient$$Lambda/0x000000003c83bdd0
2026-08-02 02:14:52.831 [main] [none] INFO  c.alibaba.nacos.common.remote.client - [2734a9a3-5615-4ccc-a0db-42b8e057adb1_config-0] Register server push request handler:com.alibaba.nacos.client.config.impl.ClientFuzzyWatchNotifyRequestHandler
2026-08-02 02:14:52.831 [main] [none] INFO  c.alibaba.nacos.common.remote.client - [2734a9a3-5615-4ccc-a0db-42b8e057adb1_config-0] Registry connection listener to current client:com.alibaba.nacos.client.config.impl.ClientWorker$ConfigRpcTransportClient$1
2026-08-02 02:14:52.831 [main] [none] INFO  c.alibaba.nacos.common.remote.client - [2734a9a3-5615-4ccc-a0db-42b8e057adb1_config-0] RpcClient init, ServerListFactory = com.alibaba.nacos.client.config.impl.ClientWorker$ConfigRpcTransportClient$2
2026-08-02 02:14:52.831 [main] [none] INFO  c.alibaba.nacos.common.remote.client - [2734a9a3-5615-4ccc-a0db-42b8e057adb1_config-0] Try to connect to server on start up, server: {serverIp = '129.204.152.168', server main port = 8848}
2026-08-02 02:14:52.831 [main] [none] INFO  c.a.n.c.r.client.grpc.GrpcClient - grpc client connection server: 129.204.152.168 ip, serverPort: 9848, grpcTslConfig: {"enableTls":false,"mutualAuthEnable":false,"trustAll":true}
2026-08-02 02:14:52.962 [main] [none] INFO  c.alibaba.nacos.common.remote.client - [2734a9a3-5615-4ccc-a0db-42b8e057adb1_config-0] Success to connect to server [129.204.152.168:8848] on start up, connectionId = 1785608093340_172.18.0.1_41026
2026-08-02 02:14:52.962 [main] [none] INFO  c.alibaba.nacos.common.remote.client - [2734a9a3-5615-4ccc-a0db-42b8e057adb1_config-0] Register server push request handler:com.alibaba.nacos.common.remote.client.RpcClient$ConnectResetRequestHandler
2026-08-02 02:14:52.962 [com.alibaba.nacos.client.remote.worker.0] [none] INFO  c.alibaba.nacos.common.remote.client - [2734a9a3-5615-4ccc-a0db-42b8e057adb1_config-0] Notify connected event to listeners.
2026-08-02 02:14:52.962 [main] [none] INFO  c.alibaba.nacos.common.remote.client - [2734a9a3-5615-4ccc-a0db-42b8e057adb1_config-0] Register server push request handler:com.alibaba.nacos.common.remote.client.RpcClient$$Lambda/0x000000003c9b2550
2026-08-02 02:14:52.962 [com.alibaba.nacos.client.remote.worker.0] [none] INFO  c.a.n.c.config.impl.ClientWorker - [2734a9a3-5615-4ccc-a0db-42b8e057adb1_config-0] Connected,notify listen context...
2026-08-02 02:14:52.962 [com.alibaba.nacos.client.remote.worker.0] [none] INFO  c.a.n.c.config.impl.ClientWorker - [2734a9a3-5615-4ccc-a0db-42b8e057adb1_config-0] Connected,notify fuzzy listen context...
2026-08-02 02:14:52.997 [main] [none] INFO  c.a.c.s.d.c.SentinelConverter - converter can not convert rules because source is empty
2026-08-02 02:14:53.120 [main] [none] INFO  o.s.boot.tomcat.TomcatWebServer - Tomcat started on port 9014 (http) with context path '/'
2026-08-02 02:14:53.129 [main] [none] INFO  com.alibaba.nacos.client.naming - Nacos client key init properties: 
	serverAddr=129.204.152.168:8848
	username=nacos
	password=n***s

2026-08-02 02:14:53.130 [main] [none] INFO  com.alibaba.nacos.client.naming - initializer namespace from ans.namespace attribute : null
2026-08-02 02:14:53.131 [main] [none] INFO  com.alibaba.nacos.client.naming - initializer namespace from ALIBABA_ALIWARE_NAMESPACE attribute :null
2026-08-02 02:14:53.131 [main] [none] INFO  com.alibaba.nacos.client.naming - initializer namespace from namespace attribute :null
2026-08-02 02:14:53.144 [main] [none] INFO  com.alibaba.nacos.client.naming - FailoverDataSource type is class com.alibaba.nacos.client.naming.backups.datasource.DiskFailoverDataSource
2026-08-02 02:14:53.146 [com.alibaba.nacos.naming.failover.0] [none] DEBUG com.alibaba.nacos.client.naming - failover switch is not found, 00-00---000-VIPSRV_FAILOVER_SWITCH-000---00-00
2026-08-02 02:14:53.155 [main] [none] INFO  c.a.n.c.a.AbstractServerListManager - Load and match ServerListProvider com.alibaba.nacos.client.address.EndpointServerListProvider, match result: false
2026-08-02 02:14:53.155 [main] [none] INFO  c.a.n.c.a.AbstractServerListManager - Load and match ServerListProvider com.alibaba.nacos.client.address.PropertiesListProvider, match result: true
2026-08-02 02:14:53.155 [main] [none] INFO  c.a.n.c.a.AbstractServerListManager - Will use com.alibaba.nacos.client.address.PropertiesListProvider as ServerListProvider
2026-08-02 02:14:53.157 [main] [none] INFO  c.a.n.p.a.s.c.ClientAuthPluginManager - [ClientAuthPluginManager] Load ClientAuthService com.alibaba.nacos.client.auth.impl.NacosClientAuthServiceImpl success.
2026-08-02 02:14:53.158 [main] [none] INFO  c.a.n.p.a.s.c.ClientAuthPluginManager - [ClientAuthPluginManager] Load ClientAuthService com.alibaba.nacos.client.auth.ram.RamClientAuthServiceImpl success.
2026-08-02 02:14:53.158 [main] [none] DEBUG com.alibaba.nacos.client.naming - HTTP method: POST, url: http://129.204.152.168:8848/nacos/v3/auth/user/login?username=nacos, body: {password=nacos}
2026-08-02 02:14:53.278 [main] [none] INFO  c.alibaba.nacos.common.remote.client - [RpcClientFactory] create a new rpc client of adbfae31-9116-4d1c-a596-0dc23cba3e93
2026-08-02 02:14:53.282 [main] [none] INFO  com.alibaba.nacos.client.naming - Create naming rpc client for uuid->adbfae31-9116-4d1c-a596-0dc23cba3e93
2026-08-02 02:14:53.282 [main] [none] INFO  c.alibaba.nacos.common.remote.client - [adbfae31-9116-4d1c-a596-0dc23cba3e93] RpcClient init, ServerListFactory = com.alibaba.nacos.client.naming.core.NamingServerListManager
2026-08-02 02:14:53.282 [main] [none] INFO  c.alibaba.nacos.common.remote.client - [adbfae31-9116-4d1c-a596-0dc23cba3e93] Registry connection listener to current client:com.alibaba.nacos.client.naming.remote.gprc.redo.NamingGrpcRedoService
2026-08-02 02:14:53.283 [main] [none] INFO  c.alibaba.nacos.common.remote.client - [adbfae31-9116-4d1c-a596-0dc23cba3e93] Register server push request handler:com.alibaba.nacos.client.naming.remote.gprc.NamingPushRequestHandler
2026-08-02 02:14:53.284 [main] [none] INFO  c.alibaba.nacos.common.remote.client - [adbfae31-9116-4d1c-a596-0dc23cba3e93] Register server push request handler:com.alibaba.nacos.client.naming.remote.gprc.NamingFuzzyWatchNotifyRequestHandler
2026-08-02 02:14:53.285 [main] [none] INFO  c.alibaba.nacos.common.remote.client - [adbfae31-9116-4d1c-a596-0dc23cba3e93] Try to connect to server on start up, server: {serverIp = '129.204.152.168', server main port = 8848}
2026-08-02 02:14:53.285 [main] [none] INFO  c.a.n.c.r.client.grpc.GrpcClient - grpc client connection server: 129.204.152.168 ip, serverPort: 9848, grpcTslConfig: {"enableTls":false,"mutualAuthEnable":false,"trustAll":true}
2026-08-02 02:14:53.427 [main] [none] INFO  c.alibaba.nacos.common.remote.client - [adbfae31-9116-4d1c-a596-0dc23cba3e93] Success to connect to server [129.204.152.168:8848] on start up, connectionId = 1785608093789_172.18.0.1_41036
2026-08-02 02:14:53.427 [main] [none] INFO  c.alibaba.nacos.common.remote.client - [adbfae31-9116-4d1c-a596-0dc23cba3e93] Register server push request handler:com.alibaba.nacos.common.remote.client.RpcClient$ConnectResetRequestHandler
2026-08-02 02:14:53.427 [main] [none] INFO  c.alibaba.nacos.common.remote.client - [adbfae31-9116-4d1c-a596-0dc23cba3e93] Register server push request handler:com.alibaba.nacos.common.remote.client.RpcClient$$Lambda/0x000000003c9b2550
2026-08-02 02:14:53.427 [com.alibaba.nacos.client.remote.worker.0] [none] INFO  c.alibaba.nacos.common.remote.client - [adbfae31-9116-4d1c-a596-0dc23cba3e93] Notify connected event to listeners.
2026-08-02 02:14:53.428 [com.alibaba.nacos.client.remote.worker.0] [none] INFO  com.alibaba.nacos.client.naming - Grpc connection connect
2026-08-02 02:14:53.429 [main] [none] INFO  com.alibaba.nacos.client.naming - [REGISTER-SERVICE] public registering service mall-marketing with instance Instance{instanceId='null', ip='192.168.1.59', port=9014, weight=1.0, healthy=true, enabled=true, ephemeral=true, clusterName='', serviceName='null', metadata={IPv6=null, preserved.register.source=SPRING_CLOUD}}
2026-08-02 02:14:53.469 [main] [none] INFO  c.a.c.n.r.NacosServiceRegistry - nacos registry, DEFAULT_GROUP mall-marketing 192.168.1.59:9014 register finished
2026-08-02 02:14:53.957 [main] [none] INFO  o.a.r.s.s.DefaultRocketMQListenerContainer - running container: DefaultRocketMQListenerContainer{consumerGroup='marketing-group-expired-cg', namespace='', namespaceV2='', nameServer='129.204.152.168:9876', topic='marketing-events', consumeMode=CONCURRENTLY, selectorType=TAG, selectorExpression='group-expired', messageModel=CLUSTERING', tlsEnable=false, instanceName=DEFAULT}
2026-08-02 02:14:53.968 [main] [none] INFO  c.c.marketing.MarketingApplication - Started MarketingApplication in 26.194 seconds (process running for 30.184)
2026-08-02 02:14:53.979 [main] [none] INFO  c.a.n.c.config.impl.ClientWorker - [Config-fixed-public-129.204.152.168_8848] [subscribe] mall-marketing.yml+DEFAULT_GROUP+public
2026-08-02 02:14:53.979 [main] [none] INFO  c.a.n.client.config.impl.CacheData - [Config-fixed-public-129.204.152.168_8848] [add-listener] ok, tenant=public, dataId=mall-marketing.yml, group=DEFAULT_GROUP, cnt=1
2026-08-02 02:14:53.979 [main] [none] INFO  c.a.c.n.r.NacosContextRefresher - [Nacos Config] Listening config: dataId=mall-marketing.yml, group=DEFAULT_GROUP
2026-08-02 02:14:53.980 [main] [none] INFO  c.a.n.c.config.impl.ClientWorker - [Config-fixed-public-129.204.152.168_8848] [subscribe] shared-logging.yml+DEFAULT_GROUP+public
2026-08-02 02:14:53.980 [main] [none] INFO  c.a.n.client.config.impl.CacheData - [Config-fixed-public-129.204.152.168_8848] [add-listener] ok, tenant=public, dataId=shared-logging.yml, group=DEFAULT_GROUP, cnt=1
2026-08-02 02:14:53.980 [main] [none] INFO  c.a.c.n.r.NacosContextRefresher - [Nacos Config] Listening config: dataId=shared-logging.yml, group=DEFAULT_GROUP
2026-08-02 02:14:54.071 [RMI TCP Connection(3)-192.168.1.59] [none] INFO  c.a.c.s.e.SentinelHealthIndicator - Find sentinel dashboard server list: [Endpoint{protocol=HTTP, host='129.204.152.168, port=8088}]
2026-08-02 02:14:54.076 [RMI TCP Connection(2)-192.168.1.59] [none] INFO  o.a.c.c.C.[Tomcat].[localhost].[/] - Initializing Spring DispatcherServlet 'dispatcherServlet'
2026-08-02 02:14:54.077 [RMI TCP Connection(2)-192.168.1.59] [none] INFO  o.s.web.servlet.DispatcherServlet - Initializing Servlet 'dispatcherServlet'
2026-08-02 02:14:54.079 [RMI TCP Connection(2)-192.168.1.59] [none] INFO  o.s.web.servlet.DispatcherServlet - Completed initialization in 2 ms
2026-08-02 02:14:54.718 [RMI TCP Connection(3)-192.168.1.59] [none] WARN  c.a.c.s.e.SentinelHealthIndicator - Sentinel dashboard heartbeat message can't be sent to the dashboard servers [Endpoint{protocol=HTTP, host='129.204.152.168, port=8088}] one of them can't be connected
2026-08-02 02:14:54.779 [RMI TCP Connection(3)-192.168.1.59] [none] INFO  c.a.c.s.d.c.SentinelConverter - converter can not convert rules because source is empty
2026-08-02 02:14:54.817 [RMI TCP Connection(3)-192.168.1.59] [none] INFO  c.a.c.s.d.c.SentinelConverter - converter can not convert rules because source is empty
2026-08-02 02:14:58.148 [com.alibaba.nacos.naming.failover.0] [none] DEBUG com.alibaba.nacos.client.naming - failover switch is not found, 00-00---000-VIPSRV_FAILOVER_SWITCH-000---00-00
2026-08-02 02:15:03.149 [com.alibaba.nacos.naming.failover.0] [none] DEBUG com.alibaba.nacos.client.naming - failover switch is not found, 00-00---000-VIPSRV_FAILOVER_SWITCH-000---00-00
2026-08-02 02:15:08.150 [com.alibaba.nacos.naming.failover.0] [none] DEBUG com.alibaba.nacos.client.naming - failover switch is not found, 00-00---000-VIPSRV_FAILOVER_SWITCH-000---00-00
2026-08-02 02:15:13.151 [com.alibaba.nacos.naming.failover.0] [none] DEBUG com.alibaba.nacos.client.naming - failover switch is not found, 00-00---000-VIPSRV_FAILOVER_SWITCH-000---00-00
2026-08-02 02:15:18.153 [com.alibaba.nacos.naming.failover.0] [none] DEBUG com.alibaba.nacos.client.naming - failover switch is not found, 00-00---000-VIPSRV_FAILOVER_SWITCH-000---00-00
2026-08-02 02:15:23.158 [com.alibaba.nacos.naming.failover.0] [none] DEBUG com.alibaba.nacos.client.naming - failover switch is not found, 00-00---000-VIPSRV_FAILOVER_SWITCH-000---00-00
2026-08-02 02:15:25.704 [com.alibaba.nacos.client.remote.worker.1] [none] INFO  c.alibaba.nacos.common.remote.client - [f6eda100-5f33-437a-92f5-7547e76869f4_config-0] Server healthy check fail, currentConnection = 1785608072089_172.18.0.1_50302
2026-08-02 02:15:25.706 [com.alibaba.nacos.client.remote.worker.1] [none] INFO  c.alibaba.nacos.common.remote.client - [f6eda100-5f33-437a-92f5-7547e76869f4_config-0] Try to reconnect to a new server, server is  not appointed, will choose a random server.
2026-08-02 02:15:25.708 [com.alibaba.nacos.client.remote.worker.1] [none] INFO  c.a.n.c.r.client.grpc.GrpcClient - grpc client connection server: 129.204.152.168 ip, serverPort: 9848, grpcTslConfig: {"enableTls":false,"mutualAuthEnable":false,"trustAll":true}
2026-08-02 02:15:26.129 [com.alibaba.nacos.client.remote.worker.1] [none] INFO  c.alibaba.nacos.common.remote.client - [2734a9a3-5615-4ccc-a0db-42b8e057adb1_config-0] Server healthy check fail, currentConnection = 1785608093340_172.18.0.1_41026
2026-08-02 02:15:26.130 [com.alibaba.nacos.client.remote.worker.1] [none] INFO  c.alibaba.nacos.common.remote.client - [2734a9a3-5615-4ccc-a0db-42b8e057adb1_config-0] Try to reconnect to a new server, server is  not appointed, will choose a random server.
2026-08-02 02:15:26.130 [com.alibaba.nacos.client.remote.worker.1] [none] INFO  c.a.n.c.r.client.grpc.GrpcClient - grpc client connection server: 129.204.152.168 ip, serverPort: 9848, grpcTslConfig: {"enableTls":false,"mutualAuthEnable":false,"trustAll":true}
2026-08-02 02:15:26.166 [com.alibaba.nacos.client.remote.worker.1] [none] INFO  c.alibaba.nacos.common.remote.client - [adbfae31-9116-4d1c-a596-0dc23cba3e93] Server healthy check fail, currentConnection = 1785608093789_172.18.0.1_41036
2026-08-02 02:15:26.166 [com.alibaba.nacos.client.remote.worker.1] [none] INFO  c.alibaba.nacos.common.remote.client - [adbfae31-9116-4d1c-a596-0dc23cba3e93] Try to reconnect to a new server, server is  not appointed, will choose a random server.
2026-08-02 02:15:26.167 [com.alibaba.nacos.client.remote.worker.1] [none] INFO  c.a.n.c.r.client.grpc.GrpcClient - grpc client connection server: 129.204.152.168 ip, serverPort: 9848, grpcTslConfig: {"enableTls":false,"mutualAuthEnable":false,"trustAll":true}
2026-08-02 02:15:28.160 [com.alibaba.nacos.naming.failover.0] [none] DEBUG com.alibaba.nacos.client.naming - failover switch is not found, 00-00---000-VIPSRV_FAILOVER_SWITCH-000---00-00
2026-08-02 02:15:28.723 [com.alibaba.nacos.client.remote.worker.1] [none] ERROR c.a.n.c.r.client.grpc.GrpcClient - Server check fail, please check server 129.204.152.168, port 9848 is available, error ={}
java.util.concurrent.TimeoutException: Waited 3000 milliseconds (plus 6 milliseconds, 561900 nanoseconds delay) for com.alibaba.nacos.shaded.io.grpc.stub.ClientCalls$GrpcFuture@6a0b77b6[status=PENDING, info=[GrpcFuture{clientCall=ClientCallImpl{method=MethodDescriptor{fullMethodName=Request/request, type=UNARY, idempotent=false, safe=false, sampledToLocalTracing=true, requestMarshaller=com.alibaba.nacos.shaded.io.grpc.protobuf.lite.ProtoLiteUtils$MessageMarshaller@7cf437b2, responseMarshaller=com.alibaba.nacos.shaded.io.grpc.protobuf.lite.ProtoLiteUtils$MessageMarshaller@35a671ef, schemaDescriptor=com.alibaba.nacos.api.grpc.auto.RequestGrpc$RequestMethodDescriptorSupplier@42d1950c}}}]]
	at com.alibaba.nacos.shaded.com.google.common.util.concurrent.AbstractFuture.get(AbstractFuture.java:535) ~[nacos-client-3.1.1.jar:na]
	at com.alibaba.nacos.common.remote.client.grpc.GrpcClient.serverCheck(GrpcClient.java:234) ~[nacos-client-3.1.1.jar:na]
	at com.alibaba.nacos.common.remote.client.grpc.GrpcClient.connectToServer(GrpcClient.java:346) ~[nacos-client-3.1.1.jar:na]
	at com.alibaba.nacos.common.remote.client.RpcClient.reconnect(RpcClient.java:504) ~[nacos-client-3.1.1.jar:na]
	at com.alibaba.nacos.common.remote.client.RpcClient.lambda$start$1(RpcClient.java:330) ~[nacos-client-3.1.1.jar:na]
	at java.base/java.util.concurrent.Executors$RunnableAdapter.call(Executors.java:545) ~[na:na]
	at java.base/java.util.concurrent.FutureTask.run(FutureTask.java:330) ~[na:na]
	at java.base/java.util.concurrent.ScheduledThreadPoolExecutor$ScheduledFutureTask.run(ScheduledThreadPoolExecutor.java:309) ~[na:na]
	at java.base/java.util.concurrent.ThreadPoolExecutor.runWorker(ThreadPoolExecutor.java:1090) ~[na:na]
	at java.base/java.util.concurrent.ThreadPoolExecutor$Worker.run(ThreadPoolExecutor.java:614) ~[na:na]
	at java.base/java.lang.Thread.run(Thread.java:1516) ~[na:na]
2026-08-02 02:15:28.894 [com.alibaba.nacos.client.remote.worker.1] [none] INFO  c.a.n.c.r.client.grpc.GrpcClient - grpc client connection server: 129.204.152.168 ip, serverPort: 9848, grpcTslConfig: {"enableTls":false,"mutualAuthEnable":false,"trustAll":true}
2026-08-02 02:15:29.136 [com.alibaba.nacos.client.remote.worker.1] [none] ERROR c.a.n.c.r.client.grpc.GrpcClient - Server check fail, please check server 129.204.152.168, port 9848 is available, error ={}
java.util.concurrent.TimeoutException: Waited 3000 milliseconds (plus 361600 nanoseconds delay) for com.alibaba.nacos.shaded.io.grpc.stub.ClientCalls$GrpcFuture@7481dfff[status=PENDING, info=[GrpcFuture{clientCall=PendingCall{realCall=ClientCallImpl{method=MethodDescriptor{fullMethodName=Request/request, type=UNARY, idempotent=false, safe=false, sampledToLocalTracing=true, requestMarshaller=com.alibaba.nacos.shaded.io.grpc.protobuf.lite.ProtoLiteUtils$MessageMarshaller@7cf437b2, responseMarshaller=com.alibaba.nacos.shaded.io.grpc.protobuf.lite.ProtoLiteUtils$MessageMarshaller@35a671ef, schemaDescriptor=com.alibaba.nacos.api.grpc.auto.RequestGrpc$RequestMethodDescriptorSupplier@42d1950c}}}}]]
	at com.alibaba.nacos.shaded.com.google.common.util.concurrent.AbstractFuture.get(AbstractFuture.java:535) ~[nacos-client-3.1.1.jar:na]
	at com.alibaba.nacos.common.remote.client.grpc.GrpcClient.serverCheck(GrpcClient.java:234) ~[nacos-client-3.1.1.jar:na]
	at com.alibaba.nacos.common.remote.client.grpc.GrpcClient.connectToServer(GrpcClient.java:346) ~[nacos-client-3.1.1.jar:na]
	at com.alibaba.nacos.common.remote.client.RpcClient.reconnect(RpcClient.java:504) ~[nacos-client-3.1.1.jar:na]
	at com.alibaba.nacos.common.remote.client.RpcClient.lambda$start$1(RpcClient.java:330) ~[nacos-client-3.1.1.jar:na]
	at java.base/java.util.concurrent.Executors$RunnableAdapter.call(Executors.java:545) ~[na:na]
	at java.base/java.util.concurrent.FutureTask.run(FutureTask.java:330) ~[na:na]
	at java.base/java.util.concurrent.ScheduledThreadPoolExecutor$ScheduledFutureTask.run(ScheduledThreadPoolExecutor.java:309) ~[na:na]
	at java.base/java.util.concurrent.ThreadPoolExecutor.runWorker(ThreadPoolExecutor.java:1090) ~[na:na]
	at java.base/java.util.concurrent.ThreadPoolExecutor$Worker.run(ThreadPoolExecutor.java:614) ~[na:na]
	at java.base/java.lang.Thread.run(Thread.java:1516) ~[na:na]
2026-08-02 02:15:29.169 [com.alibaba.nacos.client.remote.worker.1] [none] ERROR c.a.n.c.r.client.grpc.GrpcClient - Server check fail, please check server 129.204.152.168, port 9848 is available, error ={}
java.util.concurrent.TimeoutException: Waited 3000 milliseconds (plus 546100 nanoseconds delay) for com.alibaba.nacos.shaded.io.grpc.stub.ClientCalls$GrpcFuture@58673829[status=PENDING, info=[GrpcFuture{clientCall=PendingCall{realCall=ClientCallImpl{method=MethodDescriptor{fullMethodName=Request/request, type=UNARY, idempotent=false, safe=false, sampledToLocalTracing=true, requestMarshaller=com.alibaba.nacos.shaded.io.grpc.protobuf.lite.ProtoLiteUtils$MessageMarshaller@7cf437b2, responseMarshaller=com.alibaba.nacos.shaded.io.grpc.protobuf.lite.ProtoLiteUtils$MessageMarshaller@35a671ef, schemaDescriptor=com.alibaba.nacos.api.grpc.auto.RequestGrpc$RequestMethodDescriptorSupplier@42d1950c}}}}]]
	at com.alibaba.nacos.shaded.com.google.common.util.concurrent.AbstractFuture.get(AbstractFuture.java:535) ~[nacos-client-3.1.1.jar:na]
	at com.alibaba.nacos.common.remote.client.grpc.GrpcClient.serverCheck(GrpcClient.java:234) ~[nacos-client-3.1.1.jar:na]
	at com.alibaba.nacos.common.remote.client.grpc.GrpcClient.connectToServer(GrpcClient.java:346) ~[nacos-client-3.1.1.jar:na]
	at com.alibaba.nacos.common.remote.client.RpcClient.reconnect(RpcClient.java:504) ~[nacos-client-3.1.1.jar:na]
	at com.alibaba.nacos.common.remote.client.RpcClient.lambda$start$1(RpcClient.java:330) ~[nacos-client-3.1.1.jar:na]
	at java.base/java.util.concurrent.Executors$RunnableAdapter.call(Executors.java:545) ~[na:na]
	at java.base/java.util.concurrent.FutureTask.run(FutureTask.java:330) ~[na:na]
	at java.base/java.util.concurrent.ScheduledThreadPoolExecutor$ScheduledFutureTask.run(ScheduledThreadPoolExecutor.java:309) ~[na:na]
	at java.base/java.util.concurrent.ThreadPoolExecutor.runWorker(ThreadPoolExecutor.java:1090) ~[na:na]
	at java.base/java.util.concurrent.ThreadPoolExecutor$Worker.run(ThreadPoolExecutor.java:614) ~[na:na]
	at java.base/java.lang.Thread.run(Thread.java:1516) ~[na:na]
2026-08-02 02:15:29.238 [com.alibaba.nacos.client.remote.worker.1] [none] INFO  c.a.n.c.r.client.grpc.GrpcClient - grpc client connection server: 129.204.152.168 ip, serverPort: 9848, grpcTslConfig: {"enableTls":false,"mutualAuthEnable":false,"trustAll":true}
2026-08-02 02:15:29.276 [com.alibaba.nacos.client.remote.worker.1] [none] INFO  c.a.n.c.r.client.grpc.GrpcClient - grpc client connection server: 129.204.152.168 ip, serverPort: 9848, grpcTslConfig: {"enableTls":false,"mutualAuthEnable":false,"trustAll":true}
2026-08-02 02:15:30.881 [com.alibaba.nacos.client.remote.worker.1] [none] INFO  c.alibaba.nacos.common.remote.client - [f3080d9f-49b9-4ead-bd80-b536fa04bc46_config-0] Server healthy check fail, currentConnection = 1785608093054_172.18.0.1_41016
2026-08-02 02:15:30.881 [com.alibaba.nacos.client.remote.worker.1] [none] INFO  c.alibaba.nacos.common.remote.client - [f3080d9f-49b9-4ead-bd80-b536fa04bc46_config-0] Try to reconnect to a new server, server is  not appointed, will choose a random server.
2026-08-02 02:15:30.882 [com.alibaba.nacos.client.remote.worker.1] [none] INFO  c.a.n.c.r.client.grpc.GrpcClient - grpc client connection server: 129.204.152.168 ip, serverPort: 9848, grpcTslConfig: {"enableTls":false,"mutualAuthEnable":false,"trustAll":true}
2026-08-02 02:15:31.902 [com.alibaba.nacos.client.remote.worker.1] [none] ERROR c.a.n.c.r.client.grpc.GrpcClient - Server check fail, please check server 129.204.152.168, port 9848 is available, error ={}
java.util.concurrent.TimeoutException: Waited 3000 milliseconds (plus 685100 nanoseconds delay) for com.alibaba.nacos.shaded.io.grpc.stub.ClientCalls$GrpcFuture@366b526f[status=PENDING, info=[GrpcFuture{clientCall=ClientCallImpl{method=MethodDescriptor{fullMethodName=Request/request, type=UNARY, idempotent=false, safe=false, sampledToLocalTracing=true, requestMarshaller=com.alibaba.nacos.shaded.io.grpc.protobuf.lite.ProtoLiteUtils$MessageMarshaller@7cf437b2, responseMarshaller=com.alibaba.nacos.shaded.io.grpc.protobuf.lite.ProtoLiteUtils$MessageMarshaller@35a671ef, schemaDescriptor=com.alibaba.nacos.api.grpc.auto.RequestGrpc$RequestMethodDescriptorSupplier@42d1950c}}}]]
	at com.alibaba.nacos.shaded.com.google.common.util.concurrent.AbstractFuture.get(AbstractFuture.java:535) ~[nacos-client-3.1.1.jar:na]
	at com.alibaba.nacos.common.remote.client.grpc.GrpcClient.serverCheck(GrpcClient.java:234) ~[nacos-client-3.1.1.jar:na]
	at com.alibaba.nacos.common.remote.client.grpc.GrpcClient.connectToServer(GrpcClient.java:346) ~[nacos-client-3.1.1.jar:na]
	at com.alibaba.nacos.common.remote.client.RpcClient.reconnect(RpcClient.java:504) ~[nacos-client-3.1.1.jar:na]
	at com.alibaba.nacos.common.remote.client.RpcClient.lambda$start$1(RpcClient.java:330) ~[nacos-client-3.1.1.jar:na]
	at java.base/java.util.concurrent.Executors$RunnableAdapter.call(Executors.java:545) ~[na:na]
	at java.base/java.util.concurrent.FutureTask.run(FutureTask.java:330) ~[na:na]
	at java.base/java.util.concurrent.ScheduledThreadPoolExecutor$ScheduledFutureTask.run(ScheduledThreadPoolExecutor.java:309) ~[na:na]
	at java.base/java.util.concurrent.ThreadPoolExecutor.runWorker(ThreadPoolExecutor.java:1090) ~[na:na]
	at java.base/java.util.concurrent.ThreadPoolExecutor$Worker.run(ThreadPoolExecutor.java:614) ~[na:na]
	at java.base/java.lang.Thread.run(Thread.java:1516) ~[na:na]
2026-08-02 02:15:31.904 [com.alibaba.nacos.client.remote.worker.1] [none] INFO  c.alibaba.nacos.common.remote.client - [f6eda100-5f33-437a-92f5-7547e76869f4_config-0] Fail to connect server, after trying 1 times, last try server is {serverIp = '129.204.152.168', server main port = 8848}, error = unknown
2026-08-02 02:15:32.126 [com.alibaba.nacos.client.remote.worker.1] [none] INFO  c.a.n.c.r.client.grpc.GrpcClient - grpc client connection server: 129.204.152.168 ip, serverPort: 9848, grpcTslConfig: {"enableTls":false,"mutualAuthEnable":false,"trustAll":true}
2026-08-02 02:15:32.241 [com.alibaba.nacos.client.remote.worker.1] [none] ERROR c.a.n.c.r.client.grpc.GrpcClient - Server check fail, please check server 129.204.152.168, port 9848 is available, error ={}
java.util.concurrent.TimeoutException: Waited 3000 milliseconds (plus 69400 nanoseconds delay) for com.alibaba.nacos.shaded.io.grpc.stub.ClientCalls$GrpcFuture@57b6369a[status=PENDING, info=[GrpcFuture{clientCall=PendingCall{realCall=ClientCallImpl{method=MethodDescriptor{fullMethodName=Request/request, type=UNARY, idempotent=false, safe=false, sampledToLocalTracing=true, requestMarshaller=com.alibaba.nacos.shaded.io.grpc.protobuf.lite.ProtoLiteUtils$MessageMarshaller@7cf437b2, responseMarshaller=com.alibaba.nacos.shaded.io.grpc.protobuf.lite.ProtoLiteUtils$MessageMarshaller@35a671ef, schemaDescriptor=com.alibaba.nacos.api.grpc.auto.RequestGrpc$RequestMethodDescriptorSupplier@42d1950c}}}}]]
	at com.alibaba.nacos.shaded.com.google.common.util.concurrent.AbstractFuture.get(AbstractFuture.java:535) ~[nacos-client-3.1.1.jar:na]
	at com.alibaba.nacos.common.remote.client.grpc.GrpcClient.serverCheck(GrpcClient.java:234) ~[nacos-client-3.1.1.jar:na]
	at com.alibaba.nacos.common.remote.client.grpc.GrpcClient.connectToServer(GrpcClient.java:346) ~[nacos-client-3.1.1.jar:na]
	at com.alibaba.nacos.common.remote.client.RpcClient.reconnect(RpcClient.java:504) ~[nacos-client-3.1.1.jar:na]
	at com.alibaba.nacos.common.remote.client.RpcClient.lambda$start$1(RpcClient.java:330) ~[nacos-client-3.1.1.jar:na]
	at java.base/java.util.concurrent.Executors$RunnableAdapter.call(Executors.java:545) ~[na:na]
	at java.base/java.util.concurrent.FutureTask.run(FutureTask.java:330) ~[na:na]
	at java.base/java.util.concurrent.ScheduledThreadPoolExecutor$ScheduledFutureTask.run(ScheduledThreadPoolExecutor.java:309) ~[na:na]
	at java.base/java.util.concurrent.ThreadPoolExecutor.runWorker(ThreadPoolExecutor.java:1090) ~[na:na]
	at java.base/java.util.concurrent.ThreadPoolExecutor$Worker.run(ThreadPoolExecutor.java:614) ~[na:na]
	at java.base/java.lang.Thread.run(Thread.java:1516) ~[na:na]
2026-08-02 02:15:32.242 [com.alibaba.nacos.client.remote.worker.1] [none] INFO  c.alibaba.nacos.common.remote.client - [2734a9a3-5615-4ccc-a0db-42b8e057adb1_config-0] Fail to connect server, after trying 1 times, last try server is {serverIp = '129.204.152.168', server main port = 8848}, error = unknown
2026-08-02 02:15:32.297 [com.alibaba.nacos.client.remote.worker.1] [none] ERROR c.a.n.c.r.client.grpc.GrpcClient - Server check fail, please check server 129.204.152.168, port 9848 is available, error ={}
java.util.concurrent.TimeoutException: Waited 3000 milliseconds (plus 14 milliseconds, 843300 nanoseconds delay) for com.alibaba.nacos.shaded.io.grpc.stub.ClientCalls$GrpcFuture@1785a68f[status=PENDING, info=[GrpcFuture{clientCall=ClientCallImpl{method=MethodDescriptor{fullMethodName=Request/request, type=UNARY, idempotent=false, safe=false, sampledToLocalTracing=true, requestMarshaller=com.alibaba.nacos.shaded.io.grpc.protobuf.lite.ProtoLiteUtils$MessageMarshaller@7cf437b2, responseMarshaller=com.alibaba.nacos.shaded.io.grpc.protobuf.lite.ProtoLiteUtils$MessageMarshaller@35a671ef, schemaDescriptor=com.alibaba.nacos.api.grpc.auto.RequestGrpc$RequestMethodDescriptorSupplier@42d1950c}}}]]
	at com.alibaba.nacos.shaded.com.google.common.util.concurrent.AbstractFuture.get(AbstractFuture.java:535) ~[nacos-client-3.1.1.jar:na]
	at com.alibaba.nacos.common.remote.client.grpc.GrpcClient.serverCheck(GrpcClient.java:234) ~[nacos-client-3.1.1.jar:na]
	at com.alibaba.nacos.common.remote.client.grpc.GrpcClient.connectToServer(GrpcClient.java:346) ~[nacos-client-3.1.1.jar:na]
	at com.alibaba.nacos.common.remote.client.RpcClient.reconnect(RpcClient.java:504) ~[nacos-client-3.1.1.jar:na]
	at com.alibaba.nacos.common.remote.client.RpcClient.lambda$start$1(RpcClient.java:330) ~[nacos-client-3.1.1.jar:na]
	at java.base/java.util.concurrent.Executors$RunnableAdapter.call(Executors.java:545) ~[na:na]
	at java.base/java.util.concurrent.FutureTask.run(FutureTask.java:330) ~[na:na]
	at java.base/java.util.concurrent.ScheduledThreadPoolExecutor$ScheduledFutureTask.run(ScheduledThreadPoolExecutor.java:309) ~[na:na]
	at java.base/java.util.concurrent.ThreadPoolExecutor.runWorker(ThreadPoolExecutor.java:1090) ~[na:na]
	at java.base/java.util.concurrent.ThreadPoolExecutor$Worker.run(ThreadPoolExecutor.java:614) ~[na:na]
	at java.base/java.lang.Thread.run(Thread.java:1516) ~[na:na]
2026-08-02 02:15:32.298 [com.alibaba.nacos.client.remote.worker.1] [none] INFO  c.alibaba.nacos.common.remote.client - [adbfae31-9116-4d1c-a596-0dc23cba3e93] Fail to connect server, after trying 1 times, last try server is {serverIp = '129.204.152.168', server main port = 8848}, error = unknown
2026-08-02 02:15:32.454 [com.alibaba.nacos.client.remote.worker.1] [none] INFO  c.a.n.c.r.client.grpc.GrpcClient - grpc client connection server: 129.204.152.168 ip, serverPort: 9848, grpcTslConfig: {"enableTls":false,"mutualAuthEnable":false,"trustAll":true}
2026-08-02 02:15:32.499 [com.alibaba.nacos.client.remote.worker.1] [none] INFO  c.a.n.c.r.client.grpc.GrpcClient - grpc client connection server: 129.204.152.168 ip, serverPort: 9848, grpcTslConfig: {"enableTls":false,"mutualAuthEnable":false,"trustAll":true}
2026-08-02 02:15:33.162 [com.alibaba.nacos.naming.failover.0] [none] DEBUG com.alibaba.nacos.client.naming - failover switch is not found, 00-00---000-VIPSRV_FAILOVER_SWITCH-000---00-00
2026-08-02 02:15:33.885 [com.alibaba.nacos.client.remote.worker.1] [none] ERROR c.a.n.c.r.client.grpc.GrpcClient - Server check fail, please check server 129.204.152.168, port 9848 is available, error ={}
java.util.concurrent.TimeoutException: Waited 3000 milliseconds (plus 1 milliseconds, 514800 nanoseconds delay) for com.alibaba.nacos.shaded.io.grpc.stub.ClientCalls$GrpcFuture@1f6b6418[status=PENDING, info=[GrpcFuture{clientCall=PendingCall{realCall=ClientCallImpl{method=MethodDescriptor{fullMethodName=Request/request, type=UNARY, idempotent=false, safe=false, sampledToLocalTracing=true, requestMarshaller=com.alibaba.nacos.shaded.io.grpc.protobuf.lite.ProtoLiteUtils$MessageMarshaller@7cf437b2, responseMarshaller=com.alibaba.nacos.shaded.io.grpc.protobuf.lite.ProtoLiteUtils$MessageMarshaller@35a671ef, schemaDescriptor=com.alibaba.nacos.api.grpc.auto.RequestGrpc$RequestMethodDescriptorSupplier@42d1950c}}}}]]
	at com.alibaba.nacos.shaded.com.google.common.util.concurrent.AbstractFuture.get(AbstractFuture.java:535) ~[nacos-client-3.1.1.jar:na]
	at com.alibaba.nacos.common.remote.client.grpc.GrpcClient.serverCheck(GrpcClient.java:234) ~[nacos-client-3.1.1.jar:na]
	at com.alibaba.nacos.common.remote.client.grpc.GrpcClient.connectToServer(GrpcClient.java:346) ~[nacos-client-3.1.1.jar:na]
	at com.alibaba.nacos.common.remote.client.RpcClient.reconnect(RpcClient.java:504) ~[nacos-client-3.1.1.jar:na]
	at com.alibaba.nacos.common.remote.client.RpcClient.lambda$start$1(RpcClient.java:330) ~[nacos-client-3.1.1.jar:na]
	at java.base/java.util.concurrent.Executors$RunnableAdapter.call(Executors.java:545) ~[na:na]
	at java.base/java.util.concurrent.FutureTask.run(FutureTask.java:330) ~[na:na]
	at java.base/java.util.concurrent.ScheduledThreadPoolExecutor$ScheduledFutureTask.run(ScheduledThreadPoolExecutor.java:309) ~[na:na]
	at java.base/java.util.concurrent.ThreadPoolExecutor.runWorker(ThreadPoolExecutor.java:1090) ~[na:na]
	at java.base/java.util.concurrent.ThreadPoolExecutor$Worker.run(ThreadPoolExecutor.java:614) ~[na:na]
	at java.base/java.lang.Thread.run(Thread.java:1516) ~[na:na]
2026-08-02 02:15:33.996 [com.alibaba.nacos.client.remote.worker.1] [none] INFO  c.a.n.c.r.client.grpc.GrpcClient - grpc client connection server: 129.204.152.168 ip, serverPort: 9848, grpcTslConfig: {"enableTls":false,"mutualAuthEnable":false,"trustAll":true}
2026-08-02 02:15:35.143 [com.alibaba.nacos.client.remote.worker.1] [none] ERROR c.a.n.c.r.client.grpc.GrpcClient - Server check fail, please check server 129.204.152.168, port 9848 is available, error ={}
java.util.concurrent.TimeoutException: Waited 3000 milliseconds (plus 660400 nanoseconds delay) for com.alibaba.nacos.shaded.io.grpc.stub.ClientCalls$GrpcFuture@805824e[status=PENDING, info=[GrpcFuture{clientCall=ClientCallImpl{method=MethodDescriptor{fullMethodName=Request/request, type=UNARY, idempotent=false, safe=false, sampledToLocalTracing=true, requestMarshaller=com.alibaba.nacos.shaded.io.grpc.protobuf.lite.ProtoLiteUtils$MessageMarshaller@7cf437b2, responseMarshaller=com.alibaba.nacos.shaded.io.grpc.protobuf.lite.ProtoLiteUtils$MessageMarshaller@35a671ef, schemaDescriptor=com.alibaba.nacos.api.grpc.auto.RequestGrpc$RequestMethodDescriptorSupplier@42d1950c}}}]]
	at com.alibaba.nacos.shaded.com.google.common.util.concurrent.AbstractFuture.get(AbstractFuture.java:535) ~[nacos-client-3.1.1.jar:na]
	at com.alibaba.nacos.common.remote.client.grpc.GrpcClient.serverCheck(GrpcClient.java:234) ~[nacos-client-3.1.1.jar:na]
	at com.alibaba.nacos.common.remote.client.grpc.GrpcClient.connectToServer(GrpcClient.java:346) ~[nacos-client-3.1.1.jar:na]
	at com.alibaba.nacos.common.remote.client.RpcClient.reconnect(RpcClient.java:504) ~[nacos-client-3.1.1.jar:na]
	at com.alibaba.nacos.common.remote.client.RpcClient.lambda$start$1(RpcClient.java:330) ~[nacos-client-3.1.1.jar:na]
	at java.base/java.util.concurrent.Executors$RunnableAdapter.call(Executors.java:545) ~[na:na]
	at java.base/java.util.concurrent.FutureTask.run(FutureTask.java:330) ~[na:na]
	at java.base/java.util.concurrent.ScheduledThreadPoolExecutor$ScheduledFutureTask.run(ScheduledThreadPoolExecutor.java:309) ~[na:na]
	at java.base/java.util.concurrent.ThreadPoolExecutor.runWorker(ThreadPoolExecutor.java:1090) ~[na:na]
	at java.base/java.util.concurrent.ThreadPoolExecutor$Worker.run(ThreadPoolExecutor.java:614) ~[na:na]
	at java.base/java.lang.Thread.run(Thread.java:1516) ~[na:na]
2026-08-02 02:15:35.144 [com.alibaba.nacos.client.remote.worker.1] [none] INFO  c.alibaba.nacos.common.remote.client - [f6eda100-5f33-437a-92f5-7547e76869f4_config-0] Fail to connect server, after trying 2 times, last try server is {serverIp = '129.204.152.168', server main port = 8848}, error = unknown
2026-08-02 02:15:35.448 [com.alibaba.nacos.client.remote.worker.1] [none] INFO  c.a.n.c.r.client.grpc.GrpcClient - grpc client connection server: 129.204.152.168 ip, serverPort: 9848, grpcTslConfig: {"enableTls":false,"mutualAuthEnable":false,"trustAll":true}
2026-08-02 02:15:35.459 [com.alibaba.nacos.client.remote.worker.1] [none] ERROR c.a.n.c.r.client.grpc.GrpcClient - Server check fail, please check server 129.204.152.168, port 9848 is available, error ={}
java.util.concurrent.TimeoutException: Waited 3000 milliseconds (plus 616500 nanoseconds delay) for com.alibaba.nacos.shaded.io.grpc.stub.ClientCalls$GrpcFuture@43582285[status=PENDING, info=[GrpcFuture{clientCall=ClientCallImpl{method=MethodDescriptor{fullMethodName=Request/request, type=UNARY, idempotent=false, safe=false, sampledToLocalTracing=true, requestMarshaller=com.alibaba.nacos.shaded.io.grpc.protobuf.lite.ProtoLiteUtils$MessageMarshaller@7cf437b2, responseMarshaller=com.alibaba.nacos.shaded.io.grpc.protobuf.lite.ProtoLiteUtils$MessageMarshaller@35a671ef, schemaDescriptor=com.alibaba.nacos.api.grpc.auto.RequestGrpc$RequestMethodDescriptorSupplier@42d1950c}}}]]
	at com.alibaba.nacos.shaded.com.google.common.util.concurrent.AbstractFuture.get(AbstractFuture.java:535) ~[nacos-client-3.1.1.jar:na]
	at com.alibaba.nacos.common.remote.client.grpc.GrpcClient.serverCheck(GrpcClient.java:234) ~[nacos-client-3.1.1.jar:na]
	at com.alibaba.nacos.common.remote.client.grpc.GrpcClient.connectToServer(GrpcClient.java:346) ~[nacos-client-3.1.1.jar:na]
	at com.alibaba.nacos.common.remote.client.RpcClient.reconnect(RpcClient.java:504) ~[nacos-client-3.1.1.jar:na]
	at com.alibaba.nacos.common.remote.client.RpcClient.lambda$start$1(RpcClient.java:330) ~[nacos-client-3.1.1.jar:na]
	at java.base/java.util.concurrent.Executors$RunnableAdapter.call(Executors.java:545) ~[na:na]
	at java.base/java.util.concurrent.FutureTask.run(FutureTask.java:330) ~[na:na]
	at java.base/java.util.concurrent.ScheduledThreadPoolExecutor$ScheduledFutureTask.run(ScheduledThreadPoolExecutor.java:309) ~[na:na]
	at java.base/java.util.concurrent.ThreadPoolExecutor.runWorker(ThreadPoolExecutor.java:1090) ~[na:na]
	at java.base/java.util.concurrent.ThreadPoolExecutor$Worker.run(ThreadPoolExecutor.java:614) ~[na:na]
	at java.base/java.lang.Thread.run(Thread.java:1516) ~[na:na]
2026-08-02 02:15:35.460 [com.alibaba.nacos.client.remote.worker.1] [none] INFO  c.alibaba.nacos.common.remote.client - [2734a9a3-5615-4ccc-a0db-42b8e057adb1_config-0] Fail to connect server, after trying 2 times, last try server is {serverIp = '129.204.152.168', server main port = 8848}, error = unknown
2026-08-02 02:15:35.507 [com.alibaba.nacos.client.remote.worker.1] [none] ERROR c.a.n.c.r.client.grpc.GrpcClient - Server check fail, please check server 129.204.152.168, port 9848 is available, error ={}
java.util.concurrent.TimeoutException: Waited 3000 milliseconds (plus 6 milliseconds, 438200 nanoseconds delay) for com.alibaba.nacos.shaded.io.grpc.stub.ClientCalls$GrpcFuture@5cd775a[status=PENDING, info=[GrpcFuture{clientCall=PendingCall{realCall=ClientCallImpl{method=MethodDescriptor{fullMethodName=Request/request, type=UNARY, idempotent=false, safe=false, sampledToLocalTracing=true, requestMarshaller=com.alibaba.nacos.shaded.io.grpc.protobuf.lite.ProtoLiteUtils$MessageMarshaller@7cf437b2, responseMarshaller=com.alibaba.nacos.shaded.io.grpc.protobuf.lite.ProtoLiteUtils$MessageMarshaller@35a671ef, schemaDescriptor=com.alibaba.nacos.api.grpc.auto.RequestGrpc$RequestMethodDescriptorSupplier@42d1950c}}}}]]
	at com.alibaba.nacos.shaded.com.google.common.util.concurrent.AbstractFuture.get(AbstractFuture.java:535) ~[nacos-client-3.1.1.jar:na]
	at com.alibaba.nacos.common.remote.client.grpc.GrpcClient.serverCheck(GrpcClient.java:234) ~[nacos-client-3.1.1.jar:na]
	at com.alibaba.nacos.common.remote.client.grpc.GrpcClient.connectToServer(GrpcClient.java:346) ~[nacos-client-3.1.1.jar:na]
	at com.alibaba.nacos.common.remote.client.RpcClient.reconnect(RpcClient.java:504) ~[nacos-client-3.1.1.jar:na]
	at com.alibaba.nacos.common.remote.client.RpcClient.lambda$start$1(RpcClient.java:330) ~[nacos-client-3.1.1.jar:na]
	at java.base/java.util.concurrent.Executors$RunnableAdapter.call(Executors.java:545) ~[na:na]
	at java.base/java.util.concurrent.FutureTask.run(FutureTask.java:330) ~[na:na]
	at java.base/java.util.concurrent.ScheduledThreadPoolExecutor$ScheduledFutureTask.run(ScheduledThreadPoolExecutor.java:309) ~[na:na]
	at java.base/java.util.concurrent.ThreadPoolExecutor.runWorker(ThreadPoolExecutor.java:1090) ~[na:na]
	at java.base/java.util.concurrent.ThreadPoolExecutor$Worker.run(ThreadPoolExecutor.java:614) ~[na:na]
	at java.base/java.lang.Thread.run(Thread.java:1516) ~[na:na]
2026-08-02 02:15:35.508 [com.alibaba.nacos.client.remote.worker.1] [none] INFO  c.alibaba.nacos.common.remote.client - [adbfae31-9116-4d1c-a596-0dc23cba3e93] Fail to connect server, after trying 2 times, last try server is {serverIp = '129.204.152.168', server main port = 8848}, error = unknown
2026-08-02 02:15:35.762 [com.alibaba.nacos.client.remote.worker.1] [none] INFO  c.a.n.c.r.client.grpc.GrpcClient - grpc client connection server: 129.204.152.168 ip, serverPort: 9848, grpcTslConfig: {"enableTls":false,"mutualAuthEnable":false,"trustAll":true}
2026-08-02 02:15:35.809 [com.alibaba.nacos.client.remote.worker.1] [none] INFO  c.a.n.c.r.client.grpc.GrpcClient - grpc client connection server: 129.204.152.168 ip, serverPort: 9848, grpcTslConfig: {"enableTls":false,"mutualAuthEnable":false,"trustAll":true}
2026-08-02 02:15:37.130 [com.alibaba.nacos.client.remote.worker.1] [none] ERROR c.a.n.c.r.client.grpc.GrpcClient - Server check fail, please check server 129.204.152.168, port 9848 is available, error ={}
java.util.concurrent.TimeoutException: Waited 3000 milliseconds (plus 126 milliseconds, 211400 nanoseconds delay) for com.alibaba.nacos.shaded.io.grpc.stub.ClientCalls$GrpcFuture@61a85414[status=PENDING, info=[GrpcFuture{clientCall=PendingCall{realCall=ClientCallImpl{method=MethodDescriptor{fullMethodName=Request/request, type=UNARY, idempotent=false, safe=false, sampledToLocalTracing=true, requestMarshaller=com.alibaba.nacos.shaded.io.grpc.protobuf.lite.ProtoLiteUtils$MessageMarshaller@7cf437b2, responseMarshaller=com.alibaba.nacos.shaded.io.grpc.protobuf.lite.ProtoLiteUtils$MessageMarshaller@35a671ef, schemaDescriptor=com.alibaba.nacos.api.grpc.auto.RequestGrpc$RequestMethodDescriptorSupplier@42d1950c}}}}]]
	at com.alibaba.nacos.shaded.com.google.common.util.concurrent.AbstractFuture.get(AbstractFuture.java:535) ~[nacos-client-3.1.1.jar:na]
	at com.alibaba.nacos.common.remote.client.grpc.GrpcClient.serverCheck(GrpcClient.java:234) ~[nacos-client-3.1.1.jar:na]
	at com.alibaba.nacos.common.remote.client.grpc.GrpcClient.connectToServer(GrpcClient.java:346) ~[nacos-client-3.1.1.jar:na]
	at com.alibaba.nacos.common.remote.client.RpcClient.reconnect(RpcClient.java:504) ~[nacos-client-3.1.1.jar:na]
	at com.alibaba.nacos.common.remote.client.RpcClient.lambda$start$1(RpcClient.java:330) ~[nacos-client-3.1.1.jar:na]
	at java.base/java.util.concurrent.Executors$RunnableAdapter.call(Executors.java:545) ~[na:na]
	at java.base/java.util.concurrent.FutureTask.run(FutureTask.java:330) ~[na:na]
	at java.base/java.util.concurrent.ScheduledThreadPoolExecutor$ScheduledFutureTask.run(ScheduledThreadPoolExecutor.java:309) ~[na:na]
	at java.base/java.util.concurrent.ThreadPoolExecutor.runWorker(ThreadPoolExecutor.java:1090) ~[na:na]
	at java.base/java.util.concurrent.ThreadPoolExecutor$Worker.run(ThreadPoolExecutor.java:614) ~[na:na]
	at java.base/java.lang.Thread.run(Thread.java:1516) ~[na:na]
2026-08-02 02:15:37.132 [com.alibaba.nacos.client.remote.worker.1] [none] INFO  c.alibaba.nacos.common.remote.client - [f3080d9f-49b9-4ead-bd80-b536fa04bc46_config-0] Fail to connect server, after trying 1 times, last try server is {serverIp = '129.204.152.168', server main port = 8848}, error = unknown
2026-08-02 02:15:37.370 [com.alibaba.nacos.client.remote.worker.1] [none] INFO  c.a.n.c.r.client.grpc.GrpcClient - grpc client connection server: 129.204.152.168 ip, serverPort: 9848, grpcTslConfig: {"enableTls":false,"mutualAuthEnable":false,"trustAll":true}
2026-08-02 02:15:38.163 [com.alibaba.nacos.naming.failover.0] [none] DEBUG com.alibaba.nacos.client.naming - failover switch is not found, 00-00---000-VIPSRV_FAILOVER_SWITCH-000---00-00
2026-08-02 02:15:38.455 [com.alibaba.nacos.client.remote.worker.1] [none] ERROR c.a.n.c.r.client.grpc.GrpcClient - Server check fail, please check server 129.204.152.168, port 9848 is available, error ={}
java.util.concurrent.TimeoutException: Waited 3000 milliseconds (plus 5 milliseconds, 8400 nanoseconds delay) for com.alibaba.nacos.shaded.io.grpc.stub.ClientCalls$GrpcFuture@25471110[status=PENDING, info=[GrpcFuture{clientCall=PendingCall{realCall=ClientCallImpl{method=MethodDescriptor{fullMethodName=Request/request, type=UNARY, idempotent=false, safe=false, sampledToLocalTracing=true, requestMarshaller=com.alibaba.nacos.shaded.io.grpc.protobuf.lite.ProtoLiteUtils$MessageMarshaller@7cf437b2, responseMarshaller=com.alibaba.nacos.shaded.io.grpc.protobuf.lite.ProtoLiteUtils$MessageMarshaller@35a671ef, schemaDescriptor=com.alibaba.nacos.api.grpc.auto.RequestGrpc$RequestMethodDescriptorSupplier@42d1950c}}}}]]
	at com.alibaba.nacos.shaded.com.google.common.util.concurrent.AbstractFuture.get(AbstractFuture.java:535) ~[nacos-client-3.1.1.jar:na]
	at com.alibaba.nacos.common.remote.client.grpc.GrpcClient.serverCheck(GrpcClient.java:234) ~[nacos-client-3.1.1.jar:na]
	at com.alibaba.nacos.common.remote.client.grpc.GrpcClient.connectToServer(GrpcClient.java:346) ~[nacos-client-3.1.1.jar:na]
	at com.alibaba.nacos.common.remote.client.RpcClient.reconnect(RpcClient.java:504) ~[nacos-client-3.1.1.jar:na]
	at com.alibaba.nacos.common.remote.client.RpcClient.lambda$start$1(RpcClient.java:330) ~[nacos-client-3.1.1.jar:na]
	at java.base/java.util.concurrent.Executors$RunnableAdapter.call(Executors.java:545) ~[na:na]
	at java.base/java.util.concurrent.FutureTask.run(FutureTask.java:330) ~[na:na]
	at java.base/java.util.concurrent.ScheduledThreadPoolExecutor$ScheduledFutureTask.run(ScheduledThreadPoolExecutor.java:309) ~[na:na]
	at java.base/java.util.concurrent.ThreadPoolExecutor.runWorker(ThreadPoolExecutor.java:1090) ~[na:na]
	at java.base/java.util.concurrent.ThreadPoolExecutor$Worker.run(ThreadPoolExecutor.java:614) ~[na:na]
	at java.base/java.lang.Thread.run(Thread.java:1516) ~[na:na]
2026-08-02 02:15:38.459 [com.alibaba.nacos.client.remote.worker.1] [none] INFO  c.alibaba.nacos.common.remote.client - [f6eda100-5f33-437a-92f5-7547e76869f4_config-0] Fail to connect server, after trying 3 times, last try server is {serverIp = '129.204.152.168', server main port = 8848}, error = unknown
2026-08-02 02:15:38.765 [com.alibaba.nacos.client.remote.worker.1] [none] ERROR c.a.n.c.r.client.grpc.GrpcClient - Server check fail, please check server 129.204.152.168, port 9848 is available, error ={}
java.util.concurrent.TimeoutException: Waited 3000 milliseconds (plus 1 milliseconds, 389000 nanoseconds delay) for com.alibaba.nacos.shaded.io.grpc.stub.ClientCalls$GrpcFuture@6c03e9dd[status=PENDING, info=[GrpcFuture{clientCall=PendingCall{realCall=ClientCallImpl{method=MethodDescriptor{fullMethodName=Request/request, type=UNARY, idempotent=false, safe=false, sampledToLocalTracing=true, requestMarshaller=com.alibaba.nacos.shaded.io.grpc.protobuf.lite.ProtoLiteUtils$MessageMarshaller@7cf437b2, responseMarshaller=com.alibaba.nacos.shaded.io.grpc.protobuf.lite.ProtoLiteUtils$MessageMarshaller@35a671ef, schemaDescriptor=com.alibaba.nacos.api.grpc.auto.RequestGrpc$RequestMethodDescriptorSupplier@42d1950c}}}}]]
	at com.alibaba.nacos.shaded.com.google.common.util.concurrent.AbstractFuture.get(AbstractFuture.java:535) ~[nacos-client-3.1.1.jar:na]
	at com.alibaba.nacos.common.remote.client.grpc.GrpcClient.serverCheck(GrpcClient.java:234) ~[nacos-client-3.1.1.jar:na]
	at com.alibaba.nacos.common.remote.client.grpc.GrpcClient.connectToServer(GrpcClient.java:346) ~[nacos-client-3.1.1.jar:na]
	at com.alibaba.nacos.common.remote.client.RpcClient.reconnect(RpcClient.java:504) ~[nacos-client-3.1.1.jar:na]
	at com.alibaba.nacos.common.remote.client.RpcClient.lambda$start$1(RpcClient.java:330) ~[nacos-client-3.1.1.jar:na]
	at java.base/java.util.concurrent.Executors$RunnableAdapter.call(Executors.java:545) ~[na:na]
	at java.base/java.util.concurrent.FutureTask.run(FutureTask.java:330) ~[na:na]
	at java.base/java.util.concurrent.ScheduledThreadPoolExecutor$ScheduledFutureTask.run(ScheduledThreadPoolExecutor.java:309) ~[na:na]
	at java.base/java.util.concurrent.ThreadPoolExecutor.runWorker(ThreadPoolExecutor.java:1090) ~[na:na]
	at java.base/java.util.concurrent.ThreadPoolExecutor$Worker.run(ThreadPoolExecutor.java:614) ~[na:na]
	at java.base/java.lang.Thread.run(Thread.java:1516) ~[na:na]
2026-08-02 02:15:38.766 [com.alibaba.nacos.client.remote.worker.1] [none] INFO  c.alibaba.nacos.common.remote.client - [2734a9a3-5615-4ccc-a0db-42b8e057adb1_config-0] Fail to connect server, after trying 3 times, last try server is {serverIp = '129.204.152.168', server main port = 8848}, error = unknown
2026-08-02 02:15:38.812 [com.alibaba.nacos.client.remote.worker.1] [none] ERROR c.a.n.c.r.client.grpc.GrpcClient - Server check fail, please check server 129.204.152.168, port 9848 is available, error ={}
java.util.concurrent.TimeoutException: Waited 3000 milliseconds (plus 919800 nanoseconds delay) for com.alibaba.nacos.shaded.io.grpc.stub.ClientCalls$GrpcFuture@6e4c03d1[status=PENDING, info=[GrpcFuture{clientCall=PendingCall{realCall=ClientCallImpl{method=MethodDescriptor{fullMethodName=Request/request, type=UNARY, idempotent=false, safe=false, sampledToLocalTracing=true, requestMarshaller=com.alibaba.nacos.shaded.io.grpc.protobuf.lite.ProtoLiteUtils$MessageMarshaller@7cf437b2, responseMarshaller=com.alibaba.nacos.shaded.io.grpc.protobuf.lite.ProtoLiteUtils$MessageMarshaller@35a671ef, schemaDescriptor=com.alibaba.nacos.api.grpc.auto.RequestGrpc$RequestMethodDescriptorSupplier@42d1950c}}}}]]
	at com.alibaba.nacos.shaded.com.google.common.util.concurrent.AbstractFuture.get(AbstractFuture.java:535) ~[nacos-client-3.1.1.jar:na]
	at com.alibaba.nacos.common.remote.client.grpc.GrpcClient.serverCheck(GrpcClient.java:234) ~[nacos-client-3.1.1.jar:na]
	at com.alibaba.nacos.common.remote.client.grpc.GrpcClient.connectToServer(GrpcClient.java:346) ~[nacos-client-3.1.1.jar:na]
	at com.alibaba.nacos.common.remote.client.RpcClient.reconnect(RpcClient.java:504) ~[nacos-client-3.1.1.jar:na]
	at com.alibaba.nacos.common.remote.client.RpcClient.lambda$start$1(RpcClient.java:330) ~[nacos-client-3.1.1.jar:na]
	at java.base/java.util.concurrent.Executors$RunnableAdapter.call(Executors.java:545) ~[na:na]
	at java.base/java.util.concurrent.FutureTask.run(FutureTask.java:330) ~[na:na]
	at java.base/java.util.concurrent.ScheduledThreadPoolExecutor$ScheduledFutureTask.run(ScheduledThreadPoolExecutor.java:309) ~[na:na]
	at java.base/java.util.concurrent.ThreadPoolExecutor.runWorker(ThreadPoolExecutor.java:1090) ~[na:na]
	at java.base/java.util.concurrent.ThreadPoolExecutor$Worker.run(ThreadPoolExecutor.java:614) ~[na:na]
	at java.base/java.lang.Thread.run(Thread.java:1516) ~[na:na]
2026-08-02 02:15:38.813 [com.alibaba.nacos.client.remote.worker.1] [none] INFO  c.alibaba.nacos.common.remote.client - [adbfae31-9116-4d1c-a596-0dc23cba3e93] Fail to connect server, after trying 3 times, last try server is {serverIp = '129.204.152.168', server main port = 8848}, error = unknown
2026-08-02 02:15:38.862 [com.alibaba.nacos.client.remote.worker.1] [none] INFO  c.a.n.c.r.client.grpc.GrpcClient - grpc client connection server: 129.204.152.168 ip, serverPort: 9848, grpcTslConfig: {"enableTls":false,"mutualAuthEnable":false,"trustAll":true}
2026-08-02 02:15:39.168 [com.alibaba.nacos.client.remote.worker.1] [none] INFO  c.a.n.c.r.client.grpc.GrpcClient - grpc client connection server: 129.204.152.168 ip, serverPort: 9848, grpcTslConfig: {"enableTls":false,"mutualAuthEnable":false,"trustAll":true}
2026-08-02 02:15:39.214 [com.alibaba.nacos.client.remote.worker.1] [none] INFO  c.a.n.c.r.client.grpc.GrpcClient - grpc client connection server: 129.204.152.168 ip, serverPort: 9848, grpcTslConfig: {"enableTls":false,"mutualAuthEnable":false,"trustAll":true}
2026-08-02 02:15:40.374 [com.alibaba.nacos.client.remote.worker.1] [none] ERROR c.a.n.c.r.client.grpc.GrpcClient - Server check fail, please check server 129.204.152.168, port 9848 is available, error ={}
java.util.concurrent.TimeoutException: Waited 3000 milliseconds (plus 1 milliseconds, 180200 nanoseconds delay) for com.alibaba.nacos.shaded.io.grpc.stub.ClientCalls$GrpcFuture@7cfe5201[status=PENDING, info=[GrpcFuture{clientCall=PendingCall{realCall=ClientCallImpl{method=MethodDescriptor{fullMethodName=Request/request, type=UNARY, idempotent=false, safe=false, sampledToLocalTracing=true, requestMarshaller=com.alibaba.nacos.shaded.io.grpc.protobuf.lite.ProtoLiteUtils$MessageMarshaller@7cf437b2, responseMarshaller=com.alibaba.nacos.shaded.io.grpc.protobuf.lite.ProtoLiteUtils$MessageMarshaller@35a671ef, schemaDescriptor=com.alibaba.nacos.api.grpc.auto.RequestGrpc$RequestMethodDescriptorSupplier@42d1950c}}}}]]
	at com.alibaba.nacos.shaded.com.google.common.util.concurrent.AbstractFuture.get(AbstractFuture.java:535) ~[nacos-client-3.1.1.jar:na]
	at com.alibaba.nacos.common.remote.client.grpc.GrpcClient.serverCheck(GrpcClient.java:234) ~[nacos-client-3.1.1.jar:na]
	at com.alibaba.nacos.common.remote.client.grpc.GrpcClient.connectToServer(GrpcClient.java:346) ~[nacos-client-3.1.1.jar:na]
	at com.alibaba.nacos.common.remote.client.RpcClient.reconnect(RpcClient.java:504) ~[nacos-client-3.1.1.jar:na]
	at com.alibaba.nacos.common.remote.client.RpcClient.lambda$start$1(RpcClient.java:330) ~[nacos-client-3.1.1.jar:na]
	at java.base/java.util.concurrent.Executors$RunnableAdapter.call(Executors.java:545) ~[na:na]
	at java.base/java.util.concurrent.FutureTask.run(FutureTask.java:330) ~[na:na]
	at java.base/java.util.concurrent.ScheduledThreadPoolExecutor$ScheduledFutureTask.run(ScheduledThreadPoolExecutor.java:309) ~[na:na]
	at java.base/java.util.concurrent.ThreadPoolExecutor.runWorker(ThreadPoolExecutor.java:1090) ~[na:na]
	at java.base/java.util.concurrent.ThreadPoolExecutor$Worker.run(ThreadPoolExecutor.java:614) ~[na:na]
	at java.base/java.lang.Thread.run(Thread.java:1516) ~[na:na]
2026-08-02 02:15:40.375 [com.alibaba.nacos.client.remote.worker.1] [none] INFO  c.alibaba.nacos.common.remote.client - [f3080d9f-49b9-4ead-bd80-b536fa04bc46_config-0] Fail to connect server, after trying 2 times, last try server is {serverIp = '129.204.152.168', server main port = 8848}, error = unknown
2026-08-02 02:15:40.678 [com.alibaba.nacos.client.remote.worker.1] [none] INFO  c.a.n.c.r.client.grpc.GrpcClient - grpc client connection server: 129.204.152.168 ip, serverPort: 9848, grpcTslConfig: {"enableTls":false,"mutualAuthEnable":false,"trustAll":true}
2026-08-02 02:15:41.865 [com.alibaba.nacos.client.remote.worker.1] [none] ERROR c.a.n.c.r.client.grpc.GrpcClient - Server check fail, please check server 129.204.152.168, port 9848 is available, error ={}
java.util.concurrent.TimeoutException: Waited 3000 milliseconds (plus 331600 nanoseconds delay) for com.alibaba.nacos.shaded.io.grpc.stub.ClientCalls$GrpcFuture@7266f96d[status=PENDING, info=[GrpcFuture{clientCall=PendingCall{realCall=ClientCallImpl{method=MethodDescriptor{fullMethodName=Request/request, type=UNARY, idempotent=false, safe=false, sampledToLocalTracing=true, requestMarshaller=com.alibaba.nacos.shaded.io.grpc.protobuf.lite.ProtoLiteUtils$MessageMarshaller@7cf437b2, responseMarshaller=com.alibaba.nacos.shaded.io.grpc.protobuf.lite.ProtoLiteUtils$MessageMarshaller@35a671ef, schemaDescriptor=com.alibaba.nacos.api.grpc.auto.RequestGrpc$RequestMethodDescriptorSupplier@42d1950c}}}}]]
	at com.alibaba.nacos.shaded.com.google.common.util.concurrent.AbstractFuture.get(AbstractFuture.java:535) ~[nacos-client-3.1.1.jar:na]
	at com.alibaba.nacos.common.remote.client.grpc.GrpcClient.serverCheck(GrpcClient.java:234) ~[nacos-client-3.1.1.jar:na]
	at com.alibaba.nacos.common.remote.client.grpc.GrpcClient.connectToServer(GrpcClient.java:346) ~[nacos-client-3.1.1.jar:na]
	at com.alibaba.nacos.common.remote.client.RpcClient.reconnect(RpcClient.java:504) ~[nacos-client-3.1.1.jar:na]
	at com.alibaba.nacos.common.remote.client.RpcClient.lambda$start$1(RpcClient.java:330) ~[nacos-client-3.1.1.jar:na]
	at java.base/java.util.concurrent.Executors$RunnableAdapter.call(Executors.java:545) ~[na:na]
	at java.base/java.util.concurrent.FutureTask.run(FutureTask.java:330) ~[na:na]
	at java.base/java.util.concurrent.ScheduledThreadPoolExecutor$ScheduledFutureTask.run(ScheduledThreadPoolExecutor.java:309) ~[na:na]
	at java.base/java.util.concurrent.ThreadPoolExecutor.runWorker(ThreadPoolExecutor.java:1090) ~[na:na]
	at java.base/java.util.concurrent.ThreadPoolExecutor$Worker.run(ThreadPoolExecutor.java:614) ~[na:na]
	at java.base/java.lang.Thread.run(Thread.java:1516) ~[na:na]
2026-08-02 02:15:41.866 [com.alibaba.nacos.client.remote.worker.1] [none] INFO  c.alibaba.nacos.common.remote.client - [f6eda100-5f33-437a-92f5-7547e76869f4_config-0] Fail to connect server, after trying 4 times, last try server is {serverIp = '129.204.152.168', server main port = 8848}, error = unknown
2026-08-02 02:15:42.171 [com.alibaba.nacos.client.remote.worker.1] [none] ERROR c.a.n.c.r.client.grpc.GrpcClient - Server check fail, please check server 129.204.152.168, port 9848 is available, error ={}
java.util.concurrent.TimeoutException: Waited 3000 milliseconds (plus 437900 nanoseconds delay) for com.alibaba.nacos.shaded.io.grpc.stub.ClientCalls$GrpcFuture@a387317[status=PENDING, info=[GrpcFuture{clientCall=PendingCall{realCall=ClientCallImpl{method=MethodDescriptor{fullMethodName=Request/request, type=UNARY, idempotent=false, safe=false, sampledToLocalTracing=true, requestMarshaller=com.alibaba.nacos.shaded.io.grpc.protobuf.lite.ProtoLiteUtils$MessageMarshaller@7cf437b2, responseMarshaller=com.alibaba.nacos.shaded.io.grpc.protobuf.lite.ProtoLiteUtils$MessageMarshaller@35a671ef, schemaDescriptor=com.alibaba.nacos.api.grpc.auto.RequestGrpc$RequestMethodDescriptorSupplier@42d1950c}}}}]]
	at com.alibaba.nacos.shaded.com.google.common.util.concurrent.AbstractFuture.get(AbstractFuture.java:535) ~[nacos-client-3.1.1.jar:na]
	at com.alibaba.nacos.common.remote.client.grpc.GrpcClient.serverCheck(GrpcClient.java:234) ~[nacos-client-3.1.1.jar:na]
	at com.alibaba.nacos.common.remote.client.grpc.GrpcClient.connectToServer(GrpcClient.java:346) ~[nacos-client-3.1.1.jar:na]
	at com.alibaba.nacos.common.remote.client.RpcClient.reconnect(RpcClient.java:504) ~[nacos-client-3.1.1.jar:na]
	at com.alibaba.nacos.common.remote.client.RpcClient.lambda$start$1(RpcClient.java:330) ~[nacos-client-3.1.1.jar:na]
	at java.base/java.util.concurrent.Executors$RunnableAdapter.call(Executors.java:545) ~[na:na]
	at java.base/java.util.concurrent.FutureTask.run(FutureTask.java:330) ~[na:na]
	at java.base/java.util.concurrent.ScheduledThreadPoolExecutor$ScheduledFutureTask.run(ScheduledThreadPoolExecutor.java:309) ~[na:na]
	at java.base/java.util.concurrent.ThreadPoolExecutor.runWorker(ThreadPoolExecutor.java:1090) ~[na:na]
	at java.base/java.util.concurrent.ThreadPoolExecutor$Worker.run(ThreadPoolExecutor.java:614) ~[na:na]
	at java.base/java.lang.Thread.run(Thread.java:1516) ~[na:na]
2026-08-02 02:15:42.171 [com.alibaba.nacos.client.remote.worker.1] [none] INFO  c.alibaba.nacos.common.remote.client - [2734a9a3-5615-4ccc-a0db-42b8e057adb1_config-0] Fail to connect server, after trying 4 times, last try server is {serverIp = '129.204.152.168', server main port = 8848}, error = unknown
2026-08-02 02:15:42.221 [com.alibaba.nacos.client.remote.worker.1] [none] ERROR c.a.n.c.r.client.grpc.GrpcClient - Server check fail, please check server 129.204.152.168, port 9848 is available, error ={}
java.util.concurrent.TimeoutException: Waited 3000 milliseconds (plus 950700 nanoseconds delay) for com.alibaba.nacos.shaded.io.grpc.stub.ClientCalls$GrpcFuture@62b03d73[status=PENDING, info=[GrpcFuture{clientCall=PendingCall{realCall=ClientCallImpl{method=MethodDescriptor{fullMethodName=Request/request, type=UNARY, idempotent=false, safe=false, sampledToLocalTracing=true, requestMarshaller=com.alibaba.nacos.shaded.io.grpc.protobuf.lite.ProtoLiteUtils$MessageMarshaller@7cf437b2, responseMarshaller=com.alibaba.nacos.shaded.io.grpc.protobuf.lite.ProtoLiteUtils$MessageMarshaller@35a671ef, schemaDescriptor=com.alibaba.nacos.api.grpc.auto.RequestGrpc$RequestMethodDescriptorSupplier@42d1950c}}}}]]
	at com.alibaba.nacos.shaded.com.google.common.util.concurrent.AbstractFuture.get(AbstractFuture.java:535) ~[nacos-client-3.1.1.jar:na]
	at com.alibaba.nacos.common.remote.client.grpc.GrpcClient.serverCheck(GrpcClient.java:234) ~[nacos-client-3.1.1.jar:na]
	at com.alibaba.nacos.common.remote.client.grpc.GrpcClient.connectToServer(GrpcClient.java:346) ~[nacos-client-3.1.1.jar:na]
	at com.alibaba.nacos.common.remote.client.RpcClient.reconnect(RpcClient.java:504) ~[nacos-client-3.1.1.jar:na]
	at com.alibaba.nacos.common.remote.client.RpcClient.lambda$start$1(RpcClient.java:330) ~[nacos-client-3.1.1.jar:na]
	at java.base/java.util.concurrent.Executors$RunnableAdapter.call(Executors.java:545) ~[na:na]
	at java.base/java.util.concurrent.FutureTask.run(FutureTask.java:330) ~[na:na]
	at java.base/java.util.concurrent.ScheduledThreadPoolExecutor$ScheduledFutureTask.run(ScheduledThreadPoolExecutor.java:309) ~[na:na]
	at java.base/java.util.concurrent.ThreadPoolExecutor.runWorker(ThreadPoolExecutor.java:1090) ~[na:na]
	at java.base/java.util.concurrent.ThreadPoolExecutor$Worker.run(ThreadPoolExecutor.java:614) ~[na:na]
	at java.base/java.lang.Thread.run(Thread.java:1516) ~[na:na]
2026-08-02 02:15:42.221 [com.alibaba.nacos.client.remote.worker.1] [none] INFO  c.alibaba.nacos.common.remote.client - [adbfae31-9116-4d1c-a596-0dc23cba3e93] Fail to connect server, after trying 4 times, last try server is {serverIp = '129.204.152.168', server main port = 8848}, error = unknown
2026-08-02 02:15:42.367 [com.alibaba.nacos.client.remote.worker.1] [none] INFO  c.a.n.c.r.client.grpc.GrpcClient - grpc client connection server: 129.204.152.168 ip, serverPort: 9848, grpcTslConfig: {"enableTls":false,"mutualAuthEnable":false,"trustAll":true}
2026-08-02 02:15:42.673 [com.alibaba.nacos.client.remote.worker.1] [none] INFO  c.a.n.c.r.client.grpc.GrpcClient - grpc client connection server: 129.204.152.168 ip, serverPort: 9848, grpcTslConfig: {"enableTls":false,"mutualAuthEnable":false,"trustAll":true}
2026-08-02 02:15:42.724 [com.alibaba.nacos.client.remote.worker.1] [none] INFO  c.a.n.c.r.client.grpc.GrpcClient - grpc client connection server: 129.204.152.168 ip, serverPort: 9848, grpcTslConfig: {"enableTls":false,"mutualAuthEnable":false,"trustAll":true}
2026-08-02 02:15:43.165 [com.alibaba.nacos.naming.failover.0] [none] DEBUG com.alibaba.nacos.client.naming - failover switch is not found, 00-00---000-VIPSRV_FAILOVER_SWITCH-000---00-00
2026-08-02 02:15:43.680 [com.alibaba.nacos.client.remote.worker.1] [none] ERROR c.a.n.c.r.client.grpc.GrpcClient - Server check fail, please check server 129.204.152.168, port 9848 is available, error ={}
java.util.concurrent.TimeoutException: Waited 3000 milliseconds (plus 612400 nanoseconds delay) for com.alibaba.nacos.shaded.io.grpc.stub.ClientCalls$GrpcFuture@15cf5460[status=PENDING, info=[GrpcFuture{clientCall=PendingCall{realCall=ClientCallImpl{method=MethodDescriptor{fullMethodName=Request/request, type=UNARY, idempotent=false, safe=false, sampledToLocalTracing=true, requestMarshaller=com.alibaba.nacos.shaded.io.grpc.protobuf.lite.ProtoLiteUtils$MessageMarshaller@7cf437b2, responseMarshaller=com.alibaba.nacos.shaded.io.grpc.protobuf.lite.ProtoLiteUtils$MessageMarshaller@35a671ef, schemaDescriptor=com.alibaba.nacos.api.grpc.auto.RequestGrpc$RequestMethodDescriptorSupplier@42d1950c}}}}]]
	at com.alibaba.nacos.shaded.com.google.common.util.concurrent.AbstractFuture.get(AbstractFuture.java:535) ~[nacos-client-3.1.1.jar:na]
	at com.alibaba.nacos.common.remote.client.grpc.GrpcClient.serverCheck(GrpcClient.java:234) ~[nacos-client-3.1.1.jar:na]
	at com.alibaba.nacos.common.remote.client.grpc.GrpcClient.connectToServer(GrpcClient.java:346) ~[nacos-client-3.1.1.jar:na]
	at com.alibaba.nacos.common.remote.client.RpcClient.reconnect(RpcClient.java:504) ~[nacos-client-3.1.1.jar:na]
	at com.alibaba.nacos.common.remote.client.RpcClient.lambda$start$1(RpcClient.java:330) ~[nacos-client-3.1.1.jar:na]
	at java.base/java.util.concurrent.Executors$RunnableAdapter.call(Executors.java:545) ~[na:na]
	at java.base/java.util.concurrent.FutureTask.run(FutureTask.java:330) ~[na:na]
	at java.base/java.util.concurrent.ScheduledThreadPoolExecutor$ScheduledFutureTask.run(ScheduledThreadPoolExecutor.java:309) ~[na:na]
	at java.base/java.util.concurrent.ThreadPoolExecutor.runWorker(ThreadPoolExecutor.java:1090) ~[na:na]
	at java.base/java.util.concurrent.ThreadPoolExecutor$Worker.run(ThreadPoolExecutor.java:614) ~[na:na]
	at java.base/java.lang.Thread.run(Thread.java:1516) ~[na:na]
2026-08-02 02:15:43.680 [com.alibaba.nacos.client.remote.worker.1] [none] INFO  c.alibaba.nacos.common.remote.client - [f3080d9f-49b9-4ead-bd80-b536fa04bc46_config-0] Fail to connect server, after trying 3 times, last try server is {serverIp = '129.204.152.168', server main port = 8848}, error = unknown
2026-08-02 02:15:43.973 [nacos-grpc-client-executor-129.204.152.168-4] [none] INFO  c.alibaba.nacos.common.remote.client - [f6eda100-5f33-437a-92f5-7547e76869f4_config-0] Receive server push request, request = ClientDetectionRequest, requestId = 477
2026-08-02 02:15:43.992 [nacos-grpc-client-executor-129.204.152.168-6] [none] INFO  c.alibaba.nacos.common.remote.client - [2734a9a3-5615-4ccc-a0db-42b8e057adb1_config-0] Receive server push request, request = ClientDetectionRequest, requestId = 455
2026-08-02 02:15:43.992 [nacos-grpc-client-executor-129.204.152.168-9] [none] INFO  c.alibaba.nacos.common.remote.client - [f3080d9f-49b9-4ead-bd80-b536fa04bc46_config-0] Receive server push request, request = ClientDetectionRequest, requestId = 457
2026-08-02 02:15:43.993 [nacos-grpc-client-executor-129.204.152.168-9] [none] INFO  c.alibaba.nacos.common.remote.client - [f3080d9f-49b9-4ead-bd80-b536fa04bc46_config-0] Ack server push request, request = ClientDetectionRequest, requestId = 457
2026-08-02 02:15:43.993 [nacos-grpc-client-executor-129.204.152.168-5] [none] INFO  c.alibaba.nacos.common.remote.client - [adbfae31-9116-4d1c-a596-0dc23cba3e93] Receive server push request, request = ClientDetectionRequest, requestId = 458
2026-08-02 02:15:43.993 [nacos-grpc-client-executor-129.204.152.168-5] [none] INFO  c.alibaba.nacos.common.remote.client - [adbfae31-9116-4d1c-a596-0dc23cba3e93] Ack server push request, request = ClientDetectionRequest, requestId = 458
2026-08-02 02:15:44.002 [nacos-grpc-client-executor-129.204.152.168-4] [none] INFO  c.alibaba.nacos.common.remote.client - [f6eda100-5f33-437a-92f5-7547e76869f4_config-0] Ack server push request, request = ClientDetectionRequest, requestId = 477
2026-08-02 02:15:43.992 [nacos-grpc-client-executor-129.204.152.168-6] [none] INFO  c.alibaba.nacos.common.remote.client - [2734a9a3-5615-4ccc-a0db-42b8e057adb1_config-0] Ack server push request, request = ClientDetectionRequest, requestId = 455
2026-08-02 02:15:44.090 [com.alibaba.nacos.client.remote.worker.1] [none] INFO  c.a.n.c.r.client.grpc.GrpcClient - grpc client connection server: 129.204.152.168 ip, serverPort: 9848, grpcTslConfig: {"enableTls":false,"mutualAuthEnable":false,"trustAll":true}
2026-08-02 02:15:44.209 [com.alibaba.nacos.client.remote.worker.1] [none] INFO  c.alibaba.nacos.common.remote.client - [2734a9a3-5615-4ccc-a0db-42b8e057adb1_config-0] Success to connect a server [129.204.152.168:8848], connectionId = 1785608144475_172.18.0.1_51636
2026-08-02 02:15:44.210 [com.alibaba.nacos.client.remote.worker.1] [none] INFO  c.alibaba.nacos.common.remote.client - [2734a9a3-5615-4ccc-a0db-42b8e057adb1_config-0] Abandon prev connection, server is 129.204.152.168:8848, connectionId is 1785608093340_172.18.0.1_41026
2026-08-02 02:15:44.210 [com.alibaba.nacos.client.remote.worker.1] [none] INFO  c.alibaba.nacos.common.remote.client - Close current connection 1785608093340_172.18.0.1_41026
2026-08-02 02:15:44.217 [com.alibaba.nacos.client.remote.worker.1] [none] INFO  c.alibaba.nacos.common.remote.client - [adbfae31-9116-4d1c-a596-0dc23cba3e93] Success to connect a server [129.204.152.168:8848], connectionId = 1785608144478_172.18.0.1_51326
2026-08-02 02:15:44.217 [com.alibaba.nacos.client.remote.worker.1] [none] INFO  c.alibaba.nacos.common.remote.client - [adbfae31-9116-4d1c-a596-0dc23cba3e93] Abandon prev connection, server is 129.204.152.168:8848, connectionId is 1785608093789_172.18.0.1_41036
2026-08-02 02:15:44.217 [com.alibaba.nacos.client.remote.worker.1] [none] INFO  c.alibaba.nacos.common.remote.client - Close current connection 1785608093789_172.18.0.1_41036
2026-08-02 02:15:44.223 [nacos-grpc-client-executor-129.204.152.168-4] [none] WARN  c.a.n.c.r.client.grpc.GrpcClient - [1785608093340_172.18.0.1_41026]Ignore error event,isRunning:true,isAbandon=true
2026-08-02 02:15:44.223 [com.alibaba.nacos.client.remote.worker.1] [none] INFO  c.alibaba.nacos.common.remote.client - [f6eda100-5f33-437a-92f5-7547e76869f4_config-0] Success to connect a server [129.204.152.168:8848], connectionId = 1785608144476_172.18.0.1_51264
2026-08-02 02:15:44.223 [com.alibaba.nacos.client.remote.worker.1] [none] INFO  c.alibaba.nacos.common.remote.client - [f6eda100-5f33-437a-92f5-7547e76869f4_config-0] Abandon prev connection, server is 129.204.152.168:8848, connectionId is 1785608072089_172.18.0.1_50302
2026-08-02 02:15:44.223 [com.alibaba.nacos.client.remote.worker.1] [none] INFO  c.alibaba.nacos.common.remote.client - Close current connection 1785608072089_172.18.0.1_50302
2026-08-02 02:15:44.223 [nacos-grpc-client-executor-129.204.152.168-3] [none] WARN  c.a.n.c.r.client.grpc.GrpcClient - [1785608093789_172.18.0.1_41036]Ignore error event,isRunning:true,isAbandon=true
2026-08-02 02:15:44.228 [com.alibaba.nacos.client.remote.worker.0] [none] INFO  c.alibaba.nacos.common.remote.client - [2734a9a3-5615-4ccc-a0db-42b8e057adb1_config-0] Notify disconnected event to listeners
2026-08-02 02:15:44.228 [com.alibaba.nacos.client.remote.worker.0] [none] INFO  c.a.n.c.config.impl.ClientWorker - [2734a9a3-5615-4ccc-a0db-42b8e057adb1_config-0] DisConnected,reset listen context
2026-08-02 02:15:44.228 [com.alibaba.nacos.client.remote.worker.0] [none] INFO  c.a.n.c.config.impl.ClientWorker - [2734a9a3-5615-4ccc-a0db-42b8e057adb1_config-0] DisConnected,reset  fuzzy watch consistence status
2026-08-02 02:15:44.228 [com.alibaba.nacos.client.remote.worker.0] [none] INFO  c.alibaba.nacos.common.remote.client - [2734a9a3-5615-4ccc-a0db-42b8e057adb1_config-0] Notify connected event to listeners.
2026-08-02 02:15:44.228 [com.alibaba.nacos.client.remote.worker.0] [none] INFO  c.a.n.c.config.impl.ClientWorker - [2734a9a3-5615-4ccc-a0db-42b8e057adb1_config-0] Connected,notify listen context...
2026-08-02 02:15:44.228 [com.alibaba.nacos.client.remote.worker.0] [none] INFO  c.a.n.c.config.impl.ClientWorker - [2734a9a3-5615-4ccc-a0db-42b8e057adb1_config-0] Connected,notify fuzzy listen context...
2026-08-02 02:15:44.232 [com.alibaba.nacos.client.remote.worker.0] [none] INFO  c.alibaba.nacos.common.remote.client - [adbfae31-9116-4d1c-a596-0dc23cba3e93] Notify disconnected event to listeners
2026-08-02 02:15:44.234 [com.alibaba.nacos.client.remote.worker.0] [none] WARN  com.alibaba.nacos.client.naming - Grpc connection disconnect, mark to redo
2026-08-02 02:15:44.245 [com.alibaba.nacos.client.remote.worker.0] [none] INFO  c.alibaba.nacos.common.remote.client - [f6eda100-5f33-437a-92f5-7547e76869f4_config-0] Notify disconnected event to listeners
2026-08-02 02:15:44.245 [com.alibaba.nacos.client.remote.worker.0] [none] INFO  c.a.n.c.config.impl.ClientWorker - [f6eda100-5f33-437a-92f5-7547e76869f4_config-0] DisConnected,reset listen context
2026-08-02 02:15:44.246 [com.alibaba.nacos.client.remote.worker.0] [none] INFO  c.a.n.c.config.impl.ClientWorker - [f6eda100-5f33-437a-92f5-7547e76869f4_config-0] DisConnected,reset  fuzzy watch consistence status
2026-08-02 02:15:44.246 [com.alibaba.nacos.client.remote.worker.0] [none] INFO  c.alibaba.nacos.common.remote.client - [f6eda100-5f33-437a-92f5-7547e76869f4_config-0] Notify connected event to listeners.
2026-08-02 02:15:44.246 [com.alibaba.nacos.client.remote.worker.0] [none] INFO  c.a.n.c.config.impl.ClientWorker - [f6eda100-5f33-437a-92f5-7547e76869f4_config-0] Connected,notify listen context...
2026-08-02 02:15:44.246 [com.alibaba.nacos.client.remote.worker.0] [none] INFO  c.a.n.c.config.impl.ClientWorker - [f6eda100-5f33-437a-92f5-7547e76869f4_config-0] Connected,notify fuzzy listen context...
2026-08-02 02:15:44.250 [com.alibaba.nacos.client.remote.worker.0] [none] WARN  com.alibaba.nacos.client.naming - mark to redo completed
2026-08-02 02:15:44.251 [com.alibaba.nacos.client.remote.worker.0] [none] INFO  c.alibaba.nacos.common.remote.client - [adbfae31-9116-4d1c-a596-0dc23cba3e93] Notify connected event to listeners.
2026-08-02 02:15:44.251 [com.alibaba.nacos.client.remote.worker.0] [none] INFO  com.alibaba.nacos.client.naming - Grpc connection connect
2026-08-02 02:15:44.245 [nacos-grpc-client-executor-129.204.152.168-3] [none] WARN  c.a.n.c.r.client.grpc.GrpcClient - [1785608072089_172.18.0.1_50302]Ignore error event,isRunning:true,isAbandon=true
2026-08-02 02:15:44.327 [com.alibaba.nacos.client.remote.worker.1] [none] INFO  c.alibaba.nacos.common.remote.client - [f3080d9f-49b9-4ead-bd80-b536fa04bc46_config-0] Success to connect a server [129.204.152.168:8848], connectionId = 1785608144672_172.18.0.1_51672
2026-08-02 02:15:44.327 [com.alibaba.nacos.client.remote.worker.1] [none] INFO  c.alibaba.nacos.common.remote.client - [f3080d9f-49b9-4ead-bd80-b536fa04bc46_config-0] Abandon prev connection, server is 129.204.152.168:8848, connectionId is 1785608093054_172.18.0.1_41016
2026-08-02 02:15:44.327 [com.alibaba.nacos.client.remote.worker.1] [none] INFO  c.alibaba.nacos.common.remote.client - Close current connection 1785608093054_172.18.0.1_41016
2026-08-02 02:15:44.328 [com.alibaba.nacos.client.remote.worker.0] [none] INFO  c.alibaba.nacos.common.remote.client - [f3080d9f-49b9-4ead-bd80-b536fa04bc46_config-0] Notify disconnected event to listeners
2026-08-02 02:15:44.328 [com.alibaba.nacos.client.remote.worker.0] [none] INFO  c.a.n.c.config.impl.ClientWorker - [f3080d9f-49b9-4ead-bd80-b536fa04bc46_config-0] DisConnected,reset listen context
2026-08-02 02:15:44.329 [com.alibaba.nacos.client.remote.worker.0] [none] INFO  c.a.n.c.config.impl.ClientWorker - [f3080d9f-49b9-4ead-bd80-b536fa04bc46_config-0] DisConnected,reset  fuzzy watch consistence status
2026-08-02 02:15:44.329 [nacos-grpc-client-executor-129.204.152.168-11] [none] WARN  c.a.n.c.r.client.grpc.GrpcClient - [1785608093054_172.18.0.1_41016]Ignore error event,isRunning:true,isAbandon=true
2026-08-02 02:15:44.329 [com.alibaba.nacos.client.remote.worker.0] [none] INFO  c.alibaba.nacos.common.remote.client - [f3080d9f-49b9-4ead-bd80-b536fa04bc46_config-0] Notify connected event to listeners.
2026-08-02 02:15:44.329 [com.alibaba.nacos.client.remote.worker.0] [none] INFO  c.a.n.c.config.impl.ClientWorker - [f3080d9f-49b9-4ead-bd80-b536fa04bc46_config-0] Connected,notify listen context...
2026-08-02 02:15:44.329 [com.alibaba.nacos.client.remote.worker.0] [none] INFO  c.a.n.c.config.impl.ClientWorker - [f3080d9f-49b9-4ead-bd80-b536fa04bc46_config-0] Connected,notify fuzzy listen context...
2026-08-02 02:15:44.639 [com.alibaba.nacos.client.naming.grpc.redo.0] [none] INFO  com.alibaba.nacos.client.naming - Redo instance operation REGISTER for DEFAULT_GROUP@@mall-marketing
2026-08-02 02:15:48.166 [com.alibaba.nacos.naming.failover.0] [none] DEBUG com.alibaba.nacos.client.naming - failover switch is not found, 00-00---000-VIPSRV_FAILOVER_SWITCH-000---00-00
2026-08-02 02:15:53.168 [com.alibaba.nacos.naming.failover.0] [none] DEBUG com.alibaba.nacos.client.naming - failover switch is not found, 00-00---000-VIPSRV_FAILOVER_SWITCH-000---00-00
2026-08-02 02:15:58.170 [com.alibaba.nacos.naming.failover.0] [none] DEBUG com.alibaba.nacos.client.naming - failover switch is not found, 00-00---000-VIPSRV_FAILOVER_SWITCH-000---00-00
2026-08-02 02:16:03.171 [com.alibaba.nacos.naming.failover.0] [none] DEBUG com.alibaba.nacos.client.naming - failover switch is not found, 00-00---000-VIPSRV_FAILOVER_SWITCH-000---00-00
2026-08-02 02:16:08.173 [com.alibaba.nacos.naming.failover.0] [none] DEBUG com.alibaba.nacos.client.naming - failover switch is not found, 00-00---000-VIPSRV_FAILOVER_SWITCH-000---00-00
2026-08-02 02:16:13.175 [com.alibaba.nacos.naming.failover.0] [none] DEBUG com.alibaba.nacos.client.naming - failover switch is not found, 00-00---000-VIPSRV_FAILOVER_SWITCH-000---00-00
2026-08-02 02:16:18.176 [com.alibaba.nacos.naming.failover.0] [none] DEBUG com.alibaba.nacos.client.naming - failover switch is not found, 00-00---000-VIPSRV_FAILOVER_SWITCH-000---00-00
2026-08-02 02:16:23.177 [com.alibaba.nacos.naming.failover.0] [none] DEBUG com.alibaba.nacos.client.naming - failover switch is not found, 00-00---000-VIPSRV_FAILOVER_SWITCH-000---00-00
2026-08-02 02:16:28.179 [com.alibaba.nacos.naming.failover.0] [none] DEBUG com.alibaba.nacos.client.naming - failover switch is not found, 00-00---000-VIPSRV_FAILOVER_SWITCH-000---00-00
2026-08-02 02:16:33.180 [com.alibaba.nacos.naming.failover.0] [none] DEBUG com.alibaba.nacos.client.naming - failover switch is not found, 00-00---000-VIPSRV_FAILOVER_SWITCH-000---00-00
2026-08-02 02:16:38.181 [com.alibaba.nacos.naming.failover.0] [none] DEBUG com.alibaba.nacos.client.naming - failover switch is not found, 00-00---000-VIPSRV_FAILOVER_SWITCH-000---00-00
2026-08-02 02:16:43.182 [com.alibaba.nacos.naming.failover.0] [none] DEBUG com.alibaba.nacos.client.naming - failover switch is not found, 00-00---000-VIPSRV_FAILOVER_SWITCH-000---00-00
2026-08-02 02:16:46.835 [HikariPool-1:housekeeper] [none] WARN  com.zaxxer.hikari.pool.PoolBase - HikariPool-1 - Failed to validate connection com.mysql.cj.jdbc.ConnectionImpl@7f50d7f1 (No operations allowed after connection closed.). Possibly consider using a shorter maxLifetime value.
2026-08-02 02:16:48.183 [com.alibaba.nacos.naming.failover.0] [none] DEBUG com.alibaba.nacos.client.naming - failover switch is not found, 00-00---000-VIPSRV_FAILOVER_SWITCH-000---00-00
2026-08-02 02:16:53.184 [com.alibaba.nacos.naming.failover.0] [none] DEBUG com.alibaba.nacos.client.naming - failover switch is not found, 00-00---000-VIPSRV_FAILOVER_SWITCH-000---00-00
2026-08-02 02:16:58.185 [com.alibaba.nacos.naming.failover.0] [none] DEBUG com.alibaba.nacos.client.naming - failover switch is not found, 00-00---000-VIPSRV_FAILOVER_SWITCH-000---00-00
2026-08-02 02:17:03.186 [com.alibaba.nacos.naming.failover.0] [none] DEBUG com.alibaba.nacos.client.naming - failover switch is not found, 00-00---000-VIPSRV_FAILOVER_SWITCH-000---00-00
2026-08-02 02:17:08.187 [com.alibaba.nacos.naming.failover.0] [none] DEBUG com.alibaba.nacos.client.naming - failover switch is not found, 00-00---000-VIPSRV_FAILOVER_SWITCH-000---00-00
2026-08-02 02:17:13.188 [com.alibaba.nacos.naming.failover.0] [none] DEBUG com.alibaba.nacos.client.naming - failover switch is not found, 00-00---000-VIPSRV_FAILOVER_SWITCH-000---00-00
2026-08-02 02:17:18.190 [com.alibaba.nacos.naming.failover.0] [none] DEBUG com.alibaba.nacos.client.naming - failover switch is not found, 00-00---000-VIPSRV_FAILOVER_SWITCH-000---00-00
2026-08-02 02:17:23.191 [com.alibaba.nacos.naming.failover.0] [none] DEBUG com.alibaba.nacos.client.naming - failover switch is not found, 00-00---000-VIPSRV_FAILOVER_SWITCH-000---00-00
2026-08-02 02:17:28.192 [com.alibaba.nacos.naming.failover.0] [none] DEBUG com.alibaba.nacos.client.naming - failover switch is not found, 00-00---000-VIPSRV_FAILOVER_SWITCH-000---00-00
2026-08-02 02:17:33.193 [com.alibaba.nacos.naming.failover.0] [none] DEBUG com.alibaba.nacos.client.naming - failover switch is not found, 00-00---000-VIPSRV_FAILOVER_SWITCH-000---00-00
2026-08-02 02:17:38.194 [com.alibaba.nacos.naming.failover.0] [none] DEBUG com.alibaba.nacos.client.naming - failover switch is not found, 00-00---000-VIPSRV_FAILOVER_SWITCH-000---00-00
2026-08-02 02:17:43.195 [com.alibaba.nacos.naming.failover.0] [none] DEBUG com.alibaba.nacos.client.naming - failover switch is not found, 00-00---000-VIPSRV_FAILOVER_SWITCH-000---00-00
2026-08-02 02:17:48.196 [com.alibaba.nacos.naming.failover.0] [none] DEBUG com.alibaba.nacos.client.naming - failover switch is not found, 00-00---000-VIPSRV_FAILOVER_SWITCH-000---00-00
2026-08-02 02:17:53.197 [com.alibaba.nacos.naming.failover.0] [none] DEBUG com.alibaba.nacos.client.naming - failover switch is not found, 00-00---000-VIPSRV_FAILOVER_SWITCH-000---00-00
2026-08-02 02:17:58.517 [com.alibaba.nacos.naming.failover.0] [none] DEBUG com.alibaba.nacos.client.naming - failover switch is not found, 00-00---000-VIPSRV_FAILOVER_SWITCH-000---00-00
2026-08-02 02:18:03.518 [com.alibaba.nacos.naming.failover.0] [none] DEBUG com.alibaba.nacos.client.naming - failover switch is not found, 00-00---000-VIPSRV_FAILOVER_SWITCH-000---00-00
2026-08-02 02:18:08.528 [com.alibaba.nacos.naming.failover.0] [none] DEBUG com.alibaba.nacos.client.naming - failover switch is not found, 00-00---000-VIPSRV_FAILOVER_SWITCH-000---00-00
2026-08-02 02:18:13.584 [com.alibaba.nacos.naming.failover.0] [none] DEBUG com.alibaba.nacos.client.naming - failover switch is not found, 00-00---000-VIPSRV_FAILOVER_SWITCH-000---00-00
2026-08-02 02:18:18.599 [com.alibaba.nacos.naming.failover.0] [none] DEBUG com.alibaba.nacos.client.naming - failover switch is not found, 00-00---000-VIPSRV_FAILOVER_SWITCH-000---00-00
2026-08-02 02:18:23.603 [com.alibaba.nacos.naming.failover.0] [none] DEBUG com.alibaba.nacos.client.naming - failover switch is not found, 00-00---000-VIPSRV_FAILOVER_SWITCH-000---00-00
2026-08-02 02:18:28.615 [com.alibaba.nacos.naming.failover.0] [none] DEBUG com.alibaba.nacos.client.naming - failover switch is not found, 00-00---000-VIPSRV_FAILOVER_SWITCH-000---00-00
2026-08-02 02:18:33.621 [com.alibaba.nacos.naming.failover.0] [none] DEBUG com.alibaba.nacos.client.naming - failover switch is not found, 00-00---000-VIPSRV_FAILOVER_SWITCH-000---00-00
2026-08-02 02:18:38.636 [com.alibaba.nacos.naming.failover.0] [none] DEBUG com.alibaba.nacos.client.naming - failover switch is not found, 00-00---000-VIPSRV_FAILOVER_SWITCH-000---00-00
2026-08-02 02:18:43.650 [com.alibaba.nacos.naming.failover.0] [none] DEBUG com.alibaba.nacos.client.naming - failover switch is not found, 00-00---000-VIPSRV_FAILOVER_SWITCH-000---00-00
2026-08-02 02:18:48.659 [com.alibaba.nacos.naming.failover.0] [none] DEBUG com.alibaba.nacos.client.naming - failover switch is not found, 00-00---000-VIPSRV_FAILOVER_SWITCH-000---00-00
2026-08-02 02:18:53.665 [com.alibaba.nacos.naming.failover.0] [none] DEBUG com.alibaba.nacos.client.naming - failover switch is not found, 00-00---000-VIPSRV_FAILOVER_SWITCH-000---00-00
2026-08-02 02:18:58.671 [com.alibaba.nacos.naming.failover.0] [none] DEBUG com.alibaba.nacos.client.naming - failover switch is not found, 00-00---000-VIPSRV_FAILOVER_SWITCH-000---00-00
2026-08-02 02:19:03.686 [com.alibaba.nacos.naming.failover.0] [none] DEBUG com.alibaba.nacos.client.naming - failover switch is not found, 00-00---000-VIPSRV_FAILOVER_SWITCH-000---00-00
2026-08-02 02:19:08.703 [com.alibaba.nacos.naming.failover.0] [none] DEBUG com.alibaba.nacos.client.naming - failover switch is not found, 00-00---000-VIPSRV_FAILOVER_SWITCH-000---00-00
2026-08-02 02:19:13.714 [com.alibaba.nacos.naming.failover.0] [none] DEBUG com.alibaba.nacos.client.naming - failover switch is not found, 00-00---000-VIPSRV_FAILOVER_SWITCH-000---00-00
2026-08-02 02:19:18.726 [com.alibaba.nacos.naming.failover.0] [none] DEBUG com.alibaba.nacos.client.naming - failover switch is not found, 00-00---000-VIPSRV_FAILOVER_SWITCH-000---00-00
2026-08-02 02:19:23.741 [com.alibaba.nacos.naming.failover.0] [none] DEBUG com.alibaba.nacos.client.naming - failover switch is not found, 00-00---000-VIPSRV_FAILOVER_SWITCH-000---00-00
2026-08-02 02:19:28.755 [com.alibaba.nacos.naming.failover.0] [none] DEBUG com.alibaba.nacos.client.naming - failover switch is not found, 00-00---000-VIPSRV_FAILOVER_SWITCH-000---00-00
2026-08-02 02:19:33.765 [com.alibaba.nacos.naming.failover.0] [none] DEBUG com.alibaba.nacos.client.naming - failover switch is not found, 00-00---000-VIPSRV_FAILOVER_SWITCH-000---00-00
2026-08-02 02:19:38.779 [com.alibaba.nacos.naming.failover.0] [none] DEBUG com.alibaba.nacos.client.naming - failover switch is not found, 00-00---000-VIPSRV_FAILOVER_SWITCH-000---00-00
2026-08-02 02:19:43.788 [com.alibaba.nacos.naming.failover.0] [none] DEBUG com.alibaba.nacos.client.naming - failover switch is not found, 00-00---000-VIPSRV_FAILOVER_SWITCH-000---00-00
2026-08-02 02:19:48.797 [com.alibaba.nacos.naming.failover.0] [none] DEBUG com.alibaba.nacos.client.naming - failover switch is not found, 00-00---000-VIPSRV_FAILOVER_SWITCH-000---00-00
2026-08-02 02:19:53.811 [com.alibaba.nacos.naming.failover.0] [none] DEBUG com.alibaba.nacos.client.naming - failover switch is not found, 00-00---000-VIPSRV_FAILOVER_SWITCH-000---00-00
2026-08-02 02:19:58.826 [com.alibaba.nacos.naming.failover.0] [none] DEBUG com.alibaba.nacos.client.naming - failover switch is not found, 00-00---000-VIPSRV_FAILOVER_SWITCH-000---00-00
2026-08-02 02:20:03.830 [com.alibaba.nacos.naming.failover.0] [none] DEBUG com.alibaba.nacos.client.naming - failover switch is not found, 00-00---000-VIPSRV_FAILOVER_SWITCH-000---00-00
2026-08-02 02:20:08.835 [com.alibaba.nacos.naming.failover.0] [none] DEBUG com.alibaba.nacos.client.naming - failover switch is not found, 00-00---000-VIPSRV_FAILOVER_SWITCH-000---00-00
2026-08-02 02:20:13.856 [com.alibaba.nacos.naming.failover.0] [none] DEBUG com.alibaba.nacos.client.naming - failover switch is not found, 00-00---000-VIPSRV_FAILOVER_SWITCH-000---00-00
2026-08-02 02:20:18.871 [com.alibaba.nacos.naming.failover.0] [none] DEBUG com.alibaba.nacos.client.naming - failover switch is not found, 00-00---000-VIPSRV_FAILOVER_SWITCH-000---00-00
2026-08-02 02:20:23.872 [com.alibaba.nacos.naming.failover.0] [none] DEBUG com.alibaba.nacos.client.naming - failover switch is not found, 00-00---000-VIPSRV_FAILOVER_SWITCH-000---00-00
2026-08-02 02:20:28.872 [com.alibaba.nacos.naming.failover.0] [none] DEBUG com.alibaba.nacos.client.naming - failover switch is not found, 00-00---000-VIPSRV_FAILOVER_SWITCH-000---00-00
2026-08-02 02:20:33.874 [com.alibaba.nacos.naming.failover.0] [none] DEBUG com.alibaba.nacos.client.naming - failover switch is not found, 00-00---000-VIPSRV_FAILOVER_SWITCH-000---00-00
2026-08-02 02:20:38.875 [com.alibaba.nacos.naming.failover.0] [none] DEBUG com.alibaba.nacos.client.naming - failover switch is not found, 00-00---000-VIPSRV_FAILOVER_SWITCH-000---00-00
2026-08-02 02:20:43.876 [com.alibaba.nacos.naming.failover.0] [none] DEBUG com.alibaba.nacos.client.naming - failover switch is not found, 00-00---000-VIPSRV_FAILOVER_SWITCH-000---00-00
2026-08-02 02:20:48.877 [com.alibaba.nacos.naming.failover.0] [none] DEBUG com.alibaba.nacos.client.naming - failover switch is not found, 00-00---000-VIPSRV_FAILOVER_SWITCH-000---00-00
2026-08-02 02:20:53.879 [com.alibaba.nacos.naming.failover.0] [none] DEBUG com.alibaba.nacos.client.naming - failover switch is not found, 00-00---000-VIPSRV_FAILOVER_SWITCH-000---00-00
2026-08-02 02:20:58.879 [com.alibaba.nacos.naming.failover.0] [none] DEBUG com.alibaba.nacos.client.naming - failover switch is not found, 00-00---000-VIPSRV_FAILOVER_SWITCH-000---00-00
2026-08-02 02:21:03.880 [com.alibaba.nacos.naming.failover.0] [none] DEBUG com.alibaba.nacos.client.naming - failover switch is not found, 00-00---000-VIPSRV_FAILOVER_SWITCH-000---00-00
2026-08-02 02:21:08.881 [com.alibaba.nacos.naming.failover.0] [none] DEBUG com.alibaba.nacos.client.naming - failover switch is not found, 00-00---000-VIPSRV_FAILOVER_SWITCH-000---00-00
2026-08-02 02:21:13.882 [com.alibaba.nacos.naming.failover.0] [none] DEBUG com.alibaba.nacos.client.naming - failover switch is not found, 00-00---000-VIPSRV_FAILOVER_SWITCH-000---00-00
2026-08-02 02:21:18.893 [com.alibaba.nacos.naming.failover.0] [none] DEBUG com.alibaba.nacos.client.naming - failover switch is not found, 00-00---000-VIPSRV_FAILOVER_SWITCH-000---00-00
2026-08-02 02:21:23.895 [com.alibaba.nacos.naming.failover.0] [none] DEBUG com.alibaba.nacos.client.naming - failover switch is not found, 00-00---000-VIPSRV_FAILOVER_SWITCH-000---00-00
2026-08-02 02:21:28.903 [com.alibaba.nacos.naming.failover.0] [none] DEBUG com.alibaba.nacos.client.naming - failover switch is not found, 00-00---000-VIPSRV_FAILOVER_SWITCH-000---00-00
2026-08-02 02:21:33.910 [com.alibaba.nacos.naming.failover.0] [none] DEBUG com.alibaba.nacos.client.naming - failover switch is not found, 00-00---000-VIPSRV_FAILOVER_SWITCH-000---00-00
2026-08-02 02:21:38.925 [com.alibaba.nacos.naming.failover.0] [none] DEBUG com.alibaba.nacos.client.naming - failover switch is not found, 00-00---000-VIPSRV_FAILOVER_SWITCH-000---00-00
2026-08-02 02:21:43.939 [com.alibaba.nacos.naming.failover.0] [none] DEBUG com.alibaba.nacos.client.naming - failover switch is not found, 00-00---000-VIPSRV_FAILOVER_SWITCH-000---00-00
2026-08-02 02:21:48.939 [com.alibaba.nacos.naming.failover.0] [none] DEBUG com.alibaba.nacos.client.naming - failover switch is not found, 00-00---000-VIPSRV_FAILOVER_SWITCH-000---00-00
2026-08-02 02:21:53.946 [com.alibaba.nacos.naming.failover.0] [none] DEBUG com.alibaba.nacos.client.naming - failover switch is not found, 00-00---000-VIPSRV_FAILOVER_SWITCH-000---00-00
2026-08-02 02:21:58.959 [com.alibaba.nacos.naming.failover.0] [none] DEBUG com.alibaba.nacos.client.naming - failover switch is not found, 00-00---000-VIPSRV_FAILOVER_SWITCH-000---00-00
2026-08-02 02:22:03.965 [com.alibaba.nacos.naming.failover.0] [none] DEBUG com.alibaba.nacos.client.naming - failover switch is not found, 00-00---000-VIPSRV_FAILOVER_SWITCH-000---00-00
2026-08-02 02:22:08.979 [com.alibaba.nacos.naming.failover.0] [none] DEBUG com.alibaba.nacos.client.naming - failover switch is not found, 00-00---000-VIPSRV_FAILOVER_SWITCH-000---00-00
2026-08-02 02:22:13.983 [com.alibaba.nacos.naming.failover.0] [none] DEBUG com.alibaba.nacos.client.naming - failover switch is not found, 00-00---000-VIPSRV_FAILOVER_SWITCH-000---00-00
2026-08-02 02:22:18.996 [com.alibaba.nacos.naming.failover.0] [none] DEBUG com.alibaba.nacos.client.naming - failover switch is not found, 00-00---000-VIPSRV_FAILOVER_SWITCH-000---00-00
2026-08-02 02:22:24.004 [com.alibaba.nacos.naming.failover.0] [none] DEBUG com.alibaba.nacos.client.naming - failover switch is not found, 00-00---000-VIPSRV_FAILOVER_SWITCH-000---00-00
2026-08-02 02:22:29.013 [com.alibaba.nacos.naming.failover.0] [none] DEBUG com.alibaba.nacos.client.naming - failover switch is not found, 00-00---000-VIPSRV_FAILOVER_SWITCH-000---00-00
2026-08-02 02:22:34.020 [com.alibaba.nacos.naming.failover.0] [none] DEBUG com.alibaba.nacos.client.naming - failover switch is not found, 00-00---000-VIPSRV_FAILOVER_SWITCH-000---00-00
2026-08-02 02:22:39.031 [com.alibaba.nacos.naming.failover.0] [none] DEBUG com.alibaba.nacos.client.naming - failover switch is not found, 00-00---000-VIPSRV_FAILOVER_SWITCH-000---00-00
2026-08-02 02:22:44.033 [com.alibaba.nacos.naming.failover.0] [none] DEBUG com.alibaba.nacos.client.naming - failover switch is not found, 00-00---000-VIPSRV_FAILOVER_SWITCH-000---00-00
2026-08-02 02:22:49.043 [com.alibaba.nacos.naming.failover.0] [none] DEBUG com.alibaba.nacos.client.naming - failover switch is not found, 00-00---000-VIPSRV_FAILOVER_SWITCH-000---00-00
2026-08-02 02:22:54.055 [com.alibaba.nacos.naming.failover.0] [none] DEBUG com.alibaba.nacos.client.naming - failover switch is not found, 00-00---000-VIPSRV_FAILOVER_SWITCH-000---00-00
2026-08-02 02:22:59.069 [com.alibaba.nacos.naming.failover.0] [none] DEBUG com.alibaba.nacos.client.naming - failover switch is not found, 00-00---000-VIPSRV_FAILOVER_SWITCH-000---00-00
2026-08-02 02:23:04.084 [com.alibaba.nacos.naming.failover.0] [none] DEBUG com.alibaba.nacos.client.naming - failover switch is not found, 00-00---000-VIPSRV_FAILOVER_SWITCH-000---00-00
2026-08-02 02:23:09.099 [com.alibaba.nacos.naming.failover.0] [none] DEBUG com.alibaba.nacos.client.naming - failover switch is not found, 00-00---000-VIPSRV_FAILOVER_SWITCH-000---00-00
2026-08-02 02:23:14.104 [com.alibaba.nacos.naming.failover.0] [none] DEBUG com.alibaba.nacos.client.naming - failover switch is not found, 00-00---000-VIPSRV_FAILOVER_SWITCH-000---00-00
2026-08-02 02:23:19.108 [com.alibaba.nacos.naming.failover.0] [none] DEBUG com.alibaba.nacos.client.naming - failover switch is not found, 00-00---000-VIPSRV_FAILOVER_SWITCH-000---00-00
2026-08-02 02:23:24.116 [com.alibaba.nacos.naming.failover.0] [none] DEBUG com.alibaba.nacos.client.naming - failover switch is not found, 00-00---000-VIPSRV_FAILOVER_SWITCH-000---00-00
2026-08-02 02:23:29.124 [com.alibaba.nacos.naming.failover.0] [none] DEBUG com.alibaba.nacos.client.naming - failover switch is not found, 00-00---000-VIPSRV_FAILOVER_SWITCH-000---00-00
2026-08-02 02:23:32.869 [Thread-11] [none] INFO  c.a.n.c.executor.ThreadPoolManager - [ThreadPoolManager] Start destroying ThreadPool
2026-08-02 02:23:32.869 [Thread-19] [none] INFO  c.a.nacos.common.notify.NotifyCenter - [NotifyCenter] Start destroying Publisher
2026-08-02 02:23:32.869 [Thread-17] [none] INFO  c.a.n.c.http.HttpClientBeanHolder - [HttpClientBeanHolder] Start destroying common HttpClient
2026-08-02 02:23:32.871 [Thread-11] [none] INFO  c.a.n.c.executor.ThreadPoolManager - [ThreadPoolManager] Completed destruction of ThreadPool
2026-08-02 02:23:32.873 [Thread-19] [none] INFO  c.a.nacos.common.notify.NotifyCenter - [NotifyCenter] Completed destruction of Publisher
2026-08-02 02:23:32.878 [Thread-17] [none] INFO  c.a.n.c.http.HttpClientBeanHolder - [HttpClientBeanHolder] Completed destruction of HttpClient
2026-08-02 02:23:32.904 [SpringApplicationShutdownHook] [none] INFO  c.a.c.n.r.NacosServiceRegistry - De-registering from Nacos Server now...
2026-08-02 02:23:32.905 [SpringApplicationShutdownHook] [none] INFO  com.alibaba.nacos.client.naming - [DEREGISTER-SERVICE] public deregistering service mall-marketing with instance: Instance{instanceId='null', ip='192.168.1.59', port=9014, weight=1.0, healthy=true, enabled=true, ephemeral=true, clusterName='', serviceName='null', metadata={}}
2026-08-02 02:23:32.939 [SpringApplicationShutdownHook] [none] INFO  c.a.c.n.r.NacosServiceRegistry - De-registration finished.
2026-08-02 02:23:32.941 [SpringApplicationShutdownHook] [none] INFO  com.alibaba.nacos.client.naming - com.alibaba.nacos.client.naming.cache.ServiceInfoHolder do shutdown begin
2026-08-02 02:23:32.941 [SpringApplicationShutdownHook] [none] INFO  com.alibaba.nacos.client.naming - com.alibaba.nacos.client.naming.backups.FailoverReactor do shutdown begin
2026-08-02 02:23:32.941 [SpringApplicationShutdownHook] [none] INFO  com.alibaba.nacos.client.naming - com.alibaba.nacos.client.naming.backups.FailoverReactor do shutdown stop
2026-08-02 02:23:32.941 [SpringApplicationShutdownHook] [none] INFO  com.alibaba.nacos.client.naming - com.alibaba.nacos.client.naming.cache.ServiceInfoHolder do shutdown stop
2026-08-02 02:23:32.941 [SpringApplicationShutdownHook] [none] INFO  com.alibaba.nacos.client.naming - com.alibaba.nacos.client.naming.remote.NamingClientProxyDelegate do shutdown begin
2026-08-02 02:23:32.941 [SpringApplicationShutdownHook] [none] INFO  com.alibaba.nacos.client.naming - com.alibaba.nacos.client.naming.core.ServiceInfoUpdateService do shutdown begin
2026-08-02 02:23:32.941 [SpringApplicationShutdownHook] [none] INFO  com.alibaba.nacos.client.naming - com.alibaba.nacos.client.naming.core.ServiceInfoUpdateService do shutdown stop
2026-08-02 02:23:32.941 [SpringApplicationShutdownHook] [none] INFO  c.a.n.c.a.AbstractServerListManager - com.alibaba.nacos.client.naming.core.NamingServerListManager do shutdown begin
2026-08-02 02:23:32.941 [SpringApplicationShutdownHook] [none] INFO  c.a.n.c.a.AbstractServerListManager - com.alibaba.nacos.client.naming.core.NamingServerListManager do shutdown stop
2026-08-02 02:23:32.941 [SpringApplicationShutdownHook] [none] INFO  com.alibaba.nacos.client.naming - com.alibaba.nacos.client.naming.remote.http.NamingHttpClientProxy do shutdown begin
2026-08-02 02:23:32.941 [SpringApplicationShutdownHook] [none] INFO  com.alibaba.nacos.client.naming - [NamingHttpClientManager] Start destroying NacosRestTemplate
2026-08-02 02:23:32.941 [SpringApplicationShutdownHook] [none] INFO  com.alibaba.nacos.client.naming - [NamingHttpClientManager] Completed destruction of NacosRestTemplate
2026-08-02 02:23:32.941 [SpringApplicationShutdownHook] [none] INFO  com.alibaba.nacos.client.naming - com.alibaba.nacos.client.naming.remote.http.NamingHttpClientProxy do shutdown stop
2026-08-02 02:23:32.941 [SpringApplicationShutdownHook] [none] INFO  com.alibaba.nacos.client.naming - Shutdown naming grpc client proxy for  uuid->adbfae31-9116-4d1c-a596-0dc23cba3e93
2026-08-02 02:23:32.941 [SpringApplicationShutdownHook] [none] INFO  com.alibaba.nacos.client.naming - Shutdown grpc redo service executor java.util.concurrent.ScheduledThreadPoolExecutor@19188e1c[Running, pool size = 1, active threads = 0, queued tasks = 1, completed tasks = 172]
2026-08-02 02:23:32.942 [SpringApplicationShutdownHook] [none] INFO  c.alibaba.nacos.common.remote.client - Shutdown rpc client, set status to shutdown
2026-08-02 02:23:32.942 [SpringApplicationShutdownHook] [none] INFO  c.alibaba.nacos.common.remote.client - Shutdown client event executor java.util.concurrent.ScheduledThreadPoolExecutor@6d8e4d93[Running, pool size = 2, active threads = 2, queued tasks = 0, completed tasks = 0]
2026-08-02 02:23:32.942 [SpringApplicationShutdownHook] [none] INFO  c.alibaba.nacos.common.remote.client - Close current connection 1785608144478_172.18.0.1_51326
2026-08-02 02:23:32.944 [SpringApplicationShutdownHook] [none] INFO  c.a.n.c.r.client.grpc.GrpcClient - Shutdown grpc executor java.util.concurrent.ThreadPoolExecutor@31b97b65[Running, pool size = 16, active threads = 0, queued tasks = 0, completed tasks = 308]
2026-08-02 02:23:32.944 [SpringApplicationShutdownHook] [none] INFO  com.alibaba.nacos.client.naming - shutdown and remove naming rpc client  for uuid ->adbfae31-9116-4d1c-a596-0dc23cba3e93
2026-08-02 02:23:32.945 [SpringApplicationShutdownHook] [none] INFO  c.a.n.c.a.r.i.CredentialWatcher - [null] CredentialWatcher is stopped
2026-08-02 02:23:32.945 [SpringApplicationShutdownHook] [none] INFO  c.a.n.c.a.r.i.CredentialService - [null] CredentialService is freed
2026-08-02 02:23:32.945 [SpringApplicationShutdownHook] [none] INFO  com.alibaba.nacos.client.naming - com.alibaba.nacos.client.naming.remote.NamingClientProxyDelegate do shutdown stop
2026-08-02 02:23:33.443 [com.alibaba.nacos.client.login-executor.0] [none] INFO  c.a.n.c.a.r.i.CredentialWatcher - null No credential found
2026-08-02 02:23:42.947 [SpringApplicationShutdownHook] [none] INFO  c.a.c.n.r.NacosGracefulShutdownDelegate - Nacos client graceful shutdown has been executed successfully. Graceful shutdown wait time is 10000
2026-08-02 02:23:45.981 [SpringApplicationShutdownHook] [none] INFO  o.s.boot.tomcat.GracefulShutdown - Commencing graceful shutdown. Waiting for active requests to complete
2026-08-02 02:23:45.990 [tomcat-shutdown] [none] INFO  o.s.boot.tomcat.GracefulShutdown - Graceful shutdown complete
2026-08-02 02:23:46.048 [SpringApplicationShutdownHook] [none] INFO  o.a.r.s.s.DefaultRocketMQListenerContainer - container destroyed, DefaultRocketMQListenerContainer{consumerGroup='marketing-group-expired-cg', namespace='', namespaceV2='', nameServer='129.204.152.168:9876', topic='marketing-events', consumeMode=CONCURRENTLY, selectorType=TAG, selectorExpression='group-expired', messageModel=CLUSTERING', tlsEnable=false, instanceName=DEFAULT}
2026-08-02 02:23:46.518 [SpringApplicationShutdownHook] [none] INFO  com.zaxxer.hikari.HikariDataSource - HikariPool-1 - Shutdown initiated...
2026-08-02 02:23:46.521 [SpringApplicationShutdownHook] [none] INFO  com.zaxxer.hikari.HikariDataSource - HikariPool-1 - Shutdown completed.
