2026-05-18 14:11:35.644 [main] [none] INFO  com.cloudmart.gen.GenApplication - Starting GenApplication using Java 26.0.1 with PID 34240 (D:\Ide\IdeaProjects\CloudMart\mall-gen\target\classes started by Administrator in D:\Ide\IdeaProjects\CloudMart)
2026-05-18 14:11:35.646 [main] [none] INFO  com.cloudmart.gen.GenApplication - No active profile set, falling back to 1 default profile: "default"
2026-05-18 14:11:35.716 [main] [none] INFO  c.a.c.n.c.NacosConfigDataLoader - [Nacos Config] Load config[dataId=shared-logging.yml, group=DEFAULT_GROUP] success
2026-05-18 14:11:35.717 [main] [none] WARN  c.a.c.n.c.NacosConfigDataLoader - [Nacos Config] config[dataId=mall-gen.yml, group=DEFAULT_GROUP] is empty
2026-05-18 14:11:37.492 [main] [none] INFO  o.s.d.r.c.RepositoryConfigurationDelegate - Multiple Spring Data modules found, entering strict repository configuration mode
2026-05-18 14:11:37.498 [main] [none] INFO  o.s.d.r.c.RepositoryConfigurationDelegate - Bootstrapping Spring Data Redis repositories in DEFAULT mode.
2026-05-18 14:11:37.540 [main] [none] INFO  o.s.d.r.c.RepositoryConfigurationDelegate - Finished Spring Data repository scanning in 10 ms. Found 0 Redis repository interfaces.
2026-05-18 14:11:38.024 [main] [none] INFO  o.s.cloud.context.scope.GenericScope - BeanFactory id=e2bee33a-984b-3515-ab19-1decdd032745
2026-05-18 14:11:39.111 [main] [none] INFO  o.s.boot.tomcat.TomcatWebServer - Tomcat initialized with port 9050 (http)
2026-05-18 14:11:39.151 [main] [none] INFO  o.a.catalina.core.StandardService - Starting service [Tomcat]
2026-05-18 14:11:39.152 [main] [none] INFO  o.a.catalina.core.StandardEngine - Starting Servlet engine: [Apache Tomcat/11.0.21]
2026-05-18 14:11:39.262 [main] [none] INFO  o.s.b.w.c.s.WebApplicationContextInitializer - Root WebApplicationContext: initialization completed in 3542 ms
2026-05-18 14:11:40.306 [main] [none] INFO  c.a.c.s.SentinelWebMvcConfigurer - [Sentinel Starter] register SentinelWebInterceptor with urlPatterns: [/**].
2026-05-18 14:11:41.318 [main] [none] INFO  c.b.m.e.s.MybatisPlusApplicationContextAware - Register ApplicationContext instances org.springframework.boot.web.server.servlet.context.AnnotationConfigServletWebServerApplicationContext@524a076e
2026-05-18 14:11:44.013 [main] [none] INFO  o.s.b.a.e.web.EndpointLinksResolver - Exposing 4 endpoints beneath base path '/actuator'
2026-05-18 14:11:44.304 [main] [none] INFO  o.s.boot.tomcat.TomcatWebServer - Tomcat started on port 9050 (http) with context path '/'
2026-05-18 14:11:44.316 [main] [none] INFO  com.alibaba.nacos.client.naming - Nacos client key init properties: 
	serverAddr=127.0.0.1:8848
	username=nacos
	password=n***s

2026-05-18 14:11:44.317 [main] [none] INFO  com.alibaba.nacos.client.naming - initializer namespace from ans.namespace attribute : null
2026-05-18 14:11:44.317 [main] [none] INFO  com.alibaba.nacos.client.naming - initializer namespace from ALIBABA_ALIWARE_NAMESPACE attribute :null
2026-05-18 14:11:44.318 [main] [none] INFO  com.alibaba.nacos.client.naming - initializer namespace from namespace attribute :null
2026-05-18 14:11:44.332 [main] [none] INFO  com.alibaba.nacos.client.naming - FailoverDataSource type is class com.alibaba.nacos.client.naming.backups.datasource.DiskFailoverDataSource
2026-05-18 14:11:44.342 [main] [none] INFO  c.a.n.c.a.AbstractServerListManager - Load and match ServerListProvider com.alibaba.nacos.client.address.EndpointServerListProvider, match result: false
2026-05-18 14:11:44.342 [main] [none] INFO  c.a.n.c.a.AbstractServerListManager - Load and match ServerListProvider com.alibaba.nacos.client.address.PropertiesListProvider, match result: true
2026-05-18 14:11:44.342 [main] [none] INFO  c.a.n.c.a.AbstractServerListManager - Will use com.alibaba.nacos.client.address.PropertiesListProvider as ServerListProvider
2026-05-18 14:11:44.344 [main] [none] INFO  c.a.n.p.a.s.c.ClientAuthPluginManager - [ClientAuthPluginManager] Load ClientAuthService com.alibaba.nacos.client.auth.impl.NacosClientAuthServiceImpl success.
2026-05-18 14:11:44.345 [main] [none] INFO  c.a.n.p.a.s.c.ClientAuthPluginManager - [ClientAuthPluginManager] Load ClientAuthService com.alibaba.nacos.client.auth.ram.RamClientAuthServiceImpl success.
2026-05-18 14:11:44.345 [main] [none] DEBUG com.alibaba.nacos.client.naming - HTTP method: POST, url: http://127.0.0.1:8848/nacos/v3/auth/user/login?username=nacos, body: {password=nacos}
2026-05-18 14:11:44.394 [com.alibaba.nacos.naming.failover.0] [none] DEBUG com.alibaba.nacos.client.naming - failover switch is not found, 00-00---000-VIPSRV_FAILOVER_SWITCH-000---00-00
2026-05-18 14:11:44.616 [main] [none] INFO  c.alibaba.nacos.common.remote.client - [RpcClientFactory] create a new rpc client of cd821e16-913e-43e2-820d-1e850b3e70b3
2026-05-18 14:11:44.619 [main] [none] INFO  com.alibaba.nacos.client.naming - Create naming rpc client for uuid->cd821e16-913e-43e2-820d-1e850b3e70b3
2026-05-18 14:11:44.619 [main] [none] INFO  c.alibaba.nacos.common.remote.client - [cd821e16-913e-43e2-820d-1e850b3e70b3] RpcClient init, ServerListFactory = com.alibaba.nacos.client.naming.core.NamingServerListManager
2026-05-18 14:11:44.619 [main] [none] INFO  c.alibaba.nacos.common.remote.client - [cd821e16-913e-43e2-820d-1e850b3e70b3] Registry connection listener to current client:com.alibaba.nacos.client.naming.remote.gprc.redo.NamingGrpcRedoService
2026-05-18 14:11:44.620 [main] [none] INFO  c.alibaba.nacos.common.remote.client - [cd821e16-913e-43e2-820d-1e850b3e70b3] Register server push request handler:com.alibaba.nacos.client.naming.remote.gprc.NamingPushRequestHandler
2026-05-18 14:11:44.621 [main] [none] INFO  c.alibaba.nacos.common.remote.client - [cd821e16-913e-43e2-820d-1e850b3e70b3] Register server push request handler:com.alibaba.nacos.client.naming.remote.gprc.NamingFuzzyWatchNotifyRequestHandler
2026-05-18 14:11:44.622 [main] [none] INFO  c.alibaba.nacos.common.remote.client - [cd821e16-913e-43e2-820d-1e850b3e70b3] Try to connect to server on start up, server: {serverIp = '127.0.0.1', server main port = 8848}
2026-05-18 14:11:44.622 [main] [none] INFO  c.a.n.c.r.client.grpc.GrpcClient - grpc client connection server: 127.0.0.1 ip, serverPort: 9848, grpcTslConfig: {"enableTls":false,"mutualAuthEnable":false,"trustAll":true}
2026-05-18 14:11:44.676 [main] [none] INFO  c.alibaba.nacos.common.remote.client - [cd821e16-913e-43e2-820d-1e850b3e70b3] Success to connect to server [127.0.0.1:8848] on start up, connectionId = 1779084704631_172.19.0.1_54548
2026-05-18 14:11:44.677 [main] [none] INFO  c.alibaba.nacos.common.remote.client - [cd821e16-913e-43e2-820d-1e850b3e70b3] Register server push request handler:com.alibaba.nacos.common.remote.client.RpcClient$ConnectResetRequestHandler
2026-05-18 14:11:44.677 [com.alibaba.nacos.client.remote.worker.0] [none] INFO  c.alibaba.nacos.common.remote.client - [cd821e16-913e-43e2-820d-1e850b3e70b3] Notify connected event to listeners.
2026-05-18 14:11:44.677 [main] [none] INFO  c.alibaba.nacos.common.remote.client - [cd821e16-913e-43e2-820d-1e850b3e70b3] Register server push request handler:com.alibaba.nacos.common.remote.client.RpcClient$$Lambda/0x0000000013462230
2026-05-18 14:11:44.677 [com.alibaba.nacos.client.remote.worker.0] [none] INFO  com.alibaba.nacos.client.naming - Grpc connection connect
2026-05-18 14:11:44.679 [main] [none] INFO  com.alibaba.nacos.client.naming - [REGISTER-SERVICE] public registering service mall-gen with instance Instance{instanceId='null', ip='192.168.1.59', port=9050, weight=1.0, healthy=true, enabled=true, ephemeral=true, clusterName='', serviceName='null', metadata={IPv6=[240e:3b3:4007:6cf0:f1e6:cd52:25d7:5f99], preserved.register.source=SPRING_CLOUD}}
2026-05-18 14:11:44.699 [main] [none] INFO  c.a.c.n.r.NacosServiceRegistry - nacos registry, DEFAULT_GROUP mall-gen 192.168.1.59:9050 register finished
2026-05-18 14:11:44.718 [main] [none] INFO  com.cloudmart.gen.GenApplication - Started GenApplication in 12.77 seconds (process running for 14.246)
2026-05-18 14:11:44.734 [main] [none] INFO  c.a.n.client.config.impl.CacheData - config listener notify warn timeout millis use default 60000 millis 
2026-05-18 14:11:44.734 [main] [none] INFO  c.a.n.client.config.impl.CacheData - nacos.cache.data.init.snapshot = true 
2026-05-18 14:11:44.738 [main] [none] INFO  c.a.n.c.config.impl.ClientWorker - [Config-fixed-public-127.0.0.1_8848] [subscribe] shared-logging.yml+DEFAULT_GROUP+public
2026-05-18 14:11:44.750 [main] [none] INFO  c.a.n.client.config.impl.CacheData - [Config-fixed-public-127.0.0.1_8848] [add-listener] ok, tenant=public, dataId=shared-logging.yml, group=DEFAULT_GROUP, cnt=1
2026-05-18 14:11:44.751 [main] [none] INFO  c.a.c.n.r.NacosContextRefresher - [Nacos Config] Listening config: dataId=shared-logging.yml, group=DEFAULT_GROUP
2026-05-18 14:11:44.753 [main] [none] INFO  c.a.n.c.config.impl.ClientWorker - [Config-fixed-public-127.0.0.1_8848] [subscribe] mall-gen.yml+DEFAULT_GROUP+public
2026-05-18 14:11:44.753 [main] [none] INFO  c.a.n.client.config.impl.CacheData - [Config-fixed-public-127.0.0.1_8848] [add-listener] ok, tenant=public, dataId=mall-gen.yml, group=DEFAULT_GROUP, cnt=1
2026-05-18 14:11:44.753 [main] [none] INFO  c.a.c.n.r.NacosContextRefresher - [Nacos Config] Listening config: dataId=mall-gen.yml, group=DEFAULT_GROUP
2026-05-18 14:11:45.457 [RMI TCP Connection(4)-192.168.1.59] [none] INFO  c.a.c.s.e.SentinelHealthIndicator - Find sentinel dashboard server list: [Endpoint{protocol=HTTP, host='localhost, port=8088}]
2026-05-18 14:11:45.458 [RMI TCP Connection(4)-192.168.1.59] [none] WARN  c.a.c.s.e.SentinelHealthIndicator - Sentinel dashboard heartbeat message can't be sent to the dashboard servers [Endpoint{protocol=HTTP, host='localhost, port=8088}] one of them can't be connected
2026-05-18 14:11:45.465 [RMI TCP Connection(2)-192.168.1.59] [none] INFO  o.a.c.c.C.[Tomcat].[localhost].[/] - Initializing Spring DispatcherServlet 'dispatcherServlet'
2026-05-18 14:11:45.465 [RMI TCP Connection(2)-192.168.1.59] [none] INFO  o.s.web.servlet.DispatcherServlet - Initializing Servlet 'dispatcherServlet'
2026-05-18 14:11:45.469 [RMI TCP Connection(4)-192.168.1.59] [none] INFO  com.zaxxer.hikari.HikariDataSource - HikariPool-1 - Starting...
2026-05-18 14:11:45.470 [RMI TCP Connection(2)-192.168.1.59] [none] INFO  o.s.web.servlet.DispatcherServlet - Completed initialization in 3 ms
2026-05-18 14:11:45.899 [RMI TCP Connection(4)-192.168.1.59] [none] INFO  com.zaxxer.hikari.pool.HikariPool - HikariPool-1 - Added connection com.mysql.cj.jdbc.ConnectionImpl@4bd086ed
2026-05-18 14:11:45.907 [RMI TCP Connection(4)-192.168.1.59] [none] INFO  com.zaxxer.hikari.HikariDataSource - HikariPool-1 - Start completed.
2026-05-18 14:11:49.420 [com.alibaba.nacos.naming.failover.0] [none] DEBUG com.alibaba.nacos.client.naming - failover switch is not found, 00-00---000-VIPSRV_FAILOVER_SWITCH-000---00-00
2026-05-18 14:11:54.421 [com.alibaba.nacos.naming.failover.0] [none] DEBUG com.alibaba.nacos.client.naming - failover switch is not found, 00-00---000-VIPSRV_FAILOVER_SWITCH-000---00-00
2026-05-18 14:11:59.423 [com.alibaba.nacos.naming.failover.0] [none] DEBUG com.alibaba.nacos.client.naming - failover switch is not found, 00-00---000-VIPSRV_FAILOVER_SWITCH-000---00-00
2026-05-18 14:12:04.425 [com.alibaba.nacos.naming.failover.0] [none] DEBUG com.alibaba.nacos.client.naming - failover switch is not found, 00-00---000-VIPSRV_FAILOVER_SWITCH-000---00-00
2026-05-18 14:12:09.440 [com.alibaba.nacos.naming.failover.0] [none] DEBUG com.alibaba.nacos.client.naming - failover switch is not found, 00-00---000-VIPSRV_FAILOVER_SWITCH-000---00-00
2026-05-18 14:12:14.441 [com.alibaba.nacos.naming.failover.0] [none] DEBUG com.alibaba.nacos.client.naming - failover switch is not found, 00-00---000-VIPSRV_FAILOVER_SWITCH-000---00-00
2026-05-18 14:12:19.443 [com.alibaba.nacos.naming.failover.0] [none] DEBUG com.alibaba.nacos.client.naming - failover switch is not found, 00-00---000-VIPSRV_FAILOVER_SWITCH-000---00-00
2026-05-18 14:12:24.443 [com.alibaba.nacos.naming.failover.0] [none] DEBUG com.alibaba.nacos.client.naming - failover switch is not found, 00-00---000-VIPSRV_FAILOVER_SWITCH-000---00-00
2026-05-18 14:12:29.445 [com.alibaba.nacos.naming.failover.0] [none] DEBUG com.alibaba.nacos.client.naming - failover switch is not found, 00-00---000-VIPSRV_FAILOVER_SWITCH-000---00-00
2026-05-18 14:12:34.448 [com.alibaba.nacos.naming.failover.0] [none] DEBUG com.alibaba.nacos.client.naming - failover switch is not found, 00-00---000-VIPSRV_FAILOVER_SWITCH-000---00-00
2026-05-18 14:12:39.449 [com.alibaba.nacos.naming.failover.0] [none] DEBUG com.alibaba.nacos.client.naming - failover switch is not found, 00-00---000-VIPSRV_FAILOVER_SWITCH-000---00-00
2026-05-18 14:12:44.451 [com.alibaba.nacos.naming.failover.0] [none] DEBUG com.alibaba.nacos.client.naming - failover switch is not found, 00-00---000-VIPSRV_FAILOVER_SWITCH-000---00-00
2026-05-18 14:12:49.451 [com.alibaba.nacos.naming.failover.0] [none] DEBUG com.alibaba.nacos.client.naming - failover switch is not found, 00-00---000-VIPSRV_FAILOVER_SWITCH-000---00-00
2026-05-18 14:12:54.452 [com.alibaba.nacos.naming.failover.0] [none] DEBUG com.alibaba.nacos.client.naming - failover switch is not found, 00-00---000-VIPSRV_FAILOVER_SWITCH-000---00-00
2026-05-18 14:12:59.454 [com.alibaba.nacos.naming.failover.0] [none] DEBUG com.alibaba.nacos.client.naming - failover switch is not found, 00-00---000-VIPSRV_FAILOVER_SWITCH-000---00-00
2026-05-18 14:13:04.455 [com.alibaba.nacos.naming.failover.0] [none] DEBUG com.alibaba.nacos.client.naming - failover switch is not found, 00-00---000-VIPSRV_FAILOVER_SWITCH-000---00-00
2026-05-18 14:13:09.456 [com.alibaba.nacos.naming.failover.0] [none] DEBUG com.alibaba.nacos.client.naming - failover switch is not found, 00-00---000-VIPSRV_FAILOVER_SWITCH-000---00-00
2026-05-18 14:13:14.457 [com.alibaba.nacos.naming.failover.0] [none] DEBUG com.alibaba.nacos.client.naming - failover switch is not found, 00-00---000-VIPSRV_FAILOVER_SWITCH-000---00-00
2026-05-18 14:13:19.458 [com.alibaba.nacos.naming.failover.0] [none] DEBUG com.alibaba.nacos.client.naming - failover switch is not found, 00-00---000-VIPSRV_FAILOVER_SWITCH-000---00-00
2026-05-18 14:13:24.459 [com.alibaba.nacos.naming.failover.0] [none] DEBUG com.alibaba.nacos.client.naming - failover switch is not found, 00-00---000-VIPSRV_FAILOVER_SWITCH-000---00-00
2026-05-18 14:13:29.460 [com.alibaba.nacos.naming.failover.0] [none] DEBUG com.alibaba.nacos.client.naming - failover switch is not found, 00-00---000-VIPSRV_FAILOVER_SWITCH-000---00-00
2026-05-18 14:13:34.460 [com.alibaba.nacos.naming.failover.0] [none] DEBUG com.alibaba.nacos.client.naming - failover switch is not found, 00-00---000-VIPSRV_FAILOVER_SWITCH-000---00-00
2026-05-18 14:13:39.461 [com.alibaba.nacos.naming.failover.0] [none] DEBUG com.alibaba.nacos.client.naming - failover switch is not found, 00-00---000-VIPSRV_FAILOVER_SWITCH-000---00-00
2026-05-18 14:13:44.462 [com.alibaba.nacos.naming.failover.0] [none] DEBUG com.alibaba.nacos.client.naming - failover switch is not found, 00-00---000-VIPSRV_FAILOVER_SWITCH-000---00-00
2026-05-18 14:13:49.464 [com.alibaba.nacos.naming.failover.0] [none] DEBUG com.alibaba.nacos.client.naming - failover switch is not found, 00-00---000-VIPSRV_FAILOVER_SWITCH-000---00-00
2026-05-18 14:13:54.471 [com.alibaba.nacos.naming.failover.0] [none] DEBUG com.alibaba.nacos.client.naming - failover switch is not found, 00-00---000-VIPSRV_FAILOVER_SWITCH-000---00-00
2026-05-18 14:13:59.477 [com.alibaba.nacos.naming.failover.0] [none] DEBUG com.alibaba.nacos.client.naming - failover switch is not found, 00-00---000-VIPSRV_FAILOVER_SWITCH-000---00-00
2026-05-18 14:14:04.490 [com.alibaba.nacos.naming.failover.0] [none] DEBUG com.alibaba.nacos.client.naming - failover switch is not found, 00-00---000-VIPSRV_FAILOVER_SWITCH-000---00-00
2026-05-18 14:14:09.503 [com.alibaba.nacos.naming.failover.0] [none] DEBUG com.alibaba.nacos.client.naming - failover switch is not found, 00-00---000-VIPSRV_FAILOVER_SWITCH-000---00-00
2026-05-18 14:14:14.511 [com.alibaba.nacos.naming.failover.0] [none] DEBUG com.alibaba.nacos.client.naming - failover switch is not found, 00-00---000-VIPSRV_FAILOVER_SWITCH-000---00-00
2026-05-18 14:14:19.510 [com.alibaba.nacos.naming.failover.0] [none] DEBUG com.alibaba.nacos.client.naming - failover switch is not found, 00-00---000-VIPSRV_FAILOVER_SWITCH-000---00-00
2026-05-18 14:14:24.525 [com.alibaba.nacos.naming.failover.0] [none] DEBUG com.alibaba.nacos.client.naming - failover switch is not found, 00-00---000-VIPSRV_FAILOVER_SWITCH-000---00-00
2026-05-18 14:14:29.528 [com.alibaba.nacos.naming.failover.0] [none] DEBUG com.alibaba.nacos.client.naming - failover switch is not found, 00-00---000-VIPSRV_FAILOVER_SWITCH-000---00-00
2026-05-18 14:14:34.535 [com.alibaba.nacos.naming.failover.0] [none] DEBUG com.alibaba.nacos.client.naming - failover switch is not found, 00-00---000-VIPSRV_FAILOVER_SWITCH-000---00-00
2026-05-18 14:14:39.545 [com.alibaba.nacos.naming.failover.0] [none] DEBUG com.alibaba.nacos.client.naming - failover switch is not found, 00-00---000-VIPSRV_FAILOVER_SWITCH-000---00-00
2026-05-18 14:14:44.549 [com.alibaba.nacos.naming.failover.0] [none] DEBUG com.alibaba.nacos.client.naming - failover switch is not found, 00-00---000-VIPSRV_FAILOVER_SWITCH-000---00-00
2026-05-18 14:14:49.553 [com.alibaba.nacos.naming.failover.0] [none] DEBUG com.alibaba.nacos.client.naming - failover switch is not found, 00-00---000-VIPSRV_FAILOVER_SWITCH-000---00-00
2026-05-18 14:14:54.558 [com.alibaba.nacos.naming.failover.0] [none] DEBUG com.alibaba.nacos.client.naming - failover switch is not found, 00-00---000-VIPSRV_FAILOVER_SWITCH-000---00-00
2026-05-18 14:14:59.566 [com.alibaba.nacos.naming.failover.0] [none] DEBUG com.alibaba.nacos.client.naming - failover switch is not found, 00-00---000-VIPSRV_FAILOVER_SWITCH-000---00-00
2026-05-18 14:15:04.580 [com.alibaba.nacos.naming.failover.0] [none] DEBUG com.alibaba.nacos.client.naming - failover switch is not found, 00-00---000-VIPSRV_FAILOVER_SWITCH-000---00-00
2026-05-18 14:15:09.586 [com.alibaba.nacos.naming.failover.0] [none] DEBUG com.alibaba.nacos.client.naming - failover switch is not found, 00-00---000-VIPSRV_FAILOVER_SWITCH-000---00-00
2026-05-18 14:15:14.599 [com.alibaba.nacos.naming.failover.0] [none] DEBUG com.alibaba.nacos.client.naming - failover switch is not found, 00-00---000-VIPSRV_FAILOVER_SWITCH-000---00-00
2026-05-18 14:15:19.612 [com.alibaba.nacos.naming.failover.0] [none] DEBUG com.alibaba.nacos.client.naming - failover switch is not found, 00-00---000-VIPSRV_FAILOVER_SWITCH-000---00-00
2026-05-18 14:15:24.621 [com.alibaba.nacos.naming.failover.0] [none] DEBUG com.alibaba.nacos.client.naming - failover switch is not found, 00-00---000-VIPSRV_FAILOVER_SWITCH-000---00-00
2026-05-18 14:15:29.627 [com.alibaba.nacos.naming.failover.0] [none] DEBUG com.alibaba.nacos.client.naming - failover switch is not found, 00-00---000-VIPSRV_FAILOVER_SWITCH-000---00-00
2026-05-18 14:15:34.633 [com.alibaba.nacos.naming.failover.0] [none] DEBUG com.alibaba.nacos.client.naming - failover switch is not found, 00-00---000-VIPSRV_FAILOVER_SWITCH-000---00-00
2026-05-18 14:15:39.643 [com.alibaba.nacos.naming.failover.0] [none] DEBUG com.alibaba.nacos.client.naming - failover switch is not found, 00-00---000-VIPSRV_FAILOVER_SWITCH-000---00-00
2026-05-18 14:15:44.654 [com.alibaba.nacos.naming.failover.0] [none] DEBUG com.alibaba.nacos.client.naming - failover switch is not found, 00-00---000-VIPSRV_FAILOVER_SWITCH-000---00-00
2026-05-18 14:15:49.668 [com.alibaba.nacos.naming.failover.0] [none] DEBUG com.alibaba.nacos.client.naming - failover switch is not found, 00-00---000-VIPSRV_FAILOVER_SWITCH-000---00-00
2026-05-18 14:15:54.678 [com.alibaba.nacos.naming.failover.0] [none] DEBUG com.alibaba.nacos.client.naming - failover switch is not found, 00-00---000-VIPSRV_FAILOVER_SWITCH-000---00-00
2026-05-18 14:15:59.682 [com.alibaba.nacos.naming.failover.0] [none] DEBUG com.alibaba.nacos.client.naming - failover switch is not found, 00-00---000-VIPSRV_FAILOVER_SWITCH-000---00-00
2026-05-18 14:16:04.688 [com.alibaba.nacos.naming.failover.0] [none] DEBUG com.alibaba.nacos.client.naming - failover switch is not found, 00-00---000-VIPSRV_FAILOVER_SWITCH-000---00-00
2026-05-18 14:16:09.696 [com.alibaba.nacos.naming.failover.0] [none] DEBUG com.alibaba.nacos.client.naming - failover switch is not found, 00-00---000-VIPSRV_FAILOVER_SWITCH-000---00-00
2026-05-18 14:16:14.696 [com.alibaba.nacos.naming.failover.0] [none] DEBUG com.alibaba.nacos.client.naming - failover switch is not found, 00-00---000-VIPSRV_FAILOVER_SWITCH-000---00-00
2026-05-18 14:16:19.700 [com.alibaba.nacos.naming.failover.0] [none] DEBUG com.alibaba.nacos.client.naming - failover switch is not found, 00-00---000-VIPSRV_FAILOVER_SWITCH-000---00-00
2026-05-18 14:16:24.701 [com.alibaba.nacos.naming.failover.0] [none] DEBUG com.alibaba.nacos.client.naming - failover switch is not found, 00-00---000-VIPSRV_FAILOVER_SWITCH-000---00-00
2026-05-18 14:16:29.709 [com.alibaba.nacos.naming.failover.0] [none] DEBUG com.alibaba.nacos.client.naming - failover switch is not found, 00-00---000-VIPSRV_FAILOVER_SWITCH-000---00-00
2026-05-18 14:16:34.719 [com.alibaba.nacos.naming.failover.0] [none] DEBUG com.alibaba.nacos.client.naming - failover switch is not found, 00-00---000-VIPSRV_FAILOVER_SWITCH-000---00-00
2026-05-18 14:16:39.721 [com.alibaba.nacos.naming.failover.0] [none] DEBUG com.alibaba.nacos.client.naming - failover switch is not found, 00-00---000-VIPSRV_FAILOVER_SWITCH-000---00-00
2026-05-18 14:16:44.723 [com.alibaba.nacos.naming.failover.0] [none] DEBUG com.alibaba.nacos.client.naming - failover switch is not found, 00-00---000-VIPSRV_FAILOVER_SWITCH-000---00-00
2026-05-18 14:16:49.724 [com.alibaba.nacos.naming.failover.0] [none] DEBUG com.alibaba.nacos.client.naming - failover switch is not found, 00-00---000-VIPSRV_FAILOVER_SWITCH-000---00-00
2026-05-18 14:16:54.725 [com.alibaba.nacos.naming.failover.0] [none] DEBUG com.alibaba.nacos.client.naming - failover switch is not found, 00-00---000-VIPSRV_FAILOVER_SWITCH-000---00-00
2026-05-18 14:16:59.732 [com.alibaba.nacos.naming.failover.0] [none] DEBUG com.alibaba.nacos.client.naming - failover switch is not found, 00-00---000-VIPSRV_FAILOVER_SWITCH-000---00-00
2026-05-18 14:17:04.733 [com.alibaba.nacos.naming.failover.0] [none] DEBUG com.alibaba.nacos.client.naming - failover switch is not found, 00-00---000-VIPSRV_FAILOVER_SWITCH-000---00-00
2026-05-18 14:17:09.733 [com.alibaba.nacos.naming.failover.0] [none] DEBUG com.alibaba.nacos.client.naming - failover switch is not found, 00-00---000-VIPSRV_FAILOVER_SWITCH-000---00-00
2026-05-18 14:17:14.734 [com.alibaba.nacos.naming.failover.0] [none] DEBUG com.alibaba.nacos.client.naming - failover switch is not found, 00-00---000-VIPSRV_FAILOVER_SWITCH-000---00-00
2026-05-18 14:17:19.735 [com.alibaba.nacos.naming.failover.0] [none] DEBUG com.alibaba.nacos.client.naming - failover switch is not found, 00-00---000-VIPSRV_FAILOVER_SWITCH-000---00-00
2026-05-18 14:17:24.736 [com.alibaba.nacos.naming.failover.0] [none] DEBUG com.alibaba.nacos.client.naming - failover switch is not found, 00-00---000-VIPSRV_FAILOVER_SWITCH-000---00-00
2026-05-18 14:17:29.775 [com.alibaba.nacos.naming.failover.0] [none] DEBUG com.alibaba.nacos.client.naming - failover switch is not found, 00-00---000-VIPSRV_FAILOVER_SWITCH-000---00-00
2026-05-18 14:17:34.778 [com.alibaba.nacos.naming.failover.0] [none] DEBUG com.alibaba.nacos.client.naming - failover switch is not found, 00-00---000-VIPSRV_FAILOVER_SWITCH-000---00-00
2026-05-18 14:17:39.779 [com.alibaba.nacos.naming.failover.0] [none] DEBUG com.alibaba.nacos.client.naming - failover switch is not found, 00-00---000-VIPSRV_FAILOVER_SWITCH-000---00-00
2026-05-18 14:17:44.785 [com.alibaba.nacos.naming.failover.0] [none] DEBUG com.alibaba.nacos.client.naming - failover switch is not found, 00-00---000-VIPSRV_FAILOVER_SWITCH-000---00-00
2026-05-18 14:17:49.787 [com.alibaba.nacos.naming.failover.0] [none] DEBUG com.alibaba.nacos.client.naming - failover switch is not found, 00-00---000-VIPSRV_FAILOVER_SWITCH-000---00-00
2026-05-18 14:17:54.788 [com.alibaba.nacos.naming.failover.0] [none] DEBUG com.alibaba.nacos.client.naming - failover switch is not found, 00-00---000-VIPSRV_FAILOVER_SWITCH-000---00-00
2026-05-18 14:17:59.789 [com.alibaba.nacos.naming.failover.0] [none] DEBUG com.alibaba.nacos.client.naming - failover switch is not found, 00-00---000-VIPSRV_FAILOVER_SWITCH-000---00-00
2026-05-18 14:18:04.790 [com.alibaba.nacos.naming.failover.0] [none] DEBUG com.alibaba.nacos.client.naming - failover switch is not found, 00-00---000-VIPSRV_FAILOVER_SWITCH-000---00-00
2026-05-18 14:18:09.791 [com.alibaba.nacos.naming.failover.0] [none] DEBUG com.alibaba.nacos.client.naming - failover switch is not found, 00-00---000-VIPSRV_FAILOVER_SWITCH-000---00-00
2026-05-18 14:18:14.792 [com.alibaba.nacos.naming.failover.0] [none] DEBUG com.alibaba.nacos.client.naming - failover switch is not found, 00-00---000-VIPSRV_FAILOVER_SWITCH-000---00-00
2026-05-18 14:18:19.795 [com.alibaba.nacos.naming.failover.0] [none] DEBUG com.alibaba.nacos.client.naming - failover switch is not found, 00-00---000-VIPSRV_FAILOVER_SWITCH-000---00-00
2026-05-18 14:18:24.796 [com.alibaba.nacos.naming.failover.0] [none] DEBUG com.alibaba.nacos.client.naming - failover switch is not found, 00-00---000-VIPSRV_FAILOVER_SWITCH-000---00-00
2026-05-18 14:18:29.800 [com.alibaba.nacos.naming.failover.0] [none] DEBUG com.alibaba.nacos.client.naming - failover switch is not found, 00-00---000-VIPSRV_FAILOVER_SWITCH-000---00-00
2026-05-18 14:18:34.801 [com.alibaba.nacos.naming.failover.0] [none] DEBUG com.alibaba.nacos.client.naming - failover switch is not found, 00-00---000-VIPSRV_FAILOVER_SWITCH-000---00-00
2026-05-18 14:18:39.814 [com.alibaba.nacos.naming.failover.0] [none] DEBUG com.alibaba.nacos.client.naming - failover switch is not found, 00-00---000-VIPSRV_FAILOVER_SWITCH-000---00-00
2026-05-18 14:18:44.824 [com.alibaba.nacos.naming.failover.0] [none] DEBUG com.alibaba.nacos.client.naming - failover switch is not found, 00-00---000-VIPSRV_FAILOVER_SWITCH-000---00-00
2026-05-18 14:18:49.828 [com.alibaba.nacos.naming.failover.0] [none] DEBUG com.alibaba.nacos.client.naming - failover switch is not found, 00-00---000-VIPSRV_FAILOVER_SWITCH-000---00-00
2026-05-18 14:18:54.829 [com.alibaba.nacos.naming.failover.0] [none] DEBUG com.alibaba.nacos.client.naming - failover switch is not found, 00-00---000-VIPSRV_FAILOVER_SWITCH-000---00-00
2026-05-18 14:18:59.830 [com.alibaba.nacos.naming.failover.0] [none] DEBUG com.alibaba.nacos.client.naming - failover switch is not found, 00-00---000-VIPSRV_FAILOVER_SWITCH-000---00-00
2026-05-18 14:19:04.837 [com.alibaba.nacos.naming.failover.0] [none] DEBUG com.alibaba.nacos.client.naming - failover switch is not found, 00-00---000-VIPSRV_FAILOVER_SWITCH-000---00-00
2026-05-18 14:19:09.858 [com.alibaba.nacos.naming.failover.0] [none] DEBUG com.alibaba.nacos.client.naming - failover switch is not found, 00-00---000-VIPSRV_FAILOVER_SWITCH-000---00-00
2026-05-18 14:19:14.860 [com.alibaba.nacos.naming.failover.0] [none] DEBUG com.alibaba.nacos.client.naming - failover switch is not found, 00-00---000-VIPSRV_FAILOVER_SWITCH-000---00-00
2026-05-18 14:19:19.861 [com.alibaba.nacos.naming.failover.0] [none] DEBUG com.alibaba.nacos.client.naming - failover switch is not found, 00-00---000-VIPSRV_FAILOVER_SWITCH-000---00-00
2026-05-18 14:19:24.862 [com.alibaba.nacos.naming.failover.0] [none] DEBUG com.alibaba.nacos.client.naming - failover switch is not found, 00-00---000-VIPSRV_FAILOVER_SWITCH-000---00-00
2026-05-18 14:19:29.864 [com.alibaba.nacos.naming.failover.0] [none] DEBUG com.alibaba.nacos.client.naming - failover switch is not found, 00-00---000-VIPSRV_FAILOVER_SWITCH-000---00-00
2026-05-18 14:19:34.865 [com.alibaba.nacos.naming.failover.0] [none] DEBUG com.alibaba.nacos.client.naming - failover switch is not found, 00-00---000-VIPSRV_FAILOVER_SWITCH-000---00-00
2026-05-18 14:19:39.866 [com.alibaba.nacos.naming.failover.0] [none] DEBUG com.alibaba.nacos.client.naming - failover switch is not found, 00-00---000-VIPSRV_FAILOVER_SWITCH-000---00-00
2026-05-18 14:19:44.867 [com.alibaba.nacos.naming.failover.0] [none] DEBUG com.alibaba.nacos.client.naming - failover switch is not found, 00-00---000-VIPSRV_FAILOVER_SWITCH-000---00-00
2026-05-18 14:19:49.868 [com.alibaba.nacos.naming.failover.0] [none] DEBUG com.alibaba.nacos.client.naming - failover switch is not found, 00-00---000-VIPSRV_FAILOVER_SWITCH-000---00-00
2026-05-18 14:19:54.869 [com.alibaba.nacos.naming.failover.0] [none] DEBUG com.alibaba.nacos.client.naming - failover switch is not found, 00-00---000-VIPSRV_FAILOVER_SWITCH-000---00-00
2026-05-18 14:19:59.870 [com.alibaba.nacos.naming.failover.0] [none] DEBUG com.alibaba.nacos.client.naming - failover switch is not found, 00-00---000-VIPSRV_FAILOVER_SWITCH-000---00-00
2026-05-18 14:20:04.872 [com.alibaba.nacos.naming.failover.0] [none] DEBUG com.alibaba.nacos.client.naming - failover switch is not found, 00-00---000-VIPSRV_FAILOVER_SWITCH-000---00-00
2026-05-18 14:20:09.873 [com.alibaba.nacos.naming.failover.0] [none] DEBUG com.alibaba.nacos.client.naming - failover switch is not found, 00-00---000-VIPSRV_FAILOVER_SWITCH-000---00-00
2026-05-18 14:20:14.875 [com.alibaba.nacos.naming.failover.0] [none] DEBUG com.alibaba.nacos.client.naming - failover switch is not found, 00-00---000-VIPSRV_FAILOVER_SWITCH-000---00-00
2026-05-18 14:20:19.877 [com.alibaba.nacos.naming.failover.0] [none] DEBUG com.alibaba.nacos.client.naming - failover switch is not found, 00-00---000-VIPSRV_FAILOVER_SWITCH-000---00-00
2026-05-18 14:20:24.877 [com.alibaba.nacos.naming.failover.0] [none] DEBUG com.alibaba.nacos.client.naming - failover switch is not found, 00-00---000-VIPSRV_FAILOVER_SWITCH-000---00-00
2026-05-18 14:20:29.878 [com.alibaba.nacos.naming.failover.0] [none] DEBUG com.alibaba.nacos.client.naming - failover switch is not found, 00-00---000-VIPSRV_FAILOVER_SWITCH-000---00-00
2026-05-18 14:20:34.894 [com.alibaba.nacos.naming.failover.0] [none] DEBUG com.alibaba.nacos.client.naming - failover switch is not found, 00-00---000-VIPSRV_FAILOVER_SWITCH-000---00-00
2026-05-18 14:20:39.895 [com.alibaba.nacos.naming.failover.0] [none] DEBUG com.alibaba.nacos.client.naming - failover switch is not found, 00-00---000-VIPSRV_FAILOVER_SWITCH-000---00-00
2026-05-18 14:20:44.896 [com.alibaba.nacos.naming.failover.0] [none] DEBUG com.alibaba.nacos.client.naming - failover switch is not found, 00-00---000-VIPSRV_FAILOVER_SWITCH-000---00-00
2026-05-18 14:20:49.898 [com.alibaba.nacos.naming.failover.0] [none] DEBUG com.alibaba.nacos.client.naming - failover switch is not found, 00-00---000-VIPSRV_FAILOVER_SWITCH-000---00-00
2026-05-18 14:20:54.900 [com.alibaba.nacos.naming.failover.0] [none] DEBUG com.alibaba.nacos.client.naming - failover switch is not found, 00-00---000-VIPSRV_FAILOVER_SWITCH-000---00-00
2026-05-18 14:20:59.916 [com.alibaba.nacos.naming.failover.0] [none] DEBUG com.alibaba.nacos.client.naming - failover switch is not found, 00-00---000-VIPSRV_FAILOVER_SWITCH-000---00-00
2026-05-18 14:21:04.927 [com.alibaba.nacos.naming.failover.0] [none] DEBUG com.alibaba.nacos.client.naming - failover switch is not found, 00-00---000-VIPSRV_FAILOVER_SWITCH-000---00-00
2026-05-18 14:21:09.928 [com.alibaba.nacos.naming.failover.0] [none] DEBUG com.alibaba.nacos.client.naming - failover switch is not found, 00-00---000-VIPSRV_FAILOVER_SWITCH-000---00-00
2026-05-18 14:21:14.928 [com.alibaba.nacos.naming.failover.0] [none] DEBUG com.alibaba.nacos.client.naming - failover switch is not found, 00-00---000-VIPSRV_FAILOVER_SWITCH-000---00-00
2026-05-18 14:21:19.930 [com.alibaba.nacos.naming.failover.0] [none] DEBUG com.alibaba.nacos.client.naming - failover switch is not found, 00-00---000-VIPSRV_FAILOVER_SWITCH-000---00-00
2026-05-18 14:21:24.931 [com.alibaba.nacos.naming.failover.0] [none] DEBUG com.alibaba.nacos.client.naming - failover switch is not found, 00-00---000-VIPSRV_FAILOVER_SWITCH-000---00-00
2026-05-18 14:21:29.932 [com.alibaba.nacos.naming.failover.0] [none] DEBUG com.alibaba.nacos.client.naming - failover switch is not found, 00-00---000-VIPSRV_FAILOVER_SWITCH-000---00-00
2026-05-18 14:21:34.934 [com.alibaba.nacos.naming.failover.0] [none] DEBUG com.alibaba.nacos.client.naming - failover switch is not found, 00-00---000-VIPSRV_FAILOVER_SWITCH-000---00-00
2026-05-18 14:21:39.936 [com.alibaba.nacos.naming.failover.0] [none] DEBUG com.alibaba.nacos.client.naming - failover switch is not found, 00-00---000-VIPSRV_FAILOVER_SWITCH-000---00-00
2026-05-18 14:21:44.937 [com.alibaba.nacos.naming.failover.0] [none] DEBUG com.alibaba.nacos.client.naming - failover switch is not found, 00-00---000-VIPSRV_FAILOVER_SWITCH-000---00-00
2026-05-18 14:21:49.943 [com.alibaba.nacos.naming.failover.0] [none] DEBUG com.alibaba.nacos.client.naming - failover switch is not found, 00-00---000-VIPSRV_FAILOVER_SWITCH-000---00-00
2026-05-18 14:21:54.956 [com.alibaba.nacos.naming.failover.0] [none] DEBUG com.alibaba.nacos.client.naming - failover switch is not found, 00-00---000-VIPSRV_FAILOVER_SWITCH-000---00-00
2026-05-18 14:21:59.958 [com.alibaba.nacos.naming.failover.0] [none] DEBUG com.alibaba.nacos.client.naming - failover switch is not found, 00-00---000-VIPSRV_FAILOVER_SWITCH-000---00-00
2026-05-18 14:22:04.962 [com.alibaba.nacos.naming.failover.0] [none] DEBUG com.alibaba.nacos.client.naming - failover switch is not found, 00-00---000-VIPSRV_FAILOVER_SWITCH-000---00-00
2026-05-18 14:22:09.970 [com.alibaba.nacos.naming.failover.0] [none] DEBUG com.alibaba.nacos.client.naming - failover switch is not found, 00-00---000-VIPSRV_FAILOVER_SWITCH-000---00-00
2026-05-18 14:22:14.974 [com.alibaba.nacos.naming.failover.0] [none] DEBUG com.alibaba.nacos.client.naming - failover switch is not found, 00-00---000-VIPSRV_FAILOVER_SWITCH-000---00-00
2026-05-18 14:22:19.975 [com.alibaba.nacos.naming.failover.0] [none] DEBUG com.alibaba.nacos.client.naming - failover switch is not found, 00-00---000-VIPSRV_FAILOVER_SWITCH-000---00-00
2026-05-18 14:22:24.976 [com.alibaba.nacos.naming.failover.0] [none] DEBUG com.alibaba.nacos.client.naming - failover switch is not found, 00-00---000-VIPSRV_FAILOVER_SWITCH-000---00-00
2026-05-18 14:22:29.978 [com.alibaba.nacos.naming.failover.0] [none] DEBUG com.alibaba.nacos.client.naming - failover switch is not found, 00-00---000-VIPSRV_FAILOVER_SWITCH-000---00-00
2026-05-18 14:22:34.991 [com.alibaba.nacos.naming.failover.0] [none] DEBUG com.alibaba.nacos.client.naming - failover switch is not found, 00-00---000-VIPSRV_FAILOVER_SWITCH-000---00-00
2026-05-18 14:22:39.996 [com.alibaba.nacos.naming.failover.0] [none] DEBUG com.alibaba.nacos.client.naming - failover switch is not found, 00-00---000-VIPSRV_FAILOVER_SWITCH-000---00-00
2026-05-18 14:22:45.005 [com.alibaba.nacos.naming.failover.0] [none] DEBUG com.alibaba.nacos.client.naming - failover switch is not found, 00-00---000-VIPSRV_FAILOVER_SWITCH-000---00-00
2026-05-18 14:22:50.018 [com.alibaba.nacos.naming.failover.0] [none] DEBUG com.alibaba.nacos.client.naming - failover switch is not found, 00-00---000-VIPSRV_FAILOVER_SWITCH-000---00-00
2026-05-18 14:22:55.025 [com.alibaba.nacos.naming.failover.0] [none] DEBUG com.alibaba.nacos.client.naming - failover switch is not found, 00-00---000-VIPSRV_FAILOVER_SWITCH-000---00-00
2026-05-18 14:23:00.033 [com.alibaba.nacos.naming.failover.0] [none] DEBUG com.alibaba.nacos.client.naming - failover switch is not found, 00-00---000-VIPSRV_FAILOVER_SWITCH-000---00-00
2026-05-18 14:23:05.046 [com.alibaba.nacos.naming.failover.0] [none] DEBUG com.alibaba.nacos.client.naming - failover switch is not found, 00-00---000-VIPSRV_FAILOVER_SWITCH-000---00-00
2026-05-18 14:23:10.050 [com.alibaba.nacos.naming.failover.0] [none] DEBUG com.alibaba.nacos.client.naming - failover switch is not found, 00-00---000-VIPSRV_FAILOVER_SWITCH-000---00-00
2026-05-18 14:23:15.065 [com.alibaba.nacos.naming.failover.0] [none] DEBUG com.alibaba.nacos.client.naming - failover switch is not found, 00-00---000-VIPSRV_FAILOVER_SWITCH-000---00-00
2026-05-18 14:23:20.066 [com.alibaba.nacos.naming.failover.0] [none] DEBUG com.alibaba.nacos.client.naming - failover switch is not found, 00-00---000-VIPSRV_FAILOVER_SWITCH-000---00-00
2026-05-18 14:23:25.067 [com.alibaba.nacos.naming.failover.0] [none] DEBUG com.alibaba.nacos.client.naming - failover switch is not found, 00-00---000-VIPSRV_FAILOVER_SWITCH-000---00-00
2026-05-18 14:23:30.070 [com.alibaba.nacos.naming.failover.0] [none] DEBUG com.alibaba.nacos.client.naming - failover switch is not found, 00-00---000-VIPSRV_FAILOVER_SWITCH-000---00-00
2026-05-18 14:23:35.071 [com.alibaba.nacos.naming.failover.0] [none] DEBUG com.alibaba.nacos.client.naming - failover switch is not found, 00-00---000-VIPSRV_FAILOVER_SWITCH-000---00-00
2026-05-18 14:23:40.071 [com.alibaba.nacos.naming.failover.0] [none] DEBUG com.alibaba.nacos.client.naming - failover switch is not found, 00-00---000-VIPSRV_FAILOVER_SWITCH-000---00-00
2026-05-18 14:23:45.074 [com.alibaba.nacos.naming.failover.0] [none] DEBUG com.alibaba.nacos.client.naming - failover switch is not found, 00-00---000-VIPSRV_FAILOVER_SWITCH-000---00-00
2026-05-18 14:23:50.075 [com.alibaba.nacos.naming.failover.0] [none] DEBUG com.alibaba.nacos.client.naming - failover switch is not found, 00-00---000-VIPSRV_FAILOVER_SWITCH-000---00-00
2026-05-18 14:23:55.076 [com.alibaba.nacos.naming.failover.0] [none] DEBUG com.alibaba.nacos.client.naming - failover switch is not found, 00-00---000-VIPSRV_FAILOVER_SWITCH-000---00-00
2026-05-18 14:24:00.078 [com.alibaba.nacos.naming.failover.0] [none] DEBUG com.alibaba.nacos.client.naming - failover switch is not found, 00-00---000-VIPSRV_FAILOVER_SWITCH-000---00-00
2026-05-18 14:24:05.080 [com.alibaba.nacos.naming.failover.0] [none] DEBUG com.alibaba.nacos.client.naming - failover switch is not found, 00-00---000-VIPSRV_FAILOVER_SWITCH-000---00-00
2026-05-18 14:24:10.081 [com.alibaba.nacos.naming.failover.0] [none] DEBUG com.alibaba.nacos.client.naming - failover switch is not found, 00-00---000-VIPSRV_FAILOVER_SWITCH-000---00-00
2026-05-18 14:24:15.081 [com.alibaba.nacos.naming.failover.0] [none] DEBUG com.alibaba.nacos.client.naming - failover switch is not found, 00-00---000-VIPSRV_FAILOVER_SWITCH-000---00-00
2026-05-18 14:24:20.083 [com.alibaba.nacos.naming.failover.0] [none] DEBUG com.alibaba.nacos.client.naming - failover switch is not found, 00-00---000-VIPSRV_FAILOVER_SWITCH-000---00-00
2026-05-18 14:24:25.085 [com.alibaba.nacos.naming.failover.0] [none] DEBUG com.alibaba.nacos.client.naming - failover switch is not found, 00-00---000-VIPSRV_FAILOVER_SWITCH-000---00-00
2026-05-18 14:24:30.087 [com.alibaba.nacos.naming.failover.0] [none] DEBUG com.alibaba.nacos.client.naming - failover switch is not found, 00-00---000-VIPSRV_FAILOVER_SWITCH-000---00-00
2026-05-18 14:24:35.088 [com.alibaba.nacos.naming.failover.0] [none] DEBUG com.alibaba.nacos.client.naming - failover switch is not found, 00-00---000-VIPSRV_FAILOVER_SWITCH-000---00-00
2026-05-18 14:24:40.091 [com.alibaba.nacos.naming.failover.0] [none] DEBUG com.alibaba.nacos.client.naming - failover switch is not found, 00-00---000-VIPSRV_FAILOVER_SWITCH-000---00-00
2026-05-18 14:24:45.092 [com.alibaba.nacos.naming.failover.0] [none] DEBUG com.alibaba.nacos.client.naming - failover switch is not found, 00-00---000-VIPSRV_FAILOVER_SWITCH-000---00-00
2026-05-18 14:24:50.093 [com.alibaba.nacos.naming.failover.0] [none] DEBUG com.alibaba.nacos.client.naming - failover switch is not found, 00-00---000-VIPSRV_FAILOVER_SWITCH-000---00-00
2026-05-18 14:24:55.095 [com.alibaba.nacos.naming.failover.0] [none] DEBUG com.alibaba.nacos.client.naming - failover switch is not found, 00-00---000-VIPSRV_FAILOVER_SWITCH-000---00-00
2026-05-18 14:25:00.096 [com.alibaba.nacos.naming.failover.0] [none] DEBUG com.alibaba.nacos.client.naming - failover switch is not found, 00-00---000-VIPSRV_FAILOVER_SWITCH-000---00-00
2026-05-18 14:25:05.096 [com.alibaba.nacos.naming.failover.0] [none] DEBUG com.alibaba.nacos.client.naming - failover switch is not found, 00-00---000-VIPSRV_FAILOVER_SWITCH-000---00-00
2026-05-18 14:25:10.097 [com.alibaba.nacos.naming.failover.0] [none] DEBUG com.alibaba.nacos.client.naming - failover switch is not found, 00-00---000-VIPSRV_FAILOVER_SWITCH-000---00-00
2026-05-18 14:25:15.098 [com.alibaba.nacos.naming.failover.0] [none] DEBUG com.alibaba.nacos.client.naming - failover switch is not found, 00-00---000-VIPSRV_FAILOVER_SWITCH-000---00-00
2026-05-18 14:25:20.100 [com.alibaba.nacos.naming.failover.0] [none] DEBUG com.alibaba.nacos.client.naming - failover switch is not found, 00-00---000-VIPSRV_FAILOVER_SWITCH-000---00-00
2026-05-18 14:25:25.101 [com.alibaba.nacos.naming.failover.0] [none] DEBUG com.alibaba.nacos.client.naming - failover switch is not found, 00-00---000-VIPSRV_FAILOVER_SWITCH-000---00-00
2026-05-18 14:25:30.102 [com.alibaba.nacos.naming.failover.0] [none] DEBUG com.alibaba.nacos.client.naming - failover switch is not found, 00-00---000-VIPSRV_FAILOVER_SWITCH-000---00-00
2026-05-18 14:25:35.103 [com.alibaba.nacos.naming.failover.0] [none] DEBUG com.alibaba.nacos.client.naming - failover switch is not found, 00-00---000-VIPSRV_FAILOVER_SWITCH-000---00-00
2026-05-18 14:25:40.103 [com.alibaba.nacos.naming.failover.0] [none] DEBUG com.alibaba.nacos.client.naming - failover switch is not found, 00-00---000-VIPSRV_FAILOVER_SWITCH-000---00-00
2026-05-18 14:25:45.105 [com.alibaba.nacos.naming.failover.0] [none] DEBUG com.alibaba.nacos.client.naming - failover switch is not found, 00-00---000-VIPSRV_FAILOVER_SWITCH-000---00-00
2026-05-18 14:25:50.106 [com.alibaba.nacos.naming.failover.0] [none] DEBUG com.alibaba.nacos.client.naming - failover switch is not found, 00-00---000-VIPSRV_FAILOVER_SWITCH-000---00-00
2026-05-18 14:25:55.107 [com.alibaba.nacos.naming.failover.0] [none] DEBUG com.alibaba.nacos.client.naming - failover switch is not found, 00-00---000-VIPSRV_FAILOVER_SWITCH-000---00-00
2026-05-18 14:26:00.109 [com.alibaba.nacos.naming.failover.0] [none] DEBUG com.alibaba.nacos.client.naming - failover switch is not found, 00-00---000-VIPSRV_FAILOVER_SWITCH-000---00-00
2026-05-18 14:26:05.110 [com.alibaba.nacos.naming.failover.0] [none] DEBUG com.alibaba.nacos.client.naming - failover switch is not found, 00-00---000-VIPSRV_FAILOVER_SWITCH-000---00-00
2026-05-18 14:26:10.111 [com.alibaba.nacos.naming.failover.0] [none] DEBUG com.alibaba.nacos.client.naming - failover switch is not found, 00-00---000-VIPSRV_FAILOVER_SWITCH-000---00-00
2026-05-18 14:26:15.113 [com.alibaba.nacos.naming.failover.0] [none] DEBUG com.alibaba.nacos.client.naming - failover switch is not found, 00-00---000-VIPSRV_FAILOVER_SWITCH-000---00-00
2026-05-18 14:26:20.115 [com.alibaba.nacos.naming.failover.0] [none] DEBUG com.alibaba.nacos.client.naming - failover switch is not found, 00-00---000-VIPSRV_FAILOVER_SWITCH-000---00-00
2026-05-18 14:26:25.116 [com.alibaba.nacos.naming.failover.0] [none] DEBUG com.alibaba.nacos.client.naming - failover switch is not found, 00-00---000-VIPSRV_FAILOVER_SWITCH-000---00-00
2026-05-18 14:26:30.159 [com.alibaba.nacos.naming.failover.0] [none] DEBUG com.alibaba.nacos.client.naming - failover switch is not found, 00-00---000-VIPSRV_FAILOVER_SWITCH-000---00-00
2026-05-18 14:26:35.161 [com.alibaba.nacos.naming.failover.0] [none] DEBUG com.alibaba.nacos.client.naming - failover switch is not found, 00-00---000-VIPSRV_FAILOVER_SWITCH-000---00-00
2026-05-18 14:26:40.162 [com.alibaba.nacos.naming.failover.0] [none] DEBUG com.alibaba.nacos.client.naming - failover switch is not found, 00-00---000-VIPSRV_FAILOVER_SWITCH-000---00-00
2026-05-18 14:26:45.163 [com.alibaba.nacos.naming.failover.0] [none] DEBUG com.alibaba.nacos.client.naming - failover switch is not found, 00-00---000-VIPSRV_FAILOVER_SWITCH-000---00-00
2026-05-18 14:26:50.164 [com.alibaba.nacos.naming.failover.0] [none] DEBUG com.alibaba.nacos.client.naming - failover switch is not found, 00-00---000-VIPSRV_FAILOVER_SWITCH-000---00-00
2026-05-18 14:26:55.166 [com.alibaba.nacos.naming.failover.0] [none] DEBUG com.alibaba.nacos.client.naming - failover switch is not found, 00-00---000-VIPSRV_FAILOVER_SWITCH-000---00-00
2026-05-18 14:27:00.167 [com.alibaba.nacos.naming.failover.0] [none] DEBUG com.alibaba.nacos.client.naming - failover switch is not found, 00-00---000-VIPSRV_FAILOVER_SWITCH-000---00-00
2026-05-18 14:27:05.168 [com.alibaba.nacos.naming.failover.0] [none] DEBUG com.alibaba.nacos.client.naming - failover switch is not found, 00-00---000-VIPSRV_FAILOVER_SWITCH-000---00-00
2026-05-18 14:27:10.176 [com.alibaba.nacos.naming.failover.0] [none] DEBUG com.alibaba.nacos.client.naming - failover switch is not found, 00-00---000-VIPSRV_FAILOVER_SWITCH-000---00-00
2026-05-18 14:27:15.178 [com.alibaba.nacos.naming.failover.0] [none] DEBUG com.alibaba.nacos.client.naming - failover switch is not found, 00-00---000-VIPSRV_FAILOVER_SWITCH-000---00-00
2026-05-18 14:27:20.183 [com.alibaba.nacos.naming.failover.0] [none] DEBUG com.alibaba.nacos.client.naming - failover switch is not found, 00-00---000-VIPSRV_FAILOVER_SWITCH-000---00-00
2026-05-18 14:27:25.198 [com.alibaba.nacos.naming.failover.0] [none] DEBUG com.alibaba.nacos.client.naming - failover switch is not found, 00-00---000-VIPSRV_FAILOVER_SWITCH-000---00-00
2026-05-18 14:27:30.208 [com.alibaba.nacos.naming.failover.0] [none] DEBUG com.alibaba.nacos.client.naming - failover switch is not found, 00-00---000-VIPSRV_FAILOVER_SWITCH-000---00-00
2026-05-18 14:27:35.222 [com.alibaba.nacos.naming.failover.0] [none] DEBUG com.alibaba.nacos.client.naming - failover switch is not found, 00-00---000-VIPSRV_FAILOVER_SWITCH-000---00-00
2026-05-18 14:27:40.225 [com.alibaba.nacos.naming.failover.0] [none] DEBUG com.alibaba.nacos.client.naming - failover switch is not found, 00-00---000-VIPSRV_FAILOVER_SWITCH-000---00-00
2026-05-18 14:27:45.237 [com.alibaba.nacos.naming.failover.0] [none] DEBUG com.alibaba.nacos.client.naming - failover switch is not found, 00-00---000-VIPSRV_FAILOVER_SWITCH-000---00-00
2026-05-18 14:27:50.247 [com.alibaba.nacos.naming.failover.0] [none] DEBUG com.alibaba.nacos.client.naming - failover switch is not found, 00-00---000-VIPSRV_FAILOVER_SWITCH-000---00-00
2026-05-18 14:27:55.249 [com.alibaba.nacos.naming.failover.0] [none] DEBUG com.alibaba.nacos.client.naming - failover switch is not found, 00-00---000-VIPSRV_FAILOVER_SWITCH-000---00-00
2026-05-18 14:28:00.254 [com.alibaba.nacos.naming.failover.0] [none] DEBUG com.alibaba.nacos.client.naming - failover switch is not found, 00-00---000-VIPSRV_FAILOVER_SWITCH-000---00-00
2026-05-18 14:28:05.256 [com.alibaba.nacos.naming.failover.0] [none] DEBUG com.alibaba.nacos.client.naming - failover switch is not found, 00-00---000-VIPSRV_FAILOVER_SWITCH-000---00-00
2026-05-18 14:28:10.263 [com.alibaba.nacos.naming.failover.0] [none] DEBUG com.alibaba.nacos.client.naming - failover switch is not found, 00-00---000-VIPSRV_FAILOVER_SWITCH-000---00-00
2026-05-18 14:28:15.274 [com.alibaba.nacos.naming.failover.0] [none] DEBUG com.alibaba.nacos.client.naming - failover switch is not found, 00-00---000-VIPSRV_FAILOVER_SWITCH-000---00-00
2026-05-18 14:28:20.284 [com.alibaba.nacos.naming.failover.0] [none] DEBUG com.alibaba.nacos.client.naming - failover switch is not found, 00-00---000-VIPSRV_FAILOVER_SWITCH-000---00-00
2026-05-18 14:28:25.290 [com.alibaba.nacos.naming.failover.0] [none] DEBUG com.alibaba.nacos.client.naming - failover switch is not found, 00-00---000-VIPSRV_FAILOVER_SWITCH-000---00-00
2026-05-18 14:28:30.298 [com.alibaba.nacos.naming.failover.0] [none] DEBUG com.alibaba.nacos.client.naming - failover switch is not found, 00-00---000-VIPSRV_FAILOVER_SWITCH-000---00-00
2026-05-18 14:28:35.309 [com.alibaba.nacos.naming.failover.0] [none] DEBUG com.alibaba.nacos.client.naming - failover switch is not found, 00-00---000-VIPSRV_FAILOVER_SWITCH-000---00-00
2026-05-18 14:28:40.313 [com.alibaba.nacos.naming.failover.0] [none] DEBUG com.alibaba.nacos.client.naming - failover switch is not found, 00-00---000-VIPSRV_FAILOVER_SWITCH-000---00-00
2026-05-18 14:28:45.319 [com.alibaba.nacos.naming.failover.0] [none] DEBUG com.alibaba.nacos.client.naming - failover switch is not found, 00-00---000-VIPSRV_FAILOVER_SWITCH-000---00-00
2026-05-18 14:28:50.332 [com.alibaba.nacos.naming.failover.0] [none] DEBUG com.alibaba.nacos.client.naming - failover switch is not found, 00-00---000-VIPSRV_FAILOVER_SWITCH-000---00-00
2026-05-18 14:28:55.337 [com.alibaba.nacos.naming.failover.0] [none] DEBUG com.alibaba.nacos.client.naming - failover switch is not found, 00-00---000-VIPSRV_FAILOVER_SWITCH-000---00-00
2026-05-18 14:29:00.348 [com.alibaba.nacos.naming.failover.0] [none] DEBUG com.alibaba.nacos.client.naming - failover switch is not found, 00-00---000-VIPSRV_FAILOVER_SWITCH-000---00-00
2026-05-18 14:29:05.359 [com.alibaba.nacos.naming.failover.0] [none] DEBUG com.alibaba.nacos.client.naming - failover switch is not found, 00-00---000-VIPSRV_FAILOVER_SWITCH-000---00-00
2026-05-18 14:29:10.370 [com.alibaba.nacos.naming.failover.0] [none] DEBUG com.alibaba.nacos.client.naming - failover switch is not found, 00-00---000-VIPSRV_FAILOVER_SWITCH-000---00-00
2026-05-18 14:29:15.379 [com.alibaba.nacos.naming.failover.0] [none] DEBUG com.alibaba.nacos.client.naming - failover switch is not found, 00-00---000-VIPSRV_FAILOVER_SWITCH-000---00-00
2026-05-18 14:29:20.394 [com.alibaba.nacos.naming.failover.0] [none] DEBUG com.alibaba.nacos.client.naming - failover switch is not found, 00-00---000-VIPSRV_FAILOVER_SWITCH-000---00-00
2026-05-18 14:29:25.394 [com.alibaba.nacos.naming.failover.0] [none] DEBUG com.alibaba.nacos.client.naming - failover switch is not found, 00-00---000-VIPSRV_FAILOVER_SWITCH-000---00-00
2026-05-18 14:29:30.398 [com.alibaba.nacos.naming.failover.0] [none] DEBUG com.alibaba.nacos.client.naming - failover switch is not found, 00-00---000-VIPSRV_FAILOVER_SWITCH-000---00-00
2026-05-18 14:29:35.407 [com.alibaba.nacos.naming.failover.0] [none] DEBUG com.alibaba.nacos.client.naming - failover switch is not found, 00-00---000-VIPSRV_FAILOVER_SWITCH-000---00-00
2026-05-18 14:29:40.413 [com.alibaba.nacos.naming.failover.0] [none] DEBUG com.alibaba.nacos.client.naming - failover switch is not found, 00-00---000-VIPSRV_FAILOVER_SWITCH-000---00-00
2026-05-18 14:29:45.425 [com.alibaba.nacos.naming.failover.0] [none] DEBUG com.alibaba.nacos.client.naming - failover switch is not found, 00-00---000-VIPSRV_FAILOVER_SWITCH-000---00-00
2026-05-18 14:29:50.430 [com.alibaba.nacos.naming.failover.0] [none] DEBUG com.alibaba.nacos.client.naming - failover switch is not found, 00-00---000-VIPSRV_FAILOVER_SWITCH-000---00-00
2026-05-18 14:29:55.433 [com.alibaba.nacos.naming.failover.0] [none] DEBUG com.alibaba.nacos.client.naming - failover switch is not found, 00-00---000-VIPSRV_FAILOVER_SWITCH-000---00-00
2026-05-18 14:30:00.446 [com.alibaba.nacos.naming.failover.0] [none] DEBUG com.alibaba.nacos.client.naming - failover switch is not found, 00-00---000-VIPSRV_FAILOVER_SWITCH-000---00-00
2026-05-18 14:30:05.459 [com.alibaba.nacos.naming.failover.0] [none] DEBUG com.alibaba.nacos.client.naming - failover switch is not found, 00-00---000-VIPSRV_FAILOVER_SWITCH-000---00-00
2026-05-18 14:30:10.464 [com.alibaba.nacos.naming.failover.0] [none] DEBUG com.alibaba.nacos.client.naming - failover switch is not found, 00-00---000-VIPSRV_FAILOVER_SWITCH-000---00-00
2026-05-18 14:30:15.476 [com.alibaba.nacos.naming.failover.0] [none] DEBUG com.alibaba.nacos.client.naming - failover switch is not found, 00-00---000-VIPSRV_FAILOVER_SWITCH-000---00-00
2026-05-18 14:30:20.485 [com.alibaba.nacos.naming.failover.0] [none] DEBUG com.alibaba.nacos.client.naming - failover switch is not found, 00-00---000-VIPSRV_FAILOVER_SWITCH-000---00-00
2026-05-18 14:30:25.488 [com.alibaba.nacos.naming.failover.0] [none] DEBUG com.alibaba.nacos.client.naming - failover switch is not found, 00-00---000-VIPSRV_FAILOVER_SWITCH-000---00-00
2026-05-18 14:30:30.494 [com.alibaba.nacos.naming.failover.0] [none] DEBUG com.alibaba.nacos.client.naming - failover switch is not found, 00-00---000-VIPSRV_FAILOVER_SWITCH-000---00-00
2026-05-18 14:30:35.503 [com.alibaba.nacos.naming.failover.0] [none] DEBUG com.alibaba.nacos.client.naming - failover switch is not found, 00-00---000-VIPSRV_FAILOVER_SWITCH-000---00-00
2026-05-18 14:30:40.518 [com.alibaba.nacos.naming.failover.0] [none] DEBUG com.alibaba.nacos.client.naming - failover switch is not found, 00-00---000-VIPSRV_FAILOVER_SWITCH-000---00-00
2026-05-18 14:30:45.518 [com.alibaba.nacos.naming.failover.0] [none] DEBUG com.alibaba.nacos.client.naming - failover switch is not found, 00-00---000-VIPSRV_FAILOVER_SWITCH-000---00-00
2026-05-18 14:30:50.523 [com.alibaba.nacos.naming.failover.0] [none] DEBUG com.alibaba.nacos.client.naming - failover switch is not found, 00-00---000-VIPSRV_FAILOVER_SWITCH-000---00-00
2026-05-18 14:30:55.530 [com.alibaba.nacos.naming.failover.0] [none] DEBUG com.alibaba.nacos.client.naming - failover switch is not found, 00-00---000-VIPSRV_FAILOVER_SWITCH-000---00-00
2026-05-18 14:31:00.550 [com.alibaba.nacos.naming.failover.0] [none] DEBUG com.alibaba.nacos.client.naming - failover switch is not found, 00-00---000-VIPSRV_FAILOVER_SWITCH-000---00-00
2026-05-18 14:31:05.555 [com.alibaba.nacos.naming.failover.0] [none] DEBUG com.alibaba.nacos.client.naming - failover switch is not found, 00-00---000-VIPSRV_FAILOVER_SWITCH-000---00-00
2026-05-18 14:31:10.566 [com.alibaba.nacos.naming.failover.0] [none] DEBUG com.alibaba.nacos.client.naming - failover switch is not found, 00-00---000-VIPSRV_FAILOVER_SWITCH-000---00-00
2026-05-18 14:31:15.579 [com.alibaba.nacos.naming.failover.0] [none] DEBUG com.alibaba.nacos.client.naming - failover switch is not found, 00-00---000-VIPSRV_FAILOVER_SWITCH-000---00-00
2026-05-18 14:31:20.585 [com.alibaba.nacos.naming.failover.0] [none] DEBUG com.alibaba.nacos.client.naming - failover switch is not found, 00-00---000-VIPSRV_FAILOVER_SWITCH-000---00-00
2026-05-18 14:31:25.586 [com.alibaba.nacos.naming.failover.0] [none] DEBUG com.alibaba.nacos.client.naming - failover switch is not found, 00-00---000-VIPSRV_FAILOVER_SWITCH-000---00-00
2026-05-18 14:31:30.591 [com.alibaba.nacos.naming.failover.0] [none] DEBUG com.alibaba.nacos.client.naming - failover switch is not found, 00-00---000-VIPSRV_FAILOVER_SWITCH-000---00-00
2026-05-18 14:31:35.595 [com.alibaba.nacos.naming.failover.0] [none] DEBUG com.alibaba.nacos.client.naming - failover switch is not found, 00-00---000-VIPSRV_FAILOVER_SWITCH-000---00-00
2026-05-18 14:31:40.611 [com.alibaba.nacos.naming.failover.0] [none] DEBUG com.alibaba.nacos.client.naming - failover switch is not found, 00-00---000-VIPSRV_FAILOVER_SWITCH-000---00-00
2026-05-18 14:31:45.620 [com.alibaba.nacos.naming.failover.0] [none] DEBUG com.alibaba.nacos.client.naming - failover switch is not found, 00-00---000-VIPSRV_FAILOVER_SWITCH-000---00-00
2026-05-18 14:31:50.621 [com.alibaba.nacos.naming.failover.0] [none] DEBUG com.alibaba.nacos.client.naming - failover switch is not found, 00-00---000-VIPSRV_FAILOVER_SWITCH-000---00-00
2026-05-18 14:31:55.634 [com.alibaba.nacos.naming.failover.0] [none] DEBUG com.alibaba.nacos.client.naming - failover switch is not found, 00-00---000-VIPSRV_FAILOVER_SWITCH-000---00-00
2026-05-18 14:32:00.636 [com.alibaba.nacos.naming.failover.0] [none] DEBUG com.alibaba.nacos.client.naming - failover switch is not found, 00-00---000-VIPSRV_FAILOVER_SWITCH-000---00-00
2026-05-18 14:32:05.642 [com.alibaba.nacos.naming.failover.0] [none] DEBUG com.alibaba.nacos.client.naming - failover switch is not found, 00-00---000-VIPSRV_FAILOVER_SWITCH-000---00-00
2026-05-18 14:32:10.643 [com.alibaba.nacos.naming.failover.0] [none] DEBUG com.alibaba.nacos.client.naming - failover switch is not found, 00-00---000-VIPSRV_FAILOVER_SWITCH-000---00-00
2026-05-18 14:32:15.654 [com.alibaba.nacos.naming.failover.0] [none] DEBUG com.alibaba.nacos.client.naming - failover switch is not found, 00-00---000-VIPSRV_FAILOVER_SWITCH-000---00-00
2026-05-18 14:32:20.666 [com.alibaba.nacos.naming.failover.0] [none] DEBUG com.alibaba.nacos.client.naming - failover switch is not found, 00-00---000-VIPSRV_FAILOVER_SWITCH-000---00-00
2026-05-18 14:32:25.675 [com.alibaba.nacos.naming.failover.0] [none] DEBUG com.alibaba.nacos.client.naming - failover switch is not found, 00-00---000-VIPSRV_FAILOVER_SWITCH-000---00-00
2026-05-18 14:32:30.680 [com.alibaba.nacos.naming.failover.0] [none] DEBUG com.alibaba.nacos.client.naming - failover switch is not found, 00-00---000-VIPSRV_FAILOVER_SWITCH-000---00-00
2026-05-18 14:32:35.689 [com.alibaba.nacos.naming.failover.0] [none] DEBUG com.alibaba.nacos.client.naming - failover switch is not found, 00-00---000-VIPSRV_FAILOVER_SWITCH-000---00-00
2026-05-18 14:32:40.699 [com.alibaba.nacos.naming.failover.0] [none] DEBUG com.alibaba.nacos.client.naming - failover switch is not found, 00-00---000-VIPSRV_FAILOVER_SWITCH-000---00-00
2026-05-18 14:32:45.707 [com.alibaba.nacos.naming.failover.0] [none] DEBUG com.alibaba.nacos.client.naming - failover switch is not found, 00-00---000-VIPSRV_FAILOVER_SWITCH-000---00-00
2026-05-18 14:32:50.719 [com.alibaba.nacos.naming.failover.0] [none] DEBUG com.alibaba.nacos.client.naming - failover switch is not found, 00-00---000-VIPSRV_FAILOVER_SWITCH-000---00-00
2026-05-18 14:32:55.721 [com.alibaba.nacos.naming.failover.0] [none] DEBUG com.alibaba.nacos.client.naming - failover switch is not found, 00-00---000-VIPSRV_FAILOVER_SWITCH-000---00-00
2026-05-18 14:33:00.738 [com.alibaba.nacos.naming.failover.0] [none] DEBUG com.alibaba.nacos.client.naming - failover switch is not found, 00-00---000-VIPSRV_FAILOVER_SWITCH-000---00-00
2026-05-18 14:33:05.745 [com.alibaba.nacos.naming.failover.0] [none] DEBUG com.alibaba.nacos.client.naming - failover switch is not found, 00-00---000-VIPSRV_FAILOVER_SWITCH-000---00-00
2026-05-18 14:33:10.745 [com.alibaba.nacos.naming.failover.0] [none] DEBUG com.alibaba.nacos.client.naming - failover switch is not found, 00-00---000-VIPSRV_FAILOVER_SWITCH-000---00-00
2026-05-18 14:33:15.758 [com.alibaba.nacos.naming.failover.0] [none] DEBUG com.alibaba.nacos.client.naming - failover switch is not found, 00-00---000-VIPSRV_FAILOVER_SWITCH-000---00-00
2026-05-18 14:33:20.772 [com.alibaba.nacos.naming.failover.0] [none] DEBUG com.alibaba.nacos.client.naming - failover switch is not found, 00-00---000-VIPSRV_FAILOVER_SWITCH-000---00-00
2026-05-18 14:33:25.782 [com.alibaba.nacos.naming.failover.0] [none] DEBUG com.alibaba.nacos.client.naming - failover switch is not found, 00-00---000-VIPSRV_FAILOVER_SWITCH-000---00-00
2026-05-18 14:33:30.788 [com.alibaba.nacos.naming.failover.0] [none] DEBUG com.alibaba.nacos.client.naming - failover switch is not found, 00-00---000-VIPSRV_FAILOVER_SWITCH-000---00-00
2026-05-18 14:33:35.796 [com.alibaba.nacos.naming.failover.0] [none] DEBUG com.alibaba.nacos.client.naming - failover switch is not found, 00-00---000-VIPSRV_FAILOVER_SWITCH-000---00-00
2026-05-18 14:33:40.810 [com.alibaba.nacos.naming.failover.0] [none] DEBUG com.alibaba.nacos.client.naming - failover switch is not found, 00-00---000-VIPSRV_FAILOVER_SWITCH-000---00-00
2026-05-18 14:33:45.821 [com.alibaba.nacos.naming.failover.0] [none] DEBUG com.alibaba.nacos.client.naming - failover switch is not found, 00-00---000-VIPSRV_FAILOVER_SWITCH-000---00-00
2026-05-18 14:33:50.823 [com.alibaba.nacos.naming.failover.0] [none] DEBUG com.alibaba.nacos.client.naming - failover switch is not found, 00-00---000-VIPSRV_FAILOVER_SWITCH-000---00-00
2026-05-18 14:33:55.835 [com.alibaba.nacos.naming.failover.0] [none] DEBUG com.alibaba.nacos.client.naming - failover switch is not found, 00-00---000-VIPSRV_FAILOVER_SWITCH-000---00-00
2026-05-18 14:34:00.845 [com.alibaba.nacos.naming.failover.0] [none] DEBUG com.alibaba.nacos.client.naming - failover switch is not found, 00-00---000-VIPSRV_FAILOVER_SWITCH-000---00-00
2026-05-18 14:34:05.848 [com.alibaba.nacos.naming.failover.0] [none] DEBUG com.alibaba.nacos.client.naming - failover switch is not found, 00-00---000-VIPSRV_FAILOVER_SWITCH-000---00-00
2026-05-18 14:34:10.853 [com.alibaba.nacos.naming.failover.0] [none] DEBUG com.alibaba.nacos.client.naming - failover switch is not found, 00-00---000-VIPSRV_FAILOVER_SWITCH-000---00-00
2026-05-18 14:34:15.862 [com.alibaba.nacos.naming.failover.0] [none] DEBUG com.alibaba.nacos.client.naming - failover switch is not found, 00-00---000-VIPSRV_FAILOVER_SWITCH-000---00-00
2026-05-18 14:34:20.871 [com.alibaba.nacos.naming.failover.0] [none] DEBUG com.alibaba.nacos.client.naming - failover switch is not found, 00-00---000-VIPSRV_FAILOVER_SWITCH-000---00-00
2026-05-18 14:34:25.884 [com.alibaba.nacos.naming.failover.0] [none] DEBUG com.alibaba.nacos.client.naming - failover switch is not found, 00-00---000-VIPSRV_FAILOVER_SWITCH-000---00-00
2026-05-18 14:34:30.885 [com.alibaba.nacos.naming.failover.0] [none] DEBUG com.alibaba.nacos.client.naming - failover switch is not found, 00-00---000-VIPSRV_FAILOVER_SWITCH-000---00-00
2026-05-18 14:34:35.899 [com.alibaba.nacos.naming.failover.0] [none] DEBUG com.alibaba.nacos.client.naming - failover switch is not found, 00-00---000-VIPSRV_FAILOVER_SWITCH-000---00-00
2026-05-18 14:34:40.905 [com.alibaba.nacos.naming.failover.0] [none] DEBUG com.alibaba.nacos.client.naming - failover switch is not found, 00-00---000-VIPSRV_FAILOVER_SWITCH-000---00-00
2026-05-18 14:34:45.914 [com.alibaba.nacos.naming.failover.0] [none] DEBUG com.alibaba.nacos.client.naming - failover switch is not found, 00-00---000-VIPSRV_FAILOVER_SWITCH-000---00-00
2026-05-18 14:34:50.925 [com.alibaba.nacos.naming.failover.0] [none] DEBUG com.alibaba.nacos.client.naming - failover switch is not found, 00-00---000-VIPSRV_FAILOVER_SWITCH-000---00-00
2026-05-18 14:34:55.932 [com.alibaba.nacos.naming.failover.0] [none] DEBUG com.alibaba.nacos.client.naming - failover switch is not found, 00-00---000-VIPSRV_FAILOVER_SWITCH-000---00-00
2026-05-18 14:35:00.939 [com.alibaba.nacos.naming.failover.0] [none] DEBUG com.alibaba.nacos.client.naming - failover switch is not found, 00-00---000-VIPSRV_FAILOVER_SWITCH-000---00-00
2026-05-18 14:35:05.955 [com.alibaba.nacos.naming.failover.0] [none] DEBUG com.alibaba.nacos.client.naming - failover switch is not found, 00-00---000-VIPSRV_FAILOVER_SWITCH-000---00-00
2026-05-18 14:35:10.969 [com.alibaba.nacos.naming.failover.0] [none] DEBUG com.alibaba.nacos.client.naming - failover switch is not found, 00-00---000-VIPSRV_FAILOVER_SWITCH-000---00-00
2026-05-18 14:35:15.978 [com.alibaba.nacos.naming.failover.0] [none] DEBUG com.alibaba.nacos.client.naming - failover switch is not found, 00-00---000-VIPSRV_FAILOVER_SWITCH-000---00-00
2026-05-18 14:35:20.993 [com.alibaba.nacos.naming.failover.0] [none] DEBUG com.alibaba.nacos.client.naming - failover switch is not found, 00-00---000-VIPSRV_FAILOVER_SWITCH-000---00-00
2026-05-18 14:35:26.004 [com.alibaba.nacos.naming.failover.0] [none] DEBUG com.alibaba.nacos.client.naming - failover switch is not found, 00-00---000-VIPSRV_FAILOVER_SWITCH-000---00-00
2026-05-18 14:35:31.007 [com.alibaba.nacos.naming.failover.0] [none] DEBUG com.alibaba.nacos.client.naming - failover switch is not found, 00-00---000-VIPSRV_FAILOVER_SWITCH-000---00-00
2026-05-18 14:35:36.010 [com.alibaba.nacos.naming.failover.0] [none] DEBUG com.alibaba.nacos.client.naming - failover switch is not found, 00-00---000-VIPSRV_FAILOVER_SWITCH-000---00-00
2026-05-18 14:35:41.025 [com.alibaba.nacos.naming.failover.0] [none] DEBUG com.alibaba.nacos.client.naming - failover switch is not found, 00-00---000-VIPSRV_FAILOVER_SWITCH-000---00-00
2026-05-18 14:35:46.030 [com.alibaba.nacos.naming.failover.0] [none] DEBUG com.alibaba.nacos.client.naming - failover switch is not found, 00-00---000-VIPSRV_FAILOVER_SWITCH-000---00-00
2026-05-18 14:35:51.043 [com.alibaba.nacos.naming.failover.0] [none] DEBUG com.alibaba.nacos.client.naming - failover switch is not found, 00-00---000-VIPSRV_FAILOVER_SWITCH-000---00-00
2026-05-18 14:35:56.048 [com.alibaba.nacos.naming.failover.0] [none] DEBUG com.alibaba.nacos.client.naming - failover switch is not found, 00-00---000-VIPSRV_FAILOVER_SWITCH-000---00-00
2026-05-18 14:36:01.063 [com.alibaba.nacos.naming.failover.0] [none] DEBUG com.alibaba.nacos.client.naming - failover switch is not found, 00-00---000-VIPSRV_FAILOVER_SWITCH-000---00-00
2026-05-18 14:36:06.078 [com.alibaba.nacos.naming.failover.0] [none] DEBUG com.alibaba.nacos.client.naming - failover switch is not found, 00-00---000-VIPSRV_FAILOVER_SWITCH-000---00-00
2026-05-18 14:36:11.080 [com.alibaba.nacos.naming.failover.0] [none] DEBUG com.alibaba.nacos.client.naming - failover switch is not found, 00-00---000-VIPSRV_FAILOVER_SWITCH-000---00-00
2026-05-18 14:36:16.086 [com.alibaba.nacos.naming.failover.0] [none] DEBUG com.alibaba.nacos.client.naming - failover switch is not found, 00-00---000-VIPSRV_FAILOVER_SWITCH-000---00-00
2026-05-18 14:36:21.101 [com.alibaba.nacos.naming.failover.0] [none] DEBUG com.alibaba.nacos.client.naming - failover switch is not found, 00-00---000-VIPSRV_FAILOVER_SWITCH-000---00-00
2026-05-18 14:36:26.102 [com.alibaba.nacos.naming.failover.0] [none] DEBUG com.alibaba.nacos.client.naming - failover switch is not found, 00-00---000-VIPSRV_FAILOVER_SWITCH-000---00-00
2026-05-18 14:36:31.108 [com.alibaba.nacos.naming.failover.0] [none] DEBUG com.alibaba.nacos.client.naming - failover switch is not found, 00-00---000-VIPSRV_FAILOVER_SWITCH-000---00-00
2026-05-18 14:36:36.108 [com.alibaba.nacos.naming.failover.0] [none] DEBUG com.alibaba.nacos.client.naming - failover switch is not found, 00-00---000-VIPSRV_FAILOVER_SWITCH-000---00-00
2026-05-18 14:36:41.123 [com.alibaba.nacos.naming.failover.0] [none] DEBUG com.alibaba.nacos.client.naming - failover switch is not found, 00-00---000-VIPSRV_FAILOVER_SWITCH-000---00-00
2026-05-18 14:36:46.128 [com.alibaba.nacos.naming.failover.0] [none] DEBUG com.alibaba.nacos.client.naming - failover switch is not found, 00-00---000-VIPSRV_FAILOVER_SWITCH-000---00-00
2026-05-18 14:36:51.143 [com.alibaba.nacos.naming.failover.0] [none] DEBUG com.alibaba.nacos.client.naming - failover switch is not found, 00-00---000-VIPSRV_FAILOVER_SWITCH-000---00-00
2026-05-18 14:36:56.152 [com.alibaba.nacos.naming.failover.0] [none] DEBUG com.alibaba.nacos.client.naming - failover switch is not found, 00-00---000-VIPSRV_FAILOVER_SWITCH-000---00-00
2026-05-18 14:37:01.155 [com.alibaba.nacos.naming.failover.0] [none] DEBUG com.alibaba.nacos.client.naming - failover switch is not found, 00-00---000-VIPSRV_FAILOVER_SWITCH-000---00-00
2026-05-18 14:37:06.170 [com.alibaba.nacos.naming.failover.0] [none] DEBUG com.alibaba.nacos.client.naming - failover switch is not found, 00-00---000-VIPSRV_FAILOVER_SWITCH-000---00-00
2026-05-18 14:37:11.174 [com.alibaba.nacos.naming.failover.0] [none] DEBUG com.alibaba.nacos.client.naming - failover switch is not found, 00-00---000-VIPSRV_FAILOVER_SWITCH-000---00-00
2026-05-18 14:37:16.190 [com.alibaba.nacos.naming.failover.0] [none] DEBUG com.alibaba.nacos.client.naming - failover switch is not found, 00-00---000-VIPSRV_FAILOVER_SWITCH-000---00-00
2026-05-18 14:37:21.204 [com.alibaba.nacos.naming.failover.0] [none] DEBUG com.alibaba.nacos.client.naming - failover switch is not found, 00-00---000-VIPSRV_FAILOVER_SWITCH-000---00-00
2026-05-18 14:37:26.217 [com.alibaba.nacos.naming.failover.0] [none] DEBUG com.alibaba.nacos.client.naming - failover switch is not found, 00-00---000-VIPSRV_FAILOVER_SWITCH-000---00-00
2026-05-18 14:37:31.231 [com.alibaba.nacos.naming.failover.0] [none] DEBUG com.alibaba.nacos.client.naming - failover switch is not found, 00-00---000-VIPSRV_FAILOVER_SWITCH-000---00-00
2026-05-18 14:37:36.238 [com.alibaba.nacos.naming.failover.0] [none] DEBUG com.alibaba.nacos.client.naming - failover switch is not found, 00-00---000-VIPSRV_FAILOVER_SWITCH-000---00-00
2026-05-18 14:37:41.241 [com.alibaba.nacos.naming.failover.0] [none] DEBUG com.alibaba.nacos.client.naming - failover switch is not found, 00-00---000-VIPSRV_FAILOVER_SWITCH-000---00-00
2026-05-18 14:37:46.244 [com.alibaba.nacos.naming.failover.0] [none] DEBUG com.alibaba.nacos.client.naming - failover switch is not found, 00-00---000-VIPSRV_FAILOVER_SWITCH-000---00-00
2026-05-18 14:37:51.245 [com.alibaba.nacos.naming.failover.0] [none] DEBUG com.alibaba.nacos.client.naming - failover switch is not found, 00-00---000-VIPSRV_FAILOVER_SWITCH-000---00-00
2026-05-18 14:37:56.247 [com.alibaba.nacos.naming.failover.0] [none] DEBUG com.alibaba.nacos.client.naming - failover switch is not found, 00-00---000-VIPSRV_FAILOVER_SWITCH-000---00-00
2026-05-18 14:38:01.258 [com.alibaba.nacos.naming.failover.0] [none] DEBUG com.alibaba.nacos.client.naming - failover switch is not found, 00-00---000-VIPSRV_FAILOVER_SWITCH-000---00-00
2026-05-18 14:38:06.272 [com.alibaba.nacos.naming.failover.0] [none] DEBUG com.alibaba.nacos.client.naming - failover switch is not found, 00-00---000-VIPSRV_FAILOVER_SWITCH-000---00-00
2026-05-18 14:38:11.287 [com.alibaba.nacos.naming.failover.0] [none] DEBUG com.alibaba.nacos.client.naming - failover switch is not found, 00-00---000-VIPSRV_FAILOVER_SWITCH-000---00-00
2026-05-18 14:38:16.300 [com.alibaba.nacos.naming.failover.0] [none] DEBUG com.alibaba.nacos.client.naming - failover switch is not found, 00-00---000-VIPSRV_FAILOVER_SWITCH-000---00-00
2026-05-18 14:38:21.305 [com.alibaba.nacos.naming.failover.0] [none] DEBUG com.alibaba.nacos.client.naming - failover switch is not found, 00-00---000-VIPSRV_FAILOVER_SWITCH-000---00-00
2026-05-18 14:38:26.324 [com.alibaba.nacos.naming.failover.0] [none] DEBUG com.alibaba.nacos.client.naming - failover switch is not found, 00-00---000-VIPSRV_FAILOVER_SWITCH-000---00-00
2026-05-18 14:38:31.332 [com.alibaba.nacos.naming.failover.0] [none] DEBUG com.alibaba.nacos.client.naming - failover switch is not found, 00-00---000-VIPSRV_FAILOVER_SWITCH-000---00-00
2026-05-18 14:38:36.343 [com.alibaba.nacos.naming.failover.0] [none] DEBUG com.alibaba.nacos.client.naming - failover switch is not found, 00-00---000-VIPSRV_FAILOVER_SWITCH-000---00-00
2026-05-18 14:38:41.357 [com.alibaba.nacos.naming.failover.0] [none] DEBUG com.alibaba.nacos.client.naming - failover switch is not found, 00-00---000-VIPSRV_FAILOVER_SWITCH-000---00-00
2026-05-18 14:38:46.362 [com.alibaba.nacos.naming.failover.0] [none] DEBUG com.alibaba.nacos.client.naming - failover switch is not found, 00-00---000-VIPSRV_FAILOVER_SWITCH-000---00-00
2026-05-18 14:38:51.373 [com.alibaba.nacos.naming.failover.0] [none] DEBUG com.alibaba.nacos.client.naming - failover switch is not found, 00-00---000-VIPSRV_FAILOVER_SWITCH-000---00-00
2026-05-18 14:38:56.379 [com.alibaba.nacos.naming.failover.0] [none] DEBUG com.alibaba.nacos.client.naming - failover switch is not found, 00-00---000-VIPSRV_FAILOVER_SWITCH-000---00-00
2026-05-18 14:39:01.385 [com.alibaba.nacos.naming.failover.0] [none] DEBUG com.alibaba.nacos.client.naming - failover switch is not found, 00-00---000-VIPSRV_FAILOVER_SWITCH-000---00-00
2026-05-18 14:39:06.389 [com.alibaba.nacos.naming.failover.0] [none] DEBUG com.alibaba.nacos.client.naming - failover switch is not found, 00-00---000-VIPSRV_FAILOVER_SWITCH-000---00-00
2026-05-18 14:39:11.394 [com.alibaba.nacos.naming.failover.0] [none] DEBUG com.alibaba.nacos.client.naming - failover switch is not found, 00-00---000-VIPSRV_FAILOVER_SWITCH-000---00-00
2026-05-18 14:39:16.406 [com.alibaba.nacos.naming.failover.0] [none] DEBUG com.alibaba.nacos.client.naming - failover switch is not found, 00-00---000-VIPSRV_FAILOVER_SWITCH-000---00-00
2026-05-18 14:39:21.410 [com.alibaba.nacos.naming.failover.0] [none] DEBUG com.alibaba.nacos.client.naming - failover switch is not found, 00-00---000-VIPSRV_FAILOVER_SWITCH-000---00-00
2026-05-18 14:39:26.425 [com.alibaba.nacos.naming.failover.0] [none] DEBUG com.alibaba.nacos.client.naming - failover switch is not found, 00-00---000-VIPSRV_FAILOVER_SWITCH-000---00-00
2026-05-18 14:39:31.431 [com.alibaba.nacos.naming.failover.0] [none] DEBUG com.alibaba.nacos.client.naming - failover switch is not found, 00-00---000-VIPSRV_FAILOVER_SWITCH-000---00-00
2026-05-18 14:39:36.445 [com.alibaba.nacos.naming.failover.0] [none] DEBUG com.alibaba.nacos.client.naming - failover switch is not found, 00-00---000-VIPSRV_FAILOVER_SWITCH-000---00-00
2026-05-18 14:39:41.455 [com.alibaba.nacos.naming.failover.0] [none] DEBUG com.alibaba.nacos.client.naming - failover switch is not found, 00-00---000-VIPSRV_FAILOVER_SWITCH-000---00-00
2026-05-18 14:39:46.459 [com.alibaba.nacos.naming.failover.0] [none] DEBUG com.alibaba.nacos.client.naming - failover switch is not found, 00-00---000-VIPSRV_FAILOVER_SWITCH-000---00-00
2026-05-18 14:39:51.467 [com.alibaba.nacos.naming.failover.0] [none] DEBUG com.alibaba.nacos.client.naming - failover switch is not found, 00-00---000-VIPSRV_FAILOVER_SWITCH-000---00-00
2026-05-18 14:39:56.475 [com.alibaba.nacos.naming.failover.0] [none] DEBUG com.alibaba.nacos.client.naming - failover switch is not found, 00-00---000-VIPSRV_FAILOVER_SWITCH-000---00-00
2026-05-18 14:40:01.479 [com.alibaba.nacos.naming.failover.0] [none] DEBUG com.alibaba.nacos.client.naming - failover switch is not found, 00-00---000-VIPSRV_FAILOVER_SWITCH-000---00-00
2026-05-18 14:40:06.492 [com.alibaba.nacos.naming.failover.0] [none] DEBUG com.alibaba.nacos.client.naming - failover switch is not found, 00-00---000-VIPSRV_FAILOVER_SWITCH-000---00-00
2026-05-18 14:40:11.495 [com.alibaba.nacos.naming.failover.0] [none] DEBUG com.alibaba.nacos.client.naming - failover switch is not found, 00-00---000-VIPSRV_FAILOVER_SWITCH-000---00-00
2026-05-18 14:40:16.498 [com.alibaba.nacos.naming.failover.0] [none] DEBUG com.alibaba.nacos.client.naming - failover switch is not found, 00-00---000-VIPSRV_FAILOVER_SWITCH-000---00-00
2026-05-18 14:40:21.499 [com.alibaba.nacos.naming.failover.0] [none] DEBUG com.alibaba.nacos.client.naming - failover switch is not found, 00-00---000-VIPSRV_FAILOVER_SWITCH-000---00-00
2026-05-18 14:40:26.514 [com.alibaba.nacos.naming.failover.0] [none] DEBUG com.alibaba.nacos.client.naming - failover switch is not found, 00-00---000-VIPSRV_FAILOVER_SWITCH-000---00-00
2026-05-18 14:40:31.516 [com.alibaba.nacos.naming.failover.0] [none] DEBUG com.alibaba.nacos.client.naming - failover switch is not found, 00-00---000-VIPSRV_FAILOVER_SWITCH-000---00-00
2026-05-18 14:40:36.528 [com.alibaba.nacos.naming.failover.0] [none] DEBUG com.alibaba.nacos.client.naming - failover switch is not found, 00-00---000-VIPSRV_FAILOVER_SWITCH-000---00-00
2026-05-18 14:40:41.530 [com.alibaba.nacos.naming.failover.0] [none] DEBUG com.alibaba.nacos.client.naming - failover switch is not found, 00-00---000-VIPSRV_FAILOVER_SWITCH-000---00-00
2026-05-18 14:40:46.542 [com.alibaba.nacos.naming.failover.0] [none] DEBUG com.alibaba.nacos.client.naming - failover switch is not found, 00-00---000-VIPSRV_FAILOVER_SWITCH-000---00-00
2026-05-18 14:40:51.548 [com.alibaba.nacos.naming.failover.0] [none] DEBUG com.alibaba.nacos.client.naming - failover switch is not found, 00-00---000-VIPSRV_FAILOVER_SWITCH-000---00-00
2026-05-18 14:40:56.549 [com.alibaba.nacos.naming.failover.0] [none] DEBUG com.alibaba.nacos.client.naming - failover switch is not found, 00-00---000-VIPSRV_FAILOVER_SWITCH-000---00-00
2026-05-18 14:41:01.570 [com.alibaba.nacos.naming.failover.0] [none] DEBUG com.alibaba.nacos.client.naming - failover switch is not found, 00-00---000-VIPSRV_FAILOVER_SWITCH-000---00-00
2026-05-18 14:41:06.580 [com.alibaba.nacos.naming.failover.0] [none] DEBUG com.alibaba.nacos.client.naming - failover switch is not found, 00-00---000-VIPSRV_FAILOVER_SWITCH-000---00-00
2026-05-18 14:41:11.589 [com.alibaba.nacos.naming.failover.0] [none] DEBUG com.alibaba.nacos.client.naming - failover switch is not found, 00-00---000-VIPSRV_FAILOVER_SWITCH-000---00-00
2026-05-18 14:41:16.598 [com.alibaba.nacos.naming.failover.0] [none] DEBUG com.alibaba.nacos.client.naming - failover switch is not found, 00-00---000-VIPSRV_FAILOVER_SWITCH-000---00-00
2026-05-18 14:41:21.603 [com.alibaba.nacos.naming.failover.0] [none] DEBUG com.alibaba.nacos.client.naming - failover switch is not found, 00-00---000-VIPSRV_FAILOVER_SWITCH-000---00-00
2026-05-18 14:41:26.607 [com.alibaba.nacos.naming.failover.0] [none] DEBUG com.alibaba.nacos.client.naming - failover switch is not found, 00-00---000-VIPSRV_FAILOVER_SWITCH-000---00-00
2026-05-18 14:41:31.611 [com.alibaba.nacos.naming.failover.0] [none] DEBUG com.alibaba.nacos.client.naming - failover switch is not found, 00-00---000-VIPSRV_FAILOVER_SWITCH-000---00-00
2026-05-18 14:41:36.618 [com.alibaba.nacos.naming.failover.0] [none] DEBUG com.alibaba.nacos.client.naming - failover switch is not found, 00-00---000-VIPSRV_FAILOVER_SWITCH-000---00-00
2026-05-18 14:41:41.625 [com.alibaba.nacos.naming.failover.0] [none] DEBUG com.alibaba.nacos.client.naming - failover switch is not found, 00-00---000-VIPSRV_FAILOVER_SWITCH-000---00-00
2026-05-18 14:41:46.629 [com.alibaba.nacos.naming.failover.0] [none] DEBUG com.alibaba.nacos.client.naming - failover switch is not found, 00-00---000-VIPSRV_FAILOVER_SWITCH-000---00-00
2026-05-18 14:41:51.632 [com.alibaba.nacos.naming.failover.0] [none] DEBUG com.alibaba.nacos.client.naming - failover switch is not found, 00-00---000-VIPSRV_FAILOVER_SWITCH-000---00-00
2026-05-18 14:41:56.642 [com.alibaba.nacos.naming.failover.0] [none] DEBUG com.alibaba.nacos.client.naming - failover switch is not found, 00-00---000-VIPSRV_FAILOVER_SWITCH-000---00-00
2026-05-18 14:42:01.661 [com.alibaba.nacos.naming.failover.0] [none] DEBUG com.alibaba.nacos.client.naming - failover switch is not found, 00-00---000-VIPSRV_FAILOVER_SWITCH-000---00-00
2026-05-18 14:42:06.664 [com.alibaba.nacos.naming.failover.0] [none] DEBUG com.alibaba.nacos.client.naming - failover switch is not found, 00-00---000-VIPSRV_FAILOVER_SWITCH-000---00-00
2026-05-18 14:42:11.673 [com.alibaba.nacos.naming.failover.0] [none] DEBUG com.alibaba.nacos.client.naming - failover switch is not found, 00-00---000-VIPSRV_FAILOVER_SWITCH-000---00-00
2026-05-18 14:42:16.686 [com.alibaba.nacos.naming.failover.0] [none] DEBUG com.alibaba.nacos.client.naming - failover switch is not found, 00-00---000-VIPSRV_FAILOVER_SWITCH-000---00-00
2026-05-18 14:42:21.690 [com.alibaba.nacos.naming.failover.0] [none] DEBUG com.alibaba.nacos.client.naming - failover switch is not found, 00-00---000-VIPSRV_FAILOVER_SWITCH-000---00-00
2026-05-18 14:42:26.695 [com.alibaba.nacos.naming.failover.0] [none] DEBUG com.alibaba.nacos.client.naming - failover switch is not found, 00-00---000-VIPSRV_FAILOVER_SWITCH-000---00-00
2026-05-18 14:42:31.705 [com.alibaba.nacos.naming.failover.0] [none] DEBUG com.alibaba.nacos.client.naming - failover switch is not found, 00-00---000-VIPSRV_FAILOVER_SWITCH-000---00-00
2026-05-18 14:42:36.721 [com.alibaba.nacos.naming.failover.0] [none] DEBUG com.alibaba.nacos.client.naming - failover switch is not found, 00-00---000-VIPSRV_FAILOVER_SWITCH-000---00-00
2026-05-18 14:42:41.732 [com.alibaba.nacos.naming.failover.0] [none] DEBUG com.alibaba.nacos.client.naming - failover switch is not found, 00-00---000-VIPSRV_FAILOVER_SWITCH-000---00-00
2026-05-18 14:42:46.745 [com.alibaba.nacos.naming.failover.0] [none] DEBUG com.alibaba.nacos.client.naming - failover switch is not found, 00-00---000-VIPSRV_FAILOVER_SWITCH-000---00-00
2026-05-18 14:42:51.760 [com.alibaba.nacos.naming.failover.0] [none] DEBUG com.alibaba.nacos.client.naming - failover switch is not found, 00-00---000-VIPSRV_FAILOVER_SWITCH-000---00-00
2026-05-18 14:42:56.768 [com.alibaba.nacos.naming.failover.0] [none] DEBUG com.alibaba.nacos.client.naming - failover switch is not found, 00-00---000-VIPSRV_FAILOVER_SWITCH-000---00-00
2026-05-18 14:43:01.780 [com.alibaba.nacos.naming.failover.0] [none] DEBUG com.alibaba.nacos.client.naming - failover switch is not found, 00-00---000-VIPSRV_FAILOVER_SWITCH-000---00-00
2026-05-18 14:43:06.790 [com.alibaba.nacos.naming.failover.0] [none] DEBUG com.alibaba.nacos.client.naming - failover switch is not found, 00-00---000-VIPSRV_FAILOVER_SWITCH-000---00-00
2026-05-18 14:43:11.805 [com.alibaba.nacos.naming.failover.0] [none] DEBUG com.alibaba.nacos.client.naming - failover switch is not found, 00-00---000-VIPSRV_FAILOVER_SWITCH-000---00-00
2026-05-18 14:43:16.813 [com.alibaba.nacos.naming.failover.0] [none] DEBUG com.alibaba.nacos.client.naming - failover switch is not found, 00-00---000-VIPSRV_FAILOVER_SWITCH-000---00-00
2026-05-18 14:43:21.823 [com.alibaba.nacos.naming.failover.0] [none] DEBUG com.alibaba.nacos.client.naming - failover switch is not found, 00-00---000-VIPSRV_FAILOVER_SWITCH-000---00-00
2026-05-18 14:43:26.837 [com.alibaba.nacos.naming.failover.0] [none] DEBUG com.alibaba.nacos.client.naming - failover switch is not found, 00-00---000-VIPSRV_FAILOVER_SWITCH-000---00-00
2026-05-18 14:43:31.850 [com.alibaba.nacos.naming.failover.0] [none] DEBUG com.alibaba.nacos.client.naming - failover switch is not found, 00-00---000-VIPSRV_FAILOVER_SWITCH-000---00-00
2026-05-18 14:43:36.853 [com.alibaba.nacos.naming.failover.0] [none] DEBUG com.alibaba.nacos.client.naming - failover switch is not found, 00-00---000-VIPSRV_FAILOVER_SWITCH-000---00-00
2026-05-18 14:43:41.857 [com.alibaba.nacos.naming.failover.0] [none] DEBUG com.alibaba.nacos.client.naming - failover switch is not found, 00-00---000-VIPSRV_FAILOVER_SWITCH-000---00-00
2026-05-18 14:43:46.868 [com.alibaba.nacos.naming.failover.0] [none] DEBUG com.alibaba.nacos.client.naming - failover switch is not found, 00-00---000-VIPSRV_FAILOVER_SWITCH-000---00-00
2026-05-18 14:43:51.877 [com.alibaba.nacos.naming.failover.0] [none] DEBUG com.alibaba.nacos.client.naming - failover switch is not found, 00-00---000-VIPSRV_FAILOVER_SWITCH-000---00-00
2026-05-18 14:43:56.888 [com.alibaba.nacos.naming.failover.0] [none] DEBUG com.alibaba.nacos.client.naming - failover switch is not found, 00-00---000-VIPSRV_FAILOVER_SWITCH-000---00-00
2026-05-18 14:44:01.902 [com.alibaba.nacos.naming.failover.0] [none] DEBUG com.alibaba.nacos.client.naming - failover switch is not found, 00-00---000-VIPSRV_FAILOVER_SWITCH-000---00-00
2026-05-18 14:44:06.902 [com.alibaba.nacos.naming.failover.0] [none] DEBUG com.alibaba.nacos.client.naming - failover switch is not found, 00-00---000-VIPSRV_FAILOVER_SWITCH-000---00-00
2026-05-18 14:44:11.912 [com.alibaba.nacos.naming.failover.0] [none] DEBUG com.alibaba.nacos.client.naming - failover switch is not found, 00-00---000-VIPSRV_FAILOVER_SWITCH-000---00-00
2026-05-18 14:44:16.920 [com.alibaba.nacos.naming.failover.0] [none] DEBUG com.alibaba.nacos.client.naming - failover switch is not found, 00-00---000-VIPSRV_FAILOVER_SWITCH-000---00-00
2026-05-18 14:44:21.931 [com.alibaba.nacos.naming.failover.0] [none] DEBUG com.alibaba.nacos.client.naming - failover switch is not found, 00-00---000-VIPSRV_FAILOVER_SWITCH-000---00-00
2026-05-18 14:44:26.936 [com.alibaba.nacos.naming.failover.0] [none] DEBUG com.alibaba.nacos.client.naming - failover switch is not found, 00-00---000-VIPSRV_FAILOVER_SWITCH-000---00-00
2026-05-18 14:44:31.950 [com.alibaba.nacos.naming.failover.0] [none] DEBUG com.alibaba.nacos.client.naming - failover switch is not found, 00-00---000-VIPSRV_FAILOVER_SWITCH-000---00-00
2026-05-18 14:44:36.954 [com.alibaba.nacos.naming.failover.0] [none] DEBUG com.alibaba.nacos.client.naming - failover switch is not found, 00-00---000-VIPSRV_FAILOVER_SWITCH-000---00-00
2026-05-18 14:44:41.958 [com.alibaba.nacos.naming.failover.0] [none] DEBUG com.alibaba.nacos.client.naming - failover switch is not found, 00-00---000-VIPSRV_FAILOVER_SWITCH-000---00-00
2026-05-18 14:44:46.967 [com.alibaba.nacos.naming.failover.0] [none] DEBUG com.alibaba.nacos.client.naming - failover switch is not found, 00-00---000-VIPSRV_FAILOVER_SWITCH-000---00-00
2026-05-18 14:44:51.981 [com.alibaba.nacos.naming.failover.0] [none] DEBUG com.alibaba.nacos.client.naming - failover switch is not found, 00-00---000-VIPSRV_FAILOVER_SWITCH-000---00-00
2026-05-18 14:44:56.995 [com.alibaba.nacos.naming.failover.0] [none] DEBUG com.alibaba.nacos.client.naming - failover switch is not found, 00-00---000-VIPSRV_FAILOVER_SWITCH-000---00-00
2026-05-18 14:45:01.995 [com.alibaba.nacos.naming.failover.0] [none] DEBUG com.alibaba.nacos.client.naming - failover switch is not found, 00-00---000-VIPSRV_FAILOVER_SWITCH-000---00-00
2026-05-18 14:45:07.010 [com.alibaba.nacos.naming.failover.0] [none] DEBUG com.alibaba.nacos.client.naming - failover switch is not found, 00-00---000-VIPSRV_FAILOVER_SWITCH-000---00-00
2026-05-18 14:45:12.024 [com.alibaba.nacos.naming.failover.0] [none] DEBUG com.alibaba.nacos.client.naming - failover switch is not found, 00-00---000-VIPSRV_FAILOVER_SWITCH-000---00-00
2026-05-18 14:45:17.035 [com.alibaba.nacos.naming.failover.0] [none] DEBUG com.alibaba.nacos.client.naming - failover switch is not found, 00-00---000-VIPSRV_FAILOVER_SWITCH-000---00-00
2026-05-18 14:45:22.038 [com.alibaba.nacos.naming.failover.0] [none] DEBUG com.alibaba.nacos.client.naming - failover switch is not found, 00-00---000-VIPSRV_FAILOVER_SWITCH-000---00-00
2026-05-18 14:45:27.051 [com.alibaba.nacos.naming.failover.0] [none] DEBUG com.alibaba.nacos.client.naming - failover switch is not found, 00-00---000-VIPSRV_FAILOVER_SWITCH-000---00-00
2026-05-18 14:45:32.053 [com.alibaba.nacos.naming.failover.0] [none] DEBUG com.alibaba.nacos.client.naming - failover switch is not found, 00-00---000-VIPSRV_FAILOVER_SWITCH-000---00-00
2026-05-18 14:45:37.055 [com.alibaba.nacos.naming.failover.0] [none] DEBUG com.alibaba.nacos.client.naming - failover switch is not found, 00-00---000-VIPSRV_FAILOVER_SWITCH-000---00-00
2026-05-18 14:45:42.061 [com.alibaba.nacos.naming.failover.0] [none] DEBUG com.alibaba.nacos.client.naming - failover switch is not found, 00-00---000-VIPSRV_FAILOVER_SWITCH-000---00-00
2026-05-18 14:45:47.075 [com.alibaba.nacos.naming.failover.0] [none] DEBUG com.alibaba.nacos.client.naming - failover switch is not found, 00-00---000-VIPSRV_FAILOVER_SWITCH-000---00-00
2026-05-18 14:45:52.083 [com.alibaba.nacos.naming.failover.0] [none] DEBUG com.alibaba.nacos.client.naming - failover switch is not found, 00-00---000-VIPSRV_FAILOVER_SWITCH-000---00-00
2026-05-18 14:45:57.089 [com.alibaba.nacos.naming.failover.0] [none] DEBUG com.alibaba.nacos.client.naming - failover switch is not found, 00-00---000-VIPSRV_FAILOVER_SWITCH-000---00-00
2026-05-18 14:46:02.098 [com.alibaba.nacos.naming.failover.0] [none] DEBUG com.alibaba.nacos.client.naming - failover switch is not found, 00-00---000-VIPSRV_FAILOVER_SWITCH-000---00-00
2026-05-18 14:46:07.102 [com.alibaba.nacos.naming.failover.0] [none] DEBUG com.alibaba.nacos.client.naming - failover switch is not found, 00-00---000-VIPSRV_FAILOVER_SWITCH-000---00-00
2026-05-18 14:46:12.106 [com.alibaba.nacos.naming.failover.0] [none] DEBUG com.alibaba.nacos.client.naming - failover switch is not found, 00-00---000-VIPSRV_FAILOVER_SWITCH-000---00-00
2026-05-18 14:46:17.112 [com.alibaba.nacos.naming.failover.0] [none] DEBUG com.alibaba.nacos.client.naming - failover switch is not found, 00-00---000-VIPSRV_FAILOVER_SWITCH-000---00-00
2026-05-18 14:46:22.114 [com.alibaba.nacos.naming.failover.0] [none] DEBUG com.alibaba.nacos.client.naming - failover switch is not found, 00-00---000-VIPSRV_FAILOVER_SWITCH-000---00-00
2026-05-18 14:46:27.119 [com.alibaba.nacos.naming.failover.0] [none] DEBUG com.alibaba.nacos.client.naming - failover switch is not found, 00-00---000-VIPSRV_FAILOVER_SWITCH-000---00-00
2026-05-18 14:46:32.129 [com.alibaba.nacos.naming.failover.0] [none] DEBUG com.alibaba.nacos.client.naming - failover switch is not found, 00-00---000-VIPSRV_FAILOVER_SWITCH-000---00-00
2026-05-18 14:46:37.139 [com.alibaba.nacos.naming.failover.0] [none] DEBUG com.alibaba.nacos.client.naming - failover switch is not found, 00-00---000-VIPSRV_FAILOVER_SWITCH-000---00-00
2026-05-18 14:46:42.154 [com.alibaba.nacos.naming.failover.0] [none] DEBUG com.alibaba.nacos.client.naming - failover switch is not found, 00-00---000-VIPSRV_FAILOVER_SWITCH-000---00-00
2026-05-18 14:46:47.159 [com.alibaba.nacos.naming.failover.0] [none] DEBUG com.alibaba.nacos.client.naming - failover switch is not found, 00-00---000-VIPSRV_FAILOVER_SWITCH-000---00-00
2026-05-18 14:46:52.168 [com.alibaba.nacos.naming.failover.0] [none] DEBUG com.alibaba.nacos.client.naming - failover switch is not found, 00-00---000-VIPSRV_FAILOVER_SWITCH-000---00-00
2026-05-18 14:46:57.177 [com.alibaba.nacos.naming.failover.0] [none] DEBUG com.alibaba.nacos.client.naming - failover switch is not found, 00-00---000-VIPSRV_FAILOVER_SWITCH-000---00-00
2026-05-18 14:47:02.186 [com.alibaba.nacos.naming.failover.0] [none] DEBUG com.alibaba.nacos.client.naming - failover switch is not found, 00-00---000-VIPSRV_FAILOVER_SWITCH-000---00-00
2026-05-18 14:47:07.188 [com.alibaba.nacos.naming.failover.0] [none] DEBUG com.alibaba.nacos.client.naming - failover switch is not found, 00-00---000-VIPSRV_FAILOVER_SWITCH-000---00-00
2026-05-18 14:47:12.190 [com.alibaba.nacos.naming.failover.0] [none] DEBUG com.alibaba.nacos.client.naming - failover switch is not found, 00-00---000-VIPSRV_FAILOVER_SWITCH-000---00-00
2026-05-18 14:47:17.205 [com.alibaba.nacos.naming.failover.0] [none] DEBUG com.alibaba.nacos.client.naming - failover switch is not found, 00-00---000-VIPSRV_FAILOVER_SWITCH-000---00-00
2026-05-18 14:47:22.218 [com.alibaba.nacos.naming.failover.0] [none] DEBUG com.alibaba.nacos.client.naming - failover switch is not found, 00-00---000-VIPSRV_FAILOVER_SWITCH-000---00-00
2026-05-18 14:47:27.228 [com.alibaba.nacos.naming.failover.0] [none] DEBUG com.alibaba.nacos.client.naming - failover switch is not found, 00-00---000-VIPSRV_FAILOVER_SWITCH-000---00-00
2026-05-18 14:47:32.236 [com.alibaba.nacos.naming.failover.0] [none] DEBUG com.alibaba.nacos.client.naming - failover switch is not found, 00-00---000-VIPSRV_FAILOVER_SWITCH-000---00-00
2026-05-18 14:47:37.245 [com.alibaba.nacos.naming.failover.0] [none] DEBUG com.alibaba.nacos.client.naming - failover switch is not found, 00-00---000-VIPSRV_FAILOVER_SWITCH-000---00-00
2026-05-18 14:47:42.246 [com.alibaba.nacos.naming.failover.0] [none] DEBUG com.alibaba.nacos.client.naming - failover switch is not found, 00-00---000-VIPSRV_FAILOVER_SWITCH-000---00-00
2026-05-18 14:47:47.259 [com.alibaba.nacos.naming.failover.0] [none] DEBUG com.alibaba.nacos.client.naming - failover switch is not found, 00-00---000-VIPSRV_FAILOVER_SWITCH-000---00-00
2026-05-18 14:47:52.274 [com.alibaba.nacos.naming.failover.0] [none] DEBUG com.alibaba.nacos.client.naming - failover switch is not found, 00-00---000-VIPSRV_FAILOVER_SWITCH-000---00-00
2026-05-18 14:47:57.282 [com.alibaba.nacos.naming.failover.0] [none] DEBUG com.alibaba.nacos.client.naming - failover switch is not found, 00-00---000-VIPSRV_FAILOVER_SWITCH-000---00-00
2026-05-18 14:48:02.294 [com.alibaba.nacos.naming.failover.0] [none] DEBUG com.alibaba.nacos.client.naming - failover switch is not found, 00-00---000-VIPSRV_FAILOVER_SWITCH-000---00-00
2026-05-18 14:48:07.295 [com.alibaba.nacos.naming.failover.0] [none] DEBUG com.alibaba.nacos.client.naming - failover switch is not found, 00-00---000-VIPSRV_FAILOVER_SWITCH-000---00-00
2026-05-18 14:48:12.307 [com.alibaba.nacos.naming.failover.0] [none] DEBUG com.alibaba.nacos.client.naming - failover switch is not found, 00-00---000-VIPSRV_FAILOVER_SWITCH-000---00-00
2026-05-18 14:48:17.310 [com.alibaba.nacos.naming.failover.0] [none] DEBUG com.alibaba.nacos.client.naming - failover switch is not found, 00-00---000-VIPSRV_FAILOVER_SWITCH-000---00-00
2026-05-18 14:48:22.325 [com.alibaba.nacos.naming.failover.0] [none] DEBUG com.alibaba.nacos.client.naming - failover switch is not found, 00-00---000-VIPSRV_FAILOVER_SWITCH-000---00-00
2026-05-18 14:48:27.329 [com.alibaba.nacos.naming.failover.0] [none] DEBUG com.alibaba.nacos.client.naming - failover switch is not found, 00-00---000-VIPSRV_FAILOVER_SWITCH-000---00-00
2026-05-18 14:48:32.335 [com.alibaba.nacos.naming.failover.0] [none] DEBUG com.alibaba.nacos.client.naming - failover switch is not found, 00-00---000-VIPSRV_FAILOVER_SWITCH-000---00-00
2026-05-18 14:48:37.355 [com.alibaba.nacos.naming.failover.0] [none] DEBUG com.alibaba.nacos.client.naming - failover switch is not found, 00-00---000-VIPSRV_FAILOVER_SWITCH-000---00-00
2026-05-18 14:48:42.366 [com.alibaba.nacos.naming.failover.0] [none] DEBUG com.alibaba.nacos.client.naming - failover switch is not found, 00-00---000-VIPSRV_FAILOVER_SWITCH-000---00-00
2026-05-18 14:48:47.369 [com.alibaba.nacos.naming.failover.0] [none] DEBUG com.alibaba.nacos.client.naming - failover switch is not found, 00-00---000-VIPSRV_FAILOVER_SWITCH-000---00-00
2026-05-18 14:48:52.377 [com.alibaba.nacos.naming.failover.0] [none] DEBUG com.alibaba.nacos.client.naming - failover switch is not found, 00-00---000-VIPSRV_FAILOVER_SWITCH-000---00-00
2026-05-18 14:48:57.385 [com.alibaba.nacos.naming.failover.0] [none] DEBUG com.alibaba.nacos.client.naming - failover switch is not found, 00-00---000-VIPSRV_FAILOVER_SWITCH-000---00-00
2026-05-18 14:49:02.390 [com.alibaba.nacos.naming.failover.0] [none] DEBUG com.alibaba.nacos.client.naming - failover switch is not found, 00-00---000-VIPSRV_FAILOVER_SWITCH-000---00-00
2026-05-18 14:49:07.393 [com.alibaba.nacos.naming.failover.0] [none] DEBUG com.alibaba.nacos.client.naming - failover switch is not found, 00-00---000-VIPSRV_FAILOVER_SWITCH-000---00-00
2026-05-18 14:49:12.394 [com.alibaba.nacos.naming.failover.0] [none] DEBUG com.alibaba.nacos.client.naming - failover switch is not found, 00-00---000-VIPSRV_FAILOVER_SWITCH-000---00-00
2026-05-18 14:49:17.398 [com.alibaba.nacos.naming.failover.0] [none] DEBUG com.alibaba.nacos.client.naming - failover switch is not found, 00-00---000-VIPSRV_FAILOVER_SWITCH-000---00-00
2026-05-18 14:49:22.407 [com.alibaba.nacos.naming.failover.0] [none] DEBUG com.alibaba.nacos.client.naming - failover switch is not found, 00-00---000-VIPSRV_FAILOVER_SWITCH-000---00-00
2026-05-18 14:49:27.408 [com.alibaba.nacos.naming.failover.0] [none] DEBUG com.alibaba.nacos.client.naming - failover switch is not found, 00-00---000-VIPSRV_FAILOVER_SWITCH-000---00-00
2026-05-18 14:49:32.409 [com.alibaba.nacos.naming.failover.0] [none] DEBUG com.alibaba.nacos.client.naming - failover switch is not found, 00-00---000-VIPSRV_FAILOVER_SWITCH-000---00-00
2026-05-18 14:49:37.420 [com.alibaba.nacos.naming.failover.0] [none] DEBUG com.alibaba.nacos.client.naming - failover switch is not found, 00-00---000-VIPSRV_FAILOVER_SWITCH-000---00-00
2026-05-18 14:49:42.435 [com.alibaba.nacos.naming.failover.0] [none] DEBUG com.alibaba.nacos.client.naming - failover switch is not found, 00-00---000-VIPSRV_FAILOVER_SWITCH-000---00-00
2026-05-18 14:49:47.441 [com.alibaba.nacos.naming.failover.0] [none] DEBUG com.alibaba.nacos.client.naming - failover switch is not found, 00-00---000-VIPSRV_FAILOVER_SWITCH-000---00-00
2026-05-18 14:49:52.452 [com.alibaba.nacos.naming.failover.0] [none] DEBUG com.alibaba.nacos.client.naming - failover switch is not found, 00-00---000-VIPSRV_FAILOVER_SWITCH-000---00-00
2026-05-18 14:49:57.464 [com.alibaba.nacos.naming.failover.0] [none] DEBUG com.alibaba.nacos.client.naming - failover switch is not found, 00-00---000-VIPSRV_FAILOVER_SWITCH-000---00-00
2026-05-18 14:50:02.479 [com.alibaba.nacos.naming.failover.0] [none] DEBUG com.alibaba.nacos.client.naming - failover switch is not found, 00-00---000-VIPSRV_FAILOVER_SWITCH-000---00-00
2026-05-18 14:50:07.491 [com.alibaba.nacos.naming.failover.0] [none] DEBUG com.alibaba.nacos.client.naming - failover switch is not found, 00-00---000-VIPSRV_FAILOVER_SWITCH-000---00-00
2026-05-18 14:50:12.504 [com.alibaba.nacos.naming.failover.0] [none] DEBUG com.alibaba.nacos.client.naming - failover switch is not found, 00-00---000-VIPSRV_FAILOVER_SWITCH-000---00-00
2026-05-18 14:50:17.539 [com.alibaba.nacos.naming.failover.0] [none] DEBUG com.alibaba.nacos.client.naming - failover switch is not found, 00-00---000-VIPSRV_FAILOVER_SWITCH-000---00-00
2026-05-18 14:50:22.554 [com.alibaba.nacos.naming.failover.0] [none] DEBUG com.alibaba.nacos.client.naming - failover switch is not found, 00-00---000-VIPSRV_FAILOVER_SWITCH-000---00-00
2026-05-18 14:50:27.560 [com.alibaba.nacos.naming.failover.0] [none] DEBUG com.alibaba.nacos.client.naming - failover switch is not found, 00-00---000-VIPSRV_FAILOVER_SWITCH-000---00-00
2026-05-18 14:50:32.575 [com.alibaba.nacos.naming.failover.0] [none] DEBUG com.alibaba.nacos.client.naming - failover switch is not found, 00-00---000-VIPSRV_FAILOVER_SWITCH-000---00-00
2026-05-18 14:50:37.581 [com.alibaba.nacos.naming.failover.0] [none] DEBUG com.alibaba.nacos.client.naming - failover switch is not found, 00-00---000-VIPSRV_FAILOVER_SWITCH-000---00-00
2026-05-18 14:50:42.594 [com.alibaba.nacos.naming.failover.0] [none] DEBUG com.alibaba.nacos.client.naming - failover switch is not found, 00-00---000-VIPSRV_FAILOVER_SWITCH-000---00-00
2026-05-18 14:50:47.597 [com.alibaba.nacos.naming.failover.0] [none] DEBUG com.alibaba.nacos.client.naming - failover switch is not found, 00-00---000-VIPSRV_FAILOVER_SWITCH-000---00-00
2026-05-18 14:50:52.603 [com.alibaba.nacos.naming.failover.0] [none] DEBUG com.alibaba.nacos.client.naming - failover switch is not found, 00-00---000-VIPSRV_FAILOVER_SWITCH-000---00-00
2026-05-18 14:50:57.610 [com.alibaba.nacos.naming.failover.0] [none] DEBUG com.alibaba.nacos.client.naming - failover switch is not found, 00-00---000-VIPSRV_FAILOVER_SWITCH-000---00-00
2026-05-18 14:51:02.618 [com.alibaba.nacos.naming.failover.0] [none] DEBUG com.alibaba.nacos.client.naming - failover switch is not found, 00-00---000-VIPSRV_FAILOVER_SWITCH-000---00-00
2026-05-18 14:51:07.634 [com.alibaba.nacos.naming.failover.0] [none] DEBUG com.alibaba.nacos.client.naming - failover switch is not found, 00-00---000-VIPSRV_FAILOVER_SWITCH-000---00-00
2026-05-18 14:51:12.634 [com.alibaba.nacos.naming.failover.0] [none] DEBUG com.alibaba.nacos.client.naming - failover switch is not found, 00-00---000-VIPSRV_FAILOVER_SWITCH-000---00-00
2026-05-18 14:51:17.644 [com.alibaba.nacos.naming.failover.0] [none] DEBUG com.alibaba.nacos.client.naming - failover switch is not found, 00-00---000-VIPSRV_FAILOVER_SWITCH-000---00-00
2026-05-18 14:51:22.647 [com.alibaba.nacos.naming.failover.0] [none] DEBUG com.alibaba.nacos.client.naming - failover switch is not found, 00-00---000-VIPSRV_FAILOVER_SWITCH-000---00-00
2026-05-18 14:51:27.661 [com.alibaba.nacos.naming.failover.0] [none] DEBUG com.alibaba.nacos.client.naming - failover switch is not found, 00-00---000-VIPSRV_FAILOVER_SWITCH-000---00-00
2026-05-18 14:51:32.671 [com.alibaba.nacos.naming.failover.0] [none] DEBUG com.alibaba.nacos.client.naming - failover switch is not found, 00-00---000-VIPSRV_FAILOVER_SWITCH-000---00-00
2026-05-18 14:51:37.675 [com.alibaba.nacos.naming.failover.0] [none] DEBUG com.alibaba.nacos.client.naming - failover switch is not found, 00-00---000-VIPSRV_FAILOVER_SWITCH-000---00-00
2026-05-18 14:51:42.680 [com.alibaba.nacos.naming.failover.0] [none] DEBUG com.alibaba.nacos.client.naming - failover switch is not found, 00-00---000-VIPSRV_FAILOVER_SWITCH-000---00-00
2026-05-18 14:51:47.690 [com.alibaba.nacos.naming.failover.0] [none] DEBUG com.alibaba.nacos.client.naming - failover switch is not found, 00-00---000-VIPSRV_FAILOVER_SWITCH-000---00-00
2026-05-18 14:51:52.697 [com.alibaba.nacos.naming.failover.0] [none] DEBUG com.alibaba.nacos.client.naming - failover switch is not found, 00-00---000-VIPSRV_FAILOVER_SWITCH-000---00-00
2026-05-18 14:51:57.698 [com.alibaba.nacos.naming.failover.0] [none] DEBUG com.alibaba.nacos.client.naming - failover switch is not found, 00-00---000-VIPSRV_FAILOVER_SWITCH-000---00-00
2026-05-18 14:52:02.700 [com.alibaba.nacos.naming.failover.0] [none] DEBUG com.alibaba.nacos.client.naming - failover switch is not found, 00-00---000-VIPSRV_FAILOVER_SWITCH-000---00-00
2026-05-18 14:52:07.706 [com.alibaba.nacos.naming.failover.0] [none] DEBUG com.alibaba.nacos.client.naming - failover switch is not found, 00-00---000-VIPSRV_FAILOVER_SWITCH-000---00-00
2026-05-18 14:52:12.706 [com.alibaba.nacos.naming.failover.0] [none] DEBUG com.alibaba.nacos.client.naming - failover switch is not found, 00-00---000-VIPSRV_FAILOVER_SWITCH-000---00-00
2026-05-18 14:52:17.710 [com.alibaba.nacos.naming.failover.0] [none] DEBUG com.alibaba.nacos.client.naming - failover switch is not found, 00-00---000-VIPSRV_FAILOVER_SWITCH-000---00-00
2026-05-18 14:52:22.721 [com.alibaba.nacos.naming.failover.0] [none] DEBUG com.alibaba.nacos.client.naming - failover switch is not found, 00-00---000-VIPSRV_FAILOVER_SWITCH-000---00-00
2026-05-18 14:52:27.734 [com.alibaba.nacos.naming.failover.0] [none] DEBUG com.alibaba.nacos.client.naming - failover switch is not found, 00-00---000-VIPSRV_FAILOVER_SWITCH-000---00-00
2026-05-18 14:52:32.735 [com.alibaba.nacos.naming.failover.0] [none] DEBUG com.alibaba.nacos.client.naming - failover switch is not found, 00-00---000-VIPSRV_FAILOVER_SWITCH-000---00-00
2026-05-18 14:52:37.743 [com.alibaba.nacos.naming.failover.0] [none] DEBUG com.alibaba.nacos.client.naming - failover switch is not found, 00-00---000-VIPSRV_FAILOVER_SWITCH-000---00-00
2026-05-18 14:52:42.756 [com.alibaba.nacos.naming.failover.0] [none] DEBUG com.alibaba.nacos.client.naming - failover switch is not found, 00-00---000-VIPSRV_FAILOVER_SWITCH-000---00-00
2026-05-18 14:52:47.766 [com.alibaba.nacos.naming.failover.0] [none] DEBUG com.alibaba.nacos.client.naming - failover switch is not found, 00-00---000-VIPSRV_FAILOVER_SWITCH-000---00-00
2026-05-18 14:52:52.777 [com.alibaba.nacos.naming.failover.0] [none] DEBUG com.alibaba.nacos.client.naming - failover switch is not found, 00-00---000-VIPSRV_FAILOVER_SWITCH-000---00-00
2026-05-18 14:52:57.785 [com.alibaba.nacos.naming.failover.0] [none] DEBUG com.alibaba.nacos.client.naming - failover switch is not found, 00-00---000-VIPSRV_FAILOVER_SWITCH-000---00-00
2026-05-18 14:53:02.800 [com.alibaba.nacos.naming.failover.0] [none] DEBUG com.alibaba.nacos.client.naming - failover switch is not found, 00-00---000-VIPSRV_FAILOVER_SWITCH-000---00-00
2026-05-18 14:53:07.815 [com.alibaba.nacos.naming.failover.0] [none] DEBUG com.alibaba.nacos.client.naming - failover switch is not found, 00-00---000-VIPSRV_FAILOVER_SWITCH-000---00-00
2026-05-18 14:53:12.824 [com.alibaba.nacos.naming.failover.0] [none] DEBUG com.alibaba.nacos.client.naming - failover switch is not found, 00-00---000-VIPSRV_FAILOVER_SWITCH-000---00-00
2026-05-18 14:53:17.826 [com.alibaba.nacos.naming.failover.0] [none] DEBUG com.alibaba.nacos.client.naming - failover switch is not found, 00-00---000-VIPSRV_FAILOVER_SWITCH-000---00-00
2026-05-18 14:53:22.831 [com.alibaba.nacos.naming.failover.0] [none] DEBUG com.alibaba.nacos.client.naming - failover switch is not found, 00-00---000-VIPSRV_FAILOVER_SWITCH-000---00-00
2026-05-18 14:53:27.832 [com.alibaba.nacos.naming.failover.0] [none] DEBUG com.alibaba.nacos.client.naming - failover switch is not found, 00-00---000-VIPSRV_FAILOVER_SWITCH-000---00-00
2026-05-18 14:53:32.841 [com.alibaba.nacos.naming.failover.0] [none] DEBUG com.alibaba.nacos.client.naming - failover switch is not found, 00-00---000-VIPSRV_FAILOVER_SWITCH-000---00-00
2026-05-18 14:53:37.844 [com.alibaba.nacos.naming.failover.0] [none] DEBUG com.alibaba.nacos.client.naming - failover switch is not found, 00-00---000-VIPSRV_FAILOVER_SWITCH-000---00-00
2026-05-18 14:53:42.859 [com.alibaba.nacos.naming.failover.0] [none] DEBUG com.alibaba.nacos.client.naming - failover switch is not found, 00-00---000-VIPSRV_FAILOVER_SWITCH-000---00-00
2026-05-18 14:53:47.861 [com.alibaba.nacos.naming.failover.0] [none] DEBUG com.alibaba.nacos.client.naming - failover switch is not found, 00-00---000-VIPSRV_FAILOVER_SWITCH-000---00-00
2026-05-18 14:53:52.874 [com.alibaba.nacos.naming.failover.0] [none] DEBUG com.alibaba.nacos.client.naming - failover switch is not found, 00-00---000-VIPSRV_FAILOVER_SWITCH-000---00-00
2026-05-18 14:53:57.886 [com.alibaba.nacos.naming.failover.0] [none] DEBUG com.alibaba.nacos.client.naming - failover switch is not found, 00-00---000-VIPSRV_FAILOVER_SWITCH-000---00-00
2026-05-18 14:54:02.897 [com.alibaba.nacos.naming.failover.0] [none] DEBUG com.alibaba.nacos.client.naming - failover switch is not found, 00-00---000-VIPSRV_FAILOVER_SWITCH-000---00-00
2026-05-18 14:54:07.907 [com.alibaba.nacos.naming.failover.0] [none] DEBUG com.alibaba.nacos.client.naming - failover switch is not found, 00-00---000-VIPSRV_FAILOVER_SWITCH-000---00-00
2026-05-18 14:54:12.920 [com.alibaba.nacos.naming.failover.0] [none] DEBUG com.alibaba.nacos.client.naming - failover switch is not found, 00-00---000-VIPSRV_FAILOVER_SWITCH-000---00-00
2026-05-18 14:54:17.921 [com.alibaba.nacos.naming.failover.0] [none] DEBUG com.alibaba.nacos.client.naming - failover switch is not found, 00-00---000-VIPSRV_FAILOVER_SWITCH-000---00-00
2026-05-18 14:54:22.932 [com.alibaba.nacos.naming.failover.0] [none] DEBUG com.alibaba.nacos.client.naming - failover switch is not found, 00-00---000-VIPSRV_FAILOVER_SWITCH-000---00-00
2026-05-18 14:54:27.941 [com.alibaba.nacos.naming.failover.0] [none] DEBUG com.alibaba.nacos.client.naming - failover switch is not found, 00-00---000-VIPSRV_FAILOVER_SWITCH-000---00-00
2026-05-18 14:54:32.943 [com.alibaba.nacos.naming.failover.0] [none] DEBUG com.alibaba.nacos.client.naming - failover switch is not found, 00-00---000-VIPSRV_FAILOVER_SWITCH-000---00-00
2026-05-18 14:54:37.958 [com.alibaba.nacos.naming.failover.0] [none] DEBUG com.alibaba.nacos.client.naming - failover switch is not found, 00-00---000-VIPSRV_FAILOVER_SWITCH-000---00-00
2026-05-18 14:54:42.965 [com.alibaba.nacos.naming.failover.0] [none] DEBUG com.alibaba.nacos.client.naming - failover switch is not found, 00-00---000-VIPSRV_FAILOVER_SWITCH-000---00-00
2026-05-18 14:54:47.977 [com.alibaba.nacos.naming.failover.0] [none] DEBUG com.alibaba.nacos.client.naming - failover switch is not found, 00-00---000-VIPSRV_FAILOVER_SWITCH-000---00-00
2026-05-18 14:54:52.991 [com.alibaba.nacos.naming.failover.0] [none] DEBUG com.alibaba.nacos.client.naming - failover switch is not found, 00-00---000-VIPSRV_FAILOVER_SWITCH-000---00-00
2026-05-18 14:54:57.999 [com.alibaba.nacos.naming.failover.0] [none] DEBUG com.alibaba.nacos.client.naming - failover switch is not found, 00-00---000-VIPSRV_FAILOVER_SWITCH-000---00-00
2026-05-18 14:55:03.011 [com.alibaba.nacos.naming.failover.0] [none] DEBUG com.alibaba.nacos.client.naming - failover switch is not found, 00-00---000-VIPSRV_FAILOVER_SWITCH-000---00-00
2026-05-18 14:55:08.025 [com.alibaba.nacos.naming.failover.0] [none] DEBUG com.alibaba.nacos.client.naming - failover switch is not found, 00-00---000-VIPSRV_FAILOVER_SWITCH-000---00-00
2026-05-18 14:55:13.036 [com.alibaba.nacos.naming.failover.0] [none] DEBUG com.alibaba.nacos.client.naming - failover switch is not found, 00-00---000-VIPSRV_FAILOVER_SWITCH-000---00-00
2026-05-18 14:55:18.046 [com.alibaba.nacos.naming.failover.0] [none] DEBUG com.alibaba.nacos.client.naming - failover switch is not found, 00-00---000-VIPSRV_FAILOVER_SWITCH-000---00-00
2026-05-18 14:55:23.051 [com.alibaba.nacos.naming.failover.0] [none] DEBUG com.alibaba.nacos.client.naming - failover switch is not found, 00-00---000-VIPSRV_FAILOVER_SWITCH-000---00-00
2026-05-18 14:55:28.067 [com.alibaba.nacos.naming.failover.0] [none] DEBUG com.alibaba.nacos.client.naming - failover switch is not found, 00-00---000-VIPSRV_FAILOVER_SWITCH-000---00-00
2026-05-18 14:55:33.070 [com.alibaba.nacos.naming.failover.0] [none] DEBUG com.alibaba.nacos.client.naming - failover switch is not found, 00-00---000-VIPSRV_FAILOVER_SWITCH-000---00-00
2026-05-18 14:55:38.081 [com.alibaba.nacos.naming.failover.0] [none] DEBUG com.alibaba.nacos.client.naming - failover switch is not found, 00-00---000-VIPSRV_FAILOVER_SWITCH-000---00-00
2026-05-18 14:55:43.084 [com.alibaba.nacos.naming.failover.0] [none] DEBUG com.alibaba.nacos.client.naming - failover switch is not found, 00-00---000-VIPSRV_FAILOVER_SWITCH-000---00-00
2026-05-18 14:55:48.089 [com.alibaba.nacos.naming.failover.0] [none] DEBUG com.alibaba.nacos.client.naming - failover switch is not found, 00-00---000-VIPSRV_FAILOVER_SWITCH-000---00-00
2026-05-18 14:55:53.102 [com.alibaba.nacos.naming.failover.0] [none] DEBUG com.alibaba.nacos.client.naming - failover switch is not found, 00-00---000-VIPSRV_FAILOVER_SWITCH-000---00-00
2026-05-18 14:55:58.103 [com.alibaba.nacos.naming.failover.0] [none] DEBUG com.alibaba.nacos.client.naming - failover switch is not found, 00-00---000-VIPSRV_FAILOVER_SWITCH-000---00-00
2026-05-18 14:56:03.112 [com.alibaba.nacos.naming.failover.0] [none] DEBUG com.alibaba.nacos.client.naming - failover switch is not found, 00-00---000-VIPSRV_FAILOVER_SWITCH-000---00-00
2026-05-18 14:56:08.125 [com.alibaba.nacos.naming.failover.0] [none] DEBUG com.alibaba.nacos.client.naming - failover switch is not found, 00-00---000-VIPSRV_FAILOVER_SWITCH-000---00-00
2026-05-18 14:56:13.134 [com.alibaba.nacos.naming.failover.0] [none] DEBUG com.alibaba.nacos.client.naming - failover switch is not found, 00-00---000-VIPSRV_FAILOVER_SWITCH-000---00-00
2026-05-18 14:56:18.140 [com.alibaba.nacos.naming.failover.0] [none] DEBUG com.alibaba.nacos.client.naming - failover switch is not found, 00-00---000-VIPSRV_FAILOVER_SWITCH-000---00-00
2026-05-18 14:56:23.140 [com.alibaba.nacos.naming.failover.0] [none] DEBUG com.alibaba.nacos.client.naming - failover switch is not found, 00-00---000-VIPSRV_FAILOVER_SWITCH-000---00-00
2026-05-18 14:56:28.145 [com.alibaba.nacos.naming.failover.0] [none] DEBUG com.alibaba.nacos.client.naming - failover switch is not found, 00-00---000-VIPSRV_FAILOVER_SWITCH-000---00-00
2026-05-18 14:56:33.149 [com.alibaba.nacos.naming.failover.0] [none] DEBUG com.alibaba.nacos.client.naming - failover switch is not found, 00-00---000-VIPSRV_FAILOVER_SWITCH-000---00-00
2026-05-18 14:56:38.164 [com.alibaba.nacos.naming.failover.0] [none] DEBUG com.alibaba.nacos.client.naming - failover switch is not found, 00-00---000-VIPSRV_FAILOVER_SWITCH-000---00-00
2026-05-18 14:56:43.173 [com.alibaba.nacos.naming.failover.0] [none] DEBUG com.alibaba.nacos.client.naming - failover switch is not found, 00-00---000-VIPSRV_FAILOVER_SWITCH-000---00-00
2026-05-18 14:56:48.181 [com.alibaba.nacos.naming.failover.0] [none] DEBUG com.alibaba.nacos.client.naming - failover switch is not found, 00-00---000-VIPSRV_FAILOVER_SWITCH-000---00-00
2026-05-18 14:56:53.192 [com.alibaba.nacos.naming.failover.0] [none] DEBUG com.alibaba.nacos.client.naming - failover switch is not found, 00-00---000-VIPSRV_FAILOVER_SWITCH-000---00-00
2026-05-18 14:56:58.206 [com.alibaba.nacos.naming.failover.0] [none] DEBUG com.alibaba.nacos.client.naming - failover switch is not found, 00-00---000-VIPSRV_FAILOVER_SWITCH-000---00-00
2026-05-18 14:57:03.219 [com.alibaba.nacos.naming.failover.0] [none] DEBUG com.alibaba.nacos.client.naming - failover switch is not found, 00-00---000-VIPSRV_FAILOVER_SWITCH-000---00-00
2026-05-18 14:57:08.223 [com.alibaba.nacos.naming.failover.0] [none] DEBUG com.alibaba.nacos.client.naming - failover switch is not found, 00-00---000-VIPSRV_FAILOVER_SWITCH-000---00-00
2026-05-18 14:57:13.235 [com.alibaba.nacos.naming.failover.0] [none] DEBUG com.alibaba.nacos.client.naming - failover switch is not found, 00-00---000-VIPSRV_FAILOVER_SWITCH-000---00-00
2026-05-18 14:57:18.243 [com.alibaba.nacos.naming.failover.0] [none] DEBUG com.alibaba.nacos.client.naming - failover switch is not found, 00-00---000-VIPSRV_FAILOVER_SWITCH-000---00-00
2026-05-18 14:57:23.256 [com.alibaba.nacos.naming.failover.0] [none] DEBUG com.alibaba.nacos.client.naming - failover switch is not found, 00-00---000-VIPSRV_FAILOVER_SWITCH-000---00-00
2026-05-18 14:57:28.258 [com.alibaba.nacos.naming.failover.0] [none] DEBUG com.alibaba.nacos.client.naming - failover switch is not found, 00-00---000-VIPSRV_FAILOVER_SWITCH-000---00-00
2026-05-18 14:57:33.274 [com.alibaba.nacos.naming.failover.0] [none] DEBUG com.alibaba.nacos.client.naming - failover switch is not found, 00-00---000-VIPSRV_FAILOVER_SWITCH-000---00-00
2026-05-18 14:57:38.284 [com.alibaba.nacos.naming.failover.0] [none] DEBUG com.alibaba.nacos.client.naming - failover switch is not found, 00-00---000-VIPSRV_FAILOVER_SWITCH-000---00-00
2026-05-18 14:57:43.300 [com.alibaba.nacos.naming.failover.0] [none] DEBUG com.alibaba.nacos.client.naming - failover switch is not found, 00-00---000-VIPSRV_FAILOVER_SWITCH-000---00-00
2026-05-18 14:57:48.305 [com.alibaba.nacos.naming.failover.0] [none] DEBUG com.alibaba.nacos.client.naming - failover switch is not found, 00-00---000-VIPSRV_FAILOVER_SWITCH-000---00-00
2026-05-18 14:57:53.313 [com.alibaba.nacos.naming.failover.0] [none] DEBUG com.alibaba.nacos.client.naming - failover switch is not found, 00-00---000-VIPSRV_FAILOVER_SWITCH-000---00-00
2026-05-18 14:57:58.320 [com.alibaba.nacos.naming.failover.0] [none] DEBUG com.alibaba.nacos.client.naming - failover switch is not found, 00-00---000-VIPSRV_FAILOVER_SWITCH-000---00-00
2026-05-18 14:58:03.330 [com.alibaba.nacos.naming.failover.0] [none] DEBUG com.alibaba.nacos.client.naming - failover switch is not found, 00-00---000-VIPSRV_FAILOVER_SWITCH-000---00-00
2026-05-18 14:58:08.331 [com.alibaba.nacos.naming.failover.0] [none] DEBUG com.alibaba.nacos.client.naming - failover switch is not found, 00-00---000-VIPSRV_FAILOVER_SWITCH-000---00-00
2026-05-18 14:58:13.342 [com.alibaba.nacos.naming.failover.0] [none] DEBUG com.alibaba.nacos.client.naming - failover switch is not found, 00-00---000-VIPSRV_FAILOVER_SWITCH-000---00-00
2026-05-18 14:58:18.347 [com.alibaba.nacos.naming.failover.0] [none] DEBUG com.alibaba.nacos.client.naming - failover switch is not found, 00-00---000-VIPSRV_FAILOVER_SWITCH-000---00-00
2026-05-18 14:58:23.359 [com.alibaba.nacos.naming.failover.0] [none] DEBUG com.alibaba.nacos.client.naming - failover switch is not found, 00-00---000-VIPSRV_FAILOVER_SWITCH-000---00-00
2026-05-18 14:58:28.367 [com.alibaba.nacos.naming.failover.0] [none] DEBUG com.alibaba.nacos.client.naming - failover switch is not found, 00-00---000-VIPSRV_FAILOVER_SWITCH-000---00-00
2026-05-18 14:58:33.375 [com.alibaba.nacos.naming.failover.0] [none] DEBUG com.alibaba.nacos.client.naming - failover switch is not found, 00-00---000-VIPSRV_FAILOVER_SWITCH-000---00-00
2026-05-18 14:58:38.378 [com.alibaba.nacos.naming.failover.0] [none] DEBUG com.alibaba.nacos.client.naming - failover switch is not found, 00-00---000-VIPSRV_FAILOVER_SWITCH-000---00-00
2026-05-18 14:58:43.391 [com.alibaba.nacos.naming.failover.0] [none] DEBUG com.alibaba.nacos.client.naming - failover switch is not found, 00-00---000-VIPSRV_FAILOVER_SWITCH-000---00-00
2026-05-18 14:58:48.407 [com.alibaba.nacos.naming.failover.0] [none] DEBUG com.alibaba.nacos.client.naming - failover switch is not found, 00-00---000-VIPSRV_FAILOVER_SWITCH-000---00-00
2026-05-18 14:58:53.412 [com.alibaba.nacos.naming.failover.0] [none] DEBUG com.alibaba.nacos.client.naming - failover switch is not found, 00-00---000-VIPSRV_FAILOVER_SWITCH-000---00-00
2026-05-18 14:58:58.420 [com.alibaba.nacos.naming.failover.0] [none] DEBUG com.alibaba.nacos.client.naming - failover switch is not found, 00-00---000-VIPSRV_FAILOVER_SWITCH-000---00-00
2026-05-18 14:59:03.434 [com.alibaba.nacos.naming.failover.0] [none] DEBUG com.alibaba.nacos.client.naming - failover switch is not found, 00-00---000-VIPSRV_FAILOVER_SWITCH-000---00-00
2026-05-18 14:59:08.438 [com.alibaba.nacos.naming.failover.0] [none] DEBUG com.alibaba.nacos.client.naming - failover switch is not found, 00-00---000-VIPSRV_FAILOVER_SWITCH-000---00-00
2026-05-18 14:59:13.449 [com.alibaba.nacos.naming.failover.0] [none] DEBUG com.alibaba.nacos.client.naming - failover switch is not found, 00-00---000-VIPSRV_FAILOVER_SWITCH-000---00-00
2026-05-18 14:59:18.456 [com.alibaba.nacos.naming.failover.0] [none] DEBUG com.alibaba.nacos.client.naming - failover switch is not found, 00-00---000-VIPSRV_FAILOVER_SWITCH-000---00-00
2026-05-18 14:59:23.463 [com.alibaba.nacos.naming.failover.0] [none] DEBUG com.alibaba.nacos.client.naming - failover switch is not found, 00-00---000-VIPSRV_FAILOVER_SWITCH-000---00-00
2026-05-18 14:59:28.471 [com.alibaba.nacos.naming.failover.0] [none] DEBUG com.alibaba.nacos.client.naming - failover switch is not found, 00-00---000-VIPSRV_FAILOVER_SWITCH-000---00-00
2026-05-18 14:59:33.477 [com.alibaba.nacos.naming.failover.0] [none] DEBUG com.alibaba.nacos.client.naming - failover switch is not found, 00-00---000-VIPSRV_FAILOVER_SWITCH-000---00-00
2026-05-18 14:59:38.489 [com.alibaba.nacos.naming.failover.0] [none] DEBUG com.alibaba.nacos.client.naming - failover switch is not found, 00-00---000-VIPSRV_FAILOVER_SWITCH-000---00-00
2026-05-18 14:59:43.495 [com.alibaba.nacos.naming.failover.0] [none] DEBUG com.alibaba.nacos.client.naming - failover switch is not found, 00-00---000-VIPSRV_FAILOVER_SWITCH-000---00-00
2026-05-18 14:59:48.503 [com.alibaba.nacos.naming.failover.0] [none] DEBUG com.alibaba.nacos.client.naming - failover switch is not found, 00-00---000-VIPSRV_FAILOVER_SWITCH-000---00-00
2026-05-18 14:59:53.509 [com.alibaba.nacos.naming.failover.0] [none] DEBUG com.alibaba.nacos.client.naming - failover switch is not found, 00-00---000-VIPSRV_FAILOVER_SWITCH-000---00-00
2026-05-18 14:59:58.523 [com.alibaba.nacos.naming.failover.0] [none] DEBUG com.alibaba.nacos.client.naming - failover switch is not found, 00-00---000-VIPSRV_FAILOVER_SWITCH-000---00-00
2026-05-18 15:00:03.523 [com.alibaba.nacos.naming.failover.0] [none] DEBUG com.alibaba.nacos.client.naming - failover switch is not found, 00-00---000-VIPSRV_FAILOVER_SWITCH-000---00-00
2026-05-18 15:00:08.525 [com.alibaba.nacos.naming.failover.0] [none] DEBUG com.alibaba.nacos.client.naming - failover switch is not found, 00-00---000-VIPSRV_FAILOVER_SWITCH-000---00-00
2026-05-18 15:00:13.530 [com.alibaba.nacos.naming.failover.0] [none] DEBUG com.alibaba.nacos.client.naming - failover switch is not found, 00-00---000-VIPSRV_FAILOVER_SWITCH-000---00-00
2026-05-18 15:00:18.540 [com.alibaba.nacos.naming.failover.0] [none] DEBUG com.alibaba.nacos.client.naming - failover switch is not found, 00-00---000-VIPSRV_FAILOVER_SWITCH-000---00-00
2026-05-18 15:00:23.546 [com.alibaba.nacos.naming.failover.0] [none] DEBUG com.alibaba.nacos.client.naming - failover switch is not found, 00-00---000-VIPSRV_FAILOVER_SWITCH-000---00-00
2026-05-18 15:00:28.549 [com.alibaba.nacos.naming.failover.0] [none] DEBUG com.alibaba.nacos.client.naming - failover switch is not found, 00-00---000-VIPSRV_FAILOVER_SWITCH-000---00-00
2026-05-18 15:00:33.562 [com.alibaba.nacos.naming.failover.0] [none] DEBUG com.alibaba.nacos.client.naming - failover switch is not found, 00-00---000-VIPSRV_FAILOVER_SWITCH-000---00-00
2026-05-18 15:00:38.566 [com.alibaba.nacos.naming.failover.0] [none] DEBUG com.alibaba.nacos.client.naming - failover switch is not found, 00-00---000-VIPSRV_FAILOVER_SWITCH-000---00-00
2026-05-18 15:00:43.566 [com.alibaba.nacos.naming.failover.0] [none] DEBUG com.alibaba.nacos.client.naming - failover switch is not found, 00-00---000-VIPSRV_FAILOVER_SWITCH-000---00-00
2026-05-18 15:00:48.567 [com.alibaba.nacos.naming.failover.0] [none] DEBUG com.alibaba.nacos.client.naming - failover switch is not found, 00-00---000-VIPSRV_FAILOVER_SWITCH-000---00-00
2026-05-18 15:00:53.578 [com.alibaba.nacos.naming.failover.0] [none] DEBUG com.alibaba.nacos.client.naming - failover switch is not found, 00-00---000-VIPSRV_FAILOVER_SWITCH-000---00-00
2026-05-18 15:00:58.585 [com.alibaba.nacos.naming.failover.0] [none] DEBUG com.alibaba.nacos.client.naming - failover switch is not found, 00-00---000-VIPSRV_FAILOVER_SWITCH-000---00-00
2026-05-18 15:01:03.596 [com.alibaba.nacos.naming.failover.0] [none] DEBUG com.alibaba.nacos.client.naming - failover switch is not found, 00-00---000-VIPSRV_FAILOVER_SWITCH-000---00-00
2026-05-18 15:01:08.600 [com.alibaba.nacos.naming.failover.0] [none] DEBUG com.alibaba.nacos.client.naming - failover switch is not found, 00-00---000-VIPSRV_FAILOVER_SWITCH-000---00-00
2026-05-18 15:01:13.613 [com.alibaba.nacos.naming.failover.0] [none] DEBUG com.alibaba.nacos.client.naming - failover switch is not found, 00-00---000-VIPSRV_FAILOVER_SWITCH-000---00-00
2026-05-18 15:01:18.625 [com.alibaba.nacos.naming.failover.0] [none] DEBUG com.alibaba.nacos.client.naming - failover switch is not found, 00-00---000-VIPSRV_FAILOVER_SWITCH-000---00-00
2026-05-18 15:01:23.632 [com.alibaba.nacos.naming.failover.0] [none] DEBUG com.alibaba.nacos.client.naming - failover switch is not found, 00-00---000-VIPSRV_FAILOVER_SWITCH-000---00-00
2026-05-18 15:01:28.645 [com.alibaba.nacos.naming.failover.0] [none] DEBUG com.alibaba.nacos.client.naming - failover switch is not found, 00-00---000-VIPSRV_FAILOVER_SWITCH-000---00-00
2026-05-18 15:01:33.650 [com.alibaba.nacos.naming.failover.0] [none] DEBUG com.alibaba.nacos.client.naming - failover switch is not found, 00-00---000-VIPSRV_FAILOVER_SWITCH-000---00-00
2026-05-18 15:01:38.665 [com.alibaba.nacos.naming.failover.0] [none] DEBUG com.alibaba.nacos.client.naming - failover switch is not found, 00-00---000-VIPSRV_FAILOVER_SWITCH-000---00-00
2026-05-18 15:01:43.676 [com.alibaba.nacos.naming.failover.0] [none] DEBUG com.alibaba.nacos.client.naming - failover switch is not found, 00-00---000-VIPSRV_FAILOVER_SWITCH-000---00-00
2026-05-18 15:01:48.688 [com.alibaba.nacos.naming.failover.0] [none] DEBUG com.alibaba.nacos.client.naming - failover switch is not found, 00-00---000-VIPSRV_FAILOVER_SWITCH-000---00-00
2026-05-18 15:01:53.692 [com.alibaba.nacos.naming.failover.0] [none] DEBUG com.alibaba.nacos.client.naming - failover switch is not found, 00-00---000-VIPSRV_FAILOVER_SWITCH-000---00-00
2026-05-18 15:01:58.707 [com.alibaba.nacos.naming.failover.0] [none] DEBUG com.alibaba.nacos.client.naming - failover switch is not found, 00-00---000-VIPSRV_FAILOVER_SWITCH-000---00-00
2026-05-18 15:02:03.712 [com.alibaba.nacos.naming.failover.0] [none] DEBUG com.alibaba.nacos.client.naming - failover switch is not found, 00-00---000-VIPSRV_FAILOVER_SWITCH-000---00-00
2026-05-18 15:02:08.812 [com.alibaba.nacos.naming.failover.0] [none] DEBUG com.alibaba.nacos.client.naming - failover switch is not found, 00-00---000-VIPSRV_FAILOVER_SWITCH-000---00-00
2026-05-18 15:02:13.821 [com.alibaba.nacos.naming.failover.0] [none] DEBUG com.alibaba.nacos.client.naming - failover switch is not found, 00-00---000-VIPSRV_FAILOVER_SWITCH-000---00-00
2026-05-18 15:02:18.822 [com.alibaba.nacos.naming.failover.0] [none] DEBUG com.alibaba.nacos.client.naming - failover switch is not found, 00-00---000-VIPSRV_FAILOVER_SWITCH-000---00-00
2026-05-18 15:02:23.833 [com.alibaba.nacos.naming.failover.0] [none] DEBUG com.alibaba.nacos.client.naming - failover switch is not found, 00-00---000-VIPSRV_FAILOVER_SWITCH-000---00-00
2026-05-18 15:02:28.835 [com.alibaba.nacos.naming.failover.0] [none] DEBUG com.alibaba.nacos.client.naming - failover switch is not found, 00-00---000-VIPSRV_FAILOVER_SWITCH-000---00-00
2026-05-18 15:02:33.847 [com.alibaba.nacos.naming.failover.0] [none] DEBUG com.alibaba.nacos.client.naming - failover switch is not found, 00-00---000-VIPSRV_FAILOVER_SWITCH-000---00-00
2026-05-18 15:02:38.858 [com.alibaba.nacos.naming.failover.0] [none] DEBUG com.alibaba.nacos.client.naming - failover switch is not found, 00-00---000-VIPSRV_FAILOVER_SWITCH-000---00-00
2026-05-18 15:02:43.866 [com.alibaba.nacos.naming.failover.0] [none] DEBUG com.alibaba.nacos.client.naming - failover switch is not found, 00-00---000-VIPSRV_FAILOVER_SWITCH-000---00-00
2026-05-18 15:02:48.871 [com.alibaba.nacos.naming.failover.0] [none] DEBUG com.alibaba.nacos.client.naming - failover switch is not found, 00-00---000-VIPSRV_FAILOVER_SWITCH-000---00-00
2026-05-18 15:02:53.871 [com.alibaba.nacos.naming.failover.0] [none] DEBUG com.alibaba.nacos.client.naming - failover switch is not found, 00-00---000-VIPSRV_FAILOVER_SWITCH-000---00-00
2026-05-18 15:02:58.881 [com.alibaba.nacos.naming.failover.0] [none] DEBUG com.alibaba.nacos.client.naming - failover switch is not found, 00-00---000-VIPSRV_FAILOVER_SWITCH-000---00-00
2026-05-18 15:03:03.885 [com.alibaba.nacos.naming.failover.0] [none] DEBUG com.alibaba.nacos.client.naming - failover switch is not found, 00-00---000-VIPSRV_FAILOVER_SWITCH-000---00-00
2026-05-18 15:03:08.889 [com.alibaba.nacos.naming.failover.0] [none] DEBUG com.alibaba.nacos.client.naming - failover switch is not found, 00-00---000-VIPSRV_FAILOVER_SWITCH-000---00-00
2026-05-18 15:03:13.893 [com.alibaba.nacos.naming.failover.0] [none] DEBUG com.alibaba.nacos.client.naming - failover switch is not found, 00-00---000-VIPSRV_FAILOVER_SWITCH-000---00-00
2026-05-18 15:03:18.895 [com.alibaba.nacos.naming.failover.0] [none] DEBUG com.alibaba.nacos.client.naming - failover switch is not found, 00-00---000-VIPSRV_FAILOVER_SWITCH-000---00-00
2026-05-18 15:03:23.905 [com.alibaba.nacos.naming.failover.0] [none] DEBUG com.alibaba.nacos.client.naming - failover switch is not found, 00-00---000-VIPSRV_FAILOVER_SWITCH-000---00-00
2026-05-18 15:03:28.916 [com.alibaba.nacos.naming.failover.0] [none] DEBUG com.alibaba.nacos.client.naming - failover switch is not found, 00-00---000-VIPSRV_FAILOVER_SWITCH-000---00-00
2026-05-18 15:03:33.930 [com.alibaba.nacos.naming.failover.0] [none] DEBUG com.alibaba.nacos.client.naming - failover switch is not found, 00-00---000-VIPSRV_FAILOVER_SWITCH-000---00-00
2026-05-18 15:03:38.940 [com.alibaba.nacos.naming.failover.0] [none] DEBUG com.alibaba.nacos.client.naming - failover switch is not found, 00-00---000-VIPSRV_FAILOVER_SWITCH-000---00-00
2026-05-18 15:03:43.954 [com.alibaba.nacos.naming.failover.0] [none] DEBUG com.alibaba.nacos.client.naming - failover switch is not found, 00-00---000-VIPSRV_FAILOVER_SWITCH-000---00-00
2026-05-18 15:03:48.969 [com.alibaba.nacos.naming.failover.0] [none] DEBUG com.alibaba.nacos.client.naming - failover switch is not found, 00-00---000-VIPSRV_FAILOVER_SWITCH-000---00-00
2026-05-18 15:03:53.974 [com.alibaba.nacos.naming.failover.0] [none] DEBUG com.alibaba.nacos.client.naming - failover switch is not found, 00-00---000-VIPSRV_FAILOVER_SWITCH-000---00-00
2026-05-18 15:03:58.982 [com.alibaba.nacos.naming.failover.0] [none] DEBUG com.alibaba.nacos.client.naming - failover switch is not found, 00-00---000-VIPSRV_FAILOVER_SWITCH-000---00-00
2026-05-18 15:04:03.991 [com.alibaba.nacos.naming.failover.0] [none] DEBUG com.alibaba.nacos.client.naming - failover switch is not found, 00-00---000-VIPSRV_FAILOVER_SWITCH-000---00-00
2026-05-18 15:04:09.007 [com.alibaba.nacos.naming.failover.0] [none] DEBUG com.alibaba.nacos.client.naming - failover switch is not found, 00-00---000-VIPSRV_FAILOVER_SWITCH-000---00-00
2026-05-18 15:04:14.013 [com.alibaba.nacos.naming.failover.0] [none] DEBUG com.alibaba.nacos.client.naming - failover switch is not found, 00-00---000-VIPSRV_FAILOVER_SWITCH-000---00-00
2026-05-18 15:04:19.016 [com.alibaba.nacos.naming.failover.0] [none] DEBUG com.alibaba.nacos.client.naming - failover switch is not found, 00-00---000-VIPSRV_FAILOVER_SWITCH-000---00-00
2026-05-18 15:04:24.031 [com.alibaba.nacos.naming.failover.0] [none] DEBUG com.alibaba.nacos.client.naming - failover switch is not found, 00-00---000-VIPSRV_FAILOVER_SWITCH-000---00-00
2026-05-18 15:04:29.040 [com.alibaba.nacos.naming.failover.0] [none] DEBUG com.alibaba.nacos.client.naming - failover switch is not found, 00-00---000-VIPSRV_FAILOVER_SWITCH-000---00-00
2026-05-18 15:04:34.042 [com.alibaba.nacos.naming.failover.0] [none] DEBUG com.alibaba.nacos.client.naming - failover switch is not found, 00-00---000-VIPSRV_FAILOVER_SWITCH-000---00-00
2026-05-18 15:04:39.047 [com.alibaba.nacos.naming.failover.0] [none] DEBUG com.alibaba.nacos.client.naming - failover switch is not found, 00-00---000-VIPSRV_FAILOVER_SWITCH-000---00-00
2026-05-18 15:04:44.056 [com.alibaba.nacos.naming.failover.0] [none] DEBUG com.alibaba.nacos.client.naming - failover switch is not found, 00-00---000-VIPSRV_FAILOVER_SWITCH-000---00-00
2026-05-18 15:04:49.067 [com.alibaba.nacos.naming.failover.0] [none] DEBUG com.alibaba.nacos.client.naming - failover switch is not found, 00-00---000-VIPSRV_FAILOVER_SWITCH-000---00-00
2026-05-18 15:04:54.075 [com.alibaba.nacos.naming.failover.0] [none] DEBUG com.alibaba.nacos.client.naming - failover switch is not found, 00-00---000-VIPSRV_FAILOVER_SWITCH-000---00-00
2026-05-18 15:04:59.082 [com.alibaba.nacos.naming.failover.0] [none] DEBUG com.alibaba.nacos.client.naming - failover switch is not found, 00-00---000-VIPSRV_FAILOVER_SWITCH-000---00-00
2026-05-18 15:05:04.090 [com.alibaba.nacos.naming.failover.0] [none] DEBUG com.alibaba.nacos.client.naming - failover switch is not found, 00-00---000-VIPSRV_FAILOVER_SWITCH-000---00-00
2026-05-18 15:05:09.095 [com.alibaba.nacos.naming.failover.0] [none] DEBUG com.alibaba.nacos.client.naming - failover switch is not found, 00-00---000-VIPSRV_FAILOVER_SWITCH-000---00-00
2026-05-18 15:05:14.099 [com.alibaba.nacos.naming.failover.0] [none] DEBUG com.alibaba.nacos.client.naming - failover switch is not found, 00-00---000-VIPSRV_FAILOVER_SWITCH-000---00-00
2026-05-18 15:05:19.112 [com.alibaba.nacos.naming.failover.0] [none] DEBUG com.alibaba.nacos.client.naming - failover switch is not found, 00-00---000-VIPSRV_FAILOVER_SWITCH-000---00-00
2026-05-18 15:05:24.112 [com.alibaba.nacos.naming.failover.0] [none] DEBUG com.alibaba.nacos.client.naming - failover switch is not found, 00-00---000-VIPSRV_FAILOVER_SWITCH-000---00-00
2026-05-18 15:05:29.116 [com.alibaba.nacos.naming.failover.0] [none] DEBUG com.alibaba.nacos.client.naming - failover switch is not found, 00-00---000-VIPSRV_FAILOVER_SWITCH-000---00-00
2026-05-18 15:05:34.131 [com.alibaba.nacos.naming.failover.0] [none] DEBUG com.alibaba.nacos.client.naming - failover switch is not found, 00-00---000-VIPSRV_FAILOVER_SWITCH-000---00-00
2026-05-18 15:05:39.134 [com.alibaba.nacos.naming.failover.0] [none] DEBUG com.alibaba.nacos.client.naming - failover switch is not found, 00-00---000-VIPSRV_FAILOVER_SWITCH-000---00-00
2026-05-18 15:05:44.140 [com.alibaba.nacos.naming.failover.0] [none] DEBUG com.alibaba.nacos.client.naming - failover switch is not found, 00-00---000-VIPSRV_FAILOVER_SWITCH-000---00-00
2026-05-18 15:05:49.143 [com.alibaba.nacos.naming.failover.0] [none] DEBUG com.alibaba.nacos.client.naming - failover switch is not found, 00-00---000-VIPSRV_FAILOVER_SWITCH-000---00-00
2026-05-18 15:05:54.154 [com.alibaba.nacos.naming.failover.0] [none] DEBUG com.alibaba.nacos.client.naming - failover switch is not found, 00-00---000-VIPSRV_FAILOVER_SWITCH-000---00-00
2026-05-18 15:05:59.165 [com.alibaba.nacos.naming.failover.0] [none] DEBUG com.alibaba.nacos.client.naming - failover switch is not found, 00-00---000-VIPSRV_FAILOVER_SWITCH-000---00-00
2026-05-18 15:06:04.177 [com.alibaba.nacos.naming.failover.0] [none] DEBUG com.alibaba.nacos.client.naming - failover switch is not found, 00-00---000-VIPSRV_FAILOVER_SWITCH-000---00-00
2026-05-18 15:06:09.191 [com.alibaba.nacos.naming.failover.0] [none] DEBUG com.alibaba.nacos.client.naming - failover switch is not found, 00-00---000-VIPSRV_FAILOVER_SWITCH-000---00-00
2026-05-18 15:06:14.199 [com.alibaba.nacos.naming.failover.0] [none] DEBUG com.alibaba.nacos.client.naming - failover switch is not found, 00-00---000-VIPSRV_FAILOVER_SWITCH-000---00-00
2026-05-18 15:06:19.199 [com.alibaba.nacos.naming.failover.0] [none] DEBUG com.alibaba.nacos.client.naming - failover switch is not found, 00-00---000-VIPSRV_FAILOVER_SWITCH-000---00-00
2026-05-18 15:06:24.224 [com.alibaba.nacos.naming.failover.0] [none] DEBUG com.alibaba.nacos.client.naming - failover switch is not found, 00-00---000-VIPSRV_FAILOVER_SWITCH-000---00-00
2026-05-18 15:06:29.228 [com.alibaba.nacos.naming.failover.0] [none] DEBUG com.alibaba.nacos.client.naming - failover switch is not found, 00-00---000-VIPSRV_FAILOVER_SWITCH-000---00-00
2026-05-18 15:06:34.233 [com.alibaba.nacos.naming.failover.0] [none] DEBUG com.alibaba.nacos.client.naming - failover switch is not found, 00-00---000-VIPSRV_FAILOVER_SWITCH-000---00-00
2026-05-18 15:06:39.272 [com.alibaba.nacos.naming.failover.0] [none] DEBUG com.alibaba.nacos.client.naming - failover switch is not found, 00-00---000-VIPSRV_FAILOVER_SWITCH-000---00-00
2026-05-18 15:06:44.287 [com.alibaba.nacos.naming.failover.0] [none] DEBUG com.alibaba.nacos.client.naming - failover switch is not found, 00-00---000-VIPSRV_FAILOVER_SWITCH-000---00-00
2026-05-18 15:06:49.286 [com.alibaba.nacos.naming.failover.0] [none] DEBUG com.alibaba.nacos.client.naming - failover switch is not found, 00-00---000-VIPSRV_FAILOVER_SWITCH-000---00-00
2026-05-18 15:06:54.439 [com.alibaba.nacos.naming.failover.0] [none] DEBUG com.alibaba.nacos.client.naming - failover switch is not found, 00-00---000-VIPSRV_FAILOVER_SWITCH-000---00-00
2026-05-18 15:06:59.508 [com.alibaba.nacos.naming.failover.0] [none] DEBUG com.alibaba.nacos.client.naming - failover switch is not found, 00-00---000-VIPSRV_FAILOVER_SWITCH-000---00-00
2026-05-18 15:07:04.529 [com.alibaba.nacos.naming.failover.0] [none] DEBUG com.alibaba.nacos.client.naming - failover switch is not found, 00-00---000-VIPSRV_FAILOVER_SWITCH-000---00-00
2026-05-18 15:07:09.538 [com.alibaba.nacos.naming.failover.0] [none] DEBUG com.alibaba.nacos.client.naming - failover switch is not found, 00-00---000-VIPSRV_FAILOVER_SWITCH-000---00-00
2026-05-18 15:07:14.539 [com.alibaba.nacos.naming.failover.0] [none] DEBUG com.alibaba.nacos.client.naming - failover switch is not found, 00-00---000-VIPSRV_FAILOVER_SWITCH-000---00-00
2026-05-18 15:07:19.547 [com.alibaba.nacos.naming.failover.0] [none] DEBUG com.alibaba.nacos.client.naming - failover switch is not found, 00-00---000-VIPSRV_FAILOVER_SWITCH-000---00-00
2026-05-18 15:07:24.552 [com.alibaba.nacos.naming.failover.0] [none] DEBUG com.alibaba.nacos.client.naming - failover switch is not found, 00-00---000-VIPSRV_FAILOVER_SWITCH-000---00-00
2026-05-18 15:07:29.562 [com.alibaba.nacos.naming.failover.0] [none] DEBUG com.alibaba.nacos.client.naming - failover switch is not found, 00-00---000-VIPSRV_FAILOVER_SWITCH-000---00-00
2026-05-18 15:07:34.571 [com.alibaba.nacos.naming.failover.0] [none] DEBUG com.alibaba.nacos.client.naming - failover switch is not found, 00-00---000-VIPSRV_FAILOVER_SWITCH-000---00-00
2026-05-18 15:07:39.587 [com.alibaba.nacos.naming.failover.0] [none] DEBUG com.alibaba.nacos.client.naming - failover switch is not found, 00-00---000-VIPSRV_FAILOVER_SWITCH-000---00-00
2026-05-18 15:07:44.595 [com.alibaba.nacos.naming.failover.0] [none] DEBUG com.alibaba.nacos.client.naming - failover switch is not found, 00-00---000-VIPSRV_FAILOVER_SWITCH-000---00-00
2026-05-18 15:07:49.608 [com.alibaba.nacos.naming.failover.0] [none] DEBUG com.alibaba.nacos.client.naming - failover switch is not found, 00-00---000-VIPSRV_FAILOVER_SWITCH-000---00-00
2026-05-18 15:07:54.617 [com.alibaba.nacos.naming.failover.0] [none] DEBUG com.alibaba.nacos.client.naming - failover switch is not found, 00-00---000-VIPSRV_FAILOVER_SWITCH-000---00-00
2026-05-18 15:07:59.618 [com.alibaba.nacos.naming.failover.0] [none] DEBUG com.alibaba.nacos.client.naming - failover switch is not found, 00-00---000-VIPSRV_FAILOVER_SWITCH-000---00-00
2026-05-18 15:08:04.621 [com.alibaba.nacos.naming.failover.0] [none] DEBUG com.alibaba.nacos.client.naming - failover switch is not found, 00-00---000-VIPSRV_FAILOVER_SWITCH-000---00-00
2026-05-18 15:08:09.733 [com.alibaba.nacos.naming.failover.0] [none] DEBUG com.alibaba.nacos.client.naming - failover switch is not found, 00-00---000-VIPSRV_FAILOVER_SWITCH-000---00-00
2026-05-18 15:08:14.740 [com.alibaba.nacos.naming.failover.0] [none] DEBUG com.alibaba.nacos.client.naming - failover switch is not found, 00-00---000-VIPSRV_FAILOVER_SWITCH-000---00-00
2026-05-18 15:08:19.749 [com.alibaba.nacos.naming.failover.0] [none] DEBUG com.alibaba.nacos.client.naming - failover switch is not found, 00-00---000-VIPSRV_FAILOVER_SWITCH-000---00-00
2026-05-18 15:08:24.754 [com.alibaba.nacos.naming.failover.0] [none] DEBUG com.alibaba.nacos.client.naming - failover switch is not found, 00-00---000-VIPSRV_FAILOVER_SWITCH-000---00-00
2026-05-18 15:08:29.765 [com.alibaba.nacos.naming.failover.0] [none] DEBUG com.alibaba.nacos.client.naming - failover switch is not found, 00-00---000-VIPSRV_FAILOVER_SWITCH-000---00-00
2026-05-18 15:08:34.767 [com.alibaba.nacos.naming.failover.0] [none] DEBUG com.alibaba.nacos.client.naming - failover switch is not found, 00-00---000-VIPSRV_FAILOVER_SWITCH-000---00-00
2026-05-18 15:08:39.774 [com.alibaba.nacos.naming.failover.0] [none] DEBUG com.alibaba.nacos.client.naming - failover switch is not found, 00-00---000-VIPSRV_FAILOVER_SWITCH-000---00-00
2026-05-18 15:08:44.776 [com.alibaba.nacos.naming.failover.0] [none] DEBUG com.alibaba.nacos.client.naming - failover switch is not found, 00-00---000-VIPSRV_FAILOVER_SWITCH-000---00-00
2026-05-18 15:08:49.785 [com.alibaba.nacos.naming.failover.0] [none] DEBUG com.alibaba.nacos.client.naming - failover switch is not found, 00-00---000-VIPSRV_FAILOVER_SWITCH-000---00-00
2026-05-18 15:08:54.800 [com.alibaba.nacos.naming.failover.0] [none] DEBUG com.alibaba.nacos.client.naming - failover switch is not found, 00-00---000-VIPSRV_FAILOVER_SWITCH-000---00-00
2026-05-18 15:08:59.801 [com.alibaba.nacos.naming.failover.0] [none] DEBUG com.alibaba.nacos.client.naming - failover switch is not found, 00-00---000-VIPSRV_FAILOVER_SWITCH-000---00-00
2026-05-18 15:09:04.805 [com.alibaba.nacos.naming.failover.0] [none] DEBUG com.alibaba.nacos.client.naming - failover switch is not found, 00-00---000-VIPSRV_FAILOVER_SWITCH-000---00-00
2026-05-18 15:09:09.810 [com.alibaba.nacos.naming.failover.0] [none] DEBUG com.alibaba.nacos.client.naming - failover switch is not found, 00-00---000-VIPSRV_FAILOVER_SWITCH-000---00-00
2026-05-18 15:09:14.816 [com.alibaba.nacos.naming.failover.0] [none] DEBUG com.alibaba.nacos.client.naming - failover switch is not found, 00-00---000-VIPSRV_FAILOVER_SWITCH-000---00-00
2026-05-18 15:09:19.826 [com.alibaba.nacos.naming.failover.0] [none] DEBUG com.alibaba.nacos.client.naming - failover switch is not found, 00-00---000-VIPSRV_FAILOVER_SWITCH-000---00-00
2026-05-18 15:09:24.837 [com.alibaba.nacos.naming.failover.0] [none] DEBUG com.alibaba.nacos.client.naming - failover switch is not found, 00-00---000-VIPSRV_FAILOVER_SWITCH-000---00-00
2026-05-18 15:09:29.838 [com.alibaba.nacos.naming.failover.0] [none] DEBUG com.alibaba.nacos.client.naming - failover switch is not found, 00-00---000-VIPSRV_FAILOVER_SWITCH-000---00-00
2026-05-18 15:09:34.847 [com.alibaba.nacos.naming.failover.0] [none] DEBUG com.alibaba.nacos.client.naming - failover switch is not found, 00-00---000-VIPSRV_FAILOVER_SWITCH-000---00-00
2026-05-18 15:09:39.861 [com.alibaba.nacos.naming.failover.0] [none] DEBUG com.alibaba.nacos.client.naming - failover switch is not found, 00-00---000-VIPSRV_FAILOVER_SWITCH-000---00-00
2026-05-18 15:09:44.864 [com.alibaba.nacos.naming.failover.0] [none] DEBUG com.alibaba.nacos.client.naming - failover switch is not found, 00-00---000-VIPSRV_FAILOVER_SWITCH-000---00-00
2026-05-18 15:09:49.878 [com.alibaba.nacos.naming.failover.0] [none] DEBUG com.alibaba.nacos.client.naming - failover switch is not found, 00-00---000-VIPSRV_FAILOVER_SWITCH-000---00-00
2026-05-18 15:09:54.887 [com.alibaba.nacos.naming.failover.0] [none] DEBUG com.alibaba.nacos.client.naming - failover switch is not found, 00-00---000-VIPSRV_FAILOVER_SWITCH-000---00-00
2026-05-18 15:09:59.896 [com.alibaba.nacos.naming.failover.0] [none] DEBUG com.alibaba.nacos.client.naming - failover switch is not found, 00-00---000-VIPSRV_FAILOVER_SWITCH-000---00-00
2026-05-18 15:10:04.907 [com.alibaba.nacos.naming.failover.0] [none] DEBUG com.alibaba.nacos.client.naming - failover switch is not found, 00-00---000-VIPSRV_FAILOVER_SWITCH-000---00-00
2026-05-18 15:10:09.919 [com.alibaba.nacos.naming.failover.0] [none] DEBUG com.alibaba.nacos.client.naming - failover switch is not found, 00-00---000-VIPSRV_FAILOVER_SWITCH-000---00-00
2026-05-18 15:10:14.929 [com.alibaba.nacos.naming.failover.0] [none] DEBUG com.alibaba.nacos.client.naming - failover switch is not found, 00-00---000-VIPSRV_FAILOVER_SWITCH-000---00-00
2026-05-18 15:10:19.945 [com.alibaba.nacos.naming.failover.0] [none] DEBUG com.alibaba.nacos.client.naming - failover switch is not found, 00-00---000-VIPSRV_FAILOVER_SWITCH-000---00-00
2026-05-18 15:10:24.947 [com.alibaba.nacos.naming.failover.0] [none] DEBUG com.alibaba.nacos.client.naming - failover switch is not found, 00-00---000-VIPSRV_FAILOVER_SWITCH-000---00-00
2026-05-18 15:10:29.952 [com.alibaba.nacos.naming.failover.0] [none] DEBUG com.alibaba.nacos.client.naming - failover switch is not found, 00-00---000-VIPSRV_FAILOVER_SWITCH-000---00-00
2026-05-18 15:10:34.962 [com.alibaba.nacos.naming.failover.0] [none] DEBUG com.alibaba.nacos.client.naming - failover switch is not found, 00-00---000-VIPSRV_FAILOVER_SWITCH-000---00-00
2026-05-18 15:10:39.977 [com.alibaba.nacos.naming.failover.0] [none] DEBUG com.alibaba.nacos.client.naming - failover switch is not found, 00-00---000-VIPSRV_FAILOVER_SWITCH-000---00-00
2026-05-18 15:10:44.987 [com.alibaba.nacos.naming.failover.0] [none] DEBUG com.alibaba.nacos.client.naming - failover switch is not found, 00-00---000-VIPSRV_FAILOVER_SWITCH-000---00-00
2026-05-18 15:10:50.002 [com.alibaba.nacos.naming.failover.0] [none] DEBUG com.alibaba.nacos.client.naming - failover switch is not found, 00-00---000-VIPSRV_FAILOVER_SWITCH-000---00-00
2026-05-18 15:10:55.018 [com.alibaba.nacos.naming.failover.0] [none] DEBUG com.alibaba.nacos.client.naming - failover switch is not found, 00-00---000-VIPSRV_FAILOVER_SWITCH-000---00-00
2026-05-18 15:11:00.026 [com.alibaba.nacos.naming.failover.0] [none] DEBUG com.alibaba.nacos.client.naming - failover switch is not found, 00-00---000-VIPSRV_FAILOVER_SWITCH-000---00-00
2026-05-18 15:11:05.034 [com.alibaba.nacos.naming.failover.0] [none] DEBUG com.alibaba.nacos.client.naming - failover switch is not found, 00-00---000-VIPSRV_FAILOVER_SWITCH-000---00-00
2026-05-18 15:11:10.045 [com.alibaba.nacos.naming.failover.0] [none] DEBUG com.alibaba.nacos.client.naming - failover switch is not found, 00-00---000-VIPSRV_FAILOVER_SWITCH-000---00-00
2026-05-18 15:11:15.048 [com.alibaba.nacos.naming.failover.0] [none] DEBUG com.alibaba.nacos.client.naming - failover switch is not found, 00-00---000-VIPSRV_FAILOVER_SWITCH-000---00-00
2026-05-18 15:11:20.061 [com.alibaba.nacos.naming.failover.0] [none] DEBUG com.alibaba.nacos.client.naming - failover switch is not found, 00-00---000-VIPSRV_FAILOVER_SWITCH-000---00-00
2026-05-18 15:11:25.071 [com.alibaba.nacos.naming.failover.0] [none] DEBUG com.alibaba.nacos.client.naming - failover switch is not found, 00-00---000-VIPSRV_FAILOVER_SWITCH-000---00-00
2026-05-18 15:11:30.075 [com.alibaba.nacos.naming.failover.0] [none] DEBUG com.alibaba.nacos.client.naming - failover switch is not found, 00-00---000-VIPSRV_FAILOVER_SWITCH-000---00-00
2026-05-18 15:11:35.084 [com.alibaba.nacos.naming.failover.0] [none] DEBUG com.alibaba.nacos.client.naming - failover switch is not found, 00-00---000-VIPSRV_FAILOVER_SWITCH-000---00-00
2026-05-18 15:11:40.089 [com.alibaba.nacos.naming.failover.0] [none] DEBUG com.alibaba.nacos.client.naming - failover switch is not found, 00-00---000-VIPSRV_FAILOVER_SWITCH-000---00-00
2026-05-18 15:11:45.101 [com.alibaba.nacos.naming.failover.0] [none] DEBUG com.alibaba.nacos.client.naming - failover switch is not found, 00-00---000-VIPSRV_FAILOVER_SWITCH-000---00-00
2026-05-18 15:11:50.115 [com.alibaba.nacos.naming.failover.0] [none] DEBUG com.alibaba.nacos.client.naming - failover switch is not found, 00-00---000-VIPSRV_FAILOVER_SWITCH-000---00-00
2026-05-18 15:11:55.127 [com.alibaba.nacos.naming.failover.0] [none] DEBUG com.alibaba.nacos.client.naming - failover switch is not found, 00-00---000-VIPSRV_FAILOVER_SWITCH-000---00-00
2026-05-18 15:12:00.135 [com.alibaba.nacos.naming.failover.0] [none] DEBUG com.alibaba.nacos.client.naming - failover switch is not found, 00-00---000-VIPSRV_FAILOVER_SWITCH-000---00-00
2026-05-18 15:12:05.146 [com.alibaba.nacos.naming.failover.0] [none] DEBUG com.alibaba.nacos.client.naming - failover switch is not found, 00-00---000-VIPSRV_FAILOVER_SWITCH-000---00-00
2026-05-18 15:12:10.149 [com.alibaba.nacos.naming.failover.0] [none] DEBUG com.alibaba.nacos.client.naming - failover switch is not found, 00-00---000-VIPSRV_FAILOVER_SWITCH-000---00-00
2026-05-18 15:12:15.165 [com.alibaba.nacos.naming.failover.0] [none] DEBUG com.alibaba.nacos.client.naming - failover switch is not found, 00-00---000-VIPSRV_FAILOVER_SWITCH-000---00-00
2026-05-18 15:12:20.175 [com.alibaba.nacos.naming.failover.0] [none] DEBUG com.alibaba.nacos.client.naming - failover switch is not found, 00-00---000-VIPSRV_FAILOVER_SWITCH-000---00-00
2026-05-18 15:12:25.178 [com.alibaba.nacos.naming.failover.0] [none] DEBUG com.alibaba.nacos.client.naming - failover switch is not found, 00-00---000-VIPSRV_FAILOVER_SWITCH-000---00-00
2026-05-18 15:12:30.181 [com.alibaba.nacos.naming.failover.0] [none] DEBUG com.alibaba.nacos.client.naming - failover switch is not found, 00-00---000-VIPSRV_FAILOVER_SWITCH-000---00-00
2026-05-18 15:12:35.189 [com.alibaba.nacos.naming.failover.0] [none] DEBUG com.alibaba.nacos.client.naming - failover switch is not found, 00-00---000-VIPSRV_FAILOVER_SWITCH-000---00-00
2026-05-18 15:12:40.195 [com.alibaba.nacos.naming.failover.0] [none] DEBUG com.alibaba.nacos.client.naming - failover switch is not found, 00-00---000-VIPSRV_FAILOVER_SWITCH-000---00-00
2026-05-18 15:12:45.202 [com.alibaba.nacos.naming.failover.0] [none] DEBUG com.alibaba.nacos.client.naming - failover switch is not found, 00-00---000-VIPSRV_FAILOVER_SWITCH-000---00-00
2026-05-18 15:12:50.210 [com.alibaba.nacos.naming.failover.0] [none] DEBUG com.alibaba.nacos.client.naming - failover switch is not found, 00-00---000-VIPSRV_FAILOVER_SWITCH-000---00-00
2026-05-18 15:12:55.220 [com.alibaba.nacos.naming.failover.0] [none] DEBUG com.alibaba.nacos.client.naming - failover switch is not found, 00-00---000-VIPSRV_FAILOVER_SWITCH-000---00-00
2026-05-18 15:13:00.229 [com.alibaba.nacos.naming.failover.0] [none] DEBUG com.alibaba.nacos.client.naming - failover switch is not found, 00-00---000-VIPSRV_FAILOVER_SWITCH-000---00-00
2026-05-18 15:13:05.243 [com.alibaba.nacos.naming.failover.0] [none] DEBUG com.alibaba.nacos.client.naming - failover switch is not found, 00-00---000-VIPSRV_FAILOVER_SWITCH-000---00-00
2026-05-18 15:13:10.273 [com.alibaba.nacos.naming.failover.0] [none] DEBUG com.alibaba.nacos.client.naming - failover switch is not found, 00-00---000-VIPSRV_FAILOVER_SWITCH-000---00-00
2026-05-18 15:13:15.280 [com.alibaba.nacos.naming.failover.0] [none] DEBUG com.alibaba.nacos.client.naming - failover switch is not found, 00-00---000-VIPSRV_FAILOVER_SWITCH-000---00-00
2026-05-18 15:13:20.283 [com.alibaba.nacos.naming.failover.0] [none] DEBUG com.alibaba.nacos.client.naming - failover switch is not found, 00-00---000-VIPSRV_FAILOVER_SWITCH-000---00-00
2026-05-18 15:13:25.296 [com.alibaba.nacos.naming.failover.0] [none] DEBUG com.alibaba.nacos.client.naming - failover switch is not found, 00-00---000-VIPSRV_FAILOVER_SWITCH-000---00-00
2026-05-18 15:13:30.305 [com.alibaba.nacos.naming.failover.0] [none] DEBUG com.alibaba.nacos.client.naming - failover switch is not found, 00-00---000-VIPSRV_FAILOVER_SWITCH-000---00-00
2026-05-18 15:13:35.321 [com.alibaba.nacos.naming.failover.0] [none] DEBUG com.alibaba.nacos.client.naming - failover switch is not found, 00-00---000-VIPSRV_FAILOVER_SWITCH-000---00-00
2026-05-18 15:13:40.323 [com.alibaba.nacos.naming.failover.0] [none] DEBUG com.alibaba.nacos.client.naming - failover switch is not found, 00-00---000-VIPSRV_FAILOVER_SWITCH-000---00-00
2026-05-18 15:13:45.329 [com.alibaba.nacos.naming.failover.0] [none] DEBUG com.alibaba.nacos.client.naming - failover switch is not found, 00-00---000-VIPSRV_FAILOVER_SWITCH-000---00-00
2026-05-18 15:13:50.333 [com.alibaba.nacos.naming.failover.0] [none] DEBUG com.alibaba.nacos.client.naming - failover switch is not found, 00-00---000-VIPSRV_FAILOVER_SWITCH-000---00-00
2026-05-18 15:13:55.342 [com.alibaba.nacos.naming.failover.0] [none] DEBUG com.alibaba.nacos.client.naming - failover switch is not found, 00-00---000-VIPSRV_FAILOVER_SWITCH-000---00-00
2026-05-18 15:14:00.345 [com.alibaba.nacos.naming.failover.0] [none] DEBUG com.alibaba.nacos.client.naming - failover switch is not found, 00-00---000-VIPSRV_FAILOVER_SWITCH-000---00-00
2026-05-18 15:14:05.346 [com.alibaba.nacos.naming.failover.0] [none] DEBUG com.alibaba.nacos.client.naming - failover switch is not found, 00-00---000-VIPSRV_FAILOVER_SWITCH-000---00-00
2026-05-18 15:14:10.361 [com.alibaba.nacos.naming.failover.0] [none] DEBUG com.alibaba.nacos.client.naming - failover switch is not found, 00-00---000-VIPSRV_FAILOVER_SWITCH-000---00-00
2026-05-18 15:14:15.369 [com.alibaba.nacos.naming.failover.0] [none] DEBUG com.alibaba.nacos.client.naming - failover switch is not found, 00-00---000-VIPSRV_FAILOVER_SWITCH-000---00-00
2026-05-18 15:14:20.373 [com.alibaba.nacos.naming.failover.0] [none] DEBUG com.alibaba.nacos.client.naming - failover switch is not found, 00-00---000-VIPSRV_FAILOVER_SWITCH-000---00-00
2026-05-18 15:14:25.385 [com.alibaba.nacos.naming.failover.0] [none] DEBUG com.alibaba.nacos.client.naming - failover switch is not found, 00-00---000-VIPSRV_FAILOVER_SWITCH-000---00-00
2026-05-18 15:14:30.394 [com.alibaba.nacos.naming.failover.0] [none] DEBUG com.alibaba.nacos.client.naming - failover switch is not found, 00-00---000-VIPSRV_FAILOVER_SWITCH-000---00-00
2026-05-18 15:14:35.405 [com.alibaba.nacos.naming.failover.0] [none] DEBUG com.alibaba.nacos.client.naming - failover switch is not found, 00-00---000-VIPSRV_FAILOVER_SWITCH-000---00-00
2026-05-18 15:14:40.413 [com.alibaba.nacos.naming.failover.0] [none] DEBUG com.alibaba.nacos.client.naming - failover switch is not found, 00-00---000-VIPSRV_FAILOVER_SWITCH-000---00-00
2026-05-18 15:14:45.430 [com.alibaba.nacos.naming.failover.0] [none] DEBUG com.alibaba.nacos.client.naming - failover switch is not found, 00-00---000-VIPSRV_FAILOVER_SWITCH-000---00-00
2026-05-18 15:14:50.439 [com.alibaba.nacos.naming.failover.0] [none] DEBUG com.alibaba.nacos.client.naming - failover switch is not found, 00-00---000-VIPSRV_FAILOVER_SWITCH-000---00-00
2026-05-18 15:14:55.440 [com.alibaba.nacos.naming.failover.0] [none] DEBUG com.alibaba.nacos.client.naming - failover switch is not found, 00-00---000-VIPSRV_FAILOVER_SWITCH-000---00-00
2026-05-18 15:15:00.454 [com.alibaba.nacos.naming.failover.0] [none] DEBUG com.alibaba.nacos.client.naming - failover switch is not found, 00-00---000-VIPSRV_FAILOVER_SWITCH-000---00-00
2026-05-18 15:15:05.468 [com.alibaba.nacos.naming.failover.0] [none] DEBUG com.alibaba.nacos.client.naming - failover switch is not found, 00-00---000-VIPSRV_FAILOVER_SWITCH-000---00-00
2026-05-18 15:15:10.474 [com.alibaba.nacos.naming.failover.0] [none] DEBUG com.alibaba.nacos.client.naming - failover switch is not found, 00-00---000-VIPSRV_FAILOVER_SWITCH-000---00-00
2026-05-18 15:15:15.485 [com.alibaba.nacos.naming.failover.0] [none] DEBUG com.alibaba.nacos.client.naming - failover switch is not found, 00-00---000-VIPSRV_FAILOVER_SWITCH-000---00-00
2026-05-18 15:15:20.498 [com.alibaba.nacos.naming.failover.0] [none] DEBUG com.alibaba.nacos.client.naming - failover switch is not found, 00-00---000-VIPSRV_FAILOVER_SWITCH-000---00-00
2026-05-18 15:15:25.504 [com.alibaba.nacos.naming.failover.0] [none] DEBUG com.alibaba.nacos.client.naming - failover switch is not found, 00-00---000-VIPSRV_FAILOVER_SWITCH-000---00-00
2026-05-18 15:15:30.506 [com.alibaba.nacos.naming.failover.0] [none] DEBUG com.alibaba.nacos.client.naming - failover switch is not found, 00-00---000-VIPSRV_FAILOVER_SWITCH-000---00-00
2026-05-18 15:15:35.516 [com.alibaba.nacos.naming.failover.0] [none] DEBUG com.alibaba.nacos.client.naming - failover switch is not found, 00-00---000-VIPSRV_FAILOVER_SWITCH-000---00-00
2026-05-18 15:15:40.520 [com.alibaba.nacos.naming.failover.0] [none] DEBUG com.alibaba.nacos.client.naming - failover switch is not found, 00-00---000-VIPSRV_FAILOVER_SWITCH-000---00-00
2026-05-18 15:15:45.533 [com.alibaba.nacos.naming.failover.0] [none] DEBUG com.alibaba.nacos.client.naming - failover switch is not found, 00-00---000-VIPSRV_FAILOVER_SWITCH-000---00-00
2026-05-18 15:15:50.542 [com.alibaba.nacos.naming.failover.0] [none] DEBUG com.alibaba.nacos.client.naming - failover switch is not found, 00-00---000-VIPSRV_FAILOVER_SWITCH-000---00-00
2026-05-18 15:15:55.553 [com.alibaba.nacos.naming.failover.0] [none] DEBUG com.alibaba.nacos.client.naming - failover switch is not found, 00-00---000-VIPSRV_FAILOVER_SWITCH-000---00-00
2026-05-18 15:16:00.564 [com.alibaba.nacos.naming.failover.0] [none] DEBUG com.alibaba.nacos.client.naming - failover switch is not found, 00-00---000-VIPSRV_FAILOVER_SWITCH-000---00-00
2026-05-18 15:16:05.575 [com.alibaba.nacos.naming.failover.0] [none] DEBUG com.alibaba.nacos.client.naming - failover switch is not found, 00-00---000-VIPSRV_FAILOVER_SWITCH-000---00-00
2026-05-18 15:16:10.577 [com.alibaba.nacos.naming.failover.0] [none] DEBUG com.alibaba.nacos.client.naming - failover switch is not found, 00-00---000-VIPSRV_FAILOVER_SWITCH-000---00-00
2026-05-18 15:16:15.578 [com.alibaba.nacos.naming.failover.0] [none] DEBUG com.alibaba.nacos.client.naming - failover switch is not found, 00-00---000-VIPSRV_FAILOVER_SWITCH-000---00-00
2026-05-18 15:16:20.584 [com.alibaba.nacos.naming.failover.0] [none] DEBUG com.alibaba.nacos.client.naming - failover switch is not found, 00-00---000-VIPSRV_FAILOVER_SWITCH-000---00-00
2026-05-18 15:16:25.589 [com.alibaba.nacos.naming.failover.0] [none] DEBUG com.alibaba.nacos.client.naming - failover switch is not found, 00-00---000-VIPSRV_FAILOVER_SWITCH-000---00-00
2026-05-18 15:16:30.592 [com.alibaba.nacos.naming.failover.0] [none] DEBUG com.alibaba.nacos.client.naming - failover switch is not found, 00-00---000-VIPSRV_FAILOVER_SWITCH-000---00-00
2026-05-18 15:16:35.593 [com.alibaba.nacos.naming.failover.0] [none] DEBUG com.alibaba.nacos.client.naming - failover switch is not found, 00-00---000-VIPSRV_FAILOVER_SWITCH-000---00-00
2026-05-18 15:16:40.604 [com.alibaba.nacos.naming.failover.0] [none] DEBUG com.alibaba.nacos.client.naming - failover switch is not found, 00-00---000-VIPSRV_FAILOVER_SWITCH-000---00-00
2026-05-18 15:16:45.612 [com.alibaba.nacos.naming.failover.0] [none] DEBUG com.alibaba.nacos.client.naming - failover switch is not found, 00-00---000-VIPSRV_FAILOVER_SWITCH-000---00-00
2026-05-18 15:16:50.624 [com.alibaba.nacos.naming.failover.0] [none] DEBUG com.alibaba.nacos.client.naming - failover switch is not found, 00-00---000-VIPSRV_FAILOVER_SWITCH-000---00-00
2026-05-18 15:16:55.627 [com.alibaba.nacos.naming.failover.0] [none] DEBUG com.alibaba.nacos.client.naming - failover switch is not found, 00-00---000-VIPSRV_FAILOVER_SWITCH-000---00-00
2026-05-18 15:17:00.634 [com.alibaba.nacos.naming.failover.0] [none] DEBUG com.alibaba.nacos.client.naming - failover switch is not found, 00-00---000-VIPSRV_FAILOVER_SWITCH-000---00-00
2026-05-18 15:17:05.644 [com.alibaba.nacos.naming.failover.0] [none] DEBUG com.alibaba.nacos.client.naming - failover switch is not found, 00-00---000-VIPSRV_FAILOVER_SWITCH-000---00-00
2026-05-18 15:17:10.650 [com.alibaba.nacos.naming.failover.0] [none] DEBUG com.alibaba.nacos.client.naming - failover switch is not found, 00-00---000-VIPSRV_FAILOVER_SWITCH-000---00-00
2026-05-18 15:17:15.661 [com.alibaba.nacos.naming.failover.0] [none] DEBUG com.alibaba.nacos.client.naming - failover switch is not found, 00-00---000-VIPSRV_FAILOVER_SWITCH-000---00-00
2026-05-18 15:17:20.669 [com.alibaba.nacos.naming.failover.0] [none] DEBUG com.alibaba.nacos.client.naming - failover switch is not found, 00-00---000-VIPSRV_FAILOVER_SWITCH-000---00-00
2026-05-18 15:17:25.676 [com.alibaba.nacos.naming.failover.0] [none] DEBUG com.alibaba.nacos.client.naming - failover switch is not found, 00-00---000-VIPSRV_FAILOVER_SWITCH-000---00-00
2026-05-18 15:17:30.681 [com.alibaba.nacos.naming.failover.0] [none] DEBUG com.alibaba.nacos.client.naming - failover switch is not found, 00-00---000-VIPSRV_FAILOVER_SWITCH-000---00-00
2026-05-18 15:17:35.685 [com.alibaba.nacos.naming.failover.0] [none] DEBUG com.alibaba.nacos.client.naming - failover switch is not found, 00-00---000-VIPSRV_FAILOVER_SWITCH-000---00-00
2026-05-18 15:17:40.694 [com.alibaba.nacos.naming.failover.0] [none] DEBUG com.alibaba.nacos.client.naming - failover switch is not found, 00-00---000-VIPSRV_FAILOVER_SWITCH-000---00-00
2026-05-18 15:17:45.709 [com.alibaba.nacos.naming.failover.0] [none] DEBUG com.alibaba.nacos.client.naming - failover switch is not found, 00-00---000-VIPSRV_FAILOVER_SWITCH-000---00-00
2026-05-18 15:17:50.725 [com.alibaba.nacos.naming.failover.0] [none] DEBUG com.alibaba.nacos.client.naming - failover switch is not found, 00-00---000-VIPSRV_FAILOVER_SWITCH-000---00-00
2026-05-18 15:17:55.728 [com.alibaba.nacos.naming.failover.0] [none] DEBUG com.alibaba.nacos.client.naming - failover switch is not found, 00-00---000-VIPSRV_FAILOVER_SWITCH-000---00-00
2026-05-18 15:18:00.736 [com.alibaba.nacos.naming.failover.0] [none] DEBUG com.alibaba.nacos.client.naming - failover switch is not found, 00-00---000-VIPSRV_FAILOVER_SWITCH-000---00-00
2026-05-18 15:18:05.737 [com.alibaba.nacos.naming.failover.0] [none] DEBUG com.alibaba.nacos.client.naming - failover switch is not found, 00-00---000-VIPSRV_FAILOVER_SWITCH-000---00-00
2026-05-18 15:18:10.739 [com.alibaba.nacos.naming.failover.0] [none] DEBUG com.alibaba.nacos.client.naming - failover switch is not found, 00-00---000-VIPSRV_FAILOVER_SWITCH-000---00-00
2026-05-18 15:18:15.744 [com.alibaba.nacos.naming.failover.0] [none] DEBUG com.alibaba.nacos.client.naming - failover switch is not found, 00-00---000-VIPSRV_FAILOVER_SWITCH-000---00-00
2026-05-18 15:18:20.756 [com.alibaba.nacos.naming.failover.0] [none] DEBUG com.alibaba.nacos.client.naming - failover switch is not found, 00-00---000-VIPSRV_FAILOVER_SWITCH-000---00-00
2026-05-18 15:18:25.764 [com.alibaba.nacos.naming.failover.0] [none] DEBUG com.alibaba.nacos.client.naming - failover switch is not found, 00-00---000-VIPSRV_FAILOVER_SWITCH-000---00-00
2026-05-18 15:18:30.771 [com.alibaba.nacos.naming.failover.0] [none] DEBUG com.alibaba.nacos.client.naming - failover switch is not found, 00-00---000-VIPSRV_FAILOVER_SWITCH-000---00-00
2026-05-18 15:18:35.782 [com.alibaba.nacos.naming.failover.0] [none] DEBUG com.alibaba.nacos.client.naming - failover switch is not found, 00-00---000-VIPSRV_FAILOVER_SWITCH-000---00-00
2026-05-18 15:18:40.792 [com.alibaba.nacos.naming.failover.0] [none] DEBUG com.alibaba.nacos.client.naming - failover switch is not found, 00-00---000-VIPSRV_FAILOVER_SWITCH-000---00-00
2026-05-18 15:18:45.795 [com.alibaba.nacos.naming.failover.0] [none] DEBUG com.alibaba.nacos.client.naming - failover switch is not found, 00-00---000-VIPSRV_FAILOVER_SWITCH-000---00-00
2026-05-18 15:18:50.798 [com.alibaba.nacos.naming.failover.0] [none] DEBUG com.alibaba.nacos.client.naming - failover switch is not found, 00-00---000-VIPSRV_FAILOVER_SWITCH-000---00-00
2026-05-18 15:18:55.803 [com.alibaba.nacos.naming.failover.0] [none] DEBUG com.alibaba.nacos.client.naming - failover switch is not found, 00-00---000-VIPSRV_FAILOVER_SWITCH-000---00-00
2026-05-18 15:19:00.814 [com.alibaba.nacos.naming.failover.0] [none] DEBUG com.alibaba.nacos.client.naming - failover switch is not found, 00-00---000-VIPSRV_FAILOVER_SWITCH-000---00-00
2026-05-18 15:19:05.820 [com.alibaba.nacos.naming.failover.0] [none] DEBUG com.alibaba.nacos.client.naming - failover switch is not found, 00-00---000-VIPSRV_FAILOVER_SWITCH-000---00-00
2026-05-18 15:19:10.829 [com.alibaba.nacos.naming.failover.0] [none] DEBUG com.alibaba.nacos.client.naming - failover switch is not found, 00-00---000-VIPSRV_FAILOVER_SWITCH-000---00-00
2026-05-18 15:19:15.842 [com.alibaba.nacos.naming.failover.0] [none] DEBUG com.alibaba.nacos.client.naming - failover switch is not found, 00-00---000-VIPSRV_FAILOVER_SWITCH-000---00-00
2026-05-18 15:19:20.844 [com.alibaba.nacos.naming.failover.0] [none] DEBUG com.alibaba.nacos.client.naming - failover switch is not found, 00-00---000-VIPSRV_FAILOVER_SWITCH-000---00-00
2026-05-18 15:19:25.846 [com.alibaba.nacos.naming.failover.0] [none] DEBUG com.alibaba.nacos.client.naming - failover switch is not found, 00-00---000-VIPSRV_FAILOVER_SWITCH-000---00-00
2026-05-18 15:19:30.849 [com.alibaba.nacos.naming.failover.0] [none] DEBUG com.alibaba.nacos.client.naming - failover switch is not found, 00-00---000-VIPSRV_FAILOVER_SWITCH-000---00-00
2026-05-18 15:19:35.855 [com.alibaba.nacos.naming.failover.0] [none] DEBUG com.alibaba.nacos.client.naming - failover switch is not found, 00-00---000-VIPSRV_FAILOVER_SWITCH-000---00-00
2026-05-18 15:19:40.860 [com.alibaba.nacos.naming.failover.0] [none] DEBUG com.alibaba.nacos.client.naming - failover switch is not found, 00-00---000-VIPSRV_FAILOVER_SWITCH-000---00-00
2026-05-18 15:19:45.864 [com.alibaba.nacos.naming.failover.0] [none] DEBUG com.alibaba.nacos.client.naming - failover switch is not found, 00-00---000-VIPSRV_FAILOVER_SWITCH-000---00-00
2026-05-18 15:19:50.878 [com.alibaba.nacos.naming.failover.0] [none] DEBUG com.alibaba.nacos.client.naming - failover switch is not found, 00-00---000-VIPSRV_FAILOVER_SWITCH-000---00-00
2026-05-18 15:19:55.886 [com.alibaba.nacos.naming.failover.0] [none] DEBUG com.alibaba.nacos.client.naming - failover switch is not found, 00-00---000-VIPSRV_FAILOVER_SWITCH-000---00-00
2026-05-18 15:20:00.892 [com.alibaba.nacos.naming.failover.0] [none] DEBUG com.alibaba.nacos.client.naming - failover switch is not found, 00-00---000-VIPSRV_FAILOVER_SWITCH-000---00-00
2026-05-18 15:20:05.898 [com.alibaba.nacos.naming.failover.0] [none] DEBUG com.alibaba.nacos.client.naming - failover switch is not found, 00-00---000-VIPSRV_FAILOVER_SWITCH-000---00-00
2026-05-18 15:20:10.900 [com.alibaba.nacos.naming.failover.0] [none] DEBUG com.alibaba.nacos.client.naming - failover switch is not found, 00-00---000-VIPSRV_FAILOVER_SWITCH-000---00-00
2026-05-18 15:20:15.911 [com.alibaba.nacos.naming.failover.0] [none] DEBUG com.alibaba.nacos.client.naming - failover switch is not found, 00-00---000-VIPSRV_FAILOVER_SWITCH-000---00-00
2026-05-18 15:20:20.913 [com.alibaba.nacos.naming.failover.0] [none] DEBUG com.alibaba.nacos.client.naming - failover switch is not found, 00-00---000-VIPSRV_FAILOVER_SWITCH-000---00-00
2026-05-18 15:20:25.919 [com.alibaba.nacos.naming.failover.0] [none] DEBUG com.alibaba.nacos.client.naming - failover switch is not found, 00-00---000-VIPSRV_FAILOVER_SWITCH-000---00-00
2026-05-18 15:20:30.925 [com.alibaba.nacos.naming.failover.0] [none] DEBUG com.alibaba.nacos.client.naming - failover switch is not found, 00-00---000-VIPSRV_FAILOVER_SWITCH-000---00-00
2026-05-18 15:20:35.932 [com.alibaba.nacos.naming.failover.0] [none] DEBUG com.alibaba.nacos.client.naming - failover switch is not found, 00-00---000-VIPSRV_FAILOVER_SWITCH-000---00-00
2026-05-18 15:20:40.942 [com.alibaba.nacos.naming.failover.0] [none] DEBUG com.alibaba.nacos.client.naming - failover switch is not found, 00-00---000-VIPSRV_FAILOVER_SWITCH-000---00-00
2026-05-18 15:20:45.952 [com.alibaba.nacos.naming.failover.0] [none] DEBUG com.alibaba.nacos.client.naming - failover switch is not found, 00-00---000-VIPSRV_FAILOVER_SWITCH-000---00-00
2026-05-18 15:20:50.955 [com.alibaba.nacos.naming.failover.0] [none] DEBUG com.alibaba.nacos.client.naming - failover switch is not found, 00-00---000-VIPSRV_FAILOVER_SWITCH-000---00-00
2026-05-18 15:20:55.957 [com.alibaba.nacos.naming.failover.0] [none] DEBUG com.alibaba.nacos.client.naming - failover switch is not found, 00-00---000-VIPSRV_FAILOVER_SWITCH-000---00-00
2026-05-18 15:21:00.963 [com.alibaba.nacos.naming.failover.0] [none] DEBUG com.alibaba.nacos.client.naming - failover switch is not found, 00-00---000-VIPSRV_FAILOVER_SWITCH-000---00-00
2026-05-18 15:21:05.965 [com.alibaba.nacos.naming.failover.0] [none] DEBUG com.alibaba.nacos.client.naming - failover switch is not found, 00-00---000-VIPSRV_FAILOVER_SWITCH-000---00-00
2026-05-18 15:21:10.968 [com.alibaba.nacos.naming.failover.0] [none] DEBUG com.alibaba.nacos.client.naming - failover switch is not found, 00-00---000-VIPSRV_FAILOVER_SWITCH-000---00-00
2026-05-18 15:21:15.984 [com.alibaba.nacos.naming.failover.0] [none] DEBUG com.alibaba.nacos.client.naming - failover switch is not found, 00-00---000-VIPSRV_FAILOVER_SWITCH-000---00-00
2026-05-18 15:21:20.986 [com.alibaba.nacos.naming.failover.0] [none] DEBUG com.alibaba.nacos.client.naming - failover switch is not found, 00-00---000-VIPSRV_FAILOVER_SWITCH-000---00-00
2026-05-18 15:21:25.996 [com.alibaba.nacos.naming.failover.0] [none] DEBUG com.alibaba.nacos.client.naming - failover switch is not found, 00-00---000-VIPSRV_FAILOVER_SWITCH-000---00-00
2026-05-18 15:21:31.004 [com.alibaba.nacos.naming.failover.0] [none] DEBUG com.alibaba.nacos.client.naming - failover switch is not found, 00-00---000-VIPSRV_FAILOVER_SWITCH-000---00-00
2026-05-18 15:21:36.009 [com.alibaba.nacos.naming.failover.0] [none] DEBUG com.alibaba.nacos.client.naming - failover switch is not found, 00-00---000-VIPSRV_FAILOVER_SWITCH-000---00-00
2026-05-18 15:21:41.010 [com.alibaba.nacos.naming.failover.0] [none] DEBUG com.alibaba.nacos.client.naming - failover switch is not found, 00-00---000-VIPSRV_FAILOVER_SWITCH-000---00-00
2026-05-18 15:21:46.028 [com.alibaba.nacos.naming.failover.0] [none] DEBUG com.alibaba.nacos.client.naming - failover switch is not found, 00-00---000-VIPSRV_FAILOVER_SWITCH-000---00-00
2026-05-18 15:21:51.029 [com.alibaba.nacos.naming.failover.0] [none] DEBUG com.alibaba.nacos.client.naming - failover switch is not found, 00-00---000-VIPSRV_FAILOVER_SWITCH-000---00-00
2026-05-18 15:21:56.037 [com.alibaba.nacos.naming.failover.0] [none] DEBUG com.alibaba.nacos.client.naming - failover switch is not found, 00-00---000-VIPSRV_FAILOVER_SWITCH-000---00-00
2026-05-18 15:22:01.039 [com.alibaba.nacos.naming.failover.0] [none] DEBUG com.alibaba.nacos.client.naming - failover switch is not found, 00-00---000-VIPSRV_FAILOVER_SWITCH-000---00-00
2026-05-18 15:22:06.046 [com.alibaba.nacos.naming.failover.0] [none] DEBUG com.alibaba.nacos.client.naming - failover switch is not found, 00-00---000-VIPSRV_FAILOVER_SWITCH-000---00-00
2026-05-18 15:22:11.057 [com.alibaba.nacos.naming.failover.0] [none] DEBUG com.alibaba.nacos.client.naming - failover switch is not found, 00-00---000-VIPSRV_FAILOVER_SWITCH-000---00-00
2026-05-18 15:22:16.057 [com.alibaba.nacos.naming.failover.0] [none] DEBUG com.alibaba.nacos.client.naming - failover switch is not found, 00-00---000-VIPSRV_FAILOVER_SWITCH-000---00-00
2026-05-18 15:22:21.065 [com.alibaba.nacos.naming.failover.0] [none] DEBUG com.alibaba.nacos.client.naming - failover switch is not found, 00-00---000-VIPSRV_FAILOVER_SWITCH-000---00-00
2026-05-18 15:22:26.074 [com.alibaba.nacos.naming.failover.0] [none] DEBUG com.alibaba.nacos.client.naming - failover switch is not found, 00-00---000-VIPSRV_FAILOVER_SWITCH-000---00-00
2026-05-18 15:22:31.081 [com.alibaba.nacos.naming.failover.0] [none] DEBUG com.alibaba.nacos.client.naming - failover switch is not found, 00-00---000-VIPSRV_FAILOVER_SWITCH-000---00-00
2026-05-18 15:22:36.096 [com.alibaba.nacos.naming.failover.0] [none] DEBUG com.alibaba.nacos.client.naming - failover switch is not found, 00-00---000-VIPSRV_FAILOVER_SWITCH-000---00-00
2026-05-18 15:22:41.107 [com.alibaba.nacos.naming.failover.0] [none] DEBUG com.alibaba.nacos.client.naming - failover switch is not found, 00-00---000-VIPSRV_FAILOVER_SWITCH-000---00-00
2026-05-18 15:22:46.110 [com.alibaba.nacos.naming.failover.0] [none] DEBUG com.alibaba.nacos.client.naming - failover switch is not found, 00-00---000-VIPSRV_FAILOVER_SWITCH-000---00-00
2026-05-18 15:22:51.115 [com.alibaba.nacos.naming.failover.0] [none] DEBUG com.alibaba.nacos.client.naming - failover switch is not found, 00-00---000-VIPSRV_FAILOVER_SWITCH-000---00-00
2026-05-18 15:22:56.125 [com.alibaba.nacos.naming.failover.0] [none] DEBUG com.alibaba.nacos.client.naming - failover switch is not found, 00-00---000-VIPSRV_FAILOVER_SWITCH-000---00-00
2026-05-18 15:23:01.130 [com.alibaba.nacos.naming.failover.0] [none] DEBUG com.alibaba.nacos.client.naming - failover switch is not found, 00-00---000-VIPSRV_FAILOVER_SWITCH-000---00-00
2026-05-18 15:23:06.133 [com.alibaba.nacos.naming.failover.0] [none] DEBUG com.alibaba.nacos.client.naming - failover switch is not found, 00-00---000-VIPSRV_FAILOVER_SWITCH-000---00-00
2026-05-18 15:23:11.142 [com.alibaba.nacos.naming.failover.0] [none] DEBUG com.alibaba.nacos.client.naming - failover switch is not found, 00-00---000-VIPSRV_FAILOVER_SWITCH-000---00-00
2026-05-18 15:23:16.148 [com.alibaba.nacos.naming.failover.0] [none] DEBUG com.alibaba.nacos.client.naming - failover switch is not found, 00-00---000-VIPSRV_FAILOVER_SWITCH-000---00-00
2026-05-18 15:23:21.152 [com.alibaba.nacos.naming.failover.0] [none] DEBUG com.alibaba.nacos.client.naming - failover switch is not found, 00-00---000-VIPSRV_FAILOVER_SWITCH-000---00-00
2026-05-18 15:23:26.164 [com.alibaba.nacos.naming.failover.0] [none] DEBUG com.alibaba.nacos.client.naming - failover switch is not found, 00-00---000-VIPSRV_FAILOVER_SWITCH-000---00-00
2026-05-18 15:23:31.174 [com.alibaba.nacos.naming.failover.0] [none] DEBUG com.alibaba.nacos.client.naming - failover switch is not found, 00-00---000-VIPSRV_FAILOVER_SWITCH-000---00-00
2026-05-18 15:23:36.179 [com.alibaba.nacos.naming.failover.0] [none] DEBUG com.alibaba.nacos.client.naming - failover switch is not found, 00-00---000-VIPSRV_FAILOVER_SWITCH-000---00-00
2026-05-18 15:23:41.189 [com.alibaba.nacos.naming.failover.0] [none] DEBUG com.alibaba.nacos.client.naming - failover switch is not found, 00-00---000-VIPSRV_FAILOVER_SWITCH-000---00-00
2026-05-18 15:23:46.193 [com.alibaba.nacos.naming.failover.0] [none] DEBUG com.alibaba.nacos.client.naming - failover switch is not found, 00-00---000-VIPSRV_FAILOVER_SWITCH-000---00-00
2026-05-18 15:23:51.194 [com.alibaba.nacos.naming.failover.0] [none] DEBUG com.alibaba.nacos.client.naming - failover switch is not found, 00-00---000-VIPSRV_FAILOVER_SWITCH-000---00-00
2026-05-18 15:23:56.200 [com.alibaba.nacos.naming.failover.0] [none] DEBUG com.alibaba.nacos.client.naming - failover switch is not found, 00-00---000-VIPSRV_FAILOVER_SWITCH-000---00-00
2026-05-18 15:24:01.201 [com.alibaba.nacos.naming.failover.0] [none] DEBUG com.alibaba.nacos.client.naming - failover switch is not found, 00-00---000-VIPSRV_FAILOVER_SWITCH-000---00-00
2026-05-18 15:24:06.206 [com.alibaba.nacos.naming.failover.0] [none] DEBUG com.alibaba.nacos.client.naming - failover switch is not found, 00-00---000-VIPSRV_FAILOVER_SWITCH-000---00-00
2026-05-18 15:24:11.214 [com.alibaba.nacos.naming.failover.0] [none] DEBUG com.alibaba.nacos.client.naming - failover switch is not found, 00-00---000-VIPSRV_FAILOVER_SWITCH-000---00-00
2026-05-18 15:24:16.219 [com.alibaba.nacos.naming.failover.0] [none] DEBUG com.alibaba.nacos.client.naming - failover switch is not found, 00-00---000-VIPSRV_FAILOVER_SWITCH-000---00-00
2026-05-18 15:24:21.229 [com.alibaba.nacos.naming.failover.0] [none] DEBUG com.alibaba.nacos.client.naming - failover switch is not found, 00-00---000-VIPSRV_FAILOVER_SWITCH-000---00-00
2026-05-18 15:24:26.233 [com.alibaba.nacos.naming.failover.0] [none] DEBUG com.alibaba.nacos.client.naming - failover switch is not found, 00-00---000-VIPSRV_FAILOVER_SWITCH-000---00-00
2026-05-18 15:24:31.247 [com.alibaba.nacos.naming.failover.0] [none] DEBUG com.alibaba.nacos.client.naming - failover switch is not found, 00-00---000-VIPSRV_FAILOVER_SWITCH-000---00-00
2026-05-18 15:24:36.251 [com.alibaba.nacos.naming.failover.0] [none] DEBUG com.alibaba.nacos.client.naming - failover switch is not found, 00-00---000-VIPSRV_FAILOVER_SWITCH-000---00-00
2026-05-18 15:24:41.259 [com.alibaba.nacos.naming.failover.0] [none] DEBUG com.alibaba.nacos.client.naming - failover switch is not found, 00-00---000-VIPSRV_FAILOVER_SWITCH-000---00-00
2026-05-18 15:24:46.267 [com.alibaba.nacos.naming.failover.0] [none] DEBUG com.alibaba.nacos.client.naming - failover switch is not found, 00-00---000-VIPSRV_FAILOVER_SWITCH-000---00-00
2026-05-18 15:24:51.283 [com.alibaba.nacos.naming.failover.0] [none] DEBUG com.alibaba.nacos.client.naming - failover switch is not found, 00-00---000-VIPSRV_FAILOVER_SWITCH-000---00-00
2026-05-18 15:24:56.287 [com.alibaba.nacos.naming.failover.0] [none] DEBUG com.alibaba.nacos.client.naming - failover switch is not found, 00-00---000-VIPSRV_FAILOVER_SWITCH-000---00-00
2026-05-18 15:25:01.294 [com.alibaba.nacos.naming.failover.0] [none] DEBUG com.alibaba.nacos.client.naming - failover switch is not found, 00-00---000-VIPSRV_FAILOVER_SWITCH-000---00-00
2026-05-18 15:25:06.307 [com.alibaba.nacos.naming.failover.0] [none] DEBUG com.alibaba.nacos.client.naming - failover switch is not found, 00-00---000-VIPSRV_FAILOVER_SWITCH-000---00-00
2026-05-18 15:25:11.316 [com.alibaba.nacos.naming.failover.0] [none] DEBUG com.alibaba.nacos.client.naming - failover switch is not found, 00-00---000-VIPSRV_FAILOVER_SWITCH-000---00-00
2026-05-18 15:25:16.317 [com.alibaba.nacos.naming.failover.0] [none] DEBUG com.alibaba.nacos.client.naming - failover switch is not found, 00-00---000-VIPSRV_FAILOVER_SWITCH-000---00-00
2026-05-18 15:25:21.326 [com.alibaba.nacos.naming.failover.0] [none] DEBUG com.alibaba.nacos.client.naming - failover switch is not found, 00-00---000-VIPSRV_FAILOVER_SWITCH-000---00-00
2026-05-18 15:25:26.339 [com.alibaba.nacos.naming.failover.0] [none] DEBUG com.alibaba.nacos.client.naming - failover switch is not found, 00-00---000-VIPSRV_FAILOVER_SWITCH-000---00-00
2026-05-18 15:25:31.354 [com.alibaba.nacos.naming.failover.0] [none] DEBUG com.alibaba.nacos.client.naming - failover switch is not found, 00-00---000-VIPSRV_FAILOVER_SWITCH-000---00-00
2026-05-18 15:25:36.359 [com.alibaba.nacos.naming.failover.0] [none] DEBUG com.alibaba.nacos.client.naming - failover switch is not found, 00-00---000-VIPSRV_FAILOVER_SWITCH-000---00-00
2026-05-18 15:25:41.360 [com.alibaba.nacos.naming.failover.0] [none] DEBUG com.alibaba.nacos.client.naming - failover switch is not found, 00-00---000-VIPSRV_FAILOVER_SWITCH-000---00-00
2026-05-18 15:25:46.368 [com.alibaba.nacos.naming.failover.0] [none] DEBUG com.alibaba.nacos.client.naming - failover switch is not found, 00-00---000-VIPSRV_FAILOVER_SWITCH-000---00-00
2026-05-18 15:25:51.370 [com.alibaba.nacos.naming.failover.0] [none] DEBUG com.alibaba.nacos.client.naming - failover switch is not found, 00-00---000-VIPSRV_FAILOVER_SWITCH-000---00-00
2026-05-18 15:25:56.383 [com.alibaba.nacos.naming.failover.0] [none] DEBUG com.alibaba.nacos.client.naming - failover switch is not found, 00-00---000-VIPSRV_FAILOVER_SWITCH-000---00-00
2026-05-18 15:26:01.386 [com.alibaba.nacos.naming.failover.0] [none] DEBUG com.alibaba.nacos.client.naming - failover switch is not found, 00-00---000-VIPSRV_FAILOVER_SWITCH-000---00-00
2026-05-18 15:26:06.401 [com.alibaba.nacos.naming.failover.0] [none] DEBUG com.alibaba.nacos.client.naming - failover switch is not found, 00-00---000-VIPSRV_FAILOVER_SWITCH-000---00-00
2026-05-18 15:26:11.409 [com.alibaba.nacos.naming.failover.0] [none] DEBUG com.alibaba.nacos.client.naming - failover switch is not found, 00-00---000-VIPSRV_FAILOVER_SWITCH-000---00-00
2026-05-18 15:26:16.412 [com.alibaba.nacos.naming.failover.0] [none] DEBUG com.alibaba.nacos.client.naming - failover switch is not found, 00-00---000-VIPSRV_FAILOVER_SWITCH-000---00-00
2026-05-18 15:26:21.424 [com.alibaba.nacos.naming.failover.0] [none] DEBUG com.alibaba.nacos.client.naming - failover switch is not found, 00-00---000-VIPSRV_FAILOVER_SWITCH-000---00-00
2026-05-18 15:26:26.438 [com.alibaba.nacos.naming.failover.0] [none] DEBUG com.alibaba.nacos.client.naming - failover switch is not found, 00-00---000-VIPSRV_FAILOVER_SWITCH-000---00-00
2026-05-18 15:26:31.446 [com.alibaba.nacos.naming.failover.0] [none] DEBUG com.alibaba.nacos.client.naming - failover switch is not found, 00-00---000-VIPSRV_FAILOVER_SWITCH-000---00-00
2026-05-18 15:26:36.457 [com.alibaba.nacos.naming.failover.0] [none] DEBUG com.alibaba.nacos.client.naming - failover switch is not found, 00-00---000-VIPSRV_FAILOVER_SWITCH-000---00-00
2026-05-18 15:26:41.460 [com.alibaba.nacos.naming.failover.0] [none] DEBUG com.alibaba.nacos.client.naming - failover switch is not found, 00-00---000-VIPSRV_FAILOVER_SWITCH-000---00-00
2026-05-18 15:26:46.464 [com.alibaba.nacos.naming.failover.0] [none] DEBUG com.alibaba.nacos.client.naming - failover switch is not found, 00-00---000-VIPSRV_FAILOVER_SWITCH-000---00-00
2026-05-18 15:26:51.470 [com.alibaba.nacos.naming.failover.0] [none] DEBUG com.alibaba.nacos.client.naming - failover switch is not found, 00-00---000-VIPSRV_FAILOVER_SWITCH-000---00-00
2026-05-18 15:26:56.484 [com.alibaba.nacos.naming.failover.0] [none] DEBUG com.alibaba.nacos.client.naming - failover switch is not found, 00-00---000-VIPSRV_FAILOVER_SWITCH-000---00-00
2026-05-18 15:27:01.491 [com.alibaba.nacos.naming.failover.0] [none] DEBUG com.alibaba.nacos.client.naming - failover switch is not found, 00-00---000-VIPSRV_FAILOVER_SWITCH-000---00-00
2026-05-18 15:27:06.502 [com.alibaba.nacos.naming.failover.0] [none] DEBUG com.alibaba.nacos.client.naming - failover switch is not found, 00-00---000-VIPSRV_FAILOVER_SWITCH-000---00-00
2026-05-18 15:27:11.518 [com.alibaba.nacos.naming.failover.0] [none] DEBUG com.alibaba.nacos.client.naming - failover switch is not found, 00-00---000-VIPSRV_FAILOVER_SWITCH-000---00-00
2026-05-18 15:27:16.520 [com.alibaba.nacos.naming.failover.0] [none] DEBUG com.alibaba.nacos.client.naming - failover switch is not found, 00-00---000-VIPSRV_FAILOVER_SWITCH-000---00-00
2026-05-18 15:27:21.531 [com.alibaba.nacos.naming.failover.0] [none] DEBUG com.alibaba.nacos.client.naming - failover switch is not found, 00-00---000-VIPSRV_FAILOVER_SWITCH-000---00-00
2026-05-18 15:27:26.551 [com.alibaba.nacos.naming.failover.0] [none] DEBUG com.alibaba.nacos.client.naming - failover switch is not found, 00-00---000-VIPSRV_FAILOVER_SWITCH-000---00-00
2026-05-18 15:27:31.558 [com.alibaba.nacos.naming.failover.0] [none] DEBUG com.alibaba.nacos.client.naming - failover switch is not found, 00-00---000-VIPSRV_FAILOVER_SWITCH-000---00-00
2026-05-18 15:27:36.560 [com.alibaba.nacos.naming.failover.0] [none] DEBUG com.alibaba.nacos.client.naming - failover switch is not found, 00-00---000-VIPSRV_FAILOVER_SWITCH-000---00-00
2026-05-18 15:27:41.574 [com.alibaba.nacos.naming.failover.0] [none] DEBUG com.alibaba.nacos.client.naming - failover switch is not found, 00-00---000-VIPSRV_FAILOVER_SWITCH-000---00-00
2026-05-18 15:27:46.578 [com.alibaba.nacos.naming.failover.0] [none] DEBUG com.alibaba.nacos.client.naming - failover switch is not found, 00-00---000-VIPSRV_FAILOVER_SWITCH-000---00-00
2026-05-18 15:27:51.589 [com.alibaba.nacos.naming.failover.0] [none] DEBUG com.alibaba.nacos.client.naming - failover switch is not found, 00-00---000-VIPSRV_FAILOVER_SWITCH-000---00-00
2026-05-18 15:27:56.594 [com.alibaba.nacos.naming.failover.0] [none] DEBUG com.alibaba.nacos.client.naming - failover switch is not found, 00-00---000-VIPSRV_FAILOVER_SWITCH-000---00-00
2026-05-18 15:28:01.602 [com.alibaba.nacos.naming.failover.0] [none] DEBUG com.alibaba.nacos.client.naming - failover switch is not found, 00-00---000-VIPSRV_FAILOVER_SWITCH-000---00-00
2026-05-18 15:28:06.610 [com.alibaba.nacos.naming.failover.0] [none] DEBUG com.alibaba.nacos.client.naming - failover switch is not found, 00-00---000-VIPSRV_FAILOVER_SWITCH-000---00-00
2026-05-18 15:28:11.614 [com.alibaba.nacos.naming.failover.0] [none] DEBUG com.alibaba.nacos.client.naming - failover switch is not found, 00-00---000-VIPSRV_FAILOVER_SWITCH-000---00-00
2026-05-18 15:28:16.619 [com.alibaba.nacos.naming.failover.0] [none] DEBUG com.alibaba.nacos.client.naming - failover switch is not found, 00-00---000-VIPSRV_FAILOVER_SWITCH-000---00-00
2026-05-18 15:28:21.627 [com.alibaba.nacos.naming.failover.0] [none] DEBUG com.alibaba.nacos.client.naming - failover switch is not found, 00-00---000-VIPSRV_FAILOVER_SWITCH-000---00-00
2026-05-18 15:28:26.629 [com.alibaba.nacos.naming.failover.0] [none] DEBUG com.alibaba.nacos.client.naming - failover switch is not found, 00-00---000-VIPSRV_FAILOVER_SWITCH-000---00-00
2026-05-18 15:28:31.648 [com.alibaba.nacos.naming.failover.0] [none] DEBUG com.alibaba.nacos.client.naming - failover switch is not found, 00-00---000-VIPSRV_FAILOVER_SWITCH-000---00-00
2026-05-18 15:28:36.657 [com.alibaba.nacos.naming.failover.0] [none] DEBUG com.alibaba.nacos.client.naming - failover switch is not found, 00-00---000-VIPSRV_FAILOVER_SWITCH-000---00-00
2026-05-18 15:28:41.672 [com.alibaba.nacos.naming.failover.0] [none] DEBUG com.alibaba.nacos.client.naming - failover switch is not found, 00-00---000-VIPSRV_FAILOVER_SWITCH-000---00-00
2026-05-18 15:28:46.684 [com.alibaba.nacos.naming.failover.0] [none] DEBUG com.alibaba.nacos.client.naming - failover switch is not found, 00-00---000-VIPSRV_FAILOVER_SWITCH-000---00-00
2026-05-18 15:28:51.699 [com.alibaba.nacos.naming.failover.0] [none] DEBUG com.alibaba.nacos.client.naming - failover switch is not found, 00-00---000-VIPSRV_FAILOVER_SWITCH-000---00-00
2026-05-18 15:28:56.701 [com.alibaba.nacos.naming.failover.0] [none] DEBUG com.alibaba.nacos.client.naming - failover switch is not found, 00-00---000-VIPSRV_FAILOVER_SWITCH-000---00-00
2026-05-18 15:29:01.712 [com.alibaba.nacos.naming.failover.0] [none] DEBUG com.alibaba.nacos.client.naming - failover switch is not found, 00-00---000-VIPSRV_FAILOVER_SWITCH-000---00-00
2026-05-18 15:29:06.718 [com.alibaba.nacos.naming.failover.0] [none] DEBUG com.alibaba.nacos.client.naming - failover switch is not found, 00-00---000-VIPSRV_FAILOVER_SWITCH-000---00-00
2026-05-18 15:29:11.728 [com.alibaba.nacos.naming.failover.0] [none] DEBUG com.alibaba.nacos.client.naming - failover switch is not found, 00-00---000-VIPSRV_FAILOVER_SWITCH-000---00-00
2026-05-18 15:29:16.737 [com.alibaba.nacos.naming.failover.0] [none] DEBUG com.alibaba.nacos.client.naming - failover switch is not found, 00-00---000-VIPSRV_FAILOVER_SWITCH-000---00-00
2026-05-18 15:29:21.752 [com.alibaba.nacos.naming.failover.0] [none] DEBUG com.alibaba.nacos.client.naming - failover switch is not found, 00-00---000-VIPSRV_FAILOVER_SWITCH-000---00-00
2026-05-18 15:29:26.756 [com.alibaba.nacos.naming.failover.0] [none] DEBUG com.alibaba.nacos.client.naming - failover switch is not found, 00-00---000-VIPSRV_FAILOVER_SWITCH-000---00-00
2026-05-18 15:29:31.769 [com.alibaba.nacos.naming.failover.0] [none] DEBUG com.alibaba.nacos.client.naming - failover switch is not found, 00-00---000-VIPSRV_FAILOVER_SWITCH-000---00-00
2026-05-18 15:29:36.780 [com.alibaba.nacos.naming.failover.0] [none] DEBUG com.alibaba.nacos.client.naming - failover switch is not found, 00-00---000-VIPSRV_FAILOVER_SWITCH-000---00-00
2026-05-18 15:29:41.794 [com.alibaba.nacos.naming.failover.0] [none] DEBUG com.alibaba.nacos.client.naming - failover switch is not found, 00-00---000-VIPSRV_FAILOVER_SWITCH-000---00-00
2026-05-18 15:29:46.801 [com.alibaba.nacos.naming.failover.0] [none] DEBUG com.alibaba.nacos.client.naming - failover switch is not found, 00-00---000-VIPSRV_FAILOVER_SWITCH-000---00-00
2026-05-18 15:29:51.812 [com.alibaba.nacos.naming.failover.0] [none] DEBUG com.alibaba.nacos.client.naming - failover switch is not found, 00-00---000-VIPSRV_FAILOVER_SWITCH-000---00-00
2026-05-18 15:29:56.821 [com.alibaba.nacos.naming.failover.0] [none] DEBUG com.alibaba.nacos.client.naming - failover switch is not found, 00-00---000-VIPSRV_FAILOVER_SWITCH-000---00-00
2026-05-18 15:30:01.831 [com.alibaba.nacos.naming.failover.0] [none] DEBUG com.alibaba.nacos.client.naming - failover switch is not found, 00-00---000-VIPSRV_FAILOVER_SWITCH-000---00-00
2026-05-18 15:30:06.846 [com.alibaba.nacos.naming.failover.0] [none] DEBUG com.alibaba.nacos.client.naming - failover switch is not found, 00-00---000-VIPSRV_FAILOVER_SWITCH-000---00-00
2026-05-18 15:30:11.859 [com.alibaba.nacos.naming.failover.0] [none] DEBUG com.alibaba.nacos.client.naming - failover switch is not found, 00-00---000-VIPSRV_FAILOVER_SWITCH-000---00-00
2026-05-18 15:30:16.869 [com.alibaba.nacos.naming.failover.0] [none] DEBUG com.alibaba.nacos.client.naming - failover switch is not found, 00-00---000-VIPSRV_FAILOVER_SWITCH-000---00-00
2026-05-18 15:30:21.869 [com.alibaba.nacos.naming.failover.0] [none] DEBUG com.alibaba.nacos.client.naming - failover switch is not found, 00-00---000-VIPSRV_FAILOVER_SWITCH-000---00-00
2026-05-18 15:30:26.878 [com.alibaba.nacos.naming.failover.0] [none] DEBUG com.alibaba.nacos.client.naming - failover switch is not found, 00-00---000-VIPSRV_FAILOVER_SWITCH-000---00-00
2026-05-18 15:30:31.881 [com.alibaba.nacos.naming.failover.0] [none] DEBUG com.alibaba.nacos.client.naming - failover switch is not found, 00-00---000-VIPSRV_FAILOVER_SWITCH-000---00-00
2026-05-18 15:30:36.891 [com.alibaba.nacos.naming.failover.0] [none] DEBUG com.alibaba.nacos.client.naming - failover switch is not found, 00-00---000-VIPSRV_FAILOVER_SWITCH-000---00-00
2026-05-18 15:30:41.893 [com.alibaba.nacos.naming.failover.0] [none] DEBUG com.alibaba.nacos.client.naming - failover switch is not found, 00-00---000-VIPSRV_FAILOVER_SWITCH-000---00-00
2026-05-18 15:30:46.907 [com.alibaba.nacos.naming.failover.0] [none] DEBUG com.alibaba.nacos.client.naming - failover switch is not found, 00-00---000-VIPSRV_FAILOVER_SWITCH-000---00-00
2026-05-18 15:30:51.920 [com.alibaba.nacos.naming.failover.0] [none] DEBUG com.alibaba.nacos.client.naming - failover switch is not found, 00-00---000-VIPSRV_FAILOVER_SWITCH-000---00-00
2026-05-18 15:30:56.934 [com.alibaba.nacos.naming.failover.0] [none] DEBUG com.alibaba.nacos.client.naming - failover switch is not found, 00-00---000-VIPSRV_FAILOVER_SWITCH-000---00-00
2026-05-18 15:31:01.938 [com.alibaba.nacos.naming.failover.0] [none] DEBUG com.alibaba.nacos.client.naming - failover switch is not found, 00-00---000-VIPSRV_FAILOVER_SWITCH-000---00-00
2026-05-18 15:31:07.025 [com.alibaba.nacos.naming.failover.0] [none] DEBUG com.alibaba.nacos.client.naming - failover switch is not found, 00-00---000-VIPSRV_FAILOVER_SWITCH-000---00-00
2026-05-18 15:31:12.036 [com.alibaba.nacos.naming.failover.0] [none] DEBUG com.alibaba.nacos.client.naming - failover switch is not found, 00-00---000-VIPSRV_FAILOVER_SWITCH-000---00-00
2026-05-18 15:31:17.047 [com.alibaba.nacos.naming.failover.0] [none] DEBUG com.alibaba.nacos.client.naming - failover switch is not found, 00-00---000-VIPSRV_FAILOVER_SWITCH-000---00-00
2026-05-18 15:31:22.052 [com.alibaba.nacos.naming.failover.0] [none] DEBUG com.alibaba.nacos.client.naming - failover switch is not found, 00-00---000-VIPSRV_FAILOVER_SWITCH-000---00-00
2026-05-18 15:31:27.055 [com.alibaba.nacos.naming.failover.0] [none] DEBUG com.alibaba.nacos.client.naming - failover switch is not found, 00-00---000-VIPSRV_FAILOVER_SWITCH-000---00-00
2026-05-18 15:31:32.069 [com.alibaba.nacos.naming.failover.0] [none] DEBUG com.alibaba.nacos.client.naming - failover switch is not found, 00-00---000-VIPSRV_FAILOVER_SWITCH-000---00-00
2026-05-18 15:31:37.079 [com.alibaba.nacos.naming.failover.0] [none] DEBUG com.alibaba.nacos.client.naming - failover switch is not found, 00-00---000-VIPSRV_FAILOVER_SWITCH-000---00-00
2026-05-18 15:31:42.079 [com.alibaba.nacos.naming.failover.0] [none] DEBUG com.alibaba.nacos.client.naming - failover switch is not found, 00-00---000-VIPSRV_FAILOVER_SWITCH-000---00-00
2026-05-18 15:31:47.089 [com.alibaba.nacos.naming.failover.0] [none] DEBUG com.alibaba.nacos.client.naming - failover switch is not found, 00-00---000-VIPSRV_FAILOVER_SWITCH-000---00-00
2026-05-18 15:31:52.091 [com.alibaba.nacos.naming.failover.0] [none] DEBUG com.alibaba.nacos.client.naming - failover switch is not found, 00-00---000-VIPSRV_FAILOVER_SWITCH-000---00-00
2026-05-18 15:31:57.098 [com.alibaba.nacos.naming.failover.0] [none] DEBUG com.alibaba.nacos.client.naming - failover switch is not found, 00-00---000-VIPSRV_FAILOVER_SWITCH-000---00-00
2026-05-18 15:32:02.111 [com.alibaba.nacos.naming.failover.0] [none] DEBUG com.alibaba.nacos.client.naming - failover switch is not found, 00-00---000-VIPSRV_FAILOVER_SWITCH-000---00-00
2026-05-18 15:32:07.120 [com.alibaba.nacos.naming.failover.0] [none] DEBUG com.alibaba.nacos.client.naming - failover switch is not found, 00-00---000-VIPSRV_FAILOVER_SWITCH-000---00-00
2026-05-18 15:32:12.124 [com.alibaba.nacos.naming.failover.0] [none] DEBUG com.alibaba.nacos.client.naming - failover switch is not found, 00-00---000-VIPSRV_FAILOVER_SWITCH-000---00-00
2026-05-18 15:32:17.129 [com.alibaba.nacos.naming.failover.0] [none] DEBUG com.alibaba.nacos.client.naming - failover switch is not found, 00-00---000-VIPSRV_FAILOVER_SWITCH-000---00-00
2026-05-18 15:32:22.139 [com.alibaba.nacos.naming.failover.0] [none] DEBUG com.alibaba.nacos.client.naming - failover switch is not found, 00-00---000-VIPSRV_FAILOVER_SWITCH-000---00-00
2026-05-18 15:32:27.148 [com.alibaba.nacos.naming.failover.0] [none] DEBUG com.alibaba.nacos.client.naming - failover switch is not found, 00-00---000-VIPSRV_FAILOVER_SWITCH-000---00-00
2026-05-18 15:32:32.159 [com.alibaba.nacos.naming.failover.0] [none] DEBUG com.alibaba.nacos.client.naming - failover switch is not found, 00-00---000-VIPSRV_FAILOVER_SWITCH-000---00-00
2026-05-18 15:32:37.166 [com.alibaba.nacos.naming.failover.0] [none] DEBUG com.alibaba.nacos.client.naming - failover switch is not found, 00-00---000-VIPSRV_FAILOVER_SWITCH-000---00-00
2026-05-18 15:32:42.176 [com.alibaba.nacos.naming.failover.0] [none] DEBUG com.alibaba.nacos.client.naming - failover switch is not found, 00-00---000-VIPSRV_FAILOVER_SWITCH-000---00-00
2026-05-18 15:32:47.181 [com.alibaba.nacos.naming.failover.0] [none] DEBUG com.alibaba.nacos.client.naming - failover switch is not found, 00-00---000-VIPSRV_FAILOVER_SWITCH-000---00-00
2026-05-18 15:32:52.183 [com.alibaba.nacos.naming.failover.0] [none] DEBUG com.alibaba.nacos.client.naming - failover switch is not found, 00-00---000-VIPSRV_FAILOVER_SWITCH-000---00-00
2026-05-18 15:32:57.194 [com.alibaba.nacos.naming.failover.0] [none] DEBUG com.alibaba.nacos.client.naming - failover switch is not found, 00-00---000-VIPSRV_FAILOVER_SWITCH-000---00-00
2026-05-18 15:33:02.204 [com.alibaba.nacos.naming.failover.0] [none] DEBUG com.alibaba.nacos.client.naming - failover switch is not found, 00-00---000-VIPSRV_FAILOVER_SWITCH-000---00-00
2026-05-18 15:33:07.213 [com.alibaba.nacos.naming.failover.0] [none] DEBUG com.alibaba.nacos.client.naming - failover switch is not found, 00-00---000-VIPSRV_FAILOVER_SWITCH-000---00-00
2026-05-18 15:33:12.229 [com.alibaba.nacos.naming.failover.0] [none] DEBUG com.alibaba.nacos.client.naming - failover switch is not found, 00-00---000-VIPSRV_FAILOVER_SWITCH-000---00-00
2026-05-18 15:33:17.231 [com.alibaba.nacos.naming.failover.0] [none] DEBUG com.alibaba.nacos.client.naming - failover switch is not found, 00-00---000-VIPSRV_FAILOVER_SWITCH-000---00-00
2026-05-18 15:33:22.244 [com.alibaba.nacos.naming.failover.0] [none] DEBUG com.alibaba.nacos.client.naming - failover switch is not found, 00-00---000-VIPSRV_FAILOVER_SWITCH-000---00-00
2026-05-18 15:33:27.249 [com.alibaba.nacos.naming.failover.0] [none] DEBUG com.alibaba.nacos.client.naming - failover switch is not found, 00-00---000-VIPSRV_FAILOVER_SWITCH-000---00-00
2026-05-18 15:33:32.250 [com.alibaba.nacos.naming.failover.0] [none] DEBUG com.alibaba.nacos.client.naming - failover switch is not found, 00-00---000-VIPSRV_FAILOVER_SWITCH-000---00-00
2026-05-18 15:33:37.264 [com.alibaba.nacos.naming.failover.0] [none] DEBUG com.alibaba.nacos.client.naming - failover switch is not found, 00-00---000-VIPSRV_FAILOVER_SWITCH-000---00-00
2026-05-18 15:33:42.273 [com.alibaba.nacos.naming.failover.0] [none] DEBUG com.alibaba.nacos.client.naming - failover switch is not found, 00-00---000-VIPSRV_FAILOVER_SWITCH-000---00-00
2026-05-18 15:33:47.279 [com.alibaba.nacos.naming.failover.0] [none] DEBUG com.alibaba.nacos.client.naming - failover switch is not found, 00-00---000-VIPSRV_FAILOVER_SWITCH-000---00-00
2026-05-18 15:33:52.282 [com.alibaba.nacos.naming.failover.0] [none] DEBUG com.alibaba.nacos.client.naming - failover switch is not found, 00-00---000-VIPSRV_FAILOVER_SWITCH-000---00-00
2026-05-18 15:33:57.293 [com.alibaba.nacos.naming.failover.0] [none] DEBUG com.alibaba.nacos.client.naming - failover switch is not found, 00-00---000-VIPSRV_FAILOVER_SWITCH-000---00-00
2026-05-18 15:34:02.296 [com.alibaba.nacos.naming.failover.0] [none] DEBUG com.alibaba.nacos.client.naming - failover switch is not found, 00-00---000-VIPSRV_FAILOVER_SWITCH-000---00-00
2026-05-18 15:34:07.299 [com.alibaba.nacos.naming.failover.0] [none] DEBUG com.alibaba.nacos.client.naming - failover switch is not found, 00-00---000-VIPSRV_FAILOVER_SWITCH-000---00-00
2026-05-18 15:34:12.301 [com.alibaba.nacos.naming.failover.0] [none] DEBUG com.alibaba.nacos.client.naming - failover switch is not found, 00-00---000-VIPSRV_FAILOVER_SWITCH-000---00-00
2026-05-18 15:34:17.308 [com.alibaba.nacos.naming.failover.0] [none] DEBUG com.alibaba.nacos.client.naming - failover switch is not found, 00-00---000-VIPSRV_FAILOVER_SWITCH-000---00-00
2026-05-18 15:34:22.319 [com.alibaba.nacos.naming.failover.0] [none] DEBUG com.alibaba.nacos.client.naming - failover switch is not found, 00-00---000-VIPSRV_FAILOVER_SWITCH-000---00-00
2026-05-18 15:34:27.328 [com.alibaba.nacos.naming.failover.0] [none] DEBUG com.alibaba.nacos.client.naming - failover switch is not found, 00-00---000-VIPSRV_FAILOVER_SWITCH-000---00-00
2026-05-18 15:34:32.333 [com.alibaba.nacos.naming.failover.0] [none] DEBUG com.alibaba.nacos.client.naming - failover switch is not found, 00-00---000-VIPSRV_FAILOVER_SWITCH-000---00-00
2026-05-18 15:34:37.342 [com.alibaba.nacos.naming.failover.0] [none] DEBUG com.alibaba.nacos.client.naming - failover switch is not found, 00-00---000-VIPSRV_FAILOVER_SWITCH-000---00-00
2026-05-18 15:34:42.345 [com.alibaba.nacos.naming.failover.0] [none] DEBUG com.alibaba.nacos.client.naming - failover switch is not found, 00-00---000-VIPSRV_FAILOVER_SWITCH-000---00-00
2026-05-18 15:34:47.354 [com.alibaba.nacos.naming.failover.0] [none] DEBUG com.alibaba.nacos.client.naming - failover switch is not found, 00-00---000-VIPSRV_FAILOVER_SWITCH-000---00-00
2026-05-18 15:34:52.359 [com.alibaba.nacos.naming.failover.0] [none] DEBUG com.alibaba.nacos.client.naming - failover switch is not found, 00-00---000-VIPSRV_FAILOVER_SWITCH-000---00-00
2026-05-18 15:34:57.368 [com.alibaba.nacos.naming.failover.0] [none] DEBUG com.alibaba.nacos.client.naming - failover switch is not found, 00-00---000-VIPSRV_FAILOVER_SWITCH-000---00-00
2026-05-18 15:35:02.379 [com.alibaba.nacos.naming.failover.0] [none] DEBUG com.alibaba.nacos.client.naming - failover switch is not found, 00-00---000-VIPSRV_FAILOVER_SWITCH-000---00-00
2026-05-18 15:35:07.383 [com.alibaba.nacos.naming.failover.0] [none] DEBUG com.alibaba.nacos.client.naming - failover switch is not found, 00-00---000-VIPSRV_FAILOVER_SWITCH-000---00-00
2026-05-18 15:35:12.386 [com.alibaba.nacos.naming.failover.0] [none] DEBUG com.alibaba.nacos.client.naming - failover switch is not found, 00-00---000-VIPSRV_FAILOVER_SWITCH-000---00-00
2026-05-18 15:35:17.387 [com.alibaba.nacos.naming.failover.0] [none] DEBUG com.alibaba.nacos.client.naming - failover switch is not found, 00-00---000-VIPSRV_FAILOVER_SWITCH-000---00-00
2026-05-18 15:35:22.396 [com.alibaba.nacos.naming.failover.0] [none] DEBUG com.alibaba.nacos.client.naming - failover switch is not found, 00-00---000-VIPSRV_FAILOVER_SWITCH-000---00-00
2026-05-18 15:35:27.409 [com.alibaba.nacos.naming.failover.0] [none] DEBUG com.alibaba.nacos.client.naming - failover switch is not found, 00-00---000-VIPSRV_FAILOVER_SWITCH-000---00-00
2026-05-18 15:35:32.419 [com.alibaba.nacos.naming.failover.0] [none] DEBUG com.alibaba.nacos.client.naming - failover switch is not found, 00-00---000-VIPSRV_FAILOVER_SWITCH-000---00-00
2026-05-18 15:35:37.423 [com.alibaba.nacos.naming.failover.0] [none] DEBUG com.alibaba.nacos.client.naming - failover switch is not found, 00-00---000-VIPSRV_FAILOVER_SWITCH-000---00-00
2026-05-18 15:35:42.432 [com.alibaba.nacos.naming.failover.0] [none] DEBUG com.alibaba.nacos.client.naming - failover switch is not found, 00-00---000-VIPSRV_FAILOVER_SWITCH-000---00-00
2026-05-18 15:35:47.438 [com.alibaba.nacos.naming.failover.0] [none] DEBUG com.alibaba.nacos.client.naming - failover switch is not found, 00-00---000-VIPSRV_FAILOVER_SWITCH-000---00-00
2026-05-18 15:35:52.452 [com.alibaba.nacos.naming.failover.0] [none] DEBUG com.alibaba.nacos.client.naming - failover switch is not found, 00-00---000-VIPSRV_FAILOVER_SWITCH-000---00-00
2026-05-18 15:35:57.456 [com.alibaba.nacos.naming.failover.0] [none] DEBUG com.alibaba.nacos.client.naming - failover switch is not found, 00-00---000-VIPSRV_FAILOVER_SWITCH-000---00-00
2026-05-18 15:36:02.460 [com.alibaba.nacos.naming.failover.0] [none] DEBUG com.alibaba.nacos.client.naming - failover switch is not found, 00-00---000-VIPSRV_FAILOVER_SWITCH-000---00-00
2026-05-18 15:36:07.470 [com.alibaba.nacos.naming.failover.0] [none] DEBUG com.alibaba.nacos.client.naming - failover switch is not found, 00-00---000-VIPSRV_FAILOVER_SWITCH-000---00-00
2026-05-18 15:36:12.484 [com.alibaba.nacos.naming.failover.0] [none] DEBUG com.alibaba.nacos.client.naming - failover switch is not found, 00-00---000-VIPSRV_FAILOVER_SWITCH-000---00-00
2026-05-18 15:36:17.492 [com.alibaba.nacos.naming.failover.0] [none] DEBUG com.alibaba.nacos.client.naming - failover switch is not found, 00-00---000-VIPSRV_FAILOVER_SWITCH-000---00-00
2026-05-18 15:36:22.498 [com.alibaba.nacos.naming.failover.0] [none] DEBUG com.alibaba.nacos.client.naming - failover switch is not found, 00-00---000-VIPSRV_FAILOVER_SWITCH-000---00-00
2026-05-18 15:36:27.501 [com.alibaba.nacos.naming.failover.0] [none] DEBUG com.alibaba.nacos.client.naming - failover switch is not found, 00-00---000-VIPSRV_FAILOVER_SWITCH-000---00-00
2026-05-18 15:36:32.517 [com.alibaba.nacos.naming.failover.0] [none] DEBUG com.alibaba.nacos.client.naming - failover switch is not found, 00-00---000-VIPSRV_FAILOVER_SWITCH-000---00-00
2026-05-18 15:36:37.529 [com.alibaba.nacos.naming.failover.0] [none] DEBUG com.alibaba.nacos.client.naming - failover switch is not found, 00-00---000-VIPSRV_FAILOVER_SWITCH-000---00-00
2026-05-18 15:36:42.536 [com.alibaba.nacos.naming.failover.0] [none] DEBUG com.alibaba.nacos.client.naming - failover switch is not found, 00-00---000-VIPSRV_FAILOVER_SWITCH-000---00-00
2026-05-18 15:36:47.543 [com.alibaba.nacos.naming.failover.0] [none] DEBUG com.alibaba.nacos.client.naming - failover switch is not found, 00-00---000-VIPSRV_FAILOVER_SWITCH-000---00-00
2026-05-18 15:36:52.544 [com.alibaba.nacos.naming.failover.0] [none] DEBUG com.alibaba.nacos.client.naming - failover switch is not found, 00-00---000-VIPSRV_FAILOVER_SWITCH-000---00-00
2026-05-18 15:36:57.556 [com.alibaba.nacos.naming.failover.0] [none] DEBUG com.alibaba.nacos.client.naming - failover switch is not found, 00-00---000-VIPSRV_FAILOVER_SWITCH-000---00-00
2026-05-18 15:37:02.558 [com.alibaba.nacos.naming.failover.0] [none] DEBUG com.alibaba.nacos.client.naming - failover switch is not found, 00-00---000-VIPSRV_FAILOVER_SWITCH-000---00-00
2026-05-18 15:37:07.572 [com.alibaba.nacos.naming.failover.0] [none] DEBUG com.alibaba.nacos.client.naming - failover switch is not found, 00-00---000-VIPSRV_FAILOVER_SWITCH-000---00-00
2026-05-18 15:37:12.577 [com.alibaba.nacos.naming.failover.0] [none] DEBUG com.alibaba.nacos.client.naming - failover switch is not found, 00-00---000-VIPSRV_FAILOVER_SWITCH-000---00-00
2026-05-18 15:37:17.582 [com.alibaba.nacos.naming.failover.0] [none] DEBUG com.alibaba.nacos.client.naming - failover switch is not found, 00-00---000-VIPSRV_FAILOVER_SWITCH-000---00-00
2026-05-18 15:37:22.595 [com.alibaba.nacos.naming.failover.0] [none] DEBUG com.alibaba.nacos.client.naming - failover switch is not found, 00-00---000-VIPSRV_FAILOVER_SWITCH-000---00-00
2026-05-18 15:37:27.607 [com.alibaba.nacos.naming.failover.0] [none] DEBUG com.alibaba.nacos.client.naming - failover switch is not found, 00-00---000-VIPSRV_FAILOVER_SWITCH-000---00-00
2026-05-18 15:37:32.619 [com.alibaba.nacos.naming.failover.0] [none] DEBUG com.alibaba.nacos.client.naming - failover switch is not found, 00-00---000-VIPSRV_FAILOVER_SWITCH-000---00-00
2026-05-18 15:37:37.623 [com.alibaba.nacos.naming.failover.0] [none] DEBUG com.alibaba.nacos.client.naming - failover switch is not found, 00-00---000-VIPSRV_FAILOVER_SWITCH-000---00-00
2026-05-18 15:37:42.627 [com.alibaba.nacos.naming.failover.0] [none] DEBUG com.alibaba.nacos.client.naming - failover switch is not found, 00-00---000-VIPSRV_FAILOVER_SWITCH-000---00-00
2026-05-18 15:37:47.637 [com.alibaba.nacos.naming.failover.0] [none] DEBUG com.alibaba.nacos.client.naming - failover switch is not found, 00-00---000-VIPSRV_FAILOVER_SWITCH-000---00-00
2026-05-18 15:37:52.649 [com.alibaba.nacos.naming.failover.0] [none] DEBUG com.alibaba.nacos.client.naming - failover switch is not found, 00-00---000-VIPSRV_FAILOVER_SWITCH-000---00-00
2026-05-18 15:37:57.651 [com.alibaba.nacos.naming.failover.0] [none] DEBUG com.alibaba.nacos.client.naming - failover switch is not found, 00-00---000-VIPSRV_FAILOVER_SWITCH-000---00-00
2026-05-18 15:38:02.660 [com.alibaba.nacos.naming.failover.0] [none] DEBUG com.alibaba.nacos.client.naming - failover switch is not found, 00-00---000-VIPSRV_FAILOVER_SWITCH-000---00-00
2026-05-18 15:38:07.670 [com.alibaba.nacos.naming.failover.0] [none] DEBUG com.alibaba.nacos.client.naming - failover switch is not found, 00-00---000-VIPSRV_FAILOVER_SWITCH-000---00-00
2026-05-18 15:38:12.673 [com.alibaba.nacos.naming.failover.0] [none] DEBUG com.alibaba.nacos.client.naming - failover switch is not found, 00-00---000-VIPSRV_FAILOVER_SWITCH-000---00-00
2026-05-18 15:38:17.683 [com.alibaba.nacos.naming.failover.0] [none] DEBUG com.alibaba.nacos.client.naming - failover switch is not found, 00-00---000-VIPSRV_FAILOVER_SWITCH-000---00-00
2026-05-18 15:38:22.688 [com.alibaba.nacos.naming.failover.0] [none] DEBUG com.alibaba.nacos.client.naming - failover switch is not found, 00-00---000-VIPSRV_FAILOVER_SWITCH-000---00-00
2026-05-18 15:38:27.697 [com.alibaba.nacos.naming.failover.0] [none] DEBUG com.alibaba.nacos.client.naming - failover switch is not found, 00-00---000-VIPSRV_FAILOVER_SWITCH-000---00-00
2026-05-18 15:38:32.707 [com.alibaba.nacos.naming.failover.0] [none] DEBUG com.alibaba.nacos.client.naming - failover switch is not found, 00-00---000-VIPSRV_FAILOVER_SWITCH-000---00-00
2026-05-18 15:38:37.722 [com.alibaba.nacos.naming.failover.0] [none] DEBUG com.alibaba.nacos.client.naming - failover switch is not found, 00-00---000-VIPSRV_FAILOVER_SWITCH-000---00-00
2026-05-18 15:38:42.735 [com.alibaba.nacos.naming.failover.0] [none] DEBUG com.alibaba.nacos.client.naming - failover switch is not found, 00-00---000-VIPSRV_FAILOVER_SWITCH-000---00-00
2026-05-18 15:38:47.736 [com.alibaba.nacos.naming.failover.0] [none] DEBUG com.alibaba.nacos.client.naming - failover switch is not found, 00-00---000-VIPSRV_FAILOVER_SWITCH-000---00-00
2026-05-18 15:38:52.739 [com.alibaba.nacos.naming.failover.0] [none] DEBUG com.alibaba.nacos.client.naming - failover switch is not found, 00-00---000-VIPSRV_FAILOVER_SWITCH-000---00-00
2026-05-18 15:38:57.748 [com.alibaba.nacos.naming.failover.0] [none] DEBUG com.alibaba.nacos.client.naming - failover switch is not found, 00-00---000-VIPSRV_FAILOVER_SWITCH-000---00-00
2026-05-18 15:39:02.754 [com.alibaba.nacos.naming.failover.0] [none] DEBUG com.alibaba.nacos.client.naming - failover switch is not found, 00-00---000-VIPSRV_FAILOVER_SWITCH-000---00-00
2026-05-18 15:39:07.770 [com.alibaba.nacos.naming.failover.0] [none] DEBUG com.alibaba.nacos.client.naming - failover switch is not found, 00-00---000-VIPSRV_FAILOVER_SWITCH-000---00-00
2026-05-18 15:39:12.779 [com.alibaba.nacos.naming.failover.0] [none] DEBUG com.alibaba.nacos.client.naming - failover switch is not found, 00-00---000-VIPSRV_FAILOVER_SWITCH-000---00-00
2026-05-18 15:39:17.781 [com.alibaba.nacos.naming.failover.0] [none] DEBUG com.alibaba.nacos.client.naming - failover switch is not found, 00-00---000-VIPSRV_FAILOVER_SWITCH-000---00-00
2026-05-18 15:39:22.796 [com.alibaba.nacos.naming.failover.0] [none] DEBUG com.alibaba.nacos.client.naming - failover switch is not found, 00-00---000-VIPSRV_FAILOVER_SWITCH-000---00-00
2026-05-18 15:39:27.809 [com.alibaba.nacos.naming.failover.0] [none] DEBUG com.alibaba.nacos.client.naming - failover switch is not found, 00-00---000-VIPSRV_FAILOVER_SWITCH-000---00-00
2026-05-18 15:39:32.821 [com.alibaba.nacos.naming.failover.0] [none] DEBUG com.alibaba.nacos.client.naming - failover switch is not found, 00-00---000-VIPSRV_FAILOVER_SWITCH-000---00-00
2026-05-18 15:39:37.833 [com.alibaba.nacos.naming.failover.0] [none] DEBUG com.alibaba.nacos.client.naming - failover switch is not found, 00-00---000-VIPSRV_FAILOVER_SWITCH-000---00-00
2026-05-18 15:39:42.848 [com.alibaba.nacos.naming.failover.0] [none] DEBUG com.alibaba.nacos.client.naming - failover switch is not found, 00-00---000-VIPSRV_FAILOVER_SWITCH-000---00-00
2026-05-18 15:39:47.861 [com.alibaba.nacos.naming.failover.0] [none] DEBUG com.alibaba.nacos.client.naming - failover switch is not found, 00-00---000-VIPSRV_FAILOVER_SWITCH-000---00-00
2026-05-18 15:39:52.862 [com.alibaba.nacos.naming.failover.0] [none] DEBUG com.alibaba.nacos.client.naming - failover switch is not found, 00-00---000-VIPSRV_FAILOVER_SWITCH-000---00-00
2026-05-18 15:39:57.876 [com.alibaba.nacos.naming.failover.0] [none] DEBUG com.alibaba.nacos.client.naming - failover switch is not found, 00-00---000-VIPSRV_FAILOVER_SWITCH-000---00-00
2026-05-18 15:40:02.886 [com.alibaba.nacos.naming.failover.0] [none] DEBUG com.alibaba.nacos.client.naming - failover switch is not found, 00-00---000-VIPSRV_FAILOVER_SWITCH-000---00-00
2026-05-18 15:40:07.892 [com.alibaba.nacos.naming.failover.0] [none] DEBUG com.alibaba.nacos.client.naming - failover switch is not found, 00-00---000-VIPSRV_FAILOVER_SWITCH-000---00-00
2026-05-18 15:40:12.902 [com.alibaba.nacos.naming.failover.0] [none] DEBUG com.alibaba.nacos.client.naming - failover switch is not found, 00-00---000-VIPSRV_FAILOVER_SWITCH-000---00-00
2026-05-18 15:40:17.914 [com.alibaba.nacos.naming.failover.0] [none] DEBUG com.alibaba.nacos.client.naming - failover switch is not found, 00-00---000-VIPSRV_FAILOVER_SWITCH-000---00-00
2026-05-18 15:40:22.918 [com.alibaba.nacos.naming.failover.0] [none] DEBUG com.alibaba.nacos.client.naming - failover switch is not found, 00-00---000-VIPSRV_FAILOVER_SWITCH-000---00-00
2026-05-18 15:40:27.924 [com.alibaba.nacos.naming.failover.0] [none] DEBUG com.alibaba.nacos.client.naming - failover switch is not found, 00-00---000-VIPSRV_FAILOVER_SWITCH-000---00-00
2026-05-18 15:40:32.935 [com.alibaba.nacos.naming.failover.0] [none] DEBUG com.alibaba.nacos.client.naming - failover switch is not found, 00-00---000-VIPSRV_FAILOVER_SWITCH-000---00-00
2026-05-18 15:40:37.941 [com.alibaba.nacos.naming.failover.0] [none] DEBUG com.alibaba.nacos.client.naming - failover switch is not found, 00-00---000-VIPSRV_FAILOVER_SWITCH-000---00-00
2026-05-18 15:40:42.945 [com.alibaba.nacos.naming.failover.0] [none] DEBUG com.alibaba.nacos.client.naming - failover switch is not found, 00-00---000-VIPSRV_FAILOVER_SWITCH-000---00-00
2026-05-18 15:40:47.961 [com.alibaba.nacos.naming.failover.0] [none] DEBUG com.alibaba.nacos.client.naming - failover switch is not found, 00-00---000-VIPSRV_FAILOVER_SWITCH-000---00-00
2026-05-18 15:40:52.972 [com.alibaba.nacos.naming.failover.0] [none] DEBUG com.alibaba.nacos.client.naming - failover switch is not found, 00-00---000-VIPSRV_FAILOVER_SWITCH-000---00-00
2026-05-18 15:40:57.973 [com.alibaba.nacos.naming.failover.0] [none] DEBUG com.alibaba.nacos.client.naming - failover switch is not found, 00-00---000-VIPSRV_FAILOVER_SWITCH-000---00-00
2026-05-18 15:41:02.977 [com.alibaba.nacos.naming.failover.0] [none] DEBUG com.alibaba.nacos.client.naming - failover switch is not found, 00-00---000-VIPSRV_FAILOVER_SWITCH-000---00-00
2026-05-18 15:41:07.982 [com.alibaba.nacos.naming.failover.0] [none] DEBUG com.alibaba.nacos.client.naming - failover switch is not found, 00-00---000-VIPSRV_FAILOVER_SWITCH-000---00-00
2026-05-18 15:41:12.997 [com.alibaba.nacos.naming.failover.0] [none] DEBUG com.alibaba.nacos.client.naming - failover switch is not found, 00-00---000-VIPSRV_FAILOVER_SWITCH-000---00-00
2026-05-18 15:41:18.006 [com.alibaba.nacos.naming.failover.0] [none] DEBUG com.alibaba.nacos.client.naming - failover switch is not found, 00-00---000-VIPSRV_FAILOVER_SWITCH-000---00-00
2026-05-18 15:41:23.019 [com.alibaba.nacos.naming.failover.0] [none] DEBUG com.alibaba.nacos.client.naming - failover switch is not found, 00-00---000-VIPSRV_FAILOVER_SWITCH-000---00-00
2026-05-18 15:41:28.021 [com.alibaba.nacos.naming.failover.0] [none] DEBUG com.alibaba.nacos.client.naming - failover switch is not found, 00-00---000-VIPSRV_FAILOVER_SWITCH-000---00-00
2026-05-18 15:41:33.024 [com.alibaba.nacos.naming.failover.0] [none] DEBUG com.alibaba.nacos.client.naming - failover switch is not found, 00-00---000-VIPSRV_FAILOVER_SWITCH-000---00-00
2026-05-18 15:41:38.032 [com.alibaba.nacos.naming.failover.0] [none] DEBUG com.alibaba.nacos.client.naming - failover switch is not found, 00-00---000-VIPSRV_FAILOVER_SWITCH-000---00-00
2026-05-18 15:41:43.047 [com.alibaba.nacos.naming.failover.0] [none] DEBUG com.alibaba.nacos.client.naming - failover switch is not found, 00-00---000-VIPSRV_FAILOVER_SWITCH-000---00-00
2026-05-18 15:41:48.063 [com.alibaba.nacos.naming.failover.0] [none] DEBUG com.alibaba.nacos.client.naming - failover switch is not found, 00-00---000-VIPSRV_FAILOVER_SWITCH-000---00-00
2026-05-18 15:41:53.064 [com.alibaba.nacos.naming.failover.0] [none] DEBUG com.alibaba.nacos.client.naming - failover switch is not found, 00-00---000-VIPSRV_FAILOVER_SWITCH-000---00-00
2026-05-18 15:41:58.078 [com.alibaba.nacos.naming.failover.0] [none] DEBUG com.alibaba.nacos.client.naming - failover switch is not found, 00-00---000-VIPSRV_FAILOVER_SWITCH-000---00-00
2026-05-18 15:42:03.080 [com.alibaba.nacos.naming.failover.0] [none] DEBUG com.alibaba.nacos.client.naming - failover switch is not found, 00-00---000-VIPSRV_FAILOVER_SWITCH-000---00-00
2026-05-18 15:42:08.090 [com.alibaba.nacos.naming.failover.0] [none] DEBUG com.alibaba.nacos.client.naming - failover switch is not found, 00-00---000-VIPSRV_FAILOVER_SWITCH-000---00-00
2026-05-18 15:42:13.092 [com.alibaba.nacos.naming.failover.0] [none] DEBUG com.alibaba.nacos.client.naming - failover switch is not found, 00-00---000-VIPSRV_FAILOVER_SWITCH-000---00-00
2026-05-18 15:42:18.095 [com.alibaba.nacos.naming.failover.0] [none] DEBUG com.alibaba.nacos.client.naming - failover switch is not found, 00-00---000-VIPSRV_FAILOVER_SWITCH-000---00-00
2026-05-18 15:42:23.105 [com.alibaba.nacos.naming.failover.0] [none] DEBUG com.alibaba.nacos.client.naming - failover switch is not found, 00-00---000-VIPSRV_FAILOVER_SWITCH-000---00-00
2026-05-18 15:42:28.108 [com.alibaba.nacos.naming.failover.0] [none] DEBUG com.alibaba.nacos.client.naming - failover switch is not found, 00-00---000-VIPSRV_FAILOVER_SWITCH-000---00-00
2026-05-18 15:42:33.114 [com.alibaba.nacos.naming.failover.0] [none] DEBUG com.alibaba.nacos.client.naming - failover switch is not found, 00-00---000-VIPSRV_FAILOVER_SWITCH-000---00-00
2026-05-18 15:42:38.115 [com.alibaba.nacos.naming.failover.0] [none] DEBUG com.alibaba.nacos.client.naming - failover switch is not found, 00-00---000-VIPSRV_FAILOVER_SWITCH-000---00-00
2026-05-18 15:42:43.125 [com.alibaba.nacos.naming.failover.0] [none] DEBUG com.alibaba.nacos.client.naming - failover switch is not found, 00-00---000-VIPSRV_FAILOVER_SWITCH-000---00-00
2026-05-18 15:42:48.140 [com.alibaba.nacos.naming.failover.0] [none] DEBUG com.alibaba.nacos.client.naming - failover switch is not found, 00-00---000-VIPSRV_FAILOVER_SWITCH-000---00-00
2026-05-18 15:42:53.143 [com.alibaba.nacos.naming.failover.0] [none] DEBUG com.alibaba.nacos.client.naming - failover switch is not found, 00-00---000-VIPSRV_FAILOVER_SWITCH-000---00-00
2026-05-18 15:42:58.151 [com.alibaba.nacos.naming.failover.0] [none] DEBUG com.alibaba.nacos.client.naming - failover switch is not found, 00-00---000-VIPSRV_FAILOVER_SWITCH-000---00-00
2026-05-18 15:43:03.164 [com.alibaba.nacos.naming.failover.0] [none] DEBUG com.alibaba.nacos.client.naming - failover switch is not found, 00-00---000-VIPSRV_FAILOVER_SWITCH-000---00-00
2026-05-18 15:43:08.173 [com.alibaba.nacos.naming.failover.0] [none] DEBUG com.alibaba.nacos.client.naming - failover switch is not found, 00-00---000-VIPSRV_FAILOVER_SWITCH-000---00-00
2026-05-18 15:43:13.176 [com.alibaba.nacos.naming.failover.0] [none] DEBUG com.alibaba.nacos.client.naming - failover switch is not found, 00-00---000-VIPSRV_FAILOVER_SWITCH-000---00-00
2026-05-18 15:43:18.178 [com.alibaba.nacos.naming.failover.0] [none] DEBUG com.alibaba.nacos.client.naming - failover switch is not found, 00-00---000-VIPSRV_FAILOVER_SWITCH-000---00-00
2026-05-18 15:43:23.185 [com.alibaba.nacos.naming.failover.0] [none] DEBUG com.alibaba.nacos.client.naming - failover switch is not found, 00-00---000-VIPSRV_FAILOVER_SWITCH-000---00-00
2026-05-18 15:43:28.189 [com.alibaba.nacos.naming.failover.0] [none] DEBUG com.alibaba.nacos.client.naming - failover switch is not found, 00-00---000-VIPSRV_FAILOVER_SWITCH-000---00-00
2026-05-18 15:43:33.194 [com.alibaba.nacos.naming.failover.0] [none] DEBUG com.alibaba.nacos.client.naming - failover switch is not found, 00-00---000-VIPSRV_FAILOVER_SWITCH-000---00-00
2026-05-18 15:43:38.200 [com.alibaba.nacos.naming.failover.0] [none] DEBUG com.alibaba.nacos.client.naming - failover switch is not found, 00-00---000-VIPSRV_FAILOVER_SWITCH-000---00-00
2026-05-18 15:43:43.214 [com.alibaba.nacos.naming.failover.0] [none] DEBUG com.alibaba.nacos.client.naming - failover switch is not found, 00-00---000-VIPSRV_FAILOVER_SWITCH-000---00-00
2026-05-18 15:43:48.219 [com.alibaba.nacos.naming.failover.0] [none] DEBUG com.alibaba.nacos.client.naming - failover switch is not found, 00-00---000-VIPSRV_FAILOVER_SWITCH-000---00-00
2026-05-18 15:43:53.230 [com.alibaba.nacos.naming.failover.0] [none] DEBUG com.alibaba.nacos.client.naming - failover switch is not found, 00-00---000-VIPSRV_FAILOVER_SWITCH-000---00-00
2026-05-18 15:43:58.234 [com.alibaba.nacos.naming.failover.0] [none] DEBUG com.alibaba.nacos.client.naming - failover switch is not found, 00-00---000-VIPSRV_FAILOVER_SWITCH-000---00-00
2026-05-18 15:44:03.249 [com.alibaba.nacos.naming.failover.0] [none] DEBUG com.alibaba.nacos.client.naming - failover switch is not found, 00-00---000-VIPSRV_FAILOVER_SWITCH-000---00-00
2026-05-18 15:44:08.254 [com.alibaba.nacos.naming.failover.0] [none] DEBUG com.alibaba.nacos.client.naming - failover switch is not found, 00-00---000-VIPSRV_FAILOVER_SWITCH-000---00-00
2026-05-18 15:44:13.256 [com.alibaba.nacos.naming.failover.0] [none] DEBUG com.alibaba.nacos.client.naming - failover switch is not found, 00-00---000-VIPSRV_FAILOVER_SWITCH-000---00-00
2026-05-18 15:44:18.267 [com.alibaba.nacos.naming.failover.0] [none] DEBUG com.alibaba.nacos.client.naming - failover switch is not found, 00-00---000-VIPSRV_FAILOVER_SWITCH-000---00-00
2026-05-18 15:44:23.272 [com.alibaba.nacos.naming.failover.0] [none] DEBUG com.alibaba.nacos.client.naming - failover switch is not found, 00-00---000-VIPSRV_FAILOVER_SWITCH-000---00-00
2026-05-18 15:44:28.273 [com.alibaba.nacos.naming.failover.0] [none] DEBUG com.alibaba.nacos.client.naming - failover switch is not found, 00-00---000-VIPSRV_FAILOVER_SWITCH-000---00-00
2026-05-18 15:44:33.281 [com.alibaba.nacos.naming.failover.0] [none] DEBUG com.alibaba.nacos.client.naming - failover switch is not found, 00-00---000-VIPSRV_FAILOVER_SWITCH-000---00-00
2026-05-18 15:44:38.296 [com.alibaba.nacos.naming.failover.0] [none] DEBUG com.alibaba.nacos.client.naming - failover switch is not found, 00-00---000-VIPSRV_FAILOVER_SWITCH-000---00-00
2026-05-18 15:44:43.298 [com.alibaba.nacos.naming.failover.0] [none] DEBUG com.alibaba.nacos.client.naming - failover switch is not found, 00-00---000-VIPSRV_FAILOVER_SWITCH-000---00-00
2026-05-18 15:44:48.309 [com.alibaba.nacos.naming.failover.0] [none] DEBUG com.alibaba.nacos.client.naming - failover switch is not found, 00-00---000-VIPSRV_FAILOVER_SWITCH-000---00-00
2026-05-18 15:44:53.311 [com.alibaba.nacos.naming.failover.0] [none] DEBUG com.alibaba.nacos.client.naming - failover switch is not found, 00-00---000-VIPSRV_FAILOVER_SWITCH-000---00-00
2026-05-18 15:44:58.327 [com.alibaba.nacos.naming.failover.0] [none] DEBUG com.alibaba.nacos.client.naming - failover switch is not found, 00-00---000-VIPSRV_FAILOVER_SWITCH-000---00-00
2026-05-18 15:45:03.331 [com.alibaba.nacos.naming.failover.0] [none] DEBUG com.alibaba.nacos.client.naming - failover switch is not found, 00-00---000-VIPSRV_FAILOVER_SWITCH-000---00-00
2026-05-18 15:45:08.340 [com.alibaba.nacos.naming.failover.0] [none] DEBUG com.alibaba.nacos.client.naming - failover switch is not found, 00-00---000-VIPSRV_FAILOVER_SWITCH-000---00-00
2026-05-18 15:45:13.348 [com.alibaba.nacos.naming.failover.0] [none] DEBUG com.alibaba.nacos.client.naming - failover switch is not found, 00-00---000-VIPSRV_FAILOVER_SWITCH-000---00-00
2026-05-18 15:45:18.356 [com.alibaba.nacos.naming.failover.0] [none] DEBUG com.alibaba.nacos.client.naming - failover switch is not found, 00-00---000-VIPSRV_FAILOVER_SWITCH-000---00-00
2026-05-18 15:45:23.365 [com.alibaba.nacos.naming.failover.0] [none] DEBUG com.alibaba.nacos.client.naming - failover switch is not found, 00-00---000-VIPSRV_FAILOVER_SWITCH-000---00-00
2026-05-18 15:45:28.376 [com.alibaba.nacos.naming.failover.0] [none] DEBUG com.alibaba.nacos.client.naming - failover switch is not found, 00-00---000-VIPSRV_FAILOVER_SWITCH-000---00-00
2026-05-18 15:45:33.379 [com.alibaba.nacos.naming.failover.0] [none] DEBUG com.alibaba.nacos.client.naming - failover switch is not found, 00-00---000-VIPSRV_FAILOVER_SWITCH-000---00-00
2026-05-18 15:45:38.392 [com.alibaba.nacos.naming.failover.0] [none] DEBUG com.alibaba.nacos.client.naming - failover switch is not found, 00-00---000-VIPSRV_FAILOVER_SWITCH-000---00-00
2026-05-18 15:45:43.404 [com.alibaba.nacos.naming.failover.0] [none] DEBUG com.alibaba.nacos.client.naming - failover switch is not found, 00-00---000-VIPSRV_FAILOVER_SWITCH-000---00-00
2026-05-18 15:45:48.414 [com.alibaba.nacos.naming.failover.0] [none] DEBUG com.alibaba.nacos.client.naming - failover switch is not found, 00-00---000-VIPSRV_FAILOVER_SWITCH-000---00-00
2026-05-18 15:45:53.423 [com.alibaba.nacos.naming.failover.0] [none] DEBUG com.alibaba.nacos.client.naming - failover switch is not found, 00-00---000-VIPSRV_FAILOVER_SWITCH-000---00-00
2026-05-18 15:45:58.434 [com.alibaba.nacos.naming.failover.0] [none] DEBUG com.alibaba.nacos.client.naming - failover switch is not found, 00-00---000-VIPSRV_FAILOVER_SWITCH-000---00-00
2026-05-18 15:46:03.435 [com.alibaba.nacos.naming.failover.0] [none] DEBUG com.alibaba.nacos.client.naming - failover switch is not found, 00-00---000-VIPSRV_FAILOVER_SWITCH-000---00-00
2026-05-18 15:46:08.445 [com.alibaba.nacos.naming.failover.0] [none] DEBUG com.alibaba.nacos.client.naming - failover switch is not found, 00-00---000-VIPSRV_FAILOVER_SWITCH-000---00-00
2026-05-18 15:46:13.452 [com.alibaba.nacos.naming.failover.0] [none] DEBUG com.alibaba.nacos.client.naming - failover switch is not found, 00-00---000-VIPSRV_FAILOVER_SWITCH-000---00-00
2026-05-18 15:46:18.454 [com.alibaba.nacos.naming.failover.0] [none] DEBUG com.alibaba.nacos.client.naming - failover switch is not found, 00-00---000-VIPSRV_FAILOVER_SWITCH-000---00-00
2026-05-18 15:46:23.454 [com.alibaba.nacos.naming.failover.0] [none] DEBUG com.alibaba.nacos.client.naming - failover switch is not found, 00-00---000-VIPSRV_FAILOVER_SWITCH-000---00-00
2026-05-18 15:46:28.461 [com.alibaba.nacos.naming.failover.0] [none] DEBUG com.alibaba.nacos.client.naming - failover switch is not found, 00-00---000-VIPSRV_FAILOVER_SWITCH-000---00-00
2026-05-18 15:46:33.538 [com.alibaba.nacos.naming.failover.0] [none] DEBUG com.alibaba.nacos.client.naming - failover switch is not found, 00-00---000-VIPSRV_FAILOVER_SWITCH-000---00-00
2026-05-18 15:46:38.544 [com.alibaba.nacos.naming.failover.0] [none] DEBUG com.alibaba.nacos.client.naming - failover switch is not found, 00-00---000-VIPSRV_FAILOVER_SWITCH-000---00-00
2026-05-18 15:46:43.554 [com.alibaba.nacos.naming.failover.0] [none] DEBUG com.alibaba.nacos.client.naming - failover switch is not found, 00-00---000-VIPSRV_FAILOVER_SWITCH-000---00-00
2026-05-18 15:46:48.559 [com.alibaba.nacos.naming.failover.0] [none] DEBUG com.alibaba.nacos.client.naming - failover switch is not found, 00-00---000-VIPSRV_FAILOVER_SWITCH-000---00-00
2026-05-18 15:46:53.568 [com.alibaba.nacos.naming.failover.0] [none] DEBUG com.alibaba.nacos.client.naming - failover switch is not found, 00-00---000-VIPSRV_FAILOVER_SWITCH-000---00-00
2026-05-18 15:46:58.579 [com.alibaba.nacos.naming.failover.0] [none] DEBUG com.alibaba.nacos.client.naming - failover switch is not found, 00-00---000-VIPSRV_FAILOVER_SWITCH-000---00-00
2026-05-18 15:47:03.592 [com.alibaba.nacos.naming.failover.0] [none] DEBUG com.alibaba.nacos.client.naming - failover switch is not found, 00-00---000-VIPSRV_FAILOVER_SWITCH-000---00-00
2026-05-18 15:47:08.602 [com.alibaba.nacos.naming.failover.0] [none] DEBUG com.alibaba.nacos.client.naming - failover switch is not found, 00-00---000-VIPSRV_FAILOVER_SWITCH-000---00-00
2026-05-18 15:47:13.608 [com.alibaba.nacos.naming.failover.0] [none] DEBUG com.alibaba.nacos.client.naming - failover switch is not found, 00-00---000-VIPSRV_FAILOVER_SWITCH-000---00-00
2026-05-18 15:47:18.622 [com.alibaba.nacos.naming.failover.0] [none] DEBUG com.alibaba.nacos.client.naming - failover switch is not found, 00-00---000-VIPSRV_FAILOVER_SWITCH-000---00-00
2026-05-18 15:47:23.625 [com.alibaba.nacos.naming.failover.0] [none] DEBUG com.alibaba.nacos.client.naming - failover switch is not found, 00-00---000-VIPSRV_FAILOVER_SWITCH-000---00-00
2026-05-18 15:47:28.639 [com.alibaba.nacos.naming.failover.0] [none] DEBUG com.alibaba.nacos.client.naming - failover switch is not found, 00-00---000-VIPSRV_FAILOVER_SWITCH-000---00-00
2026-05-18 15:47:33.644 [com.alibaba.nacos.naming.failover.0] [none] DEBUG com.alibaba.nacos.client.naming - failover switch is not found, 00-00---000-VIPSRV_FAILOVER_SWITCH-000---00-00
2026-05-18 15:47:38.660 [com.alibaba.nacos.naming.failover.0] [none] DEBUG com.alibaba.nacos.client.naming - failover switch is not found, 00-00---000-VIPSRV_FAILOVER_SWITCH-000---00-00
2026-05-18 15:47:43.667 [com.alibaba.nacos.naming.failover.0] [none] DEBUG com.alibaba.nacos.client.naming - failover switch is not found, 00-00---000-VIPSRV_FAILOVER_SWITCH-000---00-00
2026-05-18 15:47:48.677 [com.alibaba.nacos.naming.failover.0] [none] DEBUG com.alibaba.nacos.client.naming - failover switch is not found, 00-00---000-VIPSRV_FAILOVER_SWITCH-000---00-00
2026-05-18 15:47:53.686 [com.alibaba.nacos.naming.failover.0] [none] DEBUG com.alibaba.nacos.client.naming - failover switch is not found, 00-00---000-VIPSRV_FAILOVER_SWITCH-000---00-00
2026-05-18 15:47:58.692 [com.alibaba.nacos.naming.failover.0] [none] DEBUG com.alibaba.nacos.client.naming - failover switch is not found, 00-00---000-VIPSRV_FAILOVER_SWITCH-000---00-00
2026-05-18 15:48:03.705 [com.alibaba.nacos.naming.failover.0] [none] DEBUG com.alibaba.nacos.client.naming - failover switch is not found, 00-00---000-VIPSRV_FAILOVER_SWITCH-000---00-00
2026-05-18 15:48:08.717 [com.alibaba.nacos.naming.failover.0] [none] DEBUG com.alibaba.nacos.client.naming - failover switch is not found, 00-00---000-VIPSRV_FAILOVER_SWITCH-000---00-00
2026-05-18 15:48:13.722 [com.alibaba.nacos.naming.failover.0] [none] DEBUG com.alibaba.nacos.client.naming - failover switch is not found, 00-00---000-VIPSRV_FAILOVER_SWITCH-000---00-00
2026-05-18 15:48:18.724 [com.alibaba.nacos.naming.failover.0] [none] DEBUG com.alibaba.nacos.client.naming - failover switch is not found, 00-00---000-VIPSRV_FAILOVER_SWITCH-000---00-00
2026-05-18 15:48:23.727 [com.alibaba.nacos.naming.failover.0] [none] DEBUG com.alibaba.nacos.client.naming - failover switch is not found, 00-00---000-VIPSRV_FAILOVER_SWITCH-000---00-00
2026-05-18 15:48:28.731 [com.alibaba.nacos.naming.failover.0] [none] DEBUG com.alibaba.nacos.client.naming - failover switch is not found, 00-00---000-VIPSRV_FAILOVER_SWITCH-000---00-00
2026-05-18 15:48:33.732 [com.alibaba.nacos.naming.failover.0] [none] DEBUG com.alibaba.nacos.client.naming - failover switch is not found, 00-00---000-VIPSRV_FAILOVER_SWITCH-000---00-00
2026-05-18 15:48:38.739 [com.alibaba.nacos.naming.failover.0] [none] DEBUG com.alibaba.nacos.client.naming - failover switch is not found, 00-00---000-VIPSRV_FAILOVER_SWITCH-000---00-00
2026-05-18 15:48:43.742 [com.alibaba.nacos.naming.failover.0] [none] DEBUG com.alibaba.nacos.client.naming - failover switch is not found, 00-00---000-VIPSRV_FAILOVER_SWITCH-000---00-00
2026-05-18 15:48:48.751 [com.alibaba.nacos.naming.failover.0] [none] DEBUG com.alibaba.nacos.client.naming - failover switch is not found, 00-00---000-VIPSRV_FAILOVER_SWITCH-000---00-00
2026-05-18 15:48:53.765 [com.alibaba.nacos.naming.failover.0] [none] DEBUG com.alibaba.nacos.client.naming - failover switch is not found, 00-00---000-VIPSRV_FAILOVER_SWITCH-000---00-00
2026-05-18 15:48:58.777 [com.alibaba.nacos.naming.failover.0] [none] DEBUG com.alibaba.nacos.client.naming - failover switch is not found, 00-00---000-VIPSRV_FAILOVER_SWITCH-000---00-00
2026-05-18 15:49:03.790 [com.alibaba.nacos.naming.failover.0] [none] DEBUG com.alibaba.nacos.client.naming - failover switch is not found, 00-00---000-VIPSRV_FAILOVER_SWITCH-000---00-00
2026-05-18 15:49:08.802 [com.alibaba.nacos.naming.failover.0] [none] DEBUG com.alibaba.nacos.client.naming - failover switch is not found, 00-00---000-VIPSRV_FAILOVER_SWITCH-000---00-00
2026-05-18 15:49:13.811 [com.alibaba.nacos.naming.failover.0] [none] DEBUG com.alibaba.nacos.client.naming - failover switch is not found, 00-00---000-VIPSRV_FAILOVER_SWITCH-000---00-00
2026-05-18 15:49:18.820 [com.alibaba.nacos.naming.failover.0] [none] DEBUG com.alibaba.nacos.client.naming - failover switch is not found, 00-00---000-VIPSRV_FAILOVER_SWITCH-000---00-00
2026-05-18 15:49:23.826 [com.alibaba.nacos.naming.failover.0] [none] DEBUG com.alibaba.nacos.client.naming - failover switch is not found, 00-00---000-VIPSRV_FAILOVER_SWITCH-000---00-00
2026-05-18 15:49:28.827 [com.alibaba.nacos.naming.failover.0] [none] DEBUG com.alibaba.nacos.client.naming - failover switch is not found, 00-00---000-VIPSRV_FAILOVER_SWITCH-000---00-00
2026-05-18 15:49:33.828 [com.alibaba.nacos.naming.failover.0] [none] DEBUG com.alibaba.nacos.client.naming - failover switch is not found, 00-00---000-VIPSRV_FAILOVER_SWITCH-000---00-00
2026-05-18 15:49:38.837 [com.alibaba.nacos.naming.failover.0] [none] DEBUG com.alibaba.nacos.client.naming - failover switch is not found, 00-00---000-VIPSRV_FAILOVER_SWITCH-000---00-00
2026-05-18 15:49:43.847 [com.alibaba.nacos.naming.failover.0] [none] DEBUG com.alibaba.nacos.client.naming - failover switch is not found, 00-00---000-VIPSRV_FAILOVER_SWITCH-000---00-00
2026-05-18 15:49:48.856 [com.alibaba.nacos.naming.failover.0] [none] DEBUG com.alibaba.nacos.client.naming - failover switch is not found, 00-00---000-VIPSRV_FAILOVER_SWITCH-000---00-00
2026-05-18 15:49:53.857 [com.alibaba.nacos.naming.failover.0] [none] DEBUG com.alibaba.nacos.client.naming - failover switch is not found, 00-00---000-VIPSRV_FAILOVER_SWITCH-000---00-00
2026-05-18 15:49:58.862 [com.alibaba.nacos.naming.failover.0] [none] DEBUG com.alibaba.nacos.client.naming - failover switch is not found, 00-00---000-VIPSRV_FAILOVER_SWITCH-000---00-00
2026-05-18 15:50:03.864 [com.alibaba.nacos.naming.failover.0] [none] DEBUG com.alibaba.nacos.client.naming - failover switch is not found, 00-00---000-VIPSRV_FAILOVER_SWITCH-000---00-00
2026-05-18 15:50:08.869 [com.alibaba.nacos.naming.failover.0] [none] DEBUG com.alibaba.nacos.client.naming - failover switch is not found, 00-00---000-VIPSRV_FAILOVER_SWITCH-000---00-00
2026-05-18 15:50:13.873 [com.alibaba.nacos.naming.failover.0] [none] DEBUG com.alibaba.nacos.client.naming - failover switch is not found, 00-00---000-VIPSRV_FAILOVER_SWITCH-000---00-00
2026-05-18 15:50:18.883 [com.alibaba.nacos.naming.failover.0] [none] DEBUG com.alibaba.nacos.client.naming - failover switch is not found, 00-00---000-VIPSRV_FAILOVER_SWITCH-000---00-00
2026-05-18 15:50:23.894 [com.alibaba.nacos.naming.failover.0] [none] DEBUG com.alibaba.nacos.client.naming - failover switch is not found, 00-00---000-VIPSRV_FAILOVER_SWITCH-000---00-00
2026-05-18 15:50:28.909 [com.alibaba.nacos.naming.failover.0] [none] DEBUG com.alibaba.nacos.client.naming - failover switch is not found, 00-00---000-VIPSRV_FAILOVER_SWITCH-000---00-00
2026-05-18 15:50:33.914 [com.alibaba.nacos.naming.failover.0] [none] DEBUG com.alibaba.nacos.client.naming - failover switch is not found, 00-00---000-VIPSRV_FAILOVER_SWITCH-000---00-00
2026-05-18 15:50:38.920 [com.alibaba.nacos.naming.failover.0] [none] DEBUG com.alibaba.nacos.client.naming - failover switch is not found, 00-00---000-VIPSRV_FAILOVER_SWITCH-000---00-00
2026-05-18 15:50:43.922 [com.alibaba.nacos.naming.failover.0] [none] DEBUG com.alibaba.nacos.client.naming - failover switch is not found, 00-00---000-VIPSRV_FAILOVER_SWITCH-000---00-00
2026-05-18 15:50:48.929 [com.alibaba.nacos.naming.failover.0] [none] DEBUG com.alibaba.nacos.client.naming - failover switch is not found, 00-00---000-VIPSRV_FAILOVER_SWITCH-000---00-00
2026-05-18 15:50:53.939 [com.alibaba.nacos.naming.failover.0] [none] DEBUG com.alibaba.nacos.client.naming - failover switch is not found, 00-00---000-VIPSRV_FAILOVER_SWITCH-000---00-00
2026-05-18 15:50:58.948 [com.alibaba.nacos.naming.failover.0] [none] DEBUG com.alibaba.nacos.client.naming - failover switch is not found, 00-00---000-VIPSRV_FAILOVER_SWITCH-000---00-00
2026-05-18 15:51:03.963 [com.alibaba.nacos.naming.failover.0] [none] DEBUG com.alibaba.nacos.client.naming - failover switch is not found, 00-00---000-VIPSRV_FAILOVER_SWITCH-000---00-00
2026-05-18 15:51:08.978 [com.alibaba.nacos.naming.failover.0] [none] DEBUG com.alibaba.nacos.client.naming - failover switch is not found, 00-00---000-VIPSRV_FAILOVER_SWITCH-000---00-00
2026-05-18 15:51:13.991 [com.alibaba.nacos.naming.failover.0] [none] DEBUG com.alibaba.nacos.client.naming - failover switch is not found, 00-00---000-VIPSRV_FAILOVER_SWITCH-000---00-00
2026-05-18 15:51:19.003 [com.alibaba.nacos.naming.failover.0] [none] DEBUG com.alibaba.nacos.client.naming - failover switch is not found, 00-00---000-VIPSRV_FAILOVER_SWITCH-000---00-00
2026-05-18 15:51:24.004 [com.alibaba.nacos.naming.failover.0] [none] DEBUG com.alibaba.nacos.client.naming - failover switch is not found, 00-00---000-VIPSRV_FAILOVER_SWITCH-000---00-00
2026-05-18 15:51:29.019 [com.alibaba.nacos.naming.failover.0] [none] DEBUG com.alibaba.nacos.client.naming - failover switch is not found, 00-00---000-VIPSRV_FAILOVER_SWITCH-000---00-00
2026-05-18 15:51:34.025 [com.alibaba.nacos.naming.failover.0] [none] DEBUG com.alibaba.nacos.client.naming - failover switch is not found, 00-00---000-VIPSRV_FAILOVER_SWITCH-000---00-00
2026-05-18 15:51:39.034 [com.alibaba.nacos.naming.failover.0] [none] DEBUG com.alibaba.nacos.client.naming - failover switch is not found, 00-00---000-VIPSRV_FAILOVER_SWITCH-000---00-00
2026-05-18 15:51:44.044 [com.alibaba.nacos.naming.failover.0] [none] DEBUG com.alibaba.nacos.client.naming - failover switch is not found, 00-00---000-VIPSRV_FAILOVER_SWITCH-000---00-00
2026-05-18 15:51:49.057 [com.alibaba.nacos.naming.failover.0] [none] DEBUG com.alibaba.nacos.client.naming - failover switch is not found, 00-00---000-VIPSRV_FAILOVER_SWITCH-000---00-00
2026-05-18 15:51:54.066 [com.alibaba.nacos.naming.failover.0] [none] DEBUG com.alibaba.nacos.client.naming - failover switch is not found, 00-00---000-VIPSRV_FAILOVER_SWITCH-000---00-00
2026-05-18 15:51:59.070 [com.alibaba.nacos.naming.failover.0] [none] DEBUG com.alibaba.nacos.client.naming - failover switch is not found, 00-00---000-VIPSRV_FAILOVER_SWITCH-000---00-00
2026-05-18 15:52:04.084 [com.alibaba.nacos.naming.failover.0] [none] DEBUG com.alibaba.nacos.client.naming - failover switch is not found, 00-00---000-VIPSRV_FAILOVER_SWITCH-000---00-00
2026-05-18 15:52:09.100 [com.alibaba.nacos.naming.failover.0] [none] DEBUG com.alibaba.nacos.client.naming - failover switch is not found, 00-00---000-VIPSRV_FAILOVER_SWITCH-000---00-00
2026-05-18 15:52:14.104 [com.alibaba.nacos.naming.failover.0] [none] DEBUG com.alibaba.nacos.client.naming - failover switch is not found, 00-00---000-VIPSRV_FAILOVER_SWITCH-000---00-00
2026-05-18 15:52:19.110 [com.alibaba.nacos.naming.failover.0] [none] DEBUG com.alibaba.nacos.client.naming - failover switch is not found, 00-00---000-VIPSRV_FAILOVER_SWITCH-000---00-00
2026-05-18 15:52:24.124 [com.alibaba.nacos.naming.failover.0] [none] DEBUG com.alibaba.nacos.client.naming - failover switch is not found, 00-00---000-VIPSRV_FAILOVER_SWITCH-000---00-00
2026-05-18 15:52:29.126 [com.alibaba.nacos.naming.failover.0] [none] DEBUG com.alibaba.nacos.client.naming - failover switch is not found, 00-00---000-VIPSRV_FAILOVER_SWITCH-000---00-00
2026-05-18 15:52:34.134 [com.alibaba.nacos.naming.failover.0] [none] DEBUG com.alibaba.nacos.client.naming - failover switch is not found, 00-00---000-VIPSRV_FAILOVER_SWITCH-000---00-00
2026-05-18 15:52:39.202 [com.alibaba.nacos.naming.failover.0] [none] DEBUG com.alibaba.nacos.client.naming - failover switch is not found, 00-00---000-VIPSRV_FAILOVER_SWITCH-000---00-00
2026-05-18 15:52:44.204 [com.alibaba.nacos.naming.failover.0] [none] DEBUG com.alibaba.nacos.client.naming - failover switch is not found, 00-00---000-VIPSRV_FAILOVER_SWITCH-000---00-00
2026-05-18 15:52:49.216 [com.alibaba.nacos.naming.failover.0] [none] DEBUG com.alibaba.nacos.client.naming - failover switch is not found, 00-00---000-VIPSRV_FAILOVER_SWITCH-000---00-00
2026-05-18 15:52:54.230 [com.alibaba.nacos.naming.failover.0] [none] DEBUG com.alibaba.nacos.client.naming - failover switch is not found, 00-00---000-VIPSRV_FAILOVER_SWITCH-000---00-00
2026-05-18 15:52:59.244 [com.alibaba.nacos.naming.failover.0] [none] DEBUG com.alibaba.nacos.client.naming - failover switch is not found, 00-00---000-VIPSRV_FAILOVER_SWITCH-000---00-00
2026-05-18 15:53:04.260 [com.alibaba.nacos.naming.failover.0] [none] DEBUG com.alibaba.nacos.client.naming - failover switch is not found, 00-00---000-VIPSRV_FAILOVER_SWITCH-000---00-00
2026-05-18 15:53:09.272 [com.alibaba.nacos.naming.failover.0] [none] DEBUG com.alibaba.nacos.client.naming - failover switch is not found, 00-00---000-VIPSRV_FAILOVER_SWITCH-000---00-00
2026-05-18 15:53:14.282 [com.alibaba.nacos.naming.failover.0] [none] DEBUG com.alibaba.nacos.client.naming - failover switch is not found, 00-00---000-VIPSRV_FAILOVER_SWITCH-000---00-00
2026-05-18 15:53:19.292 [com.alibaba.nacos.naming.failover.0] [none] DEBUG com.alibaba.nacos.client.naming - failover switch is not found, 00-00---000-VIPSRV_FAILOVER_SWITCH-000---00-00
2026-05-18 15:53:24.300 [com.alibaba.nacos.naming.failover.0] [none] DEBUG com.alibaba.nacos.client.naming - failover switch is not found, 00-00---000-VIPSRV_FAILOVER_SWITCH-000---00-00
2026-05-18 15:53:29.305 [com.alibaba.nacos.naming.failover.0] [none] DEBUG com.alibaba.nacos.client.naming - failover switch is not found, 00-00---000-VIPSRV_FAILOVER_SWITCH-000---00-00
2026-05-18 15:53:34.316 [com.alibaba.nacos.naming.failover.0] [none] DEBUG com.alibaba.nacos.client.naming - failover switch is not found, 00-00---000-VIPSRV_FAILOVER_SWITCH-000---00-00
2026-05-18 15:53:39.328 [com.alibaba.nacos.naming.failover.0] [none] DEBUG com.alibaba.nacos.client.naming - failover switch is not found, 00-00---000-VIPSRV_FAILOVER_SWITCH-000---00-00
2026-05-18 15:53:44.339 [com.alibaba.nacos.naming.failover.0] [none] DEBUG com.alibaba.nacos.client.naming - failover switch is not found, 00-00---000-VIPSRV_FAILOVER_SWITCH-000---00-00
2026-05-18 15:53:49.350 [com.alibaba.nacos.naming.failover.0] [none] DEBUG com.alibaba.nacos.client.naming - failover switch is not found, 00-00---000-VIPSRV_FAILOVER_SWITCH-000---00-00
2026-05-18 15:53:54.354 [com.alibaba.nacos.naming.failover.0] [none] DEBUG com.alibaba.nacos.client.naming - failover switch is not found, 00-00---000-VIPSRV_FAILOVER_SWITCH-000---00-00
2026-05-18 15:53:59.358 [com.alibaba.nacos.naming.failover.0] [none] DEBUG com.alibaba.nacos.client.naming - failover switch is not found, 00-00---000-VIPSRV_FAILOVER_SWITCH-000---00-00
2026-05-18 15:54:04.363 [com.alibaba.nacos.naming.failover.0] [none] DEBUG com.alibaba.nacos.client.naming - failover switch is not found, 00-00---000-VIPSRV_FAILOVER_SWITCH-000---00-00
2026-05-18 15:54:09.370 [com.alibaba.nacos.naming.failover.0] [none] DEBUG com.alibaba.nacos.client.naming - failover switch is not found, 00-00---000-VIPSRV_FAILOVER_SWITCH-000---00-00
2026-05-18 15:54:14.378 [com.alibaba.nacos.naming.failover.0] [none] DEBUG com.alibaba.nacos.client.naming - failover switch is not found, 00-00---000-VIPSRV_FAILOVER_SWITCH-000---00-00
2026-05-18 15:54:19.383 [com.alibaba.nacos.naming.failover.0] [none] DEBUG com.alibaba.nacos.client.naming - failover switch is not found, 00-00---000-VIPSRV_FAILOVER_SWITCH-000---00-00
2026-05-18 15:54:24.384 [com.alibaba.nacos.naming.failover.0] [none] DEBUG com.alibaba.nacos.client.naming - failover switch is not found, 00-00---000-VIPSRV_FAILOVER_SWITCH-000---00-00
2026-05-18 15:54:29.396 [com.alibaba.nacos.naming.failover.0] [none] DEBUG com.alibaba.nacos.client.naming - failover switch is not found, 00-00---000-VIPSRV_FAILOVER_SWITCH-000---00-00
2026-05-18 15:54:34.408 [com.alibaba.nacos.naming.failover.0] [none] DEBUG com.alibaba.nacos.client.naming - failover switch is not found, 00-00---000-VIPSRV_FAILOVER_SWITCH-000---00-00
2026-05-18 15:54:39.410 [com.alibaba.nacos.naming.failover.0] [none] DEBUG com.alibaba.nacos.client.naming - failover switch is not found, 00-00---000-VIPSRV_FAILOVER_SWITCH-000---00-00
2026-05-18 15:54:44.418 [com.alibaba.nacos.naming.failover.0] [none] DEBUG com.alibaba.nacos.client.naming - failover switch is not found, 00-00---000-VIPSRV_FAILOVER_SWITCH-000---00-00
2026-05-18 15:54:49.424 [com.alibaba.nacos.naming.failover.0] [none] DEBUG com.alibaba.nacos.client.naming - failover switch is not found, 00-00---000-VIPSRV_FAILOVER_SWITCH-000---00-00
2026-05-18 15:54:54.428 [com.alibaba.nacos.naming.failover.0] [none] DEBUG com.alibaba.nacos.client.naming - failover switch is not found, 00-00---000-VIPSRV_FAILOVER_SWITCH-000---00-00
2026-05-18 15:54:59.437 [com.alibaba.nacos.naming.failover.0] [none] DEBUG com.alibaba.nacos.client.naming - failover switch is not found, 00-00---000-VIPSRV_FAILOVER_SWITCH-000---00-00
2026-05-18 15:55:04.442 [com.alibaba.nacos.naming.failover.0] [none] DEBUG com.alibaba.nacos.client.naming - failover switch is not found, 00-00---000-VIPSRV_FAILOVER_SWITCH-000---00-00
2026-05-18 15:55:09.447 [com.alibaba.nacos.naming.failover.0] [none] DEBUG com.alibaba.nacos.client.naming - failover switch is not found, 00-00---000-VIPSRV_FAILOVER_SWITCH-000---00-00
2026-05-18 15:55:14.462 [com.alibaba.nacos.naming.failover.0] [none] DEBUG com.alibaba.nacos.client.naming - failover switch is not found, 00-00---000-VIPSRV_FAILOVER_SWITCH-000---00-00
2026-05-18 15:55:19.470 [com.alibaba.nacos.naming.failover.0] [none] DEBUG com.alibaba.nacos.client.naming - failover switch is not found, 00-00---000-VIPSRV_FAILOVER_SWITCH-000---00-00
2026-05-18 15:55:24.475 [com.alibaba.nacos.naming.failover.0] [none] DEBUG com.alibaba.nacos.client.naming - failover switch is not found, 00-00---000-VIPSRV_FAILOVER_SWITCH-000---00-00
2026-05-18 15:55:29.489 [com.alibaba.nacos.naming.failover.0] [none] DEBUG com.alibaba.nacos.client.naming - failover switch is not found, 00-00---000-VIPSRV_FAILOVER_SWITCH-000---00-00
2026-05-18 15:55:34.498 [com.alibaba.nacos.naming.failover.0] [none] DEBUG com.alibaba.nacos.client.naming - failover switch is not found, 00-00---000-VIPSRV_FAILOVER_SWITCH-000---00-00
2026-05-18 15:55:39.504 [com.alibaba.nacos.naming.failover.0] [none] DEBUG com.alibaba.nacos.client.naming - failover switch is not found, 00-00---000-VIPSRV_FAILOVER_SWITCH-000---00-00
2026-05-18 15:55:44.509 [com.alibaba.nacos.naming.failover.0] [none] DEBUG com.alibaba.nacos.client.naming - failover switch is not found, 00-00---000-VIPSRV_FAILOVER_SWITCH-000---00-00
2026-05-18 15:55:49.523 [com.alibaba.nacos.naming.failover.0] [none] DEBUG com.alibaba.nacos.client.naming - failover switch is not found, 00-00---000-VIPSRV_FAILOVER_SWITCH-000---00-00
2026-05-18 15:55:54.530 [com.alibaba.nacos.naming.failover.0] [none] DEBUG com.alibaba.nacos.client.naming - failover switch is not found, 00-00---000-VIPSRV_FAILOVER_SWITCH-000---00-00
2026-05-18 15:55:59.535 [com.alibaba.nacos.naming.failover.0] [none] DEBUG com.alibaba.nacos.client.naming - failover switch is not found, 00-00---000-VIPSRV_FAILOVER_SWITCH-000---00-00
2026-05-18 15:56:04.543 [com.alibaba.nacos.naming.failover.0] [none] DEBUG com.alibaba.nacos.client.naming - failover switch is not found, 00-00---000-VIPSRV_FAILOVER_SWITCH-000---00-00
2026-05-18 15:56:09.551 [com.alibaba.nacos.naming.failover.0] [none] DEBUG com.alibaba.nacos.client.naming - failover switch is not found, 00-00---000-VIPSRV_FAILOVER_SWITCH-000---00-00
2026-05-18 15:56:14.556 [com.alibaba.nacos.naming.failover.0] [none] DEBUG com.alibaba.nacos.client.naming - failover switch is not found, 00-00---000-VIPSRV_FAILOVER_SWITCH-000---00-00
2026-05-18 15:56:19.570 [com.alibaba.nacos.naming.failover.0] [none] DEBUG com.alibaba.nacos.client.naming - failover switch is not found, 00-00---000-VIPSRV_FAILOVER_SWITCH-000---00-00
2026-05-18 15:56:24.572 [com.alibaba.nacos.naming.failover.0] [none] DEBUG com.alibaba.nacos.client.naming - failover switch is not found, 00-00---000-VIPSRV_FAILOVER_SWITCH-000---00-00
2026-05-18 15:56:29.578 [com.alibaba.nacos.naming.failover.0] [none] DEBUG com.alibaba.nacos.client.naming - failover switch is not found, 00-00---000-VIPSRV_FAILOVER_SWITCH-000---00-00
2026-05-18 15:56:34.592 [com.alibaba.nacos.naming.failover.0] [none] DEBUG com.alibaba.nacos.client.naming - failover switch is not found, 00-00---000-VIPSRV_FAILOVER_SWITCH-000---00-00
2026-05-18 15:56:39.601 [com.alibaba.nacos.naming.failover.0] [none] DEBUG com.alibaba.nacos.client.naming - failover switch is not found, 00-00---000-VIPSRV_FAILOVER_SWITCH-000---00-00
2026-05-18 15:56:44.606 [com.alibaba.nacos.naming.failover.0] [none] DEBUG com.alibaba.nacos.client.naming - failover switch is not found, 00-00---000-VIPSRV_FAILOVER_SWITCH-000---00-00
2026-05-18 15:56:49.619 [com.alibaba.nacos.naming.failover.0] [none] DEBUG com.alibaba.nacos.client.naming - failover switch is not found, 00-00---000-VIPSRV_FAILOVER_SWITCH-000---00-00
2026-05-18 15:56:54.633 [com.alibaba.nacos.naming.failover.0] [none] DEBUG com.alibaba.nacos.client.naming - failover switch is not found, 00-00---000-VIPSRV_FAILOVER_SWITCH-000---00-00
2026-05-18 15:56:59.638 [com.alibaba.nacos.naming.failover.0] [none] DEBUG com.alibaba.nacos.client.naming - failover switch is not found, 00-00---000-VIPSRV_FAILOVER_SWITCH-000---00-00
2026-05-18 15:57:04.645 [com.alibaba.nacos.naming.failover.0] [none] DEBUG com.alibaba.nacos.client.naming - failover switch is not found, 00-00---000-VIPSRV_FAILOVER_SWITCH-000---00-00
2026-05-18 15:57:09.656 [com.alibaba.nacos.naming.failover.0] [none] DEBUG com.alibaba.nacos.client.naming - failover switch is not found, 00-00---000-VIPSRV_FAILOVER_SWITCH-000---00-00
2026-05-18 15:57:14.660 [com.alibaba.nacos.naming.failover.0] [none] DEBUG com.alibaba.nacos.client.naming - failover switch is not found, 00-00---000-VIPSRV_FAILOVER_SWITCH-000---00-00
2026-05-18 15:57:19.674 [com.alibaba.nacos.naming.failover.0] [none] DEBUG com.alibaba.nacos.client.naming - failover switch is not found, 00-00---000-VIPSRV_FAILOVER_SWITCH-000---00-00
2026-05-18 15:57:24.684 [com.alibaba.nacos.naming.failover.0] [none] DEBUG com.alibaba.nacos.client.naming - failover switch is not found, 00-00---000-VIPSRV_FAILOVER_SWITCH-000---00-00
2026-05-18 15:57:29.689 [com.alibaba.nacos.naming.failover.0] [none] DEBUG com.alibaba.nacos.client.naming - failover switch is not found, 00-00---000-VIPSRV_FAILOVER_SWITCH-000---00-00
2026-05-18 15:57:34.691 [com.alibaba.nacos.naming.failover.0] [none] DEBUG com.alibaba.nacos.client.naming - failover switch is not found, 00-00---000-VIPSRV_FAILOVER_SWITCH-000---00-00
2026-05-18 15:57:39.696 [com.alibaba.nacos.naming.failover.0] [none] DEBUG com.alibaba.nacos.client.naming - failover switch is not found, 00-00---000-VIPSRV_FAILOVER_SWITCH-000---00-00
2026-05-18 15:57:44.707 [com.alibaba.nacos.naming.failover.0] [none] DEBUG com.alibaba.nacos.client.naming - failover switch is not found, 00-00---000-VIPSRV_FAILOVER_SWITCH-000---00-00
2026-05-18 15:57:49.717 [com.alibaba.nacos.naming.failover.0] [none] DEBUG com.alibaba.nacos.client.naming - failover switch is not found, 00-00---000-VIPSRV_FAILOVER_SWITCH-000---00-00
2026-05-18 15:57:54.731 [com.alibaba.nacos.naming.failover.0] [none] DEBUG com.alibaba.nacos.client.naming - failover switch is not found, 00-00---000-VIPSRV_FAILOVER_SWITCH-000---00-00
2026-05-18 15:57:59.732 [com.alibaba.nacos.naming.failover.0] [none] DEBUG com.alibaba.nacos.client.naming - failover switch is not found, 00-00---000-VIPSRV_FAILOVER_SWITCH-000---00-00
2026-05-18 15:58:04.739 [com.alibaba.nacos.naming.failover.0] [none] DEBUG com.alibaba.nacos.client.naming - failover switch is not found, 00-00---000-VIPSRV_FAILOVER_SWITCH-000---00-00
2026-05-18 15:58:09.749 [com.alibaba.nacos.naming.failover.0] [none] DEBUG com.alibaba.nacos.client.naming - failover switch is not found, 00-00---000-VIPSRV_FAILOVER_SWITCH-000---00-00
2026-05-18 15:58:14.763 [com.alibaba.nacos.naming.failover.0] [none] DEBUG com.alibaba.nacos.client.naming - failover switch is not found, 00-00---000-VIPSRV_FAILOVER_SWITCH-000---00-00
2026-05-18 15:58:19.773 [com.alibaba.nacos.naming.failover.0] [none] DEBUG com.alibaba.nacos.client.naming - failover switch is not found, 00-00---000-VIPSRV_FAILOVER_SWITCH-000---00-00
2026-05-18 15:58:24.783 [com.alibaba.nacos.naming.failover.0] [none] DEBUG com.alibaba.nacos.client.naming - failover switch is not found, 00-00---000-VIPSRV_FAILOVER_SWITCH-000---00-00
2026-05-18 15:58:29.787 [com.alibaba.nacos.naming.failover.0] [none] DEBUG com.alibaba.nacos.client.naming - failover switch is not found, 00-00---000-VIPSRV_FAILOVER_SWITCH-000---00-00
2026-05-18 15:58:34.795 [com.alibaba.nacos.naming.failover.0] [none] DEBUG com.alibaba.nacos.client.naming - failover switch is not found, 00-00---000-VIPSRV_FAILOVER_SWITCH-000---00-00
2026-05-18 15:58:39.809 [com.alibaba.nacos.naming.failover.0] [none] DEBUG com.alibaba.nacos.client.naming - failover switch is not found, 00-00---000-VIPSRV_FAILOVER_SWITCH-000---00-00
2026-05-18 15:58:44.814 [com.alibaba.nacos.naming.failover.0] [none] DEBUG com.alibaba.nacos.client.naming - failover switch is not found, 00-00---000-VIPSRV_FAILOVER_SWITCH-000---00-00
2026-05-18 15:58:49.824 [com.alibaba.nacos.naming.failover.0] [none] DEBUG com.alibaba.nacos.client.naming - failover switch is not found, 00-00---000-VIPSRV_FAILOVER_SWITCH-000---00-00
2026-05-18 15:58:54.827 [com.alibaba.nacos.naming.failover.0] [none] DEBUG com.alibaba.nacos.client.naming - failover switch is not found, 00-00---000-VIPSRV_FAILOVER_SWITCH-000---00-00
2026-05-18 15:58:59.832 [com.alibaba.nacos.naming.failover.0] [none] DEBUG com.alibaba.nacos.client.naming - failover switch is not found, 00-00---000-VIPSRV_FAILOVER_SWITCH-000---00-00
2026-05-18 15:59:04.842 [com.alibaba.nacos.naming.failover.0] [none] DEBUG com.alibaba.nacos.client.naming - failover switch is not found, 00-00---000-VIPSRV_FAILOVER_SWITCH-000---00-00
2026-05-18 15:59:09.857 [com.alibaba.nacos.naming.failover.0] [none] DEBUG com.alibaba.nacos.client.naming - failover switch is not found, 00-00---000-VIPSRV_FAILOVER_SWITCH-000---00-00
2026-05-18 15:59:14.865 [com.alibaba.nacos.naming.failover.0] [none] DEBUG com.alibaba.nacos.client.naming - failover switch is not found, 00-00---000-VIPSRV_FAILOVER_SWITCH-000---00-00
2026-05-18 15:59:19.875 [com.alibaba.nacos.naming.failover.0] [none] DEBUG com.alibaba.nacos.client.naming - failover switch is not found, 00-00---000-VIPSRV_FAILOVER_SWITCH-000---00-00
2026-05-18 15:59:24.889 [com.alibaba.nacos.naming.failover.0] [none] DEBUG com.alibaba.nacos.client.naming - failover switch is not found, 00-00---000-VIPSRV_FAILOVER_SWITCH-000---00-00
2026-05-18 15:59:29.894 [com.alibaba.nacos.naming.failover.0] [none] DEBUG com.alibaba.nacos.client.naming - failover switch is not found, 00-00---000-VIPSRV_FAILOVER_SWITCH-000---00-00
2026-05-18 15:59:34.904 [com.alibaba.nacos.naming.failover.0] [none] DEBUG com.alibaba.nacos.client.naming - failover switch is not found, 00-00---000-VIPSRV_FAILOVER_SWITCH-000---00-00
2026-05-18 15:59:39.919 [com.alibaba.nacos.naming.failover.0] [none] DEBUG com.alibaba.nacos.client.naming - failover switch is not found, 00-00---000-VIPSRV_FAILOVER_SWITCH-000---00-00
2026-05-18 15:59:44.921 [com.alibaba.nacos.naming.failover.0] [none] DEBUG com.alibaba.nacos.client.naming - failover switch is not found, 00-00---000-VIPSRV_FAILOVER_SWITCH-000---00-00
2026-05-18 15:59:49.932 [com.alibaba.nacos.naming.failover.0] [none] DEBUG com.alibaba.nacos.client.naming - failover switch is not found, 00-00---000-VIPSRV_FAILOVER_SWITCH-000---00-00
2026-05-18 15:59:54.934 [com.alibaba.nacos.naming.failover.0] [none] DEBUG com.alibaba.nacos.client.naming - failover switch is not found, 00-00---000-VIPSRV_FAILOVER_SWITCH-000---00-00
2026-05-18 15:59:59.937 [com.alibaba.nacos.naming.failover.0] [none] DEBUG com.alibaba.nacos.client.naming - failover switch is not found, 00-00---000-VIPSRV_FAILOVER_SWITCH-000---00-00
2026-05-18 16:00:04.939 [com.alibaba.nacos.naming.failover.0] [none] DEBUG com.alibaba.nacos.client.naming - failover switch is not found, 00-00---000-VIPSRV_FAILOVER_SWITCH-000---00-00
2026-05-18 16:00:09.943 [com.alibaba.nacos.naming.failover.0] [none] DEBUG com.alibaba.nacos.client.naming - failover switch is not found, 00-00---000-VIPSRV_FAILOVER_SWITCH-000---00-00
2026-05-18 16:00:14.959 [com.alibaba.nacos.naming.failover.0] [none] DEBUG com.alibaba.nacos.client.naming - failover switch is not found, 00-00---000-VIPSRV_FAILOVER_SWITCH-000---00-00
2026-05-18 16:00:19.972 [com.alibaba.nacos.naming.failover.0] [none] DEBUG com.alibaba.nacos.client.naming - failover switch is not found, 00-00---000-VIPSRV_FAILOVER_SWITCH-000---00-00
2026-05-18 16:00:24.982 [com.alibaba.nacos.naming.failover.0] [none] DEBUG com.alibaba.nacos.client.naming - failover switch is not found, 00-00---000-VIPSRV_FAILOVER_SWITCH-000---00-00
2026-05-18 16:00:29.990 [com.alibaba.nacos.naming.failover.0] [none] DEBUG com.alibaba.nacos.client.naming - failover switch is not found, 00-00---000-VIPSRV_FAILOVER_SWITCH-000---00-00
2026-05-18 16:00:34.994 [com.alibaba.nacos.naming.failover.0] [none] DEBUG com.alibaba.nacos.client.naming - failover switch is not found, 00-00---000-VIPSRV_FAILOVER_SWITCH-000---00-00
2026-05-18 16:00:39.996 [com.alibaba.nacos.naming.failover.0] [none] DEBUG com.alibaba.nacos.client.naming - failover switch is not found, 00-00---000-VIPSRV_FAILOVER_SWITCH-000---00-00
2026-05-18 16:00:45.006 [com.alibaba.nacos.naming.failover.0] [none] DEBUG com.alibaba.nacos.client.naming - failover switch is not found, 00-00---000-VIPSRV_FAILOVER_SWITCH-000---00-00
2026-05-18 16:00:50.018 [com.alibaba.nacos.naming.failover.0] [none] DEBUG com.alibaba.nacos.client.naming - failover switch is not found, 00-00---000-VIPSRV_FAILOVER_SWITCH-000---00-00
2026-05-18 16:00:55.031 [com.alibaba.nacos.naming.failover.0] [none] DEBUG com.alibaba.nacos.client.naming - failover switch is not found, 00-00---000-VIPSRV_FAILOVER_SWITCH-000---00-00
2026-05-18 16:01:00.040 [com.alibaba.nacos.naming.failover.0] [none] DEBUG com.alibaba.nacos.client.naming - failover switch is not found, 00-00---000-VIPSRV_FAILOVER_SWITCH-000---00-00
2026-05-18 16:01:05.052 [com.alibaba.nacos.naming.failover.0] [none] DEBUG com.alibaba.nacos.client.naming - failover switch is not found, 00-00---000-VIPSRV_FAILOVER_SWITCH-000---00-00
2026-05-18 16:01:10.062 [com.alibaba.nacos.naming.failover.0] [none] DEBUG com.alibaba.nacos.client.naming - failover switch is not found, 00-00---000-VIPSRV_FAILOVER_SWITCH-000---00-00
2026-05-18 16:01:15.069 [com.alibaba.nacos.naming.failover.0] [none] DEBUG com.alibaba.nacos.client.naming - failover switch is not found, 00-00---000-VIPSRV_FAILOVER_SWITCH-000---00-00
2026-05-18 16:01:20.080 [com.alibaba.nacos.naming.failover.0] [none] DEBUG com.alibaba.nacos.client.naming - failover switch is not found, 00-00---000-VIPSRV_FAILOVER_SWITCH-000---00-00
2026-05-18 16:01:25.083 [com.alibaba.nacos.naming.failover.0] [none] DEBUG com.alibaba.nacos.client.naming - failover switch is not found, 00-00---000-VIPSRV_FAILOVER_SWITCH-000---00-00
2026-05-18 16:01:30.088 [com.alibaba.nacos.naming.failover.0] [none] DEBUG com.alibaba.nacos.client.naming - failover switch is not found, 00-00---000-VIPSRV_FAILOVER_SWITCH-000---00-00
2026-05-18 16:01:35.098 [com.alibaba.nacos.naming.failover.0] [none] DEBUG com.alibaba.nacos.client.naming - failover switch is not found, 00-00---000-VIPSRV_FAILOVER_SWITCH-000---00-00
2026-05-18 16:01:40.109 [com.alibaba.nacos.naming.failover.0] [none] DEBUG com.alibaba.nacos.client.naming - failover switch is not found, 00-00---000-VIPSRV_FAILOVER_SWITCH-000---00-00
2026-05-18 16:01:45.123 [com.alibaba.nacos.naming.failover.0] [none] DEBUG com.alibaba.nacos.client.naming - failover switch is not found, 00-00---000-VIPSRV_FAILOVER_SWITCH-000---00-00
2026-05-18 16:01:50.123 [com.alibaba.nacos.naming.failover.0] [none] DEBUG com.alibaba.nacos.client.naming - failover switch is not found, 00-00---000-VIPSRV_FAILOVER_SWITCH-000---00-00
2026-05-18 16:01:55.128 [com.alibaba.nacos.naming.failover.0] [none] DEBUG com.alibaba.nacos.client.naming - failover switch is not found, 00-00---000-VIPSRV_FAILOVER_SWITCH-000---00-00
2026-05-18 16:02:00.134 [com.alibaba.nacos.naming.failover.0] [none] DEBUG com.alibaba.nacos.client.naming - failover switch is not found, 00-00---000-VIPSRV_FAILOVER_SWITCH-000---00-00
2026-05-18 16:02:05.144 [com.alibaba.nacos.naming.failover.0] [none] DEBUG com.alibaba.nacos.client.naming - failover switch is not found, 00-00---000-VIPSRV_FAILOVER_SWITCH-000---00-00
2026-05-18 16:02:10.158 [com.alibaba.nacos.naming.failover.0] [none] DEBUG com.alibaba.nacos.client.naming - failover switch is not found, 00-00---000-VIPSRV_FAILOVER_SWITCH-000---00-00
2026-05-18 16:02:15.162 [com.alibaba.nacos.naming.failover.0] [none] DEBUG com.alibaba.nacos.client.naming - failover switch is not found, 00-00---000-VIPSRV_FAILOVER_SWITCH-000---00-00
2026-05-18 16:02:20.168 [com.alibaba.nacos.naming.failover.0] [none] DEBUG com.alibaba.nacos.client.naming - failover switch is not found, 00-00---000-VIPSRV_FAILOVER_SWITCH-000---00-00
2026-05-18 16:02:25.178 [com.alibaba.nacos.naming.failover.0] [none] DEBUG com.alibaba.nacos.client.naming - failover switch is not found, 00-00---000-VIPSRV_FAILOVER_SWITCH-000---00-00
2026-05-18 16:02:30.191 [com.alibaba.nacos.naming.failover.0] [none] DEBUG com.alibaba.nacos.client.naming - failover switch is not found, 00-00---000-VIPSRV_FAILOVER_SWITCH-000---00-00
2026-05-18 16:02:35.202 [com.alibaba.nacos.naming.failover.0] [none] DEBUG com.alibaba.nacos.client.naming - failover switch is not found, 00-00---000-VIPSRV_FAILOVER_SWITCH-000---00-00
2026-05-18 16:02:40.213 [com.alibaba.nacos.naming.failover.0] [none] DEBUG com.alibaba.nacos.client.naming - failover switch is not found, 00-00---000-VIPSRV_FAILOVER_SWITCH-000---00-00
2026-05-18 16:02:45.229 [com.alibaba.nacos.naming.failover.0] [none] DEBUG com.alibaba.nacos.client.naming - failover switch is not found, 00-00---000-VIPSRV_FAILOVER_SWITCH-000---00-00
2026-05-18 16:02:50.237 [com.alibaba.nacos.naming.failover.0] [none] DEBUG com.alibaba.nacos.client.naming - failover switch is not found, 00-00---000-VIPSRV_FAILOVER_SWITCH-000---00-00
2026-05-18 16:02:55.241 [com.alibaba.nacos.naming.failover.0] [none] DEBUG com.alibaba.nacos.client.naming - failover switch is not found, 00-00---000-VIPSRV_FAILOVER_SWITCH-000---00-00
2026-05-18 16:03:00.248 [com.alibaba.nacos.naming.failover.0] [none] DEBUG com.alibaba.nacos.client.naming - failover switch is not found, 00-00---000-VIPSRV_FAILOVER_SWITCH-000---00-00
2026-05-18 16:03:05.253 [com.alibaba.nacos.naming.failover.0] [none] DEBUG com.alibaba.nacos.client.naming - failover switch is not found, 00-00---000-VIPSRV_FAILOVER_SWITCH-000---00-00
2026-05-18 16:03:10.256 [com.alibaba.nacos.naming.failover.0] [none] DEBUG com.alibaba.nacos.client.naming - failover switch is not found, 00-00---000-VIPSRV_FAILOVER_SWITCH-000---00-00
2026-05-18 16:03:15.266 [com.alibaba.nacos.naming.failover.0] [none] DEBUG com.alibaba.nacos.client.naming - failover switch is not found, 00-00---000-VIPSRV_FAILOVER_SWITCH-000---00-00
2026-05-18 16:03:20.279 [com.alibaba.nacos.naming.failover.0] [none] DEBUG com.alibaba.nacos.client.naming - failover switch is not found, 00-00---000-VIPSRV_FAILOVER_SWITCH-000---00-00
2026-05-18 16:03:25.284 [com.alibaba.nacos.naming.failover.0] [none] DEBUG com.alibaba.nacos.client.naming - failover switch is not found, 00-00---000-VIPSRV_FAILOVER_SWITCH-000---00-00
2026-05-18 16:03:30.302 [com.alibaba.nacos.naming.failover.0] [none] DEBUG com.alibaba.nacos.client.naming - failover switch is not found, 00-00---000-VIPSRV_FAILOVER_SWITCH-000---00-00
2026-05-18 16:03:35.317 [com.alibaba.nacos.naming.failover.0] [none] DEBUG com.alibaba.nacos.client.naming - failover switch is not found, 00-00---000-VIPSRV_FAILOVER_SWITCH-000---00-00
2026-05-18 16:03:40.327 [com.alibaba.nacos.naming.failover.0] [none] DEBUG com.alibaba.nacos.client.naming - failover switch is not found, 00-00---000-VIPSRV_FAILOVER_SWITCH-000---00-00
2026-05-18 16:03:45.332 [com.alibaba.nacos.naming.failover.0] [none] DEBUG com.alibaba.nacos.client.naming - failover switch is not found, 00-00---000-VIPSRV_FAILOVER_SWITCH-000---00-00
2026-05-18 16:03:50.346 [com.alibaba.nacos.naming.failover.0] [none] DEBUG com.alibaba.nacos.client.naming - failover switch is not found, 00-00---000-VIPSRV_FAILOVER_SWITCH-000---00-00
2026-05-18 16:03:55.349 [com.alibaba.nacos.naming.failover.0] [none] DEBUG com.alibaba.nacos.client.naming - failover switch is not found, 00-00---000-VIPSRV_FAILOVER_SWITCH-000---00-00
2026-05-18 16:04:00.355 [com.alibaba.nacos.naming.failover.0] [none] DEBUG com.alibaba.nacos.client.naming - failover switch is not found, 00-00---000-VIPSRV_FAILOVER_SWITCH-000---00-00
2026-05-18 16:04:05.364 [com.alibaba.nacos.naming.failover.0] [none] DEBUG com.alibaba.nacos.client.naming - failover switch is not found, 00-00---000-VIPSRV_FAILOVER_SWITCH-000---00-00
2026-05-18 16:04:10.378 [com.alibaba.nacos.naming.failover.0] [none] DEBUG com.alibaba.nacos.client.naming - failover switch is not found, 00-00---000-VIPSRV_FAILOVER_SWITCH-000---00-00
2026-05-18 16:04:15.382 [com.alibaba.nacos.naming.failover.0] [none] DEBUG com.alibaba.nacos.client.naming - failover switch is not found, 00-00---000-VIPSRV_FAILOVER_SWITCH-000---00-00
2026-05-18 16:04:20.392 [com.alibaba.nacos.naming.failover.0] [none] DEBUG com.alibaba.nacos.client.naming - failover switch is not found, 00-00---000-VIPSRV_FAILOVER_SWITCH-000---00-00
2026-05-18 16:04:25.406 [com.alibaba.nacos.naming.failover.0] [none] DEBUG com.alibaba.nacos.client.naming - failover switch is not found, 00-00---000-VIPSRV_FAILOVER_SWITCH-000---00-00
2026-05-18 16:04:30.420 [com.alibaba.nacos.naming.failover.0] [none] DEBUG com.alibaba.nacos.client.naming - failover switch is not found, 00-00---000-VIPSRV_FAILOVER_SWITCH-000---00-00
2026-05-18 16:04:35.429 [com.alibaba.nacos.naming.failover.0] [none] DEBUG com.alibaba.nacos.client.naming - failover switch is not found, 00-00---000-VIPSRV_FAILOVER_SWITCH-000---00-00
2026-05-18 16:04:40.438 [com.alibaba.nacos.naming.failover.0] [none] DEBUG com.alibaba.nacos.client.naming - failover switch is not found, 00-00---000-VIPSRV_FAILOVER_SWITCH-000---00-00
2026-05-18 16:04:45.449 [com.alibaba.nacos.naming.failover.0] [none] DEBUG com.alibaba.nacos.client.naming - failover switch is not found, 00-00---000-VIPSRV_FAILOVER_SWITCH-000---00-00
2026-05-18 16:04:50.458 [com.alibaba.nacos.naming.failover.0] [none] DEBUG com.alibaba.nacos.client.naming - failover switch is not found, 00-00---000-VIPSRV_FAILOVER_SWITCH-000---00-00
2026-05-18 16:04:55.459 [com.alibaba.nacos.naming.failover.0] [none] DEBUG com.alibaba.nacos.client.naming - failover switch is not found, 00-00---000-VIPSRV_FAILOVER_SWITCH-000---00-00
2026-05-18 16:05:00.474 [com.alibaba.nacos.naming.failover.0] [none] DEBUG com.alibaba.nacos.client.naming - failover switch is not found, 00-00---000-VIPSRV_FAILOVER_SWITCH-000---00-00
2026-05-18 16:05:05.475 [com.alibaba.nacos.naming.failover.0] [none] DEBUG com.alibaba.nacos.client.naming - failover switch is not found, 00-00---000-VIPSRV_FAILOVER_SWITCH-000---00-00
2026-05-18 16:05:10.477 [com.alibaba.nacos.naming.failover.0] [none] DEBUG com.alibaba.nacos.client.naming - failover switch is not found, 00-00---000-VIPSRV_FAILOVER_SWITCH-000---00-00
2026-05-18 16:05:15.481 [com.alibaba.nacos.naming.failover.0] [none] DEBUG com.alibaba.nacos.client.naming - failover switch is not found, 00-00---000-VIPSRV_FAILOVER_SWITCH-000---00-00
2026-05-18 16:05:20.483 [com.alibaba.nacos.naming.failover.0] [none] DEBUG com.alibaba.nacos.client.naming - failover switch is not found, 00-00---000-VIPSRV_FAILOVER_SWITCH-000---00-00
2026-05-18 16:05:25.490 [com.alibaba.nacos.naming.failover.0] [none] DEBUG com.alibaba.nacos.client.naming - failover switch is not found, 00-00---000-VIPSRV_FAILOVER_SWITCH-000---00-00
2026-05-18 16:05:30.498 [com.alibaba.nacos.naming.failover.0] [none] DEBUG com.alibaba.nacos.client.naming - failover switch is not found, 00-00---000-VIPSRV_FAILOVER_SWITCH-000---00-00
2026-05-18 16:05:35.504 [com.alibaba.nacos.naming.failover.0] [none] DEBUG com.alibaba.nacos.client.naming - failover switch is not found, 00-00---000-VIPSRV_FAILOVER_SWITCH-000---00-00
2026-05-18 16:05:40.505 [com.alibaba.nacos.naming.failover.0] [none] DEBUG com.alibaba.nacos.client.naming - failover switch is not found, 00-00---000-VIPSRV_FAILOVER_SWITCH-000---00-00
2026-05-18 16:05:45.511 [com.alibaba.nacos.naming.failover.0] [none] DEBUG com.alibaba.nacos.client.naming - failover switch is not found, 00-00---000-VIPSRV_FAILOVER_SWITCH-000---00-00
2026-05-18 16:05:50.525 [com.alibaba.nacos.naming.failover.0] [none] DEBUG com.alibaba.nacos.client.naming - failover switch is not found, 00-00---000-VIPSRV_FAILOVER_SWITCH-000---00-00
2026-05-18 16:05:55.534 [com.alibaba.nacos.naming.failover.0] [none] DEBUG com.alibaba.nacos.client.naming - failover switch is not found, 00-00---000-VIPSRV_FAILOVER_SWITCH-000---00-00
2026-05-18 16:06:00.537 [com.alibaba.nacos.naming.failover.0] [none] DEBUG com.alibaba.nacos.client.naming - failover switch is not found, 00-00---000-VIPSRV_FAILOVER_SWITCH-000---00-00
2026-05-18 16:06:05.549 [com.alibaba.nacos.naming.failover.0] [none] DEBUG com.alibaba.nacos.client.naming - failover switch is not found, 00-00---000-VIPSRV_FAILOVER_SWITCH-000---00-00
2026-05-18 16:06:10.563 [com.alibaba.nacos.naming.failover.0] [none] DEBUG com.alibaba.nacos.client.naming - failover switch is not found, 00-00---000-VIPSRV_FAILOVER_SWITCH-000---00-00
2026-05-18 16:06:15.577 [com.alibaba.nacos.naming.failover.0] [none] DEBUG com.alibaba.nacos.client.naming - failover switch is not found, 00-00---000-VIPSRV_FAILOVER_SWITCH-000---00-00
2026-05-18 16:06:20.589 [com.alibaba.nacos.naming.failover.0] [none] DEBUG com.alibaba.nacos.client.naming - failover switch is not found, 00-00---000-VIPSRV_FAILOVER_SWITCH-000---00-00
2026-05-18 16:06:25.596 [com.alibaba.nacos.naming.failover.0] [none] DEBUG com.alibaba.nacos.client.naming - failover switch is not found, 00-00---000-VIPSRV_FAILOVER_SWITCH-000---00-00
2026-05-18 16:06:30.606 [com.alibaba.nacos.naming.failover.0] [none] DEBUG com.alibaba.nacos.client.naming - failover switch is not found, 00-00---000-VIPSRV_FAILOVER_SWITCH-000---00-00
2026-05-18 16:06:35.615 [com.alibaba.nacos.naming.failover.0] [none] DEBUG com.alibaba.nacos.client.naming - failover switch is not found, 00-00---000-VIPSRV_FAILOVER_SWITCH-000---00-00
2026-05-18 16:06:40.629 [com.alibaba.nacos.naming.failover.0] [none] DEBUG com.alibaba.nacos.client.naming - failover switch is not found, 00-00---000-VIPSRV_FAILOVER_SWITCH-000---00-00
2026-05-18 16:06:45.635 [com.alibaba.nacos.naming.failover.0] [none] DEBUG com.alibaba.nacos.client.naming - failover switch is not found, 00-00---000-VIPSRV_FAILOVER_SWITCH-000---00-00
2026-05-18 16:06:50.643 [com.alibaba.nacos.naming.failover.0] [none] DEBUG com.alibaba.nacos.client.naming - failover switch is not found, 00-00---000-VIPSRV_FAILOVER_SWITCH-000---00-00
2026-05-18 16:06:55.649 [com.alibaba.nacos.naming.failover.0] [none] DEBUG com.alibaba.nacos.client.naming - failover switch is not found, 00-00---000-VIPSRV_FAILOVER_SWITCH-000---00-00
2026-05-18 16:07:00.654 [com.alibaba.nacos.naming.failover.0] [none] DEBUG com.alibaba.nacos.client.naming - failover switch is not found, 00-00---000-VIPSRV_FAILOVER_SWITCH-000---00-00
2026-05-18 16:07:05.662 [com.alibaba.nacos.naming.failover.0] [none] DEBUG com.alibaba.nacos.client.naming - failover switch is not found, 00-00---000-VIPSRV_FAILOVER_SWITCH-000---00-00
2026-05-18 16:07:10.676 [com.alibaba.nacos.naming.failover.0] [none] DEBUG com.alibaba.nacos.client.naming - failover switch is not found, 00-00---000-VIPSRV_FAILOVER_SWITCH-000---00-00
2026-05-18 16:07:15.689 [com.alibaba.nacos.naming.failover.0] [none] DEBUG com.alibaba.nacos.client.naming - failover switch is not found, 00-00---000-VIPSRV_FAILOVER_SWITCH-000---00-00
2026-05-18 16:07:20.700 [com.alibaba.nacos.naming.failover.0] [none] DEBUG com.alibaba.nacos.client.naming - failover switch is not found, 00-00---000-VIPSRV_FAILOVER_SWITCH-000---00-00
2026-05-18 16:07:25.704 [com.alibaba.nacos.naming.failover.0] [none] DEBUG com.alibaba.nacos.client.naming - failover switch is not found, 00-00---000-VIPSRV_FAILOVER_SWITCH-000---00-00
2026-05-18 16:07:30.713 [com.alibaba.nacos.naming.failover.0] [none] DEBUG com.alibaba.nacos.client.naming - failover switch is not found, 00-00---000-VIPSRV_FAILOVER_SWITCH-000---00-00
2026-05-18 16:07:35.721 [com.alibaba.nacos.naming.failover.0] [none] DEBUG com.alibaba.nacos.client.naming - failover switch is not found, 00-00---000-VIPSRV_FAILOVER_SWITCH-000---00-00
2026-05-18 16:07:40.727 [com.alibaba.nacos.naming.failover.0] [none] DEBUG com.alibaba.nacos.client.naming - failover switch is not found, 00-00---000-VIPSRV_FAILOVER_SWITCH-000---00-00
2026-05-18 16:07:45.728 [com.alibaba.nacos.naming.failover.0] [none] DEBUG com.alibaba.nacos.client.naming - failover switch is not found, 00-00---000-VIPSRV_FAILOVER_SWITCH-000---00-00
2026-05-18 16:07:50.735 [com.alibaba.nacos.naming.failover.0] [none] DEBUG com.alibaba.nacos.client.naming - failover switch is not found, 00-00---000-VIPSRV_FAILOVER_SWITCH-000---00-00
2026-05-18 16:07:55.750 [com.alibaba.nacos.naming.failover.0] [none] DEBUG com.alibaba.nacos.client.naming - failover switch is not found, 00-00---000-VIPSRV_FAILOVER_SWITCH-000---00-00
2026-05-18 16:08:00.759 [com.alibaba.nacos.naming.failover.0] [none] DEBUG com.alibaba.nacos.client.naming - failover switch is not found, 00-00---000-VIPSRV_FAILOVER_SWITCH-000---00-00
2026-05-18 16:08:05.760 [com.alibaba.nacos.naming.failover.0] [none] DEBUG com.alibaba.nacos.client.naming - failover switch is not found, 00-00---000-VIPSRV_FAILOVER_SWITCH-000---00-00
2026-05-18 16:08:10.763 [com.alibaba.nacos.naming.failover.0] [none] DEBUG com.alibaba.nacos.client.naming - failover switch is not found, 00-00---000-VIPSRV_FAILOVER_SWITCH-000---00-00
2026-05-18 16:08:15.767 [com.alibaba.nacos.naming.failover.0] [none] DEBUG com.alibaba.nacos.client.naming - failover switch is not found, 00-00---000-VIPSRV_FAILOVER_SWITCH-000---00-00
2026-05-18 16:08:20.772 [com.alibaba.nacos.naming.failover.0] [none] DEBUG com.alibaba.nacos.client.naming - failover switch is not found, 00-00---000-VIPSRV_FAILOVER_SWITCH-000---00-00
2026-05-18 16:08:25.781 [com.alibaba.nacos.naming.failover.0] [none] DEBUG com.alibaba.nacos.client.naming - failover switch is not found, 00-00---000-VIPSRV_FAILOVER_SWITCH-000---00-00
2026-05-18 16:08:30.785 [com.alibaba.nacos.naming.failover.0] [none] DEBUG com.alibaba.nacos.client.naming - failover switch is not found, 00-00---000-VIPSRV_FAILOVER_SWITCH-000---00-00
2026-05-18 16:08:35.788 [com.alibaba.nacos.naming.failover.0] [none] DEBUG com.alibaba.nacos.client.naming - failover switch is not found, 00-00---000-VIPSRV_FAILOVER_SWITCH-000---00-00
2026-05-18 16:08:40.793 [com.alibaba.nacos.naming.failover.0] [none] DEBUG com.alibaba.nacos.client.naming - failover switch is not found, 00-00---000-VIPSRV_FAILOVER_SWITCH-000---00-00
2026-05-18 16:08:45.804 [com.alibaba.nacos.naming.failover.0] [none] DEBUG com.alibaba.nacos.client.naming - failover switch is not found, 00-00---000-VIPSRV_FAILOVER_SWITCH-000---00-00
2026-05-18 16:08:50.813 [com.alibaba.nacos.naming.failover.0] [none] DEBUG com.alibaba.nacos.client.naming - failover switch is not found, 00-00---000-VIPSRV_FAILOVER_SWITCH-000---00-00
2026-05-18 16:08:55.822 [com.alibaba.nacos.naming.failover.0] [none] DEBUG com.alibaba.nacos.client.naming - failover switch is not found, 00-00---000-VIPSRV_FAILOVER_SWITCH-000---00-00
2026-05-18 16:09:00.830 [com.alibaba.nacos.naming.failover.0] [none] DEBUG com.alibaba.nacos.client.naming - failover switch is not found, 00-00---000-VIPSRV_FAILOVER_SWITCH-000---00-00
2026-05-18 16:09:05.831 [com.alibaba.nacos.naming.failover.0] [none] DEBUG com.alibaba.nacos.client.naming - failover switch is not found, 00-00---000-VIPSRV_FAILOVER_SWITCH-000---00-00
2026-05-18 16:09:10.841 [com.alibaba.nacos.naming.failover.0] [none] DEBUG com.alibaba.nacos.client.naming - failover switch is not found, 00-00---000-VIPSRV_FAILOVER_SWITCH-000---00-00
2026-05-18 16:09:15.855 [com.alibaba.nacos.naming.failover.0] [none] DEBUG com.alibaba.nacos.client.naming - failover switch is not found, 00-00---000-VIPSRV_FAILOVER_SWITCH-000---00-00
2026-05-18 16:09:20.864 [com.alibaba.nacos.naming.failover.0] [none] DEBUG com.alibaba.nacos.client.naming - failover switch is not found, 00-00---000-VIPSRV_FAILOVER_SWITCH-000---00-00
2026-05-18 16:09:25.878 [com.alibaba.nacos.naming.failover.0] [none] DEBUG com.alibaba.nacos.client.naming - failover switch is not found, 00-00---000-VIPSRV_FAILOVER_SWITCH-000---00-00
2026-05-18 16:09:30.883 [com.alibaba.nacos.naming.failover.0] [none] DEBUG com.alibaba.nacos.client.naming - failover switch is not found, 00-00---000-VIPSRV_FAILOVER_SWITCH-000---00-00
2026-05-18 16:09:35.889 [com.alibaba.nacos.naming.failover.0] [none] DEBUG com.alibaba.nacos.client.naming - failover switch is not found, 00-00---000-VIPSRV_FAILOVER_SWITCH-000---00-00
2026-05-18 16:09:40.896 [com.alibaba.nacos.naming.failover.0] [none] DEBUG com.alibaba.nacos.client.naming - failover switch is not found, 00-00---000-VIPSRV_FAILOVER_SWITCH-000---00-00
2026-05-18 16:09:45.906 [com.alibaba.nacos.naming.failover.0] [none] DEBUG com.alibaba.nacos.client.naming - failover switch is not found, 00-00---000-VIPSRV_FAILOVER_SWITCH-000---00-00
2026-05-18 16:09:50.908 [com.alibaba.nacos.naming.failover.0] [none] DEBUG com.alibaba.nacos.client.naming - failover switch is not found, 00-00---000-VIPSRV_FAILOVER_SWITCH-000---00-00
2026-05-18 16:09:55.920 [com.alibaba.nacos.naming.failover.0] [none] DEBUG com.alibaba.nacos.client.naming - failover switch is not found, 00-00---000-VIPSRV_FAILOVER_SWITCH-000---00-00
2026-05-18 16:10:00.930 [com.alibaba.nacos.naming.failover.0] [none] DEBUG com.alibaba.nacos.client.naming - failover switch is not found, 00-00---000-VIPSRV_FAILOVER_SWITCH-000---00-00
2026-05-18 16:10:05.944 [com.alibaba.nacos.naming.failover.0] [none] DEBUG com.alibaba.nacos.client.naming - failover switch is not found, 00-00---000-VIPSRV_FAILOVER_SWITCH-000---00-00
2026-05-18 16:10:10.960 [com.alibaba.nacos.naming.failover.0] [none] DEBUG com.alibaba.nacos.client.naming - failover switch is not found, 00-00---000-VIPSRV_FAILOVER_SWITCH-000---00-00
2026-05-18 16:10:15.972 [com.alibaba.nacos.naming.failover.0] [none] DEBUG com.alibaba.nacos.client.naming - failover switch is not found, 00-00---000-VIPSRV_FAILOVER_SWITCH-000---00-00
2026-05-18 16:10:20.981 [com.alibaba.nacos.naming.failover.0] [none] DEBUG com.alibaba.nacos.client.naming - failover switch is not found, 00-00---000-VIPSRV_FAILOVER_SWITCH-000---00-00
2026-05-18 16:10:25.986 [com.alibaba.nacos.naming.failover.0] [none] DEBUG com.alibaba.nacos.client.naming - failover switch is not found, 00-00---000-VIPSRV_FAILOVER_SWITCH-000---00-00
2026-05-18 16:10:30.989 [com.alibaba.nacos.naming.failover.0] [none] DEBUG com.alibaba.nacos.client.naming - failover switch is not found, 00-00---000-VIPSRV_FAILOVER_SWITCH-000---00-00
2026-05-18 16:10:35.994 [com.alibaba.nacos.naming.failover.0] [none] DEBUG com.alibaba.nacos.client.naming - failover switch is not found, 00-00---000-VIPSRV_FAILOVER_SWITCH-000---00-00
2026-05-18 16:10:40.999 [com.alibaba.nacos.naming.failover.0] [none] DEBUG com.alibaba.nacos.client.naming - failover switch is not found, 00-00---000-VIPSRV_FAILOVER_SWITCH-000---00-00
2026-05-18 16:10:46.004 [com.alibaba.nacos.naming.failover.0] [none] DEBUG com.alibaba.nacos.client.naming - failover switch is not found, 00-00---000-VIPSRV_FAILOVER_SWITCH-000---00-00
2026-05-18 16:10:51.018 [com.alibaba.nacos.naming.failover.0] [none] DEBUG com.alibaba.nacos.client.naming - failover switch is not found, 00-00---000-VIPSRV_FAILOVER_SWITCH-000---00-00
2026-05-18 16:10:56.024 [com.alibaba.nacos.naming.failover.0] [none] DEBUG com.alibaba.nacos.client.naming - failover switch is not found, 00-00---000-VIPSRV_FAILOVER_SWITCH-000---00-00
2026-05-18 16:11:01.039 [com.alibaba.nacos.naming.failover.0] [none] DEBUG com.alibaba.nacos.client.naming - failover switch is not found, 00-00---000-VIPSRV_FAILOVER_SWITCH-000---00-00
2026-05-18 16:11:06.050 [com.alibaba.nacos.naming.failover.0] [none] DEBUG com.alibaba.nacos.client.naming - failover switch is not found, 00-00---000-VIPSRV_FAILOVER_SWITCH-000---00-00
2026-05-18 16:11:11.072 [com.alibaba.nacos.naming.failover.0] [none] DEBUG com.alibaba.nacos.client.naming - failover switch is not found, 00-00---000-VIPSRV_FAILOVER_SWITCH-000---00-00
2026-05-18 16:11:16.081 [com.alibaba.nacos.naming.failover.0] [none] DEBUG com.alibaba.nacos.client.naming - failover switch is not found, 00-00---000-VIPSRV_FAILOVER_SWITCH-000---00-00
2026-05-18 16:11:21.091 [com.alibaba.nacos.naming.failover.0] [none] DEBUG com.alibaba.nacos.client.naming - failover switch is not found, 00-00---000-VIPSRV_FAILOVER_SWITCH-000---00-00
2026-05-18 16:11:26.100 [com.alibaba.nacos.naming.failover.0] [none] DEBUG com.alibaba.nacos.client.naming - failover switch is not found, 00-00---000-VIPSRV_FAILOVER_SWITCH-000---00-00
2026-05-18 16:11:31.104 [com.alibaba.nacos.naming.failover.0] [none] DEBUG com.alibaba.nacos.client.naming - failover switch is not found, 00-00---000-VIPSRV_FAILOVER_SWITCH-000---00-00
2026-05-18 16:11:36.118 [com.alibaba.nacos.naming.failover.0] [none] DEBUG com.alibaba.nacos.client.naming - failover switch is not found, 00-00---000-VIPSRV_FAILOVER_SWITCH-000---00-00
2026-05-18 16:11:41.122 [com.alibaba.nacos.naming.failover.0] [none] DEBUG com.alibaba.nacos.client.naming - failover switch is not found, 00-00---000-VIPSRV_FAILOVER_SWITCH-000---00-00
2026-05-18 16:11:46.131 [com.alibaba.nacos.naming.failover.0] [none] DEBUG com.alibaba.nacos.client.naming - failover switch is not found, 00-00---000-VIPSRV_FAILOVER_SWITCH-000---00-00
2026-05-18 16:11:51.144 [com.alibaba.nacos.naming.failover.0] [none] DEBUG com.alibaba.nacos.client.naming - failover switch is not found, 00-00---000-VIPSRV_FAILOVER_SWITCH-000---00-00
2026-05-18 16:11:56.155 [com.alibaba.nacos.naming.failover.0] [none] DEBUG com.alibaba.nacos.client.naming - failover switch is not found, 00-00---000-VIPSRV_FAILOVER_SWITCH-000---00-00
2026-05-18 16:12:01.168 [com.alibaba.nacos.naming.failover.0] [none] DEBUG com.alibaba.nacos.client.naming - failover switch is not found, 00-00---000-VIPSRV_FAILOVER_SWITCH-000---00-00
2026-05-18 16:12:06.183 [com.alibaba.nacos.naming.failover.0] [none] DEBUG com.alibaba.nacos.client.naming - failover switch is not found, 00-00---000-VIPSRV_FAILOVER_SWITCH-000---00-00
2026-05-18 16:12:11.186 [com.alibaba.nacos.naming.failover.0] [none] DEBUG com.alibaba.nacos.client.naming - failover switch is not found, 00-00---000-VIPSRV_FAILOVER_SWITCH-000---00-00
2026-05-18 16:12:16.188 [com.alibaba.nacos.naming.failover.0] [none] DEBUG com.alibaba.nacos.client.naming - failover switch is not found, 00-00---000-VIPSRV_FAILOVER_SWITCH-000---00-00
2026-05-18 16:12:21.200 [com.alibaba.nacos.naming.failover.0] [none] DEBUG com.alibaba.nacos.client.naming - failover switch is not found, 00-00---000-VIPSRV_FAILOVER_SWITCH-000---00-00
2026-05-18 16:12:26.202 [com.alibaba.nacos.naming.failover.0] [none] DEBUG com.alibaba.nacos.client.naming - failover switch is not found, 00-00---000-VIPSRV_FAILOVER_SWITCH-000---00-00
2026-05-18 16:12:31.204 [com.alibaba.nacos.naming.failover.0] [none] DEBUG com.alibaba.nacos.client.naming - failover switch is not found, 00-00---000-VIPSRV_FAILOVER_SWITCH-000---00-00
2026-05-18 16:12:36.211 [com.alibaba.nacos.naming.failover.0] [none] DEBUG com.alibaba.nacos.client.naming - failover switch is not found, 00-00---000-VIPSRV_FAILOVER_SWITCH-000---00-00
2026-05-18 16:12:41.212 [com.alibaba.nacos.naming.failover.0] [none] DEBUG com.alibaba.nacos.client.naming - failover switch is not found, 00-00---000-VIPSRV_FAILOVER_SWITCH-000---00-00
2026-05-18 16:12:46.213 [com.alibaba.nacos.naming.failover.0] [none] DEBUG com.alibaba.nacos.client.naming - failover switch is not found, 00-00---000-VIPSRV_FAILOVER_SWITCH-000---00-00
2026-05-18 16:12:51.217 [com.alibaba.nacos.naming.failover.0] [none] DEBUG com.alibaba.nacos.client.naming - failover switch is not found, 00-00---000-VIPSRV_FAILOVER_SWITCH-000---00-00
2026-05-18 16:12:56.218 [com.alibaba.nacos.naming.failover.0] [none] DEBUG com.alibaba.nacos.client.naming - failover switch is not found, 00-00---000-VIPSRV_FAILOVER_SWITCH-000---00-00
2026-05-18 16:13:01.219 [com.alibaba.nacos.naming.failover.0] [none] DEBUG com.alibaba.nacos.client.naming - failover switch is not found, 00-00---000-VIPSRV_FAILOVER_SWITCH-000---00-00
2026-05-18 16:13:06.220 [com.alibaba.nacos.naming.failover.0] [none] DEBUG com.alibaba.nacos.client.naming - failover switch is not found, 00-00---000-VIPSRV_FAILOVER_SWITCH-000---00-00
2026-05-18 16:13:11.221 [com.alibaba.nacos.naming.failover.0] [none] DEBUG com.alibaba.nacos.client.naming - failover switch is not found, 00-00---000-VIPSRV_FAILOVER_SWITCH-000---00-00
2026-05-18 16:13:16.225 [com.alibaba.nacos.naming.failover.0] [none] DEBUG com.alibaba.nacos.client.naming - failover switch is not found, 00-00---000-VIPSRV_FAILOVER_SWITCH-000---00-00
2026-05-18 16:13:21.227 [com.alibaba.nacos.naming.failover.0] [none] DEBUG com.alibaba.nacos.client.naming - failover switch is not found, 00-00---000-VIPSRV_FAILOVER_SWITCH-000---00-00
2026-05-18 16:13:26.228 [com.alibaba.nacos.naming.failover.0] [none] DEBUG com.alibaba.nacos.client.naming - failover switch is not found, 00-00---000-VIPSRV_FAILOVER_SWITCH-000---00-00
2026-05-18 16:13:31.229 [com.alibaba.nacos.naming.failover.0] [none] DEBUG com.alibaba.nacos.client.naming - failover switch is not found, 00-00---000-VIPSRV_FAILOVER_SWITCH-000---00-00
2026-05-18 16:13:36.230 [com.alibaba.nacos.naming.failover.0] [none] DEBUG com.alibaba.nacos.client.naming - failover switch is not found, 00-00---000-VIPSRV_FAILOVER_SWITCH-000---00-00
2026-05-18 16:13:41.231 [com.alibaba.nacos.naming.failover.0] [none] DEBUG com.alibaba.nacos.client.naming - failover switch is not found, 00-00---000-VIPSRV_FAILOVER_SWITCH-000---00-00
2026-05-18 16:13:46.231 [com.alibaba.nacos.naming.failover.0] [none] DEBUG com.alibaba.nacos.client.naming - failover switch is not found, 00-00---000-VIPSRV_FAILOVER_SWITCH-000---00-00
2026-05-18 16:13:51.233 [com.alibaba.nacos.naming.failover.0] [none] DEBUG com.alibaba.nacos.client.naming - failover switch is not found, 00-00---000-VIPSRV_FAILOVER_SWITCH-000---00-00
2026-05-18 16:13:56.234 [com.alibaba.nacos.naming.failover.0] [none] DEBUG com.alibaba.nacos.client.naming - failover switch is not found, 00-00---000-VIPSRV_FAILOVER_SWITCH-000---00-00
2026-05-18 16:14:01.234 [com.alibaba.nacos.naming.failover.0] [none] DEBUG com.alibaba.nacos.client.naming - failover switch is not found, 00-00---000-VIPSRV_FAILOVER_SWITCH-000---00-00
2026-05-18 16:14:06.235 [com.alibaba.nacos.naming.failover.0] [none] DEBUG com.alibaba.nacos.client.naming - failover switch is not found, 00-00---000-VIPSRV_FAILOVER_SWITCH-000---00-00
2026-05-18 16:14:11.236 [com.alibaba.nacos.naming.failover.0] [none] DEBUG com.alibaba.nacos.client.naming - failover switch is not found, 00-00---000-VIPSRV_FAILOVER_SWITCH-000---00-00
2026-05-18 16:14:16.237 [com.alibaba.nacos.naming.failover.0] [none] DEBUG com.alibaba.nacos.client.naming - failover switch is not found, 00-00---000-VIPSRV_FAILOVER_SWITCH-000---00-00
2026-05-18 16:14:21.238 [com.alibaba.nacos.naming.failover.0] [none] DEBUG com.alibaba.nacos.client.naming - failover switch is not found, 00-00---000-VIPSRV_FAILOVER_SWITCH-000---00-00
2026-05-18 16:14:26.240 [com.alibaba.nacos.naming.failover.0] [none] DEBUG com.alibaba.nacos.client.naming - failover switch is not found, 00-00---000-VIPSRV_FAILOVER_SWITCH-000---00-00
2026-05-18 16:14:31.241 [com.alibaba.nacos.naming.failover.0] [none] DEBUG com.alibaba.nacos.client.naming - failover switch is not found, 00-00---000-VIPSRV_FAILOVER_SWITCH-000---00-00
2026-05-18 16:14:36.243 [com.alibaba.nacos.naming.failover.0] [none] DEBUG com.alibaba.nacos.client.naming - failover switch is not found, 00-00---000-VIPSRV_FAILOVER_SWITCH-000---00-00
2026-05-18 16:14:41.243 [com.alibaba.nacos.naming.failover.0] [none] DEBUG com.alibaba.nacos.client.naming - failover switch is not found, 00-00---000-VIPSRV_FAILOVER_SWITCH-000---00-00
2026-05-18 16:14:46.243 [com.alibaba.nacos.naming.failover.0] [none] DEBUG com.alibaba.nacos.client.naming - failover switch is not found, 00-00---000-VIPSRV_FAILOVER_SWITCH-000---00-00
2026-05-18 16:14:51.245 [com.alibaba.nacos.naming.failover.0] [none] DEBUG com.alibaba.nacos.client.naming - failover switch is not found, 00-00---000-VIPSRV_FAILOVER_SWITCH-000---00-00
2026-05-18 16:14:56.245 [com.alibaba.nacos.naming.failover.0] [none] DEBUG com.alibaba.nacos.client.naming - failover switch is not found, 00-00---000-VIPSRV_FAILOVER_SWITCH-000---00-00
2026-05-18 16:15:01.246 [com.alibaba.nacos.naming.failover.0] [none] DEBUG com.alibaba.nacos.client.naming - failover switch is not found, 00-00---000-VIPSRV_FAILOVER_SWITCH-000---00-00
2026-05-18 16:15:06.247 [com.alibaba.nacos.naming.failover.0] [none] DEBUG com.alibaba.nacos.client.naming - failover switch is not found, 00-00---000-VIPSRV_FAILOVER_SWITCH-000---00-00
2026-05-18 16:15:11.247 [com.alibaba.nacos.naming.failover.0] [none] DEBUG com.alibaba.nacos.client.naming - failover switch is not found, 00-00---000-VIPSRV_FAILOVER_SWITCH-000---00-00
2026-05-18 16:15:16.247 [com.alibaba.nacos.naming.failover.0] [none] DEBUG com.alibaba.nacos.client.naming - failover switch is not found, 00-00---000-VIPSRV_FAILOVER_SWITCH-000---00-00
2026-05-18 16:15:21.248 [com.alibaba.nacos.naming.failover.0] [none] DEBUG com.alibaba.nacos.client.naming - failover switch is not found, 00-00---000-VIPSRV_FAILOVER_SWITCH-000---00-00
2026-05-18 16:15:26.249 [com.alibaba.nacos.naming.failover.0] [none] DEBUG com.alibaba.nacos.client.naming - failover switch is not found, 00-00---000-VIPSRV_FAILOVER_SWITCH-000---00-00
2026-05-18 16:15:31.249 [com.alibaba.nacos.naming.failover.0] [none] DEBUG com.alibaba.nacos.client.naming - failover switch is not found, 00-00---000-VIPSRV_FAILOVER_SWITCH-000---00-00
2026-05-18 16:15:36.251 [com.alibaba.nacos.naming.failover.0] [none] DEBUG com.alibaba.nacos.client.naming - failover switch is not found, 00-00---000-VIPSRV_FAILOVER_SWITCH-000---00-00
2026-05-18 16:15:41.252 [com.alibaba.nacos.naming.failover.0] [none] DEBUG com.alibaba.nacos.client.naming - failover switch is not found, 00-00---000-VIPSRV_FAILOVER_SWITCH-000---00-00
2026-05-18 16:15:46.253 [com.alibaba.nacos.naming.failover.0] [none] DEBUG com.alibaba.nacos.client.naming - failover switch is not found, 00-00---000-VIPSRV_FAILOVER_SWITCH-000---00-00
2026-05-18 16:15:51.254 [com.alibaba.nacos.naming.failover.0] [none] DEBUG com.alibaba.nacos.client.naming - failover switch is not found, 00-00---000-VIPSRV_FAILOVER_SWITCH-000---00-00
2026-05-18 16:15:56.254 [com.alibaba.nacos.naming.failover.0] [none] DEBUG com.alibaba.nacos.client.naming - failover switch is not found, 00-00---000-VIPSRV_FAILOVER_SWITCH-000---00-00
2026-05-18 16:16:01.256 [com.alibaba.nacos.naming.failover.0] [none] DEBUG com.alibaba.nacos.client.naming - failover switch is not found, 00-00---000-VIPSRV_FAILOVER_SWITCH-000---00-00
2026-05-18 16:16:06.257 [com.alibaba.nacos.naming.failover.0] [none] DEBUG com.alibaba.nacos.client.naming - failover switch is not found, 00-00---000-VIPSRV_FAILOVER_SWITCH-000---00-00
2026-05-18 16:16:11.257 [com.alibaba.nacos.naming.failover.0] [none] DEBUG com.alibaba.nacos.client.naming - failover switch is not found, 00-00---000-VIPSRV_FAILOVER_SWITCH-000---00-00
2026-05-18 16:16:16.258 [com.alibaba.nacos.naming.failover.0] [none] DEBUG com.alibaba.nacos.client.naming - failover switch is not found, 00-00---000-VIPSRV_FAILOVER_SWITCH-000---00-00
2026-05-18 16:16:21.260 [com.alibaba.nacos.naming.failover.0] [none] DEBUG com.alibaba.nacos.client.naming - failover switch is not found, 00-00---000-VIPSRV_FAILOVER_SWITCH-000---00-00
2026-05-18 16:16:26.262 [com.alibaba.nacos.naming.failover.0] [none] DEBUG com.alibaba.nacos.client.naming - failover switch is not found, 00-00---000-VIPSRV_FAILOVER_SWITCH-000---00-00
2026-05-18 16:16:31.263 [com.alibaba.nacos.naming.failover.0] [none] DEBUG com.alibaba.nacos.client.naming - failover switch is not found, 00-00---000-VIPSRV_FAILOVER_SWITCH-000---00-00
2026-05-18 16:16:36.263 [com.alibaba.nacos.naming.failover.0] [none] DEBUG com.alibaba.nacos.client.naming - failover switch is not found, 00-00---000-VIPSRV_FAILOVER_SWITCH-000---00-00
2026-05-18 16:16:41.264 [com.alibaba.nacos.naming.failover.0] [none] DEBUG com.alibaba.nacos.client.naming - failover switch is not found, 00-00---000-VIPSRV_FAILOVER_SWITCH-000---00-00
2026-05-18 16:16:46.278 [com.alibaba.nacos.naming.failover.0] [none] DEBUG com.alibaba.nacos.client.naming - failover switch is not found, 00-00---000-VIPSRV_FAILOVER_SWITCH-000---00-00
2026-05-18 16:16:51.288 [com.alibaba.nacos.naming.failover.0] [none] DEBUG com.alibaba.nacos.client.naming - failover switch is not found, 00-00---000-VIPSRV_FAILOVER_SWITCH-000---00-00
2026-05-18 16:16:56.293 [com.alibaba.nacos.naming.failover.0] [none] DEBUG com.alibaba.nacos.client.naming - failover switch is not found, 00-00---000-VIPSRV_FAILOVER_SWITCH-000---00-00
2026-05-18 16:17:01.307 [com.alibaba.nacos.naming.failover.0] [none] DEBUG com.alibaba.nacos.client.naming - failover switch is not found, 00-00---000-VIPSRV_FAILOVER_SWITCH-000---00-00
2026-05-18 16:17:06.317 [com.alibaba.nacos.naming.failover.0] [none] DEBUG com.alibaba.nacos.client.naming - failover switch is not found, 00-00---000-VIPSRV_FAILOVER_SWITCH-000---00-00
2026-05-18 16:17:11.332 [com.alibaba.nacos.naming.failover.0] [none] DEBUG com.alibaba.nacos.client.naming - failover switch is not found, 00-00---000-VIPSRV_FAILOVER_SWITCH-000---00-00
2026-05-18 16:17:16.338 [com.alibaba.nacos.naming.failover.0] [none] DEBUG com.alibaba.nacos.client.naming - failover switch is not found, 00-00---000-VIPSRV_FAILOVER_SWITCH-000---00-00
2026-05-18 16:17:21.340 [com.alibaba.nacos.naming.failover.0] [none] DEBUG com.alibaba.nacos.client.naming - failover switch is not found, 00-00---000-VIPSRV_FAILOVER_SWITCH-000---00-00
2026-05-18 16:17:26.351 [com.alibaba.nacos.naming.failover.0] [none] DEBUG com.alibaba.nacos.client.naming - failover switch is not found, 00-00---000-VIPSRV_FAILOVER_SWITCH-000---00-00
2026-05-18 16:17:31.356 [com.alibaba.nacos.naming.failover.0] [none] DEBUG com.alibaba.nacos.client.naming - failover switch is not found, 00-00---000-VIPSRV_FAILOVER_SWITCH-000---00-00
2026-05-18 16:17:36.367 [com.alibaba.nacos.naming.failover.0] [none] DEBUG com.alibaba.nacos.client.naming - failover switch is not found, 00-00---000-VIPSRV_FAILOVER_SWITCH-000---00-00
2026-05-18 16:17:41.371 [com.alibaba.nacos.naming.failover.0] [none] DEBUG com.alibaba.nacos.client.naming - failover switch is not found, 00-00---000-VIPSRV_FAILOVER_SWITCH-000---00-00
2026-05-18 16:17:46.378 [com.alibaba.nacos.naming.failover.0] [none] DEBUG com.alibaba.nacos.client.naming - failover switch is not found, 00-00---000-VIPSRV_FAILOVER_SWITCH-000---00-00
2026-05-18 16:17:51.379 [com.alibaba.nacos.naming.failover.0] [none] DEBUG com.alibaba.nacos.client.naming - failover switch is not found, 00-00---000-VIPSRV_FAILOVER_SWITCH-000---00-00
2026-05-18 16:17:56.380 [com.alibaba.nacos.naming.failover.0] [none] DEBUG com.alibaba.nacos.client.naming - failover switch is not found, 00-00---000-VIPSRV_FAILOVER_SWITCH-000---00-00
2026-05-18 16:18:01.408 [com.alibaba.nacos.naming.failover.0] [none] DEBUG com.alibaba.nacos.client.naming - failover switch is not found, 00-00---000-VIPSRV_FAILOVER_SWITCH-000---00-00
2026-05-18 16:18:06.409 [com.alibaba.nacos.naming.failover.0] [none] DEBUG com.alibaba.nacos.client.naming - failover switch is not found, 00-00---000-VIPSRV_FAILOVER_SWITCH-000---00-00
2026-05-18 16:18:11.423 [com.alibaba.nacos.naming.failover.0] [none] DEBUG com.alibaba.nacos.client.naming - failover switch is not found, 00-00---000-VIPSRV_FAILOVER_SWITCH-000---00-00
2026-05-18 16:18:16.425 [com.alibaba.nacos.naming.failover.0] [none] DEBUG com.alibaba.nacos.client.naming - failover switch is not found, 00-00---000-VIPSRV_FAILOVER_SWITCH-000---00-00
2026-05-18 16:18:21.426 [com.alibaba.nacos.naming.failover.0] [none] DEBUG com.alibaba.nacos.client.naming - failover switch is not found, 00-00---000-VIPSRV_FAILOVER_SWITCH-000---00-00
2026-05-18 16:18:26.426 [com.alibaba.nacos.naming.failover.0] [none] DEBUG com.alibaba.nacos.client.naming - failover switch is not found, 00-00---000-VIPSRV_FAILOVER_SWITCH-000---00-00
2026-05-18 16:18:31.428 [com.alibaba.nacos.naming.failover.0] [none] DEBUG com.alibaba.nacos.client.naming - failover switch is not found, 00-00---000-VIPSRV_FAILOVER_SWITCH-000---00-00
2026-05-18 16:18:36.428 [com.alibaba.nacos.naming.failover.0] [none] DEBUG com.alibaba.nacos.client.naming - failover switch is not found, 00-00---000-VIPSRV_FAILOVER_SWITCH-000---00-00
2026-05-18 16:18:41.429 [com.alibaba.nacos.naming.failover.0] [none] DEBUG com.alibaba.nacos.client.naming - failover switch is not found, 00-00---000-VIPSRV_FAILOVER_SWITCH-000---00-00
2026-05-18 16:18:46.430 [com.alibaba.nacos.naming.failover.0] [none] DEBUG com.alibaba.nacos.client.naming - failover switch is not found, 00-00---000-VIPSRV_FAILOVER_SWITCH-000---00-00
2026-05-18 16:18:51.431 [com.alibaba.nacos.naming.failover.0] [none] DEBUG com.alibaba.nacos.client.naming - failover switch is not found, 00-00---000-VIPSRV_FAILOVER_SWITCH-000---00-00
2026-05-18 16:18:56.431 [com.alibaba.nacos.naming.failover.0] [none] DEBUG com.alibaba.nacos.client.naming - failover switch is not found, 00-00---000-VIPSRV_FAILOVER_SWITCH-000---00-00
2026-05-18 16:19:01.432 [com.alibaba.nacos.naming.failover.0] [none] DEBUG com.alibaba.nacos.client.naming - failover switch is not found, 00-00---000-VIPSRV_FAILOVER_SWITCH-000---00-00
2026-05-18 16:19:06.433 [com.alibaba.nacos.naming.failover.0] [none] DEBUG com.alibaba.nacos.client.naming - failover switch is not found, 00-00---000-VIPSRV_FAILOVER_SWITCH-000---00-00
2026-05-18 16:19:11.435 [com.alibaba.nacos.naming.failover.0] [none] DEBUG com.alibaba.nacos.client.naming - failover switch is not found, 00-00---000-VIPSRV_FAILOVER_SWITCH-000---00-00
2026-05-18 16:19:16.436 [com.alibaba.nacos.naming.failover.0] [none] DEBUG com.alibaba.nacos.client.naming - failover switch is not found, 00-00---000-VIPSRV_FAILOVER_SWITCH-000---00-00
2026-05-18 16:19:21.437 [com.alibaba.nacos.naming.failover.0] [none] DEBUG com.alibaba.nacos.client.naming - failover switch is not found, 00-00---000-VIPSRV_FAILOVER_SWITCH-000---00-00
2026-05-18 16:19:26.438 [com.alibaba.nacos.naming.failover.0] [none] DEBUG com.alibaba.nacos.client.naming - failover switch is not found, 00-00---000-VIPSRV_FAILOVER_SWITCH-000---00-00
2026-05-18 16:19:31.439 [com.alibaba.nacos.naming.failover.0] [none] DEBUG com.alibaba.nacos.client.naming - failover switch is not found, 00-00---000-VIPSRV_FAILOVER_SWITCH-000---00-00
2026-05-18 16:19:36.440 [com.alibaba.nacos.naming.failover.0] [none] DEBUG com.alibaba.nacos.client.naming - failover switch is not found, 00-00---000-VIPSRV_FAILOVER_SWITCH-000---00-00
2026-05-18 16:19:41.440 [com.alibaba.nacos.naming.failover.0] [none] DEBUG com.alibaba.nacos.client.naming - failover switch is not found, 00-00---000-VIPSRV_FAILOVER_SWITCH-000---00-00
2026-05-18 16:19:46.442 [com.alibaba.nacos.naming.failover.0] [none] DEBUG com.alibaba.nacos.client.naming - failover switch is not found, 00-00---000-VIPSRV_FAILOVER_SWITCH-000---00-00
2026-05-18 16:19:51.442 [com.alibaba.nacos.naming.failover.0] [none] DEBUG com.alibaba.nacos.client.naming - failover switch is not found, 00-00---000-VIPSRV_FAILOVER_SWITCH-000---00-00
2026-05-18 16:19:56.443 [com.alibaba.nacos.naming.failover.0] [none] DEBUG com.alibaba.nacos.client.naming - failover switch is not found, 00-00---000-VIPSRV_FAILOVER_SWITCH-000---00-00
2026-05-18 16:20:01.444 [com.alibaba.nacos.naming.failover.0] [none] DEBUG com.alibaba.nacos.client.naming - failover switch is not found, 00-00---000-VIPSRV_FAILOVER_SWITCH-000---00-00
2026-05-18 16:20:06.445 [com.alibaba.nacos.naming.failover.0] [none] DEBUG com.alibaba.nacos.client.naming - failover switch is not found, 00-00---000-VIPSRV_FAILOVER_SWITCH-000---00-00
2026-05-18 16:20:11.446 [com.alibaba.nacos.naming.failover.0] [none] DEBUG com.alibaba.nacos.client.naming - failover switch is not found, 00-00---000-VIPSRV_FAILOVER_SWITCH-000---00-00
2026-05-18 16:20:16.447 [com.alibaba.nacos.naming.failover.0] [none] DEBUG com.alibaba.nacos.client.naming - failover switch is not found, 00-00---000-VIPSRV_FAILOVER_SWITCH-000---00-00
2026-05-18 16:20:21.449 [com.alibaba.nacos.naming.failover.0] [none] DEBUG com.alibaba.nacos.client.naming - failover switch is not found, 00-00---000-VIPSRV_FAILOVER_SWITCH-000---00-00
2026-05-18 16:20:26.449 [com.alibaba.nacos.naming.failover.0] [none] DEBUG com.alibaba.nacos.client.naming - failover switch is not found, 00-00---000-VIPSRV_FAILOVER_SWITCH-000---00-00
2026-05-18 16:20:31.450 [com.alibaba.nacos.naming.failover.0] [none] DEBUG com.alibaba.nacos.client.naming - failover switch is not found, 00-00---000-VIPSRV_FAILOVER_SWITCH-000---00-00
2026-05-18 16:20:36.451 [com.alibaba.nacos.naming.failover.0] [none] DEBUG com.alibaba.nacos.client.naming - failover switch is not found, 00-00---000-VIPSRV_FAILOVER_SWITCH-000---00-00
2026-05-18 16:20:41.452 [com.alibaba.nacos.naming.failover.0] [none] DEBUG com.alibaba.nacos.client.naming - failover switch is not found, 00-00---000-VIPSRV_FAILOVER_SWITCH-000---00-00
2026-05-18 16:20:46.453 [com.alibaba.nacos.naming.failover.0] [none] DEBUG com.alibaba.nacos.client.naming - failover switch is not found, 00-00---000-VIPSRV_FAILOVER_SWITCH-000---00-00
2026-05-18 16:20:51.455 [com.alibaba.nacos.naming.failover.0] [none] DEBUG com.alibaba.nacos.client.naming - failover switch is not found, 00-00---000-VIPSRV_FAILOVER_SWITCH-000---00-00
2026-05-18 16:20:56.455 [com.alibaba.nacos.naming.failover.0] [none] DEBUG com.alibaba.nacos.client.naming - failover switch is not found, 00-00---000-VIPSRV_FAILOVER_SWITCH-000---00-00
2026-05-18 16:21:01.456 [com.alibaba.nacos.naming.failover.0] [none] DEBUG com.alibaba.nacos.client.naming - failover switch is not found, 00-00---000-VIPSRV_FAILOVER_SWITCH-000---00-00
2026-05-18 16:21:06.457 [com.alibaba.nacos.naming.failover.0] [none] DEBUG com.alibaba.nacos.client.naming - failover switch is not found, 00-00---000-VIPSRV_FAILOVER_SWITCH-000---00-00
2026-05-18 16:21:11.457 [com.alibaba.nacos.naming.failover.0] [none] DEBUG com.alibaba.nacos.client.naming - failover switch is not found, 00-00---000-VIPSRV_FAILOVER_SWITCH-000---00-00
2026-05-18 16:21:16.459 [com.alibaba.nacos.naming.failover.0] [none] DEBUG com.alibaba.nacos.client.naming - failover switch is not found, 00-00---000-VIPSRV_FAILOVER_SWITCH-000---00-00
2026-05-18 16:21:21.461 [com.alibaba.nacos.naming.failover.0] [none] DEBUG com.alibaba.nacos.client.naming - failover switch is not found, 00-00---000-VIPSRV_FAILOVER_SWITCH-000---00-00
2026-05-18 16:21:26.461 [com.alibaba.nacos.naming.failover.0] [none] DEBUG com.alibaba.nacos.client.naming - failover switch is not found, 00-00---000-VIPSRV_FAILOVER_SWITCH-000---00-00
2026-05-18 16:21:31.462 [com.alibaba.nacos.naming.failover.0] [none] DEBUG com.alibaba.nacos.client.naming - failover switch is not found, 00-00---000-VIPSRV_FAILOVER_SWITCH-000---00-00
2026-05-18 16:21:36.463 [com.alibaba.nacos.naming.failover.0] [none] DEBUG com.alibaba.nacos.client.naming - failover switch is not found, 00-00---000-VIPSRV_FAILOVER_SWITCH-000---00-00
2026-05-18 16:21:41.464 [com.alibaba.nacos.naming.failover.0] [none] DEBUG com.alibaba.nacos.client.naming - failover switch is not found, 00-00---000-VIPSRV_FAILOVER_SWITCH-000---00-00
2026-05-18 16:21:46.464 [com.alibaba.nacos.naming.failover.0] [none] DEBUG com.alibaba.nacos.client.naming - failover switch is not found, 00-00---000-VIPSRV_FAILOVER_SWITCH-000---00-00
2026-05-18 16:21:51.465 [com.alibaba.nacos.naming.failover.0] [none] DEBUG com.alibaba.nacos.client.naming - failover switch is not found, 00-00---000-VIPSRV_FAILOVER_SWITCH-000---00-00
2026-05-18 16:21:56.467 [com.alibaba.nacos.naming.failover.0] [none] DEBUG com.alibaba.nacos.client.naming - failover switch is not found, 00-00---000-VIPSRV_FAILOVER_SWITCH-000---00-00
2026-05-18 16:22:01.468 [com.alibaba.nacos.naming.failover.0] [none] DEBUG com.alibaba.nacos.client.naming - failover switch is not found, 00-00---000-VIPSRV_FAILOVER_SWITCH-000---00-00
2026-05-18 16:22:06.468 [com.alibaba.nacos.naming.failover.0] [none] DEBUG com.alibaba.nacos.client.naming - failover switch is not found, 00-00---000-VIPSRV_FAILOVER_SWITCH-000---00-00
2026-05-18 16:22:11.470 [com.alibaba.nacos.naming.failover.0] [none] DEBUG com.alibaba.nacos.client.naming - failover switch is not found, 00-00---000-VIPSRV_FAILOVER_SWITCH-000---00-00
2026-05-18 16:22:16.472 [com.alibaba.nacos.naming.failover.0] [none] DEBUG com.alibaba.nacos.client.naming - failover switch is not found, 00-00---000-VIPSRV_FAILOVER_SWITCH-000---00-00
2026-05-18 16:22:21.473 [com.alibaba.nacos.naming.failover.0] [none] DEBUG com.alibaba.nacos.client.naming - failover switch is not found, 00-00---000-VIPSRV_FAILOVER_SWITCH-000---00-00
2026-05-18 16:22:26.473 [com.alibaba.nacos.naming.failover.0] [none] DEBUG com.alibaba.nacos.client.naming - failover switch is not found, 00-00---000-VIPSRV_FAILOVER_SWITCH-000---00-00
2026-05-18 16:22:31.473 [com.alibaba.nacos.naming.failover.0] [none] DEBUG com.alibaba.nacos.client.naming - failover switch is not found, 00-00---000-VIPSRV_FAILOVER_SWITCH-000---00-00
2026-05-18 16:22:36.475 [com.alibaba.nacos.naming.failover.0] [none] DEBUG com.alibaba.nacos.client.naming - failover switch is not found, 00-00---000-VIPSRV_FAILOVER_SWITCH-000---00-00
2026-05-18 16:22:41.476 [com.alibaba.nacos.naming.failover.0] [none] DEBUG com.alibaba.nacos.client.naming - failover switch is not found, 00-00---000-VIPSRV_FAILOVER_SWITCH-000---00-00
2026-05-18 16:22:46.477 [com.alibaba.nacos.naming.failover.0] [none] DEBUG com.alibaba.nacos.client.naming - failover switch is not found, 00-00---000-VIPSRV_FAILOVER_SWITCH-000---00-00
2026-05-18 16:22:51.480 [com.alibaba.nacos.naming.failover.0] [none] DEBUG com.alibaba.nacos.client.naming - failover switch is not found, 00-00---000-VIPSRV_FAILOVER_SWITCH-000---00-00
2026-05-18 16:22:56.481 [com.alibaba.nacos.naming.failover.0] [none] DEBUG com.alibaba.nacos.client.naming - failover switch is not found, 00-00---000-VIPSRV_FAILOVER_SWITCH-000---00-00
2026-05-18 16:23:01.483 [com.alibaba.nacos.naming.failover.0] [none] DEBUG com.alibaba.nacos.client.naming - failover switch is not found, 00-00---000-VIPSRV_FAILOVER_SWITCH-000---00-00
2026-05-18 16:23:06.483 [com.alibaba.nacos.naming.failover.0] [none] DEBUG com.alibaba.nacos.client.naming - failover switch is not found, 00-00---000-VIPSRV_FAILOVER_SWITCH-000---00-00
2026-05-18 16:23:11.484 [com.alibaba.nacos.naming.failover.0] [none] DEBUG com.alibaba.nacos.client.naming - failover switch is not found, 00-00---000-VIPSRV_FAILOVER_SWITCH-000---00-00
2026-05-18 16:23:16.485 [com.alibaba.nacos.naming.failover.0] [none] DEBUG com.alibaba.nacos.client.naming - failover switch is not found, 00-00---000-VIPSRV_FAILOVER_SWITCH-000---00-00
2026-05-18 16:23:21.486 [com.alibaba.nacos.naming.failover.0] [none] DEBUG com.alibaba.nacos.client.naming - failover switch is not found, 00-00---000-VIPSRV_FAILOVER_SWITCH-000---00-00
2026-05-18 16:23:26.486 [com.alibaba.nacos.naming.failover.0] [none] DEBUG com.alibaba.nacos.client.naming - failover switch is not found, 00-00---000-VIPSRV_FAILOVER_SWITCH-000---00-00
2026-05-18 16:23:31.486 [com.alibaba.nacos.naming.failover.0] [none] DEBUG com.alibaba.nacos.client.naming - failover switch is not found, 00-00---000-VIPSRV_FAILOVER_SWITCH-000---00-00
2026-05-18 16:23:36.487 [com.alibaba.nacos.naming.failover.0] [none] DEBUG com.alibaba.nacos.client.naming - failover switch is not found, 00-00---000-VIPSRV_FAILOVER_SWITCH-000---00-00
2026-05-18 16:23:41.489 [com.alibaba.nacos.naming.failover.0] [none] DEBUG com.alibaba.nacos.client.naming - failover switch is not found, 00-00---000-VIPSRV_FAILOVER_SWITCH-000---00-00
2026-05-18 16:23:46.489 [com.alibaba.nacos.naming.failover.0] [none] DEBUG com.alibaba.nacos.client.naming - failover switch is not found, 00-00---000-VIPSRV_FAILOVER_SWITCH-000---00-00
2026-05-18 16:23:51.490 [com.alibaba.nacos.naming.failover.0] [none] DEBUG com.alibaba.nacos.client.naming - failover switch is not found, 00-00---000-VIPSRV_FAILOVER_SWITCH-000---00-00
2026-05-18 16:23:56.490 [com.alibaba.nacos.naming.failover.0] [none] DEBUG com.alibaba.nacos.client.naming - failover switch is not found, 00-00---000-VIPSRV_FAILOVER_SWITCH-000---00-00
2026-05-18 16:24:01.491 [com.alibaba.nacos.naming.failover.0] [none] DEBUG com.alibaba.nacos.client.naming - failover switch is not found, 00-00---000-VIPSRV_FAILOVER_SWITCH-000---00-00
2026-05-18 16:24:06.491 [com.alibaba.nacos.naming.failover.0] [none] DEBUG com.alibaba.nacos.client.naming - failover switch is not found, 00-00---000-VIPSRV_FAILOVER_SWITCH-000---00-00
2026-05-18 16:24:11.492 [com.alibaba.nacos.naming.failover.0] [none] DEBUG com.alibaba.nacos.client.naming - failover switch is not found, 00-00---000-VIPSRV_FAILOVER_SWITCH-000---00-00
2026-05-18 16:24:16.493 [com.alibaba.nacos.naming.failover.0] [none] DEBUG com.alibaba.nacos.client.naming - failover switch is not found, 00-00---000-VIPSRV_FAILOVER_SWITCH-000---00-00
2026-05-18 16:24:21.493 [com.alibaba.nacos.naming.failover.0] [none] DEBUG com.alibaba.nacos.client.naming - failover switch is not found, 00-00---000-VIPSRV_FAILOVER_SWITCH-000---00-00
2026-05-18 16:24:26.494 [com.alibaba.nacos.naming.failover.0] [none] DEBUG com.alibaba.nacos.client.naming - failover switch is not found, 00-00---000-VIPSRV_FAILOVER_SWITCH-000---00-00
2026-05-18 16:24:31.495 [com.alibaba.nacos.naming.failover.0] [none] DEBUG com.alibaba.nacos.client.naming - failover switch is not found, 00-00---000-VIPSRV_FAILOVER_SWITCH-000---00-00
2026-05-18 16:24:36.496 [com.alibaba.nacos.naming.failover.0] [none] DEBUG com.alibaba.nacos.client.naming - failover switch is not found, 00-00---000-VIPSRV_FAILOVER_SWITCH-000---00-00
2026-05-18 16:24:41.496 [com.alibaba.nacos.naming.failover.0] [none] DEBUG com.alibaba.nacos.client.naming - failover switch is not found, 00-00---000-VIPSRV_FAILOVER_SWITCH-000---00-00
2026-05-18 16:24:46.497 [com.alibaba.nacos.naming.failover.0] [none] DEBUG com.alibaba.nacos.client.naming - failover switch is not found, 00-00---000-VIPSRV_FAILOVER_SWITCH-000---00-00
2026-05-18 16:24:51.497 [com.alibaba.nacos.naming.failover.0] [none] DEBUG com.alibaba.nacos.client.naming - failover switch is not found, 00-00---000-VIPSRV_FAILOVER_SWITCH-000---00-00
2026-05-18 16:24:56.498 [com.alibaba.nacos.naming.failover.0] [none] DEBUG com.alibaba.nacos.client.naming - failover switch is not found, 00-00---000-VIPSRV_FAILOVER_SWITCH-000---00-00
2026-05-18 16:25:01.498 [com.alibaba.nacos.naming.failover.0] [none] DEBUG com.alibaba.nacos.client.naming - failover switch is not found, 00-00---000-VIPSRV_FAILOVER_SWITCH-000---00-00
2026-05-18 16:25:06.498 [com.alibaba.nacos.naming.failover.0] [none] DEBUG com.alibaba.nacos.client.naming - failover switch is not found, 00-00---000-VIPSRV_FAILOVER_SWITCH-000---00-00
2026-05-18 16:25:11.499 [com.alibaba.nacos.naming.failover.0] [none] DEBUG com.alibaba.nacos.client.naming - failover switch is not found, 00-00---000-VIPSRV_FAILOVER_SWITCH-000---00-00
2026-05-18 16:25:16.500 [com.alibaba.nacos.naming.failover.0] [none] DEBUG com.alibaba.nacos.client.naming - failover switch is not found, 00-00---000-VIPSRV_FAILOVER_SWITCH-000---00-00
2026-05-18 16:25:21.540 [com.alibaba.nacos.naming.failover.0] [none] DEBUG com.alibaba.nacos.client.naming - failover switch is not found, 00-00---000-VIPSRV_FAILOVER_SWITCH-000---00-00
2026-05-18 16:25:26.542 [com.alibaba.nacos.naming.failover.0] [none] DEBUG com.alibaba.nacos.client.naming - failover switch is not found, 00-00---000-VIPSRV_FAILOVER_SWITCH-000---00-00
2026-05-18 16:25:31.543 [com.alibaba.nacos.naming.failover.0] [none] DEBUG com.alibaba.nacos.client.naming - failover switch is not found, 00-00---000-VIPSRV_FAILOVER_SWITCH-000---00-00
2026-05-18 16:25:36.544 [com.alibaba.nacos.naming.failover.0] [none] DEBUG com.alibaba.nacos.client.naming - failover switch is not found, 00-00---000-VIPSRV_FAILOVER_SWITCH-000---00-00
2026-05-18 16:25:41.545 [com.alibaba.nacos.naming.failover.0] [none] DEBUG com.alibaba.nacos.client.naming - failover switch is not found, 00-00---000-VIPSRV_FAILOVER_SWITCH-000---00-00
2026-05-18 16:25:46.546 [com.alibaba.nacos.naming.failover.0] [none] DEBUG com.alibaba.nacos.client.naming - failover switch is not found, 00-00---000-VIPSRV_FAILOVER_SWITCH-000---00-00
2026-05-18 16:25:51.546 [com.alibaba.nacos.naming.failover.0] [none] DEBUG com.alibaba.nacos.client.naming - failover switch is not found, 00-00---000-VIPSRV_FAILOVER_SWITCH-000---00-00
2026-05-18 16:25:56.548 [com.alibaba.nacos.naming.failover.0] [none] DEBUG com.alibaba.nacos.client.naming - failover switch is not found, 00-00---000-VIPSRV_FAILOVER_SWITCH-000---00-00
2026-05-18 16:26:01.548 [com.alibaba.nacos.naming.failover.0] [none] DEBUG com.alibaba.nacos.client.naming - failover switch is not found, 00-00---000-VIPSRV_FAILOVER_SWITCH-000---00-00
2026-05-18 16:26:06.550 [com.alibaba.nacos.naming.failover.0] [none] DEBUG com.alibaba.nacos.client.naming - failover switch is not found, 00-00---000-VIPSRV_FAILOVER_SWITCH-000---00-00
2026-05-18 16:26:11.550 [com.alibaba.nacos.naming.failover.0] [none] DEBUG com.alibaba.nacos.client.naming - failover switch is not found, 00-00---000-VIPSRV_FAILOVER_SWITCH-000---00-00
2026-05-18 16:26:16.551 [com.alibaba.nacos.naming.failover.0] [none] DEBUG com.alibaba.nacos.client.naming - failover switch is not found, 00-00---000-VIPSRV_FAILOVER_SWITCH-000---00-00
2026-05-18 16:26:21.552 [com.alibaba.nacos.naming.failover.0] [none] DEBUG com.alibaba.nacos.client.naming - failover switch is not found, 00-00---000-VIPSRV_FAILOVER_SWITCH-000---00-00
2026-05-18 16:26:26.553 [com.alibaba.nacos.naming.failover.0] [none] DEBUG com.alibaba.nacos.client.naming - failover switch is not found, 00-00---000-VIPSRV_FAILOVER_SWITCH-000---00-00
2026-05-18 16:26:31.555 [com.alibaba.nacos.naming.failover.0] [none] DEBUG com.alibaba.nacos.client.naming - failover switch is not found, 00-00---000-VIPSRV_FAILOVER_SWITCH-000---00-00
2026-05-18 16:26:36.556 [com.alibaba.nacos.naming.failover.0] [none] DEBUG com.alibaba.nacos.client.naming - failover switch is not found, 00-00---000-VIPSRV_FAILOVER_SWITCH-000---00-00
2026-05-18 16:26:41.557 [com.alibaba.nacos.naming.failover.0] [none] DEBUG com.alibaba.nacos.client.naming - failover switch is not found, 00-00---000-VIPSRV_FAILOVER_SWITCH-000---00-00
2026-05-18 16:26:46.558 [com.alibaba.nacos.naming.failover.0] [none] DEBUG com.alibaba.nacos.client.naming - failover switch is not found, 00-00---000-VIPSRV_FAILOVER_SWITCH-000---00-00
2026-05-18 16:26:51.559 [com.alibaba.nacos.naming.failover.0] [none] DEBUG com.alibaba.nacos.client.naming - failover switch is not found, 00-00---000-VIPSRV_FAILOVER_SWITCH-000---00-00
2026-05-18 16:26:56.560 [com.alibaba.nacos.naming.failover.0] [none] DEBUG com.alibaba.nacos.client.naming - failover switch is not found, 00-00---000-VIPSRV_FAILOVER_SWITCH-000---00-00
2026-05-18 16:27:01.561 [com.alibaba.nacos.naming.failover.0] [none] DEBUG com.alibaba.nacos.client.naming - failover switch is not found, 00-00---000-VIPSRV_FAILOVER_SWITCH-000---00-00
2026-05-18 16:27:06.563 [com.alibaba.nacos.naming.failover.0] [none] DEBUG com.alibaba.nacos.client.naming - failover switch is not found, 00-00---000-VIPSRV_FAILOVER_SWITCH-000---00-00
2026-05-18 16:27:11.565 [com.alibaba.nacos.naming.failover.0] [none] DEBUG com.alibaba.nacos.client.naming - failover switch is not found, 00-00---000-VIPSRV_FAILOVER_SWITCH-000---00-00
2026-05-18 16:27:16.566 [com.alibaba.nacos.naming.failover.0] [none] DEBUG com.alibaba.nacos.client.naming - failover switch is not found, 00-00---000-VIPSRV_FAILOVER_SWITCH-000---00-00
2026-05-18 16:27:21.567 [com.alibaba.nacos.naming.failover.0] [none] DEBUG com.alibaba.nacos.client.naming - failover switch is not found, 00-00---000-VIPSRV_FAILOVER_SWITCH-000---00-00
2026-05-18 16:27:26.568 [com.alibaba.nacos.naming.failover.0] [none] DEBUG com.alibaba.nacos.client.naming - failover switch is not found, 00-00---000-VIPSRV_FAILOVER_SWITCH-000---00-00
2026-05-18 16:27:31.569 [com.alibaba.nacos.naming.failover.0] [none] DEBUG com.alibaba.nacos.client.naming - failover switch is not found, 00-00---000-VIPSRV_FAILOVER_SWITCH-000---00-00
2026-05-18 16:27:36.570 [com.alibaba.nacos.naming.failover.0] [none] DEBUG com.alibaba.nacos.client.naming - failover switch is not found, 00-00---000-VIPSRV_FAILOVER_SWITCH-000---00-00
2026-05-18 16:27:41.571 [com.alibaba.nacos.naming.failover.0] [none] DEBUG com.alibaba.nacos.client.naming - failover switch is not found, 00-00---000-VIPSRV_FAILOVER_SWITCH-000---00-00
2026-05-18 16:27:46.572 [com.alibaba.nacos.naming.failover.0] [none] DEBUG com.alibaba.nacos.client.naming - failover switch is not found, 00-00---000-VIPSRV_FAILOVER_SWITCH-000---00-00
2026-05-18 16:27:51.573 [com.alibaba.nacos.naming.failover.0] [none] DEBUG com.alibaba.nacos.client.naming - failover switch is not found, 00-00---000-VIPSRV_FAILOVER_SWITCH-000---00-00
2026-05-18 16:27:56.575 [com.alibaba.nacos.naming.failover.0] [none] DEBUG com.alibaba.nacos.client.naming - failover switch is not found, 00-00---000-VIPSRV_FAILOVER_SWITCH-000---00-00
2026-05-18 16:28:01.577 [com.alibaba.nacos.naming.failover.0] [none] DEBUG com.alibaba.nacos.client.naming - failover switch is not found, 00-00---000-VIPSRV_FAILOVER_SWITCH-000---00-00
2026-05-18 16:28:06.579 [com.alibaba.nacos.naming.failover.0] [none] DEBUG com.alibaba.nacos.client.naming - failover switch is not found, 00-00---000-VIPSRV_FAILOVER_SWITCH-000---00-00
2026-05-18 16:28:11.580 [com.alibaba.nacos.naming.failover.0] [none] DEBUG com.alibaba.nacos.client.naming - failover switch is not found, 00-00---000-VIPSRV_FAILOVER_SWITCH-000---00-00
2026-05-18 16:28:16.581 [com.alibaba.nacos.naming.failover.0] [none] DEBUG com.alibaba.nacos.client.naming - failover switch is not found, 00-00---000-VIPSRV_FAILOVER_SWITCH-000---00-00
2026-05-18 16:28:21.584 [com.alibaba.nacos.naming.failover.0] [none] DEBUG com.alibaba.nacos.client.naming - failover switch is not found, 00-00---000-VIPSRV_FAILOVER_SWITCH-000---00-00
2026-05-18 16:28:26.585 [com.alibaba.nacos.naming.failover.0] [none] DEBUG com.alibaba.nacos.client.naming - failover switch is not found, 00-00---000-VIPSRV_FAILOVER_SWITCH-000---00-00
2026-05-18 16:28:31.586 [com.alibaba.nacos.naming.failover.0] [none] DEBUG com.alibaba.nacos.client.naming - failover switch is not found, 00-00---000-VIPSRV_FAILOVER_SWITCH-000---00-00
2026-05-18 16:28:36.588 [com.alibaba.nacos.naming.failover.0] [none] DEBUG com.alibaba.nacos.client.naming - failover switch is not found, 00-00---000-VIPSRV_FAILOVER_SWITCH-000---00-00
2026-05-18 16:28:41.589 [com.alibaba.nacos.naming.failover.0] [none] DEBUG com.alibaba.nacos.client.naming - failover switch is not found, 00-00---000-VIPSRV_FAILOVER_SWITCH-000---00-00
2026-05-18 16:28:46.591 [com.alibaba.nacos.naming.failover.0] [none] DEBUG com.alibaba.nacos.client.naming - failover switch is not found, 00-00---000-VIPSRV_FAILOVER_SWITCH-000---00-00
2026-05-18 16:28:51.591 [com.alibaba.nacos.naming.failover.0] [none] DEBUG com.alibaba.nacos.client.naming - failover switch is not found, 00-00---000-VIPSRV_FAILOVER_SWITCH-000---00-00
2026-05-18 16:28:56.593 [com.alibaba.nacos.naming.failover.0] [none] DEBUG com.alibaba.nacos.client.naming - failover switch is not found, 00-00---000-VIPSRV_FAILOVER_SWITCH-000---00-00
2026-05-18 16:29:01.638 [com.alibaba.nacos.naming.failover.0] [none] DEBUG com.alibaba.nacos.client.naming - failover switch is not found, 00-00---000-VIPSRV_FAILOVER_SWITCH-000---00-00
2026-05-18 16:29:06.639 [com.alibaba.nacos.naming.failover.0] [none] DEBUG com.alibaba.nacos.client.naming - failover switch is not found, 00-00---000-VIPSRV_FAILOVER_SWITCH-000---00-00
2026-05-18 16:29:11.639 [com.alibaba.nacos.naming.failover.0] [none] DEBUG com.alibaba.nacos.client.naming - failover switch is not found, 00-00---000-VIPSRV_FAILOVER_SWITCH-000---00-00
2026-05-18 16:29:16.648 [com.alibaba.nacos.naming.failover.0] [none] DEBUG com.alibaba.nacos.client.naming - failover switch is not found, 00-00---000-VIPSRV_FAILOVER_SWITCH-000---00-00
2026-05-18 16:29:21.650 [com.alibaba.nacos.naming.failover.0] [none] DEBUG com.alibaba.nacos.client.naming - failover switch is not found, 00-00---000-VIPSRV_FAILOVER_SWITCH-000---00-00
2026-05-18 16:29:26.682 [com.alibaba.nacos.naming.failover.0] [none] DEBUG com.alibaba.nacos.client.naming - failover switch is not found, 00-00---000-VIPSRV_FAILOVER_SWITCH-000---00-00
2026-05-18 16:29:31.683 [com.alibaba.nacos.naming.failover.0] [none] DEBUG com.alibaba.nacos.client.naming - failover switch is not found, 00-00---000-VIPSRV_FAILOVER_SWITCH-000---00-00
2026-05-18 16:29:36.684 [com.alibaba.nacos.naming.failover.0] [none] DEBUG com.alibaba.nacos.client.naming - failover switch is not found, 00-00---000-VIPSRV_FAILOVER_SWITCH-000---00-00
2026-05-18 16:29:41.685 [com.alibaba.nacos.naming.failover.0] [none] DEBUG com.alibaba.nacos.client.naming - failover switch is not found, 00-00---000-VIPSRV_FAILOVER_SWITCH-000---00-00
2026-05-18 16:29:46.686 [com.alibaba.nacos.naming.failover.0] [none] DEBUG com.alibaba.nacos.client.naming - failover switch is not found, 00-00---000-VIPSRV_FAILOVER_SWITCH-000---00-00
2026-05-18 16:29:51.686 [com.alibaba.nacos.naming.failover.0] [none] DEBUG com.alibaba.nacos.client.naming - failover switch is not found, 00-00---000-VIPSRV_FAILOVER_SWITCH-000---00-00
2026-05-18 16:29:56.687 [com.alibaba.nacos.naming.failover.0] [none] DEBUG com.alibaba.nacos.client.naming - failover switch is not found, 00-00---000-VIPSRV_FAILOVER_SWITCH-000---00-00
2026-05-18 16:30:01.688 [com.alibaba.nacos.naming.failover.0] [none] DEBUG com.alibaba.nacos.client.naming - failover switch is not found, 00-00---000-VIPSRV_FAILOVER_SWITCH-000---00-00
2026-05-18 16:30:06.702 [com.alibaba.nacos.naming.failover.0] [none] DEBUG com.alibaba.nacos.client.naming - failover switch is not found, 00-00---000-VIPSRV_FAILOVER_SWITCH-000---00-00
2026-05-18 16:30:11.712 [com.alibaba.nacos.naming.failover.0] [none] DEBUG com.alibaba.nacos.client.naming - failover switch is not found, 00-00---000-VIPSRV_FAILOVER_SWITCH-000---00-00
2026-05-18 16:30:16.721 [com.alibaba.nacos.naming.failover.0] [none] DEBUG com.alibaba.nacos.client.naming - failover switch is not found, 00-00---000-VIPSRV_FAILOVER_SWITCH-000---00-00
2026-05-18 16:30:21.736 [com.alibaba.nacos.naming.failover.0] [none] DEBUG com.alibaba.nacos.client.naming - failover switch is not found, 00-00---000-VIPSRV_FAILOVER_SWITCH-000---00-00
2026-05-18 16:30:26.745 [com.alibaba.nacos.naming.failover.0] [none] DEBUG com.alibaba.nacos.client.naming - failover switch is not found, 00-00---000-VIPSRV_FAILOVER_SWITCH-000---00-00
2026-05-18 16:30:31.750 [com.alibaba.nacos.naming.failover.0] [none] DEBUG com.alibaba.nacos.client.naming - failover switch is not found, 00-00---000-VIPSRV_FAILOVER_SWITCH-000---00-00
2026-05-18 16:30:36.760 [com.alibaba.nacos.naming.failover.0] [none] DEBUG com.alibaba.nacos.client.naming - failover switch is not found, 00-00---000-VIPSRV_FAILOVER_SWITCH-000---00-00
2026-05-18 16:30:41.768 [com.alibaba.nacos.naming.failover.0] [none] DEBUG com.alibaba.nacos.client.naming - failover switch is not found, 00-00---000-VIPSRV_FAILOVER_SWITCH-000---00-00
2026-05-18 16:30:46.783 [com.alibaba.nacos.naming.failover.0] [none] DEBUG com.alibaba.nacos.client.naming - failover switch is not found, 00-00---000-VIPSRV_FAILOVER_SWITCH-000---00-00
2026-05-18 16:30:51.797 [com.alibaba.nacos.naming.failover.0] [none] DEBUG com.alibaba.nacos.client.naming - failover switch is not found, 00-00---000-VIPSRV_FAILOVER_SWITCH-000---00-00
2026-05-18 16:30:56.801 [com.alibaba.nacos.naming.failover.0] [none] DEBUG com.alibaba.nacos.client.naming - failover switch is not found, 00-00---000-VIPSRV_FAILOVER_SWITCH-000---00-00
2026-05-18 16:31:01.816 [com.alibaba.nacos.naming.failover.0] [none] DEBUG com.alibaba.nacos.client.naming - failover switch is not found, 00-00---000-VIPSRV_FAILOVER_SWITCH-000---00-00
2026-05-18 16:31:06.826 [com.alibaba.nacos.naming.failover.0] [none] DEBUG com.alibaba.nacos.client.naming - failover switch is not found, 00-00---000-VIPSRV_FAILOVER_SWITCH-000---00-00
2026-05-18 16:31:11.830 [com.alibaba.nacos.naming.failover.0] [none] DEBUG com.alibaba.nacos.client.naming - failover switch is not found, 00-00---000-VIPSRV_FAILOVER_SWITCH-000---00-00
2026-05-18 16:31:16.832 [com.alibaba.nacos.naming.failover.0] [none] DEBUG com.alibaba.nacos.client.naming - failover switch is not found, 00-00---000-VIPSRV_FAILOVER_SWITCH-000---00-00
2026-05-18 16:31:21.834 [com.alibaba.nacos.naming.failover.0] [none] DEBUG com.alibaba.nacos.client.naming - failover switch is not found, 00-00---000-VIPSRV_FAILOVER_SWITCH-000---00-00
2026-05-18 16:31:26.842 [com.alibaba.nacos.naming.failover.0] [none] DEBUG com.alibaba.nacos.client.naming - failover switch is not found, 00-00---000-VIPSRV_FAILOVER_SWITCH-000---00-00
2026-05-18 16:31:31.852 [com.alibaba.nacos.naming.failover.0] [none] DEBUG com.alibaba.nacos.client.naming - failover switch is not found, 00-00---000-VIPSRV_FAILOVER_SWITCH-000---00-00
2026-05-18 16:31:36.867 [com.alibaba.nacos.naming.failover.0] [none] DEBUG com.alibaba.nacos.client.naming - failover switch is not found, 00-00---000-VIPSRV_FAILOVER_SWITCH-000---00-00
2026-05-18 16:31:41.881 [com.alibaba.nacos.naming.failover.0] [none] DEBUG com.alibaba.nacos.client.naming - failover switch is not found, 00-00---000-VIPSRV_FAILOVER_SWITCH-000---00-00
2026-05-18 16:31:46.892 [com.alibaba.nacos.naming.failover.0] [none] DEBUG com.alibaba.nacos.client.naming - failover switch is not found, 00-00---000-VIPSRV_FAILOVER_SWITCH-000---00-00
2026-05-18 16:31:51.900 [com.alibaba.nacos.naming.failover.0] [none] DEBUG com.alibaba.nacos.client.naming - failover switch is not found, 00-00---000-VIPSRV_FAILOVER_SWITCH-000---00-00
2026-05-18 16:31:56.910 [com.alibaba.nacos.naming.failover.0] [none] DEBUG com.alibaba.nacos.client.naming - failover switch is not found, 00-00---000-VIPSRV_FAILOVER_SWITCH-000---00-00
2026-05-18 16:32:01.917 [com.alibaba.nacos.naming.failover.0] [none] DEBUG com.alibaba.nacos.client.naming - failover switch is not found, 00-00---000-VIPSRV_FAILOVER_SWITCH-000---00-00
2026-05-18 16:32:06.926 [com.alibaba.nacos.naming.failover.0] [none] DEBUG com.alibaba.nacos.client.naming - failover switch is not found, 00-00---000-VIPSRV_FAILOVER_SWITCH-000---00-00
2026-05-18 16:32:11.941 [com.alibaba.nacos.naming.failover.0] [none] DEBUG com.alibaba.nacos.client.naming - failover switch is not found, 00-00---000-VIPSRV_FAILOVER_SWITCH-000---00-00
2026-05-18 16:32:16.952 [com.alibaba.nacos.naming.failover.0] [none] DEBUG com.alibaba.nacos.client.naming - failover switch is not found, 00-00---000-VIPSRV_FAILOVER_SWITCH-000---00-00
2026-05-18 16:32:21.966 [com.alibaba.nacos.naming.failover.0] [none] DEBUG com.alibaba.nacos.client.naming - failover switch is not found, 00-00---000-VIPSRV_FAILOVER_SWITCH-000---00-00
2026-05-18 16:32:26.981 [com.alibaba.nacos.naming.failover.0] [none] DEBUG com.alibaba.nacos.client.naming - failover switch is not found, 00-00---000-VIPSRV_FAILOVER_SWITCH-000---00-00
2026-05-18 16:32:31.990 [com.alibaba.nacos.naming.failover.0] [none] DEBUG com.alibaba.nacos.client.naming - failover switch is not found, 00-00---000-VIPSRV_FAILOVER_SWITCH-000---00-00
2026-05-18 16:32:36.999 [com.alibaba.nacos.naming.failover.0] [none] DEBUG com.alibaba.nacos.client.naming - failover switch is not found, 00-00---000-VIPSRV_FAILOVER_SWITCH-000---00-00
2026-05-18 16:32:42.007 [com.alibaba.nacos.naming.failover.0] [none] DEBUG com.alibaba.nacos.client.naming - failover switch is not found, 00-00---000-VIPSRV_FAILOVER_SWITCH-000---00-00
2026-05-18 16:32:47.008 [com.alibaba.nacos.naming.failover.0] [none] DEBUG com.alibaba.nacos.client.naming - failover switch is not found, 00-00---000-VIPSRV_FAILOVER_SWITCH-000---00-00
2026-05-18 16:32:52.013 [com.alibaba.nacos.naming.failover.0] [none] DEBUG com.alibaba.nacos.client.naming - failover switch is not found, 00-00---000-VIPSRV_FAILOVER_SWITCH-000---00-00
2026-05-18 16:32:57.016 [com.alibaba.nacos.naming.failover.0] [none] DEBUG com.alibaba.nacos.client.naming - failover switch is not found, 00-00---000-VIPSRV_FAILOVER_SWITCH-000---00-00
2026-05-18 16:33:02.028 [com.alibaba.nacos.naming.failover.0] [none] DEBUG com.alibaba.nacos.client.naming - failover switch is not found, 00-00---000-VIPSRV_FAILOVER_SWITCH-000---00-00
2026-05-18 16:33:07.042 [com.alibaba.nacos.naming.failover.0] [none] DEBUG com.alibaba.nacos.client.naming - failover switch is not found, 00-00---000-VIPSRV_FAILOVER_SWITCH-000---00-00
2026-05-18 16:33:12.049 [com.alibaba.nacos.naming.failover.0] [none] DEBUG com.alibaba.nacos.client.naming - failover switch is not found, 00-00---000-VIPSRV_FAILOVER_SWITCH-000---00-00
2026-05-18 16:33:17.054 [com.alibaba.nacos.naming.failover.0] [none] DEBUG com.alibaba.nacos.client.naming - failover switch is not found, 00-00---000-VIPSRV_FAILOVER_SWITCH-000---00-00
2026-05-18 16:33:22.063 [com.alibaba.nacos.naming.failover.0] [none] DEBUG com.alibaba.nacos.client.naming - failover switch is not found, 00-00---000-VIPSRV_FAILOVER_SWITCH-000---00-00
2026-05-18 16:33:27.072 [com.alibaba.nacos.naming.failover.0] [none] DEBUG com.alibaba.nacos.client.naming - failover switch is not found, 00-00---000-VIPSRV_FAILOVER_SWITCH-000---00-00
2026-05-18 16:33:32.081 [com.alibaba.nacos.naming.failover.0] [none] DEBUG com.alibaba.nacos.client.naming - failover switch is not found, 00-00---000-VIPSRV_FAILOVER_SWITCH-000---00-00
2026-05-18 16:33:37.096 [com.alibaba.nacos.naming.failover.0] [none] DEBUG com.alibaba.nacos.client.naming - failover switch is not found, 00-00---000-VIPSRV_FAILOVER_SWITCH-000---00-00
2026-05-18 16:33:42.111 [com.alibaba.nacos.naming.failover.0] [none] DEBUG com.alibaba.nacos.client.naming - failover switch is not found, 00-00---000-VIPSRV_FAILOVER_SWITCH-000---00-00
2026-05-18 16:33:47.119 [com.alibaba.nacos.naming.failover.0] [none] DEBUG com.alibaba.nacos.client.naming - failover switch is not found, 00-00---000-VIPSRV_FAILOVER_SWITCH-000---00-00
2026-05-18 16:33:52.125 [com.alibaba.nacos.naming.failover.0] [none] DEBUG com.alibaba.nacos.client.naming - failover switch is not found, 00-00---000-VIPSRV_FAILOVER_SWITCH-000---00-00
2026-05-18 16:33:57.132 [com.alibaba.nacos.naming.failover.0] [none] DEBUG com.alibaba.nacos.client.naming - failover switch is not found, 00-00---000-VIPSRV_FAILOVER_SWITCH-000---00-00
2026-05-18 16:34:02.143 [com.alibaba.nacos.naming.failover.0] [none] DEBUG com.alibaba.nacos.client.naming - failover switch is not found, 00-00---000-VIPSRV_FAILOVER_SWITCH-000---00-00
2026-05-18 16:34:07.151 [com.alibaba.nacos.naming.failover.0] [none] DEBUG com.alibaba.nacos.client.naming - failover switch is not found, 00-00---000-VIPSRV_FAILOVER_SWITCH-000---00-00
2026-05-18 16:34:12.156 [com.alibaba.nacos.naming.failover.0] [none] DEBUG com.alibaba.nacos.client.naming - failover switch is not found, 00-00---000-VIPSRV_FAILOVER_SWITCH-000---00-00
2026-05-18 16:34:17.164 [com.alibaba.nacos.naming.failover.0] [none] DEBUG com.alibaba.nacos.client.naming - failover switch is not found, 00-00---000-VIPSRV_FAILOVER_SWITCH-000---00-00
2026-05-18 16:34:22.171 [com.alibaba.nacos.naming.failover.0] [none] DEBUG com.alibaba.nacos.client.naming - failover switch is not found, 00-00---000-VIPSRV_FAILOVER_SWITCH-000---00-00
2026-05-18 16:34:27.179 [com.alibaba.nacos.naming.failover.0] [none] DEBUG com.alibaba.nacos.client.naming - failover switch is not found, 00-00---000-VIPSRV_FAILOVER_SWITCH-000---00-00
2026-05-18 16:34:32.185 [com.alibaba.nacos.naming.failover.0] [none] DEBUG com.alibaba.nacos.client.naming - failover switch is not found, 00-00---000-VIPSRV_FAILOVER_SWITCH-000---00-00
2026-05-18 16:34:37.191 [com.alibaba.nacos.naming.failover.0] [none] DEBUG com.alibaba.nacos.client.naming - failover switch is not found, 00-00---000-VIPSRV_FAILOVER_SWITCH-000---00-00
2026-05-18 16:34:42.193 [com.alibaba.nacos.naming.failover.0] [none] DEBUG com.alibaba.nacos.client.naming - failover switch is not found, 00-00---000-VIPSRV_FAILOVER_SWITCH-000---00-00
2026-05-18 16:34:47.197 [com.alibaba.nacos.naming.failover.0] [none] DEBUG com.alibaba.nacos.client.naming - failover switch is not found, 00-00---000-VIPSRV_FAILOVER_SWITCH-000---00-00
2026-05-18 16:34:52.203 [com.alibaba.nacos.naming.failover.0] [none] DEBUG com.alibaba.nacos.client.naming - failover switch is not found, 00-00---000-VIPSRV_FAILOVER_SWITCH-000---00-00
2026-05-18 16:34:57.215 [com.alibaba.nacos.naming.failover.0] [none] DEBUG com.alibaba.nacos.client.naming - failover switch is not found, 00-00---000-VIPSRV_FAILOVER_SWITCH-000---00-00
2026-05-18 16:35:02.231 [com.alibaba.nacos.naming.failover.0] [none] DEBUG com.alibaba.nacos.client.naming - failover switch is not found, 00-00---000-VIPSRV_FAILOVER_SWITCH-000---00-00
2026-05-18 16:35:07.232 [com.alibaba.nacos.naming.failover.0] [none] DEBUG com.alibaba.nacos.client.naming - failover switch is not found, 00-00---000-VIPSRV_FAILOVER_SWITCH-000---00-00
2026-05-18 16:35:12.237 [com.alibaba.nacos.naming.failover.0] [none] DEBUG com.alibaba.nacos.client.naming - failover switch is not found, 00-00---000-VIPSRV_FAILOVER_SWITCH-000---00-00
2026-05-18 16:35:17.239 [com.alibaba.nacos.naming.failover.0] [none] DEBUG com.alibaba.nacos.client.naming - failover switch is not found, 00-00---000-VIPSRV_FAILOVER_SWITCH-000---00-00
2026-05-18 16:35:22.240 [com.alibaba.nacos.naming.failover.0] [none] DEBUG com.alibaba.nacos.client.naming - failover switch is not found, 00-00---000-VIPSRV_FAILOVER_SWITCH-000---00-00
2026-05-18 16:35:27.252 [com.alibaba.nacos.naming.failover.0] [none] DEBUG com.alibaba.nacos.client.naming - failover switch is not found, 00-00---000-VIPSRV_FAILOVER_SWITCH-000---00-00
2026-05-18 16:35:32.266 [com.alibaba.nacos.naming.failover.0] [none] DEBUG com.alibaba.nacos.client.naming - failover switch is not found, 00-00---000-VIPSRV_FAILOVER_SWITCH-000---00-00
2026-05-18 16:35:37.273 [com.alibaba.nacos.naming.failover.0] [none] DEBUG com.alibaba.nacos.client.naming - failover switch is not found, 00-00---000-VIPSRV_FAILOVER_SWITCH-000---00-00
2026-05-18 16:35:42.276 [com.alibaba.nacos.naming.failover.0] [none] DEBUG com.alibaba.nacos.client.naming - failover switch is not found, 00-00---000-VIPSRV_FAILOVER_SWITCH-000---00-00
2026-05-18 16:35:47.282 [com.alibaba.nacos.naming.failover.0] [none] DEBUG com.alibaba.nacos.client.naming - failover switch is not found, 00-00---000-VIPSRV_FAILOVER_SWITCH-000---00-00
2026-05-18 16:35:52.295 [com.alibaba.nacos.naming.failover.0] [none] DEBUG com.alibaba.nacos.client.naming - failover switch is not found, 00-00---000-VIPSRV_FAILOVER_SWITCH-000---00-00
2026-05-18 16:35:57.305 [com.alibaba.nacos.naming.failover.0] [none] DEBUG com.alibaba.nacos.client.naming - failover switch is not found, 00-00---000-VIPSRV_FAILOVER_SWITCH-000---00-00
2026-05-18 16:36:02.306 [com.alibaba.nacos.naming.failover.0] [none] DEBUG com.alibaba.nacos.client.naming - failover switch is not found, 00-00---000-VIPSRV_FAILOVER_SWITCH-000---00-00
2026-05-18 16:36:07.312 [com.alibaba.nacos.naming.failover.0] [none] DEBUG com.alibaba.nacos.client.naming - failover switch is not found, 00-00---000-VIPSRV_FAILOVER_SWITCH-000---00-00
2026-05-18 16:36:12.327 [com.alibaba.nacos.naming.failover.0] [none] DEBUG com.alibaba.nacos.client.naming - failover switch is not found, 00-00---000-VIPSRV_FAILOVER_SWITCH-000---00-00
2026-05-18 16:36:17.341 [com.alibaba.nacos.naming.failover.0] [none] DEBUG com.alibaba.nacos.client.naming - failover switch is not found, 00-00---000-VIPSRV_FAILOVER_SWITCH-000---00-00
2026-05-18 16:36:22.355 [com.alibaba.nacos.naming.failover.0] [none] DEBUG com.alibaba.nacos.client.naming - failover switch is not found, 00-00---000-VIPSRV_FAILOVER_SWITCH-000---00-00
2026-05-18 16:36:27.370 [com.alibaba.nacos.naming.failover.0] [none] DEBUG com.alibaba.nacos.client.naming - failover switch is not found, 00-00---000-VIPSRV_FAILOVER_SWITCH-000---00-00
2026-05-18 16:36:32.378 [com.alibaba.nacos.naming.failover.0] [none] DEBUG com.alibaba.nacos.client.naming - failover switch is not found, 00-00---000-VIPSRV_FAILOVER_SWITCH-000---00-00
2026-05-18 16:36:37.379 [com.alibaba.nacos.naming.failover.0] [none] DEBUG com.alibaba.nacos.client.naming - failover switch is not found, 00-00---000-VIPSRV_FAILOVER_SWITCH-000---00-00
2026-05-18 16:36:42.382 [com.alibaba.nacos.naming.failover.0] [none] DEBUG com.alibaba.nacos.client.naming - failover switch is not found, 00-00---000-VIPSRV_FAILOVER_SWITCH-000---00-00
2026-05-18 16:36:47.397 [com.alibaba.nacos.naming.failover.0] [none] DEBUG com.alibaba.nacos.client.naming - failover switch is not found, 00-00---000-VIPSRV_FAILOVER_SWITCH-000---00-00
2026-05-18 16:36:52.407 [com.alibaba.nacos.naming.failover.0] [none] DEBUG com.alibaba.nacos.client.naming - failover switch is not found, 00-00---000-VIPSRV_FAILOVER_SWITCH-000---00-00
2026-05-18 16:36:57.411 [com.alibaba.nacos.naming.failover.0] [none] DEBUG com.alibaba.nacos.client.naming - failover switch is not found, 00-00---000-VIPSRV_FAILOVER_SWITCH-000---00-00
2026-05-18 16:37:02.415 [com.alibaba.nacos.naming.failover.0] [none] DEBUG com.alibaba.nacos.client.naming - failover switch is not found, 00-00---000-VIPSRV_FAILOVER_SWITCH-000---00-00
2026-05-18 16:37:07.425 [com.alibaba.nacos.naming.failover.0] [none] DEBUG com.alibaba.nacos.client.naming - failover switch is not found, 00-00---000-VIPSRV_FAILOVER_SWITCH-000---00-00
2026-05-18 16:37:12.434 [com.alibaba.nacos.naming.failover.0] [none] DEBUG com.alibaba.nacos.client.naming - failover switch is not found, 00-00---000-VIPSRV_FAILOVER_SWITCH-000---00-00
2026-05-18 16:37:17.448 [com.alibaba.nacos.naming.failover.0] [none] DEBUG com.alibaba.nacos.client.naming - failover switch is not found, 00-00---000-VIPSRV_FAILOVER_SWITCH-000---00-00
2026-05-18 16:37:22.463 [com.alibaba.nacos.naming.failover.0] [none] DEBUG com.alibaba.nacos.client.naming - failover switch is not found, 00-00---000-VIPSRV_FAILOVER_SWITCH-000---00-00
2026-05-18 16:37:27.472 [com.alibaba.nacos.naming.failover.0] [none] DEBUG com.alibaba.nacos.client.naming - failover switch is not found, 00-00---000-VIPSRV_FAILOVER_SWITCH-000---00-00
2026-05-18 16:37:32.481 [com.alibaba.nacos.naming.failover.0] [none] DEBUG com.alibaba.nacos.client.naming - failover switch is not found, 00-00---000-VIPSRV_FAILOVER_SWITCH-000---00-00
2026-05-18 16:37:37.486 [com.alibaba.nacos.naming.failover.0] [none] DEBUG com.alibaba.nacos.client.naming - failover switch is not found, 00-00---000-VIPSRV_FAILOVER_SWITCH-000---00-00
2026-05-18 16:37:42.496 [com.alibaba.nacos.naming.failover.0] [none] DEBUG com.alibaba.nacos.client.naming - failover switch is not found, 00-00---000-VIPSRV_FAILOVER_SWITCH-000---00-00
2026-05-18 16:37:47.497 [com.alibaba.nacos.naming.failover.0] [none] DEBUG com.alibaba.nacos.client.naming - failover switch is not found, 00-00---000-VIPSRV_FAILOVER_SWITCH-000---00-00
2026-05-18 16:37:52.506 [com.alibaba.nacos.naming.failover.0] [none] DEBUG com.alibaba.nacos.client.naming - failover switch is not found, 00-00---000-VIPSRV_FAILOVER_SWITCH-000---00-00
2026-05-18 16:37:57.521 [com.alibaba.nacos.naming.failover.0] [none] DEBUG com.alibaba.nacos.client.naming - failover switch is not found, 00-00---000-VIPSRV_FAILOVER_SWITCH-000---00-00
2026-05-18 16:38:02.538 [com.alibaba.nacos.naming.failover.0] [none] DEBUG com.alibaba.nacos.client.naming - failover switch is not found, 00-00---000-VIPSRV_FAILOVER_SWITCH-000---00-00
2026-05-18 16:38:07.542 [com.alibaba.nacos.naming.failover.0] [none] DEBUG com.alibaba.nacos.client.naming - failover switch is not found, 00-00---000-VIPSRV_FAILOVER_SWITCH-000---00-00
2026-05-18 16:38:12.547 [com.alibaba.nacos.naming.failover.0] [none] DEBUG com.alibaba.nacos.client.naming - failover switch is not found, 00-00---000-VIPSRV_FAILOVER_SWITCH-000---00-00
2026-05-18 16:38:17.551 [com.alibaba.nacos.naming.failover.0] [none] DEBUG com.alibaba.nacos.client.naming - failover switch is not found, 00-00---000-VIPSRV_FAILOVER_SWITCH-000---00-00
2026-05-18 16:38:22.561 [com.alibaba.nacos.naming.failover.0] [none] DEBUG com.alibaba.nacos.client.naming - failover switch is not found, 00-00---000-VIPSRV_FAILOVER_SWITCH-000---00-00
2026-05-18 16:38:27.574 [com.alibaba.nacos.naming.failover.0] [none] DEBUG com.alibaba.nacos.client.naming - failover switch is not found, 00-00---000-VIPSRV_FAILOVER_SWITCH-000---00-00
2026-05-18 16:38:32.584 [com.alibaba.nacos.naming.failover.0] [none] DEBUG com.alibaba.nacos.client.naming - failover switch is not found, 00-00---000-VIPSRV_FAILOVER_SWITCH-000---00-00
2026-05-18 16:38:37.597 [com.alibaba.nacos.naming.failover.0] [none] DEBUG com.alibaba.nacos.client.naming - failover switch is not found, 00-00---000-VIPSRV_FAILOVER_SWITCH-000---00-00
2026-05-18 16:38:42.609 [com.alibaba.nacos.naming.failover.0] [none] DEBUG com.alibaba.nacos.client.naming - failover switch is not found, 00-00---000-VIPSRV_FAILOVER_SWITCH-000---00-00
2026-05-18 16:38:47.618 [com.alibaba.nacos.naming.failover.0] [none] DEBUG com.alibaba.nacos.client.naming - failover switch is not found, 00-00---000-VIPSRV_FAILOVER_SWITCH-000---00-00
2026-05-18 16:38:52.620 [com.alibaba.nacos.naming.failover.0] [none] DEBUG com.alibaba.nacos.client.naming - failover switch is not found, 00-00---000-VIPSRV_FAILOVER_SWITCH-000---00-00
2026-05-18 16:38:57.635 [com.alibaba.nacos.naming.failover.0] [none] DEBUG com.alibaba.nacos.client.naming - failover switch is not found, 00-00---000-VIPSRV_FAILOVER_SWITCH-000---00-00
2026-05-18 16:39:02.639 [com.alibaba.nacos.naming.failover.0] [none] DEBUG com.alibaba.nacos.client.naming - failover switch is not found, 00-00---000-VIPSRV_FAILOVER_SWITCH-000---00-00
2026-05-18 16:39:07.646 [com.alibaba.nacos.naming.failover.0] [none] DEBUG com.alibaba.nacos.client.naming - failover switch is not found, 00-00---000-VIPSRV_FAILOVER_SWITCH-000---00-00
2026-05-18 16:39:12.654 [com.alibaba.nacos.naming.failover.0] [none] DEBUG com.alibaba.nacos.client.naming - failover switch is not found, 00-00---000-VIPSRV_FAILOVER_SWITCH-000---00-00
2026-05-18 16:39:17.667 [com.alibaba.nacos.naming.failover.0] [none] DEBUG com.alibaba.nacos.client.naming - failover switch is not found, 00-00---000-VIPSRV_FAILOVER_SWITCH-000---00-00
2026-05-18 16:39:22.681 [com.alibaba.nacos.naming.failover.0] [none] DEBUG com.alibaba.nacos.client.naming - failover switch is not found, 00-00---000-VIPSRV_FAILOVER_SWITCH-000---00-00
2026-05-18 16:39:27.687 [com.alibaba.nacos.naming.failover.0] [none] DEBUG com.alibaba.nacos.client.naming - failover switch is not found, 00-00---000-VIPSRV_FAILOVER_SWITCH-000---00-00
2026-05-18 16:39:32.697 [com.alibaba.nacos.naming.failover.0] [none] DEBUG com.alibaba.nacos.client.naming - failover switch is not found, 00-00---000-VIPSRV_FAILOVER_SWITCH-000---00-00
2026-05-18 16:39:37.710 [com.alibaba.nacos.naming.failover.0] [none] DEBUG com.alibaba.nacos.client.naming - failover switch is not found, 00-00---000-VIPSRV_FAILOVER_SWITCH-000---00-00
2026-05-18 16:39:42.721 [com.alibaba.nacos.naming.failover.0] [none] DEBUG com.alibaba.nacos.client.naming - failover switch is not found, 00-00---000-VIPSRV_FAILOVER_SWITCH-000---00-00
2026-05-18 16:39:47.725 [com.alibaba.nacos.naming.failover.0] [none] DEBUG com.alibaba.nacos.client.naming - failover switch is not found, 00-00---000-VIPSRV_FAILOVER_SWITCH-000---00-00
2026-05-18 16:39:52.725 [com.alibaba.nacos.naming.failover.0] [none] DEBUG com.alibaba.nacos.client.naming - failover switch is not found, 00-00---000-VIPSRV_FAILOVER_SWITCH-000---00-00
2026-05-18 16:39:57.739 [com.alibaba.nacos.naming.failover.0] [none] DEBUG com.alibaba.nacos.client.naming - failover switch is not found, 00-00---000-VIPSRV_FAILOVER_SWITCH-000---00-00
2026-05-18 16:40:02.743 [com.alibaba.nacos.naming.failover.0] [none] DEBUG com.alibaba.nacos.client.naming - failover switch is not found, 00-00---000-VIPSRV_FAILOVER_SWITCH-000---00-00
2026-05-18 16:40:07.761 [com.alibaba.nacos.naming.failover.0] [none] DEBUG com.alibaba.nacos.client.naming - failover switch is not found, 00-00---000-VIPSRV_FAILOVER_SWITCH-000---00-00
2026-05-18 16:40:12.766 [com.alibaba.nacos.naming.failover.0] [none] DEBUG com.alibaba.nacos.client.naming - failover switch is not found, 00-00---000-VIPSRV_FAILOVER_SWITCH-000---00-00
2026-05-18 16:40:17.767 [com.alibaba.nacos.naming.failover.0] [none] DEBUG com.alibaba.nacos.client.naming - failover switch is not found, 00-00---000-VIPSRV_FAILOVER_SWITCH-000---00-00
2026-05-18 16:40:22.781 [com.alibaba.nacos.naming.failover.0] [none] DEBUG com.alibaba.nacos.client.naming - failover switch is not found, 00-00---000-VIPSRV_FAILOVER_SWITCH-000---00-00
2026-05-18 16:40:27.788 [com.alibaba.nacos.naming.failover.0] [none] DEBUG com.alibaba.nacos.client.naming - failover switch is not found, 00-00---000-VIPSRV_FAILOVER_SWITCH-000---00-00
2026-05-18 16:40:32.799 [com.alibaba.nacos.naming.failover.0] [none] DEBUG com.alibaba.nacos.client.naming - failover switch is not found, 00-00---000-VIPSRV_FAILOVER_SWITCH-000---00-00
2026-05-18 16:40:37.808 [com.alibaba.nacos.naming.failover.0] [none] DEBUG com.alibaba.nacos.client.naming - failover switch is not found, 00-00---000-VIPSRV_FAILOVER_SWITCH-000---00-00
2026-05-18 16:40:42.817 [com.alibaba.nacos.naming.failover.0] [none] DEBUG com.alibaba.nacos.client.naming - failover switch is not found, 00-00---000-VIPSRV_FAILOVER_SWITCH-000---00-00
2026-05-18 16:40:47.822 [com.alibaba.nacos.naming.failover.0] [none] DEBUG com.alibaba.nacos.client.naming - failover switch is not found, 00-00---000-VIPSRV_FAILOVER_SWITCH-000---00-00
2026-05-18 16:40:52.837 [com.alibaba.nacos.naming.failover.0] [none] DEBUG com.alibaba.nacos.client.naming - failover switch is not found, 00-00---000-VIPSRV_FAILOVER_SWITCH-000---00-00
2026-05-18 16:40:57.841 [com.alibaba.nacos.naming.failover.0] [none] DEBUG com.alibaba.nacos.client.naming - failover switch is not found, 00-00---000-VIPSRV_FAILOVER_SWITCH-000---00-00
2026-05-18 16:41:02.846 [com.alibaba.nacos.naming.failover.0] [none] DEBUG com.alibaba.nacos.client.naming - failover switch is not found, 00-00---000-VIPSRV_FAILOVER_SWITCH-000---00-00
2026-05-18 16:41:07.854 [com.alibaba.nacos.naming.failover.0] [none] DEBUG com.alibaba.nacos.client.naming - failover switch is not found, 00-00---000-VIPSRV_FAILOVER_SWITCH-000---00-00
2026-05-18 16:41:12.868 [com.alibaba.nacos.naming.failover.0] [none] DEBUG com.alibaba.nacos.client.naming - failover switch is not found, 00-00---000-VIPSRV_FAILOVER_SWITCH-000---00-00
2026-05-18 16:41:17.879 [com.alibaba.nacos.naming.failover.0] [none] DEBUG com.alibaba.nacos.client.naming - failover switch is not found, 00-00---000-VIPSRV_FAILOVER_SWITCH-000---00-00
2026-05-18 16:41:22.894 [com.alibaba.nacos.naming.failover.0] [none] DEBUG com.alibaba.nacos.client.naming - failover switch is not found, 00-00---000-VIPSRV_FAILOVER_SWITCH-000---00-00
2026-05-18 16:41:27.900 [com.alibaba.nacos.naming.failover.0] [none] DEBUG com.alibaba.nacos.client.naming - failover switch is not found, 00-00---000-VIPSRV_FAILOVER_SWITCH-000---00-00
2026-05-18 16:41:32.911 [com.alibaba.nacos.naming.failover.0] [none] DEBUG com.alibaba.nacos.client.naming - failover switch is not found, 00-00---000-VIPSRV_FAILOVER_SWITCH-000---00-00
2026-05-18 16:41:37.916 [com.alibaba.nacos.naming.failover.0] [none] DEBUG com.alibaba.nacos.client.naming - failover switch is not found, 00-00---000-VIPSRV_FAILOVER_SWITCH-000---00-00
2026-05-18 16:41:42.926 [com.alibaba.nacos.naming.failover.0] [none] DEBUG com.alibaba.nacos.client.naming - failover switch is not found, 00-00---000-VIPSRV_FAILOVER_SWITCH-000---00-00
2026-05-18 16:41:47.928 [com.alibaba.nacos.naming.failover.0] [none] DEBUG com.alibaba.nacos.client.naming - failover switch is not found, 00-00---000-VIPSRV_FAILOVER_SWITCH-000---00-00
2026-05-18 16:41:52.928 [com.alibaba.nacos.naming.failover.0] [none] DEBUG com.alibaba.nacos.client.naming - failover switch is not found, 00-00---000-VIPSRV_FAILOVER_SWITCH-000---00-00
2026-05-18 16:41:57.938 [com.alibaba.nacos.naming.failover.0] [none] DEBUG com.alibaba.nacos.client.naming - failover switch is not found, 00-00---000-VIPSRV_FAILOVER_SWITCH-000---00-00
2026-05-18 16:42:02.941 [com.alibaba.nacos.naming.failover.0] [none] DEBUG com.alibaba.nacos.client.naming - failover switch is not found, 00-00---000-VIPSRV_FAILOVER_SWITCH-000---00-00
2026-05-18 16:42:07.985 [com.alibaba.nacos.naming.failover.0] [none] DEBUG com.alibaba.nacos.client.naming - failover switch is not found, 00-00---000-VIPSRV_FAILOVER_SWITCH-000---00-00
2026-05-18 16:42:12.995 [com.alibaba.nacos.naming.failover.0] [none] DEBUG com.alibaba.nacos.client.naming - failover switch is not found, 00-00---000-VIPSRV_FAILOVER_SWITCH-000---00-00
2026-05-18 16:42:18.006 [com.alibaba.nacos.naming.failover.0] [none] DEBUG com.alibaba.nacos.client.naming - failover switch is not found, 00-00---000-VIPSRV_FAILOVER_SWITCH-000---00-00
2026-05-18 16:42:23.009 [com.alibaba.nacos.naming.failover.0] [none] DEBUG com.alibaba.nacos.client.naming - failover switch is not found, 00-00---000-VIPSRV_FAILOVER_SWITCH-000---00-00
2026-05-18 16:42:28.011 [com.alibaba.nacos.naming.failover.0] [none] DEBUG com.alibaba.nacos.client.naming - failover switch is not found, 00-00---000-VIPSRV_FAILOVER_SWITCH-000---00-00
2026-05-18 16:42:33.014 [com.alibaba.nacos.naming.failover.0] [none] DEBUG com.alibaba.nacos.client.naming - failover switch is not found, 00-00---000-VIPSRV_FAILOVER_SWITCH-000---00-00
2026-05-18 16:42:38.022 [com.alibaba.nacos.naming.failover.0] [none] DEBUG com.alibaba.nacos.client.naming - failover switch is not found, 00-00---000-VIPSRV_FAILOVER_SWITCH-000---00-00
2026-05-18 16:42:43.029 [com.alibaba.nacos.naming.failover.0] [none] DEBUG com.alibaba.nacos.client.naming - failover switch is not found, 00-00---000-VIPSRV_FAILOVER_SWITCH-000---00-00
2026-05-18 16:42:48.040 [com.alibaba.nacos.naming.failover.0] [none] DEBUG com.alibaba.nacos.client.naming - failover switch is not found, 00-00---000-VIPSRV_FAILOVER_SWITCH-000---00-00
2026-05-18 16:42:53.042 [com.alibaba.nacos.naming.failover.0] [none] DEBUG com.alibaba.nacos.client.naming - failover switch is not found, 00-00---000-VIPSRV_FAILOVER_SWITCH-000---00-00
2026-05-18 16:42:58.052 [com.alibaba.nacos.naming.failover.0] [none] DEBUG com.alibaba.nacos.client.naming - failover switch is not found, 00-00---000-VIPSRV_FAILOVER_SWITCH-000---00-00
2026-05-18 16:43:03.056 [com.alibaba.nacos.naming.failover.0] [none] DEBUG com.alibaba.nacos.client.naming - failover switch is not found, 00-00---000-VIPSRV_FAILOVER_SWITCH-000---00-00
2026-05-18 16:43:08.069 [com.alibaba.nacos.naming.failover.0] [none] DEBUG com.alibaba.nacos.client.naming - failover switch is not found, 00-00---000-VIPSRV_FAILOVER_SWITCH-000---00-00
2026-05-18 16:43:13.075 [com.alibaba.nacos.naming.failover.0] [none] DEBUG com.alibaba.nacos.client.naming - failover switch is not found, 00-00---000-VIPSRV_FAILOVER_SWITCH-000---00-00
2026-05-18 16:43:18.081 [com.alibaba.nacos.naming.failover.0] [none] DEBUG com.alibaba.nacos.client.naming - failover switch is not found, 00-00---000-VIPSRV_FAILOVER_SWITCH-000---00-00
2026-05-18 16:43:23.083 [com.alibaba.nacos.naming.failover.0] [none] DEBUG com.alibaba.nacos.client.naming - failover switch is not found, 00-00---000-VIPSRV_FAILOVER_SWITCH-000---00-00
2026-05-18 16:43:28.098 [com.alibaba.nacos.naming.failover.0] [none] DEBUG com.alibaba.nacos.client.naming - failover switch is not found, 00-00---000-VIPSRV_FAILOVER_SWITCH-000---00-00
2026-05-18 16:43:33.102 [com.alibaba.nacos.naming.failover.0] [none] DEBUG com.alibaba.nacos.client.naming - failover switch is not found, 00-00---000-VIPSRV_FAILOVER_SWITCH-000---00-00
2026-05-18 16:43:38.103 [com.alibaba.nacos.naming.failover.0] [none] DEBUG com.alibaba.nacos.client.naming - failover switch is not found, 00-00---000-VIPSRV_FAILOVER_SWITCH-000---00-00
2026-05-18 16:43:43.115 [com.alibaba.nacos.naming.failover.0] [none] DEBUG com.alibaba.nacos.client.naming - failover switch is not found, 00-00---000-VIPSRV_FAILOVER_SWITCH-000---00-00
2026-05-18 16:43:48.128 [com.alibaba.nacos.naming.failover.0] [none] DEBUG com.alibaba.nacos.client.naming - failover switch is not found, 00-00---000-VIPSRV_FAILOVER_SWITCH-000---00-00
2026-05-18 16:43:53.131 [com.alibaba.nacos.naming.failover.0] [none] DEBUG com.alibaba.nacos.client.naming - failover switch is not found, 00-00---000-VIPSRV_FAILOVER_SWITCH-000---00-00
2026-05-18 16:43:58.135 [com.alibaba.nacos.naming.failover.0] [none] DEBUG com.alibaba.nacos.client.naming - failover switch is not found, 00-00---000-VIPSRV_FAILOVER_SWITCH-000---00-00
2026-05-18 16:44:03.143 [com.alibaba.nacos.naming.failover.0] [none] DEBUG com.alibaba.nacos.client.naming - failover switch is not found, 00-00---000-VIPSRV_FAILOVER_SWITCH-000---00-00
2026-05-18 16:44:08.153 [com.alibaba.nacos.naming.failover.0] [none] DEBUG com.alibaba.nacos.client.naming - failover switch is not found, 00-00---000-VIPSRV_FAILOVER_SWITCH-000---00-00
2026-05-18 16:44:13.162 [com.alibaba.nacos.naming.failover.0] [none] DEBUG com.alibaba.nacos.client.naming - failover switch is not found, 00-00---000-VIPSRV_FAILOVER_SWITCH-000---00-00
2026-05-18 16:44:18.174 [com.alibaba.nacos.naming.failover.0] [none] DEBUG com.alibaba.nacos.client.naming - failover switch is not found, 00-00---000-VIPSRV_FAILOVER_SWITCH-000---00-00
2026-05-18 16:44:23.184 [com.alibaba.nacos.naming.failover.0] [none] DEBUG com.alibaba.nacos.client.naming - failover switch is not found, 00-00---000-VIPSRV_FAILOVER_SWITCH-000---00-00
2026-05-18 16:44:28.185 [com.alibaba.nacos.naming.failover.0] [none] DEBUG com.alibaba.nacos.client.naming - failover switch is not found, 00-00---000-VIPSRV_FAILOVER_SWITCH-000---00-00
2026-05-18 16:44:33.193 [com.alibaba.nacos.naming.failover.0] [none] DEBUG com.alibaba.nacos.client.naming - failover switch is not found, 00-00---000-VIPSRV_FAILOVER_SWITCH-000---00-00
2026-05-18 16:44:38.204 [com.alibaba.nacos.naming.failover.0] [none] DEBUG com.alibaba.nacos.client.naming - failover switch is not found, 00-00---000-VIPSRV_FAILOVER_SWITCH-000---00-00
2026-05-18 16:44:43.215 [com.alibaba.nacos.naming.failover.0] [none] DEBUG com.alibaba.nacos.client.naming - failover switch is not found, 00-00---000-VIPSRV_FAILOVER_SWITCH-000---00-00
2026-05-18 16:44:48.224 [com.alibaba.nacos.naming.failover.0] [none] DEBUG com.alibaba.nacos.client.naming - failover switch is not found, 00-00---000-VIPSRV_FAILOVER_SWITCH-000---00-00
2026-05-18 16:44:53.234 [com.alibaba.nacos.naming.failover.0] [none] DEBUG com.alibaba.nacos.client.naming - failover switch is not found, 00-00---000-VIPSRV_FAILOVER_SWITCH-000---00-00
2026-05-18 16:44:58.248 [com.alibaba.nacos.naming.failover.0] [none] DEBUG com.alibaba.nacos.client.naming - failover switch is not found, 00-00---000-VIPSRV_FAILOVER_SWITCH-000---00-00
2026-05-18 16:45:03.251 [com.alibaba.nacos.naming.failover.0] [none] DEBUG com.alibaba.nacos.client.naming - failover switch is not found, 00-00---000-VIPSRV_FAILOVER_SWITCH-000---00-00
2026-05-18 16:45:08.259 [com.alibaba.nacos.naming.failover.0] [none] DEBUG com.alibaba.nacos.client.naming - failover switch is not found, 00-00---000-VIPSRV_FAILOVER_SWITCH-000---00-00
2026-05-18 16:45:13.263 [com.alibaba.nacos.naming.failover.0] [none] DEBUG com.alibaba.nacos.client.naming - failover switch is not found, 00-00---000-VIPSRV_FAILOVER_SWITCH-000---00-00
2026-05-18 16:45:18.272 [com.alibaba.nacos.naming.failover.0] [none] DEBUG com.alibaba.nacos.client.naming - failover switch is not found, 00-00---000-VIPSRV_FAILOVER_SWITCH-000---00-00
2026-05-18 16:45:23.284 [com.alibaba.nacos.naming.failover.0] [none] DEBUG com.alibaba.nacos.client.naming - failover switch is not found, 00-00---000-VIPSRV_FAILOVER_SWITCH-000---00-00
2026-05-18 16:45:28.297 [com.alibaba.nacos.naming.failover.0] [none] DEBUG com.alibaba.nacos.client.naming - failover switch is not found, 00-00---000-VIPSRV_FAILOVER_SWITCH-000---00-00
2026-05-18 16:45:33.311 [com.alibaba.nacos.naming.failover.0] [none] DEBUG com.alibaba.nacos.client.naming - failover switch is not found, 00-00---000-VIPSRV_FAILOVER_SWITCH-000---00-00
2026-05-18 16:45:38.321 [com.alibaba.nacos.naming.failover.0] [none] DEBUG com.alibaba.nacos.client.naming - failover switch is not found, 00-00---000-VIPSRV_FAILOVER_SWITCH-000---00-00
2026-05-18 16:45:43.331 [com.alibaba.nacos.naming.failover.0] [none] DEBUG com.alibaba.nacos.client.naming - failover switch is not found, 00-00---000-VIPSRV_FAILOVER_SWITCH-000---00-00
2026-05-18 16:45:48.340 [com.alibaba.nacos.naming.failover.0] [none] DEBUG com.alibaba.nacos.client.naming - failover switch is not found, 00-00---000-VIPSRV_FAILOVER_SWITCH-000---00-00
2026-05-18 16:45:53.341 [com.alibaba.nacos.naming.failover.0] [none] DEBUG com.alibaba.nacos.client.naming - failover switch is not found, 00-00---000-VIPSRV_FAILOVER_SWITCH-000---00-00
2026-05-18 16:45:58.351 [com.alibaba.nacos.naming.failover.0] [none] DEBUG com.alibaba.nacos.client.naming - failover switch is not found, 00-00---000-VIPSRV_FAILOVER_SWITCH-000---00-00
2026-05-18 16:46:03.359 [com.alibaba.nacos.naming.failover.0] [none] DEBUG com.alibaba.nacos.client.naming - failover switch is not found, 00-00---000-VIPSRV_FAILOVER_SWITCH-000---00-00
2026-05-18 16:46:08.373 [com.alibaba.nacos.naming.failover.0] [none] DEBUG com.alibaba.nacos.client.naming - failover switch is not found, 00-00---000-VIPSRV_FAILOVER_SWITCH-000---00-00
2026-05-18 16:46:13.379 [com.alibaba.nacos.naming.failover.0] [none] DEBUG com.alibaba.nacos.client.naming - failover switch is not found, 00-00---000-VIPSRV_FAILOVER_SWITCH-000---00-00
2026-05-18 16:46:18.388 [com.alibaba.nacos.naming.failover.0] [none] DEBUG com.alibaba.nacos.client.naming - failover switch is not found, 00-00---000-VIPSRV_FAILOVER_SWITCH-000---00-00
2026-05-18 16:46:23.401 [com.alibaba.nacos.naming.failover.0] [none] DEBUG com.alibaba.nacos.client.naming - failover switch is not found, 00-00---000-VIPSRV_FAILOVER_SWITCH-000---00-00
2026-05-18 16:46:28.414 [com.alibaba.nacos.naming.failover.0] [none] DEBUG com.alibaba.nacos.client.naming - failover switch is not found, 00-00---000-VIPSRV_FAILOVER_SWITCH-000---00-00
2026-05-18 16:46:33.420 [com.alibaba.nacos.naming.failover.0] [none] DEBUG com.alibaba.nacos.client.naming - failover switch is not found, 00-00---000-VIPSRV_FAILOVER_SWITCH-000---00-00
2026-05-18 16:46:38.424 [com.alibaba.nacos.naming.failover.0] [none] DEBUG com.alibaba.nacos.client.naming - failover switch is not found, 00-00---000-VIPSRV_FAILOVER_SWITCH-000---00-00
2026-05-18 16:46:43.428 [com.alibaba.nacos.naming.failover.0] [none] DEBUG com.alibaba.nacos.client.naming - failover switch is not found, 00-00---000-VIPSRV_FAILOVER_SWITCH-000---00-00
2026-05-18 16:46:48.434 [com.alibaba.nacos.naming.failover.0] [none] DEBUG com.alibaba.nacos.client.naming - failover switch is not found, 00-00---000-VIPSRV_FAILOVER_SWITCH-000---00-00
2026-05-18 16:46:53.435 [com.alibaba.nacos.naming.failover.0] [none] DEBUG com.alibaba.nacos.client.naming - failover switch is not found, 00-00---000-VIPSRV_FAILOVER_SWITCH-000---00-00
2026-05-18 16:46:58.443 [com.alibaba.nacos.naming.failover.0] [none] DEBUG com.alibaba.nacos.client.naming - failover switch is not found, 00-00---000-VIPSRV_FAILOVER_SWITCH-000---00-00
2026-05-18 16:47:03.455 [com.alibaba.nacos.naming.failover.0] [none] DEBUG com.alibaba.nacos.client.naming - failover switch is not found, 00-00---000-VIPSRV_FAILOVER_SWITCH-000---00-00
2026-05-18 16:47:08.464 [com.alibaba.nacos.naming.failover.0] [none] DEBUG com.alibaba.nacos.client.naming - failover switch is not found, 00-00---000-VIPSRV_FAILOVER_SWITCH-000---00-00
2026-05-18 16:47:13.476 [com.alibaba.nacos.naming.failover.0] [none] DEBUG com.alibaba.nacos.client.naming - failover switch is not found, 00-00---000-VIPSRV_FAILOVER_SWITCH-000---00-00
2026-05-18 16:47:18.481 [com.alibaba.nacos.naming.failover.0] [none] DEBUG com.alibaba.nacos.client.naming - failover switch is not found, 00-00---000-VIPSRV_FAILOVER_SWITCH-000---00-00
2026-05-18 16:47:23.486 [com.alibaba.nacos.naming.failover.0] [none] DEBUG com.alibaba.nacos.client.naming - failover switch is not found, 00-00---000-VIPSRV_FAILOVER_SWITCH-000---00-00
2026-05-18 16:47:28.505 [com.alibaba.nacos.naming.failover.0] [none] DEBUG com.alibaba.nacos.client.naming - failover switch is not found, 00-00---000-VIPSRV_FAILOVER_SWITCH-000---00-00
2026-05-18 16:47:33.506 [com.alibaba.nacos.naming.failover.0] [none] DEBUG com.alibaba.nacos.client.naming - failover switch is not found, 00-00---000-VIPSRV_FAILOVER_SWITCH-000---00-00
2026-05-18 16:47:38.507 [com.alibaba.nacos.naming.failover.0] [none] DEBUG com.alibaba.nacos.client.naming - failover switch is not found, 00-00---000-VIPSRV_FAILOVER_SWITCH-000---00-00
2026-05-18 16:47:43.523 [com.alibaba.nacos.naming.failover.0] [none] DEBUG com.alibaba.nacos.client.naming - failover switch is not found, 00-00---000-VIPSRV_FAILOVER_SWITCH-000---00-00
2026-05-18 16:47:48.530 [com.alibaba.nacos.naming.failover.0] [none] DEBUG com.alibaba.nacos.client.naming - failover switch is not found, 00-00---000-VIPSRV_FAILOVER_SWITCH-000---00-00
2026-05-18 16:47:53.534 [com.alibaba.nacos.naming.failover.0] [none] DEBUG com.alibaba.nacos.client.naming - failover switch is not found, 00-00---000-VIPSRV_FAILOVER_SWITCH-000---00-00
2026-05-18 16:47:58.535 [com.alibaba.nacos.naming.failover.0] [none] DEBUG com.alibaba.nacos.client.naming - failover switch is not found, 00-00---000-VIPSRV_FAILOVER_SWITCH-000---00-00
2026-05-18 16:48:03.535 [com.alibaba.nacos.naming.failover.0] [none] DEBUG com.alibaba.nacos.client.naming - failover switch is not found, 00-00---000-VIPSRV_FAILOVER_SWITCH-000---00-00
2026-05-18 16:48:08.549 [com.alibaba.nacos.naming.failover.0] [none] DEBUG com.alibaba.nacos.client.naming - failover switch is not found, 00-00---000-VIPSRV_FAILOVER_SWITCH-000---00-00
2026-05-18 16:48:13.550 [com.alibaba.nacos.naming.failover.0] [none] DEBUG com.alibaba.nacos.client.naming - failover switch is not found, 00-00---000-VIPSRV_FAILOVER_SWITCH-000---00-00
2026-05-18 16:48:18.551 [com.alibaba.nacos.naming.failover.0] [none] DEBUG com.alibaba.nacos.client.naming - failover switch is not found, 00-00---000-VIPSRV_FAILOVER_SWITCH-000---00-00
2026-05-18 16:48:23.552 [com.alibaba.nacos.naming.failover.0] [none] DEBUG com.alibaba.nacos.client.naming - failover switch is not found, 00-00---000-VIPSRV_FAILOVER_SWITCH-000---00-00
2026-05-18 16:48:28.573 [com.alibaba.nacos.naming.failover.0] [none] DEBUG com.alibaba.nacos.client.naming - failover switch is not found, 00-00---000-VIPSRV_FAILOVER_SWITCH-000---00-00
2026-05-18 16:48:33.584 [com.alibaba.nacos.naming.failover.0] [none] DEBUG com.alibaba.nacos.client.naming - failover switch is not found, 00-00---000-VIPSRV_FAILOVER_SWITCH-000---00-00
2026-05-18 16:48:38.595 [com.alibaba.nacos.naming.failover.0] [none] DEBUG com.alibaba.nacos.client.naming - failover switch is not found, 00-00---000-VIPSRV_FAILOVER_SWITCH-000---00-00
2026-05-18 16:48:43.599 [com.alibaba.nacos.naming.failover.0] [none] DEBUG com.alibaba.nacos.client.naming - failover switch is not found, 00-00---000-VIPSRV_FAILOVER_SWITCH-000---00-00
2026-05-18 16:48:48.607 [com.alibaba.nacos.naming.failover.0] [none] DEBUG com.alibaba.nacos.client.naming - failover switch is not found, 00-00---000-VIPSRV_FAILOVER_SWITCH-000---00-00
2026-05-18 16:48:53.614 [com.alibaba.nacos.naming.failover.0] [none] DEBUG com.alibaba.nacos.client.naming - failover switch is not found, 00-00---000-VIPSRV_FAILOVER_SWITCH-000---00-00
2026-05-18 16:48:58.619 [com.alibaba.nacos.naming.failover.0] [none] DEBUG com.alibaba.nacos.client.naming - failover switch is not found, 00-00---000-VIPSRV_FAILOVER_SWITCH-000---00-00
2026-05-18 16:49:03.626 [com.alibaba.nacos.naming.failover.0] [none] DEBUG com.alibaba.nacos.client.naming - failover switch is not found, 00-00---000-VIPSRV_FAILOVER_SWITCH-000---00-00
2026-05-18 16:49:08.634 [com.alibaba.nacos.naming.failover.0] [none] DEBUG com.alibaba.nacos.client.naming - failover switch is not found, 00-00---000-VIPSRV_FAILOVER_SWITCH-000---00-00
2026-05-18 16:49:13.636 [com.alibaba.nacos.naming.failover.0] [none] DEBUG com.alibaba.nacos.client.naming - failover switch is not found, 00-00---000-VIPSRV_FAILOVER_SWITCH-000---00-00
2026-05-18 16:49:18.646 [com.alibaba.nacos.naming.failover.0] [none] DEBUG com.alibaba.nacos.client.naming - failover switch is not found, 00-00---000-VIPSRV_FAILOVER_SWITCH-000---00-00
2026-05-18 16:49:23.648 [com.alibaba.nacos.naming.failover.0] [none] DEBUG com.alibaba.nacos.client.naming - failover switch is not found, 00-00---000-VIPSRV_FAILOVER_SWITCH-000---00-00
2026-05-18 16:49:28.651 [com.alibaba.nacos.naming.failover.0] [none] DEBUG com.alibaba.nacos.client.naming - failover switch is not found, 00-00---000-VIPSRV_FAILOVER_SWITCH-000---00-00
2026-05-18 16:49:33.664 [com.alibaba.nacos.naming.failover.0] [none] DEBUG com.alibaba.nacos.client.naming - failover switch is not found, 00-00---000-VIPSRV_FAILOVER_SWITCH-000---00-00
2026-05-18 16:49:38.668 [com.alibaba.nacos.naming.failover.0] [none] DEBUG com.alibaba.nacos.client.naming - failover switch is not found, 00-00---000-VIPSRV_FAILOVER_SWITCH-000---00-00
2026-05-18 16:49:43.672 [com.alibaba.nacos.naming.failover.0] [none] DEBUG com.alibaba.nacos.client.naming - failover switch is not found, 00-00---000-VIPSRV_FAILOVER_SWITCH-000---00-00
2026-05-18 16:49:48.676 [com.alibaba.nacos.naming.failover.0] [none] DEBUG com.alibaba.nacos.client.naming - failover switch is not found, 00-00---000-VIPSRV_FAILOVER_SWITCH-000---00-00
2026-05-18 16:49:53.677 [com.alibaba.nacos.naming.failover.0] [none] DEBUG com.alibaba.nacos.client.naming - failover switch is not found, 00-00---000-VIPSRV_FAILOVER_SWITCH-000---00-00
2026-05-18 16:49:58.706 [com.alibaba.nacos.naming.failover.0] [none] DEBUG com.alibaba.nacos.client.naming - failover switch is not found, 00-00---000-VIPSRV_FAILOVER_SWITCH-000---00-00
2026-05-18 16:50:03.715 [com.alibaba.nacos.naming.failover.0] [none] DEBUG com.alibaba.nacos.client.naming - failover switch is not found, 00-00---000-VIPSRV_FAILOVER_SWITCH-000---00-00
2026-05-18 16:50:08.715 [com.alibaba.nacos.naming.failover.0] [none] DEBUG com.alibaba.nacos.client.naming - failover switch is not found, 00-00---000-VIPSRV_FAILOVER_SWITCH-000---00-00
2026-05-18 16:50:13.719 [com.alibaba.nacos.naming.failover.0] [none] DEBUG com.alibaba.nacos.client.naming - failover switch is not found, 00-00---000-VIPSRV_FAILOVER_SWITCH-000---00-00
2026-05-18 16:50:18.726 [com.alibaba.nacos.naming.failover.0] [none] DEBUG com.alibaba.nacos.client.naming - failover switch is not found, 00-00---000-VIPSRV_FAILOVER_SWITCH-000---00-00
2026-05-18 16:50:23.741 [com.alibaba.nacos.naming.failover.0] [none] DEBUG com.alibaba.nacos.client.naming - failover switch is not found, 00-00---000-VIPSRV_FAILOVER_SWITCH-000---00-00
2026-05-18 16:50:28.750 [com.alibaba.nacos.naming.failover.0] [none] DEBUG com.alibaba.nacos.client.naming - failover switch is not found, 00-00---000-VIPSRV_FAILOVER_SWITCH-000---00-00
2026-05-18 16:50:33.751 [com.alibaba.nacos.naming.failover.0] [none] DEBUG com.alibaba.nacos.client.naming - failover switch is not found, 00-00---000-VIPSRV_FAILOVER_SWITCH-000---00-00
2026-05-18 16:50:38.755 [com.alibaba.nacos.naming.failover.0] [none] DEBUG com.alibaba.nacos.client.naming - failover switch is not found, 00-00---000-VIPSRV_FAILOVER_SWITCH-000---00-00
2026-05-18 16:50:43.770 [com.alibaba.nacos.naming.failover.0] [none] DEBUG com.alibaba.nacos.client.naming - failover switch is not found, 00-00---000-VIPSRV_FAILOVER_SWITCH-000---00-00
2026-05-18 16:50:48.772 [com.alibaba.nacos.naming.failover.0] [none] DEBUG com.alibaba.nacos.client.naming - failover switch is not found, 00-00---000-VIPSRV_FAILOVER_SWITCH-000---00-00
2026-05-18 16:50:53.777 [com.alibaba.nacos.naming.failover.0] [none] DEBUG com.alibaba.nacos.client.naming - failover switch is not found, 00-00---000-VIPSRV_FAILOVER_SWITCH-000---00-00
2026-05-18 16:50:58.786 [com.alibaba.nacos.naming.failover.0] [none] DEBUG com.alibaba.nacos.client.naming - failover switch is not found, 00-00---000-VIPSRV_FAILOVER_SWITCH-000---00-00
2026-05-18 16:51:03.804 [com.alibaba.nacos.naming.failover.0] [none] DEBUG com.alibaba.nacos.client.naming - failover switch is not found, 00-00---000-VIPSRV_FAILOVER_SWITCH-000---00-00
2026-05-18 16:51:08.810 [com.alibaba.nacos.naming.failover.0] [none] DEBUG com.alibaba.nacos.client.naming - failover switch is not found, 00-00---000-VIPSRV_FAILOVER_SWITCH-000---00-00
2026-05-18 16:51:13.819 [com.alibaba.nacos.naming.failover.0] [none] DEBUG com.alibaba.nacos.client.naming - failover switch is not found, 00-00---000-VIPSRV_FAILOVER_SWITCH-000---00-00
2026-05-18 16:51:18.835 [com.alibaba.nacos.naming.failover.0] [none] DEBUG com.alibaba.nacos.client.naming - failover switch is not found, 00-00---000-VIPSRV_FAILOVER_SWITCH-000---00-00
2026-05-18 16:51:23.846 [com.alibaba.nacos.naming.failover.0] [none] DEBUG com.alibaba.nacos.client.naming - failover switch is not found, 00-00---000-VIPSRV_FAILOVER_SWITCH-000---00-00
2026-05-18 16:51:28.877 [com.alibaba.nacos.naming.failover.0] [none] DEBUG com.alibaba.nacos.client.naming - failover switch is not found, 00-00---000-VIPSRV_FAILOVER_SWITCH-000---00-00
2026-05-18 16:51:33.891 [com.alibaba.nacos.naming.failover.0] [none] DEBUG com.alibaba.nacos.client.naming - failover switch is not found, 00-00---000-VIPSRV_FAILOVER_SWITCH-000---00-00
2026-05-18 16:51:38.901 [com.alibaba.nacos.naming.failover.0] [none] DEBUG com.alibaba.nacos.client.naming - failover switch is not found, 00-00---000-VIPSRV_FAILOVER_SWITCH-000---00-00
2026-05-18 16:51:43.905 [com.alibaba.nacos.naming.failover.0] [none] DEBUG com.alibaba.nacos.client.naming - failover switch is not found, 00-00---000-VIPSRV_FAILOVER_SWITCH-000---00-00
2026-05-18 16:51:48.930 [com.alibaba.nacos.naming.failover.0] [none] DEBUG com.alibaba.nacos.client.naming - failover switch is not found, 00-00---000-VIPSRV_FAILOVER_SWITCH-000---00-00
2026-05-18 16:51:53.931 [com.alibaba.nacos.naming.failover.0] [none] DEBUG com.alibaba.nacos.client.naming - failover switch is not found, 00-00---000-VIPSRV_FAILOVER_SWITCH-000---00-00
2026-05-18 16:51:58.932 [com.alibaba.nacos.naming.failover.0] [none] DEBUG com.alibaba.nacos.client.naming - failover switch is not found, 00-00---000-VIPSRV_FAILOVER_SWITCH-000---00-00
2026-05-18 16:52:03.933 [com.alibaba.nacos.naming.failover.0] [none] DEBUG com.alibaba.nacos.client.naming - failover switch is not found, 00-00---000-VIPSRV_FAILOVER_SWITCH-000---00-00
2026-05-18 16:52:08.934 [com.alibaba.nacos.naming.failover.0] [none] DEBUG com.alibaba.nacos.client.naming - failover switch is not found, 00-00---000-VIPSRV_FAILOVER_SWITCH-000---00-00
2026-05-18 16:52:13.984 [com.alibaba.nacos.naming.failover.0] [none] DEBUG com.alibaba.nacos.client.naming - failover switch is not found, 00-00---000-VIPSRV_FAILOVER_SWITCH-000---00-00
2026-05-18 16:52:18.985 [com.alibaba.nacos.naming.failover.0] [none] DEBUG com.alibaba.nacos.client.naming - failover switch is not found, 00-00---000-VIPSRV_FAILOVER_SWITCH-000---00-00
2026-05-18 16:52:24.017 [com.alibaba.nacos.naming.failover.0] [none] DEBUG com.alibaba.nacos.client.naming - failover switch is not found, 00-00---000-VIPSRV_FAILOVER_SWITCH-000---00-00
2026-05-18 16:52:29.018 [com.alibaba.nacos.naming.failover.0] [none] DEBUG com.alibaba.nacos.client.naming - failover switch is not found, 00-00---000-VIPSRV_FAILOVER_SWITCH-000---00-00
2026-05-18 16:52:34.019 [com.alibaba.nacos.naming.failover.0] [none] DEBUG com.alibaba.nacos.client.naming - failover switch is not found, 00-00---000-VIPSRV_FAILOVER_SWITCH-000---00-00
2026-05-18 16:52:39.020 [com.alibaba.nacos.naming.failover.0] [none] DEBUG com.alibaba.nacos.client.naming - failover switch is not found, 00-00---000-VIPSRV_FAILOVER_SWITCH-000---00-00
2026-05-18 16:52:44.021 [com.alibaba.nacos.naming.failover.0] [none] DEBUG com.alibaba.nacos.client.naming - failover switch is not found, 00-00---000-VIPSRV_FAILOVER_SWITCH-000---00-00
2026-05-18 16:52:49.021 [com.alibaba.nacos.naming.failover.0] [none] DEBUG com.alibaba.nacos.client.naming - failover switch is not found, 00-00---000-VIPSRV_FAILOVER_SWITCH-000---00-00
2026-05-18 16:52:54.025 [com.alibaba.nacos.naming.failover.0] [none] DEBUG com.alibaba.nacos.client.naming - failover switch is not found, 00-00---000-VIPSRV_FAILOVER_SWITCH-000---00-00
2026-05-18 16:52:59.026 [com.alibaba.nacos.naming.failover.0] [none] DEBUG com.alibaba.nacos.client.naming - failover switch is not found, 00-00---000-VIPSRV_FAILOVER_SWITCH-000---00-00
2026-05-18 16:53:04.027 [com.alibaba.nacos.naming.failover.0] [none] DEBUG com.alibaba.nacos.client.naming - failover switch is not found, 00-00---000-VIPSRV_FAILOVER_SWITCH-000---00-00
2026-05-18 16:53:09.028 [com.alibaba.nacos.naming.failover.0] [none] DEBUG com.alibaba.nacos.client.naming - failover switch is not found, 00-00---000-VIPSRV_FAILOVER_SWITCH-000---00-00
2026-05-18 16:53:14.051 [com.alibaba.nacos.naming.failover.0] [none] DEBUG com.alibaba.nacos.client.naming - failover switch is not found, 00-00---000-VIPSRV_FAILOVER_SWITCH-000---00-00
2026-05-18 16:53:19.053 [com.alibaba.nacos.naming.failover.0] [none] DEBUG com.alibaba.nacos.client.naming - failover switch is not found, 00-00---000-VIPSRV_FAILOVER_SWITCH-000---00-00
2026-05-18 16:53:24.055 [com.alibaba.nacos.naming.failover.0] [none] DEBUG com.alibaba.nacos.client.naming - failover switch is not found, 00-00---000-VIPSRV_FAILOVER_SWITCH-000---00-00
2026-05-18 16:53:29.056 [com.alibaba.nacos.naming.failover.0] [none] DEBUG com.alibaba.nacos.client.naming - failover switch is not found, 00-00---000-VIPSRV_FAILOVER_SWITCH-000---00-00
2026-05-18 16:53:34.057 [com.alibaba.nacos.naming.failover.0] [none] DEBUG com.alibaba.nacos.client.naming - failover switch is not found, 00-00---000-VIPSRV_FAILOVER_SWITCH-000---00-00
2026-05-18 16:53:39.058 [com.alibaba.nacos.naming.failover.0] [none] DEBUG com.alibaba.nacos.client.naming - failover switch is not found, 00-00---000-VIPSRV_FAILOVER_SWITCH-000---00-00
2026-05-18 16:53:44.059 [com.alibaba.nacos.naming.failover.0] [none] DEBUG com.alibaba.nacos.client.naming - failover switch is not found, 00-00---000-VIPSRV_FAILOVER_SWITCH-000---00-00
2026-05-18 16:53:49.059 [com.alibaba.nacos.naming.failover.0] [none] DEBUG com.alibaba.nacos.client.naming - failover switch is not found, 00-00---000-VIPSRV_FAILOVER_SWITCH-000---00-00
2026-05-18 16:53:54.060 [com.alibaba.nacos.naming.failover.0] [none] DEBUG com.alibaba.nacos.client.naming - failover switch is not found, 00-00---000-VIPSRV_FAILOVER_SWITCH-000---00-00
2026-05-18 16:53:59.060 [com.alibaba.nacos.naming.failover.0] [none] DEBUG com.alibaba.nacos.client.naming - failover switch is not found, 00-00---000-VIPSRV_FAILOVER_SWITCH-000---00-00
2026-05-18 16:54:04.061 [com.alibaba.nacos.naming.failover.0] [none] DEBUG com.alibaba.nacos.client.naming - failover switch is not found, 00-00---000-VIPSRV_FAILOVER_SWITCH-000---00-00
2026-05-18 16:54:09.063 [com.alibaba.nacos.naming.failover.0] [none] DEBUG com.alibaba.nacos.client.naming - failover switch is not found, 00-00---000-VIPSRV_FAILOVER_SWITCH-000---00-00
2026-05-18 16:54:14.063 [com.alibaba.nacos.naming.failover.0] [none] DEBUG com.alibaba.nacos.client.naming - failover switch is not found, 00-00---000-VIPSRV_FAILOVER_SWITCH-000---00-00
2026-05-18 16:54:19.064 [com.alibaba.nacos.naming.failover.0] [none] DEBUG com.alibaba.nacos.client.naming - failover switch is not found, 00-00---000-VIPSRV_FAILOVER_SWITCH-000---00-00
2026-05-18 16:54:24.065 [com.alibaba.nacos.naming.failover.0] [none] DEBUG com.alibaba.nacos.client.naming - failover switch is not found, 00-00---000-VIPSRV_FAILOVER_SWITCH-000---00-00
2026-05-18 16:54:29.066 [com.alibaba.nacos.naming.failover.0] [none] DEBUG com.alibaba.nacos.client.naming - failover switch is not found, 00-00---000-VIPSRV_FAILOVER_SWITCH-000---00-00
2026-05-18 16:54:34.067 [com.alibaba.nacos.naming.failover.0] [none] DEBUG com.alibaba.nacos.client.naming - failover switch is not found, 00-00---000-VIPSRV_FAILOVER_SWITCH-000---00-00
2026-05-18 16:54:39.068 [com.alibaba.nacos.naming.failover.0] [none] DEBUG com.alibaba.nacos.client.naming - failover switch is not found, 00-00---000-VIPSRV_FAILOVER_SWITCH-000---00-00
2026-05-18 16:54:44.068 [com.alibaba.nacos.naming.failover.0] [none] DEBUG com.alibaba.nacos.client.naming - failover switch is not found, 00-00---000-VIPSRV_FAILOVER_SWITCH-000---00-00
2026-05-18 16:54:49.069 [com.alibaba.nacos.naming.failover.0] [none] DEBUG com.alibaba.nacos.client.naming - failover switch is not found, 00-00---000-VIPSRV_FAILOVER_SWITCH-000---00-00
2026-05-18 16:54:54.071 [com.alibaba.nacos.naming.failover.0] [none] DEBUG com.alibaba.nacos.client.naming - failover switch is not found, 00-00---000-VIPSRV_FAILOVER_SWITCH-000---00-00
2026-05-18 16:54:59.072 [com.alibaba.nacos.naming.failover.0] [none] DEBUG com.alibaba.nacos.client.naming - failover switch is not found, 00-00---000-VIPSRV_FAILOVER_SWITCH-000---00-00
2026-05-18 16:55:04.072 [com.alibaba.nacos.naming.failover.0] [none] DEBUG com.alibaba.nacos.client.naming - failover switch is not found, 00-00---000-VIPSRV_FAILOVER_SWITCH-000---00-00
2026-05-18 16:55:09.073 [com.alibaba.nacos.naming.failover.0] [none] DEBUG com.alibaba.nacos.client.naming - failover switch is not found, 00-00---000-VIPSRV_FAILOVER_SWITCH-000---00-00
2026-05-18 16:55:14.073 [com.alibaba.nacos.naming.failover.0] [none] DEBUG com.alibaba.nacos.client.naming - failover switch is not found, 00-00---000-VIPSRV_FAILOVER_SWITCH-000---00-00
2026-05-18 16:55:19.075 [com.alibaba.nacos.naming.failover.0] [none] DEBUG com.alibaba.nacos.client.naming - failover switch is not found, 00-00---000-VIPSRV_FAILOVER_SWITCH-000---00-00
2026-05-18 16:55:24.077 [com.alibaba.nacos.naming.failover.0] [none] DEBUG com.alibaba.nacos.client.naming - failover switch is not found, 00-00---000-VIPSRV_FAILOVER_SWITCH-000---00-00
2026-05-18 16:55:29.078 [com.alibaba.nacos.naming.failover.0] [none] DEBUG com.alibaba.nacos.client.naming - failover switch is not found, 00-00---000-VIPSRV_FAILOVER_SWITCH-000---00-00
2026-05-18 16:55:34.079 [com.alibaba.nacos.naming.failover.0] [none] DEBUG com.alibaba.nacos.client.naming - failover switch is not found, 00-00---000-VIPSRV_FAILOVER_SWITCH-000---00-00
2026-05-18 16:55:39.080 [com.alibaba.nacos.naming.failover.0] [none] DEBUG com.alibaba.nacos.client.naming - failover switch is not found, 00-00---000-VIPSRV_FAILOVER_SWITCH-000---00-00
2026-05-18 16:55:44.081 [com.alibaba.nacos.naming.failover.0] [none] DEBUG com.alibaba.nacos.client.naming - failover switch is not found, 00-00---000-VIPSRV_FAILOVER_SWITCH-000---00-00
2026-05-18 16:55:49.082 [com.alibaba.nacos.naming.failover.0] [none] DEBUG com.alibaba.nacos.client.naming - failover switch is not found, 00-00---000-VIPSRV_FAILOVER_SWITCH-000---00-00
2026-05-18 16:55:54.083 [com.alibaba.nacos.naming.failover.0] [none] DEBUG com.alibaba.nacos.client.naming - failover switch is not found, 00-00---000-VIPSRV_FAILOVER_SWITCH-000---00-00
2026-05-18 16:55:59.084 [com.alibaba.nacos.naming.failover.0] [none] DEBUG com.alibaba.nacos.client.naming - failover switch is not found, 00-00---000-VIPSRV_FAILOVER_SWITCH-000---00-00
2026-05-18 16:56:04.085 [com.alibaba.nacos.naming.failover.0] [none] DEBUG com.alibaba.nacos.client.naming - failover switch is not found, 00-00---000-VIPSRV_FAILOVER_SWITCH-000---00-00
2026-05-18 16:56:09.087 [com.alibaba.nacos.naming.failover.0] [none] DEBUG com.alibaba.nacos.client.naming - failover switch is not found, 00-00---000-VIPSRV_FAILOVER_SWITCH-000---00-00
2026-05-18 16:56:14.110 [com.alibaba.nacos.naming.failover.0] [none] DEBUG com.alibaba.nacos.client.naming - failover switch is not found, 00-00---000-VIPSRV_FAILOVER_SWITCH-000---00-00
2026-05-18 16:56:19.112 [com.alibaba.nacos.naming.failover.0] [none] DEBUG com.alibaba.nacos.client.naming - failover switch is not found, 00-00---000-VIPSRV_FAILOVER_SWITCH-000---00-00
2026-05-18 16:56:24.113 [com.alibaba.nacos.naming.failover.0] [none] DEBUG com.alibaba.nacos.client.naming - failover switch is not found, 00-00---000-VIPSRV_FAILOVER_SWITCH-000---00-00
2026-05-18 16:56:29.114 [com.alibaba.nacos.naming.failover.0] [none] DEBUG com.alibaba.nacos.client.naming - failover switch is not found, 00-00---000-VIPSRV_FAILOVER_SWITCH-000---00-00
2026-05-18 16:56:34.115 [com.alibaba.nacos.naming.failover.0] [none] DEBUG com.alibaba.nacos.client.naming - failover switch is not found, 00-00---000-VIPSRV_FAILOVER_SWITCH-000---00-00
2026-05-18 16:56:39.116 [com.alibaba.nacos.naming.failover.0] [none] DEBUG com.alibaba.nacos.client.naming - failover switch is not found, 00-00---000-VIPSRV_FAILOVER_SWITCH-000---00-00
2026-05-18 16:56:44.118 [com.alibaba.nacos.naming.failover.0] [none] DEBUG com.alibaba.nacos.client.naming - failover switch is not found, 00-00---000-VIPSRV_FAILOVER_SWITCH-000---00-00
2026-05-18 16:56:49.119 [com.alibaba.nacos.naming.failover.0] [none] DEBUG com.alibaba.nacos.client.naming - failover switch is not found, 00-00---000-VIPSRV_FAILOVER_SWITCH-000---00-00
2026-05-18 16:56:54.120 [com.alibaba.nacos.naming.failover.0] [none] DEBUG com.alibaba.nacos.client.naming - failover switch is not found, 00-00---000-VIPSRV_FAILOVER_SWITCH-000---00-00
2026-05-18 16:56:59.121 [com.alibaba.nacos.naming.failover.0] [none] DEBUG com.alibaba.nacos.client.naming - failover switch is not found, 00-00---000-VIPSRV_FAILOVER_SWITCH-000---00-00
2026-05-18 16:57:04.122 [com.alibaba.nacos.naming.failover.0] [none] DEBUG com.alibaba.nacos.client.naming - failover switch is not found, 00-00---000-VIPSRV_FAILOVER_SWITCH-000---00-00
2026-05-18 16:57:09.123 [com.alibaba.nacos.naming.failover.0] [none] DEBUG com.alibaba.nacos.client.naming - failover switch is not found, 00-00---000-VIPSRV_FAILOVER_SWITCH-000---00-00
2026-05-18 16:57:14.125 [com.alibaba.nacos.naming.failover.0] [none] DEBUG com.alibaba.nacos.client.naming - failover switch is not found, 00-00---000-VIPSRV_FAILOVER_SWITCH-000---00-00
2026-05-18 16:57:19.126 [com.alibaba.nacos.naming.failover.0] [none] DEBUG com.alibaba.nacos.client.naming - failover switch is not found, 00-00---000-VIPSRV_FAILOVER_SWITCH-000---00-00
2026-05-18 16:57:24.127 [com.alibaba.nacos.naming.failover.0] [none] DEBUG com.alibaba.nacos.client.naming - failover switch is not found, 00-00---000-VIPSRV_FAILOVER_SWITCH-000---00-00
2026-05-18 16:57:29.129 [com.alibaba.nacos.naming.failover.0] [none] DEBUG com.alibaba.nacos.client.naming - failover switch is not found, 00-00---000-VIPSRV_FAILOVER_SWITCH-000---00-00
2026-05-18 16:57:34.130 [com.alibaba.nacos.naming.failover.0] [none] DEBUG com.alibaba.nacos.client.naming - failover switch is not found, 00-00---000-VIPSRV_FAILOVER_SWITCH-000---00-00
2026-05-18 16:57:39.132 [com.alibaba.nacos.naming.failover.0] [none] DEBUG com.alibaba.nacos.client.naming - failover switch is not found, 00-00---000-VIPSRV_FAILOVER_SWITCH-000---00-00
2026-05-18 16:57:44.132 [com.alibaba.nacos.naming.failover.0] [none] DEBUG com.alibaba.nacos.client.naming - failover switch is not found, 00-00---000-VIPSRV_FAILOVER_SWITCH-000---00-00
2026-05-18 16:57:49.133 [com.alibaba.nacos.naming.failover.0] [none] DEBUG com.alibaba.nacos.client.naming - failover switch is not found, 00-00---000-VIPSRV_FAILOVER_SWITCH-000---00-00
2026-05-18 16:57:54.134 [com.alibaba.nacos.naming.failover.0] [none] DEBUG com.alibaba.nacos.client.naming - failover switch is not found, 00-00---000-VIPSRV_FAILOVER_SWITCH-000---00-00
2026-05-18 16:57:59.135 [com.alibaba.nacos.naming.failover.0] [none] DEBUG com.alibaba.nacos.client.naming - failover switch is not found, 00-00---000-VIPSRV_FAILOVER_SWITCH-000---00-00
2026-05-18 16:58:04.136 [com.alibaba.nacos.naming.failover.0] [none] DEBUG com.alibaba.nacos.client.naming - failover switch is not found, 00-00---000-VIPSRV_FAILOVER_SWITCH-000---00-00
2026-05-18 16:58:09.137 [com.alibaba.nacos.naming.failover.0] [none] DEBUG com.alibaba.nacos.client.naming - failover switch is not found, 00-00---000-VIPSRV_FAILOVER_SWITCH-000---00-00
2026-05-18 16:58:14.137 [com.alibaba.nacos.naming.failover.0] [none] DEBUG com.alibaba.nacos.client.naming - failover switch is not found, 00-00---000-VIPSRV_FAILOVER_SWITCH-000---00-00
2026-05-18 16:58:19.139 [com.alibaba.nacos.naming.failover.0] [none] DEBUG com.alibaba.nacos.client.naming - failover switch is not found, 00-00---000-VIPSRV_FAILOVER_SWITCH-000---00-00
2026-05-18 16:58:24.140 [com.alibaba.nacos.naming.failover.0] [none] DEBUG com.alibaba.nacos.client.naming - failover switch is not found, 00-00---000-VIPSRV_FAILOVER_SWITCH-000---00-00
2026-05-18 16:58:29.142 [com.alibaba.nacos.naming.failover.0] [none] DEBUG com.alibaba.nacos.client.naming - failover switch is not found, 00-00---000-VIPSRV_FAILOVER_SWITCH-000---00-00
2026-05-18 16:58:34.144 [com.alibaba.nacos.naming.failover.0] [none] DEBUG com.alibaba.nacos.client.naming - failover switch is not found, 00-00---000-VIPSRV_FAILOVER_SWITCH-000---00-00
2026-05-18 16:58:39.144 [com.alibaba.nacos.naming.failover.0] [none] DEBUG com.alibaba.nacos.client.naming - failover switch is not found, 00-00---000-VIPSRV_FAILOVER_SWITCH-000---00-00
2026-05-18 16:58:44.145 [com.alibaba.nacos.naming.failover.0] [none] DEBUG com.alibaba.nacos.client.naming - failover switch is not found, 00-00---000-VIPSRV_FAILOVER_SWITCH-000---00-00
2026-05-18 16:58:49.147 [com.alibaba.nacos.naming.failover.0] [none] DEBUG com.alibaba.nacos.client.naming - failover switch is not found, 00-00---000-VIPSRV_FAILOVER_SWITCH-000---00-00
2026-05-18 16:58:54.150 [com.alibaba.nacos.naming.failover.0] [none] DEBUG com.alibaba.nacos.client.naming - failover switch is not found, 00-00---000-VIPSRV_FAILOVER_SWITCH-000---00-00
2026-05-18 16:58:59.153 [com.alibaba.nacos.naming.failover.0] [none] DEBUG com.alibaba.nacos.client.naming - failover switch is not found, 00-00---000-VIPSRV_FAILOVER_SWITCH-000---00-00
2026-05-18 16:59:04.153 [com.alibaba.nacos.naming.failover.0] [none] DEBUG com.alibaba.nacos.client.naming - failover switch is not found, 00-00---000-VIPSRV_FAILOVER_SWITCH-000---00-00
2026-05-18 16:59:09.154 [com.alibaba.nacos.naming.failover.0] [none] DEBUG com.alibaba.nacos.client.naming - failover switch is not found, 00-00---000-VIPSRV_FAILOVER_SWITCH-000---00-00
2026-05-18 16:59:14.155 [com.alibaba.nacos.naming.failover.0] [none] DEBUG com.alibaba.nacos.client.naming - failover switch is not found, 00-00---000-VIPSRV_FAILOVER_SWITCH-000---00-00
2026-05-18 16:59:19.156 [com.alibaba.nacos.naming.failover.0] [none] DEBUG com.alibaba.nacos.client.naming - failover switch is not found, 00-00---000-VIPSRV_FAILOVER_SWITCH-000---00-00
2026-05-18 16:59:24.157 [com.alibaba.nacos.naming.failover.0] [none] DEBUG com.alibaba.nacos.client.naming - failover switch is not found, 00-00---000-VIPSRV_FAILOVER_SWITCH-000---00-00
2026-05-18 16:59:29.157 [com.alibaba.nacos.naming.failover.0] [none] DEBUG com.alibaba.nacos.client.naming - failover switch is not found, 00-00---000-VIPSRV_FAILOVER_SWITCH-000---00-00
2026-05-18 16:59:34.158 [com.alibaba.nacos.naming.failover.0] [none] DEBUG com.alibaba.nacos.client.naming - failover switch is not found, 00-00---000-VIPSRV_FAILOVER_SWITCH-000---00-00
2026-05-18 16:59:39.159 [com.alibaba.nacos.naming.failover.0] [none] DEBUG com.alibaba.nacos.client.naming - failover switch is not found, 00-00---000-VIPSRV_FAILOVER_SWITCH-000---00-00
2026-05-18 16:59:44.161 [com.alibaba.nacos.naming.failover.0] [none] DEBUG com.alibaba.nacos.client.naming - failover switch is not found, 00-00---000-VIPSRV_FAILOVER_SWITCH-000---00-00
2026-05-18 16:59:49.162 [com.alibaba.nacos.naming.failover.0] [none] DEBUG com.alibaba.nacos.client.naming - failover switch is not found, 00-00---000-VIPSRV_FAILOVER_SWITCH-000---00-00
2026-05-18 16:59:54.162 [com.alibaba.nacos.naming.failover.0] [none] DEBUG com.alibaba.nacos.client.naming - failover switch is not found, 00-00---000-VIPSRV_FAILOVER_SWITCH-000---00-00
2026-05-18 16:59:59.163 [com.alibaba.nacos.naming.failover.0] [none] DEBUG com.alibaba.nacos.client.naming - failover switch is not found, 00-00---000-VIPSRV_FAILOVER_SWITCH-000---00-00
2026-05-18 17:00:04.167 [com.alibaba.nacos.naming.failover.0] [none] DEBUG com.alibaba.nacos.client.naming - failover switch is not found, 00-00---000-VIPSRV_FAILOVER_SWITCH-000---00-00
2026-05-18 17:00:09.167 [com.alibaba.nacos.naming.failover.0] [none] DEBUG com.alibaba.nacos.client.naming - failover switch is not found, 00-00---000-VIPSRV_FAILOVER_SWITCH-000---00-00
2026-05-18 17:00:14.169 [com.alibaba.nacos.naming.failover.0] [none] DEBUG com.alibaba.nacos.client.naming - failover switch is not found, 00-00---000-VIPSRV_FAILOVER_SWITCH-000---00-00
2026-05-18 17:00:19.175 [com.alibaba.nacos.naming.failover.0] [none] DEBUG com.alibaba.nacos.client.naming - failover switch is not found, 00-00---000-VIPSRV_FAILOVER_SWITCH-000---00-00
2026-05-18 17:00:24.176 [com.alibaba.nacos.naming.failover.0] [none] DEBUG com.alibaba.nacos.client.naming - failover switch is not found, 00-00---000-VIPSRV_FAILOVER_SWITCH-000---00-00
2026-05-18 17:00:29.177 [com.alibaba.nacos.naming.failover.0] [none] DEBUG com.alibaba.nacos.client.naming - failover switch is not found, 00-00---000-VIPSRV_FAILOVER_SWITCH-000---00-00
2026-05-18 17:00:34.179 [com.alibaba.nacos.naming.failover.0] [none] DEBUG com.alibaba.nacos.client.naming - failover switch is not found, 00-00---000-VIPSRV_FAILOVER_SWITCH-000---00-00
2026-05-18 17:00:39.181 [com.alibaba.nacos.naming.failover.0] [none] DEBUG com.alibaba.nacos.client.naming - failover switch is not found, 00-00---000-VIPSRV_FAILOVER_SWITCH-000---00-00
2026-05-18 17:00:44.181 [com.alibaba.nacos.naming.failover.0] [none] DEBUG com.alibaba.nacos.client.naming - failover switch is not found, 00-00---000-VIPSRV_FAILOVER_SWITCH-000---00-00
2026-05-18 17:00:49.184 [com.alibaba.nacos.naming.failover.0] [none] DEBUG com.alibaba.nacos.client.naming - failover switch is not found, 00-00---000-VIPSRV_FAILOVER_SWITCH-000---00-00
2026-05-18 17:00:54.185 [com.alibaba.nacos.naming.failover.0] [none] DEBUG com.alibaba.nacos.client.naming - failover switch is not found, 00-00---000-VIPSRV_FAILOVER_SWITCH-000---00-00
2026-05-18 17:00:59.186 [com.alibaba.nacos.naming.failover.0] [none] DEBUG com.alibaba.nacos.client.naming - failover switch is not found, 00-00---000-VIPSRV_FAILOVER_SWITCH-000---00-00
2026-05-18 17:01:04.189 [com.alibaba.nacos.naming.failover.0] [none] DEBUG com.alibaba.nacos.client.naming - failover switch is not found, 00-00---000-VIPSRV_FAILOVER_SWITCH-000---00-00
2026-05-18 17:01:09.190 [com.alibaba.nacos.naming.failover.0] [none] DEBUG com.alibaba.nacos.client.naming - failover switch is not found, 00-00---000-VIPSRV_FAILOVER_SWITCH-000---00-00
2026-05-18 17:01:14.192 [com.alibaba.nacos.naming.failover.0] [none] DEBUG com.alibaba.nacos.client.naming - failover switch is not found, 00-00---000-VIPSRV_FAILOVER_SWITCH-000---00-00
2026-05-18 17:01:19.194 [com.alibaba.nacos.naming.failover.0] [none] DEBUG com.alibaba.nacos.client.naming - failover switch is not found, 00-00---000-VIPSRV_FAILOVER_SWITCH-000---00-00
2026-05-18 17:01:24.199 [com.alibaba.nacos.naming.failover.0] [none] DEBUG com.alibaba.nacos.client.naming - failover switch is not found, 00-00---000-VIPSRV_FAILOVER_SWITCH-000---00-00
2026-05-18 17:01:29.201 [com.alibaba.nacos.naming.failover.0] [none] DEBUG com.alibaba.nacos.client.naming - failover switch is not found, 00-00---000-VIPSRV_FAILOVER_SWITCH-000---00-00
2026-05-18 17:01:34.201 [com.alibaba.nacos.naming.failover.0] [none] DEBUG com.alibaba.nacos.client.naming - failover switch is not found, 00-00---000-VIPSRV_FAILOVER_SWITCH-000---00-00
2026-05-18 17:01:39.203 [com.alibaba.nacos.naming.failover.0] [none] DEBUG com.alibaba.nacos.client.naming - failover switch is not found, 00-00---000-VIPSRV_FAILOVER_SWITCH-000---00-00
2026-05-18 17:01:44.204 [com.alibaba.nacos.naming.failover.0] [none] DEBUG com.alibaba.nacos.client.naming - failover switch is not found, 00-00---000-VIPSRV_FAILOVER_SWITCH-000---00-00
2026-05-18 17:01:49.205 [com.alibaba.nacos.naming.failover.0] [none] DEBUG com.alibaba.nacos.client.naming - failover switch is not found, 00-00---000-VIPSRV_FAILOVER_SWITCH-000---00-00
2026-05-18 17:01:54.206 [com.alibaba.nacos.naming.failover.0] [none] DEBUG com.alibaba.nacos.client.naming - failover switch is not found, 00-00---000-VIPSRV_FAILOVER_SWITCH-000---00-00
2026-05-18 17:01:59.207 [com.alibaba.nacos.naming.failover.0] [none] DEBUG com.alibaba.nacos.client.naming - failover switch is not found, 00-00---000-VIPSRV_FAILOVER_SWITCH-000---00-00
2026-05-18 17:02:04.208 [com.alibaba.nacos.naming.failover.0] [none] DEBUG com.alibaba.nacos.client.naming - failover switch is not found, 00-00---000-VIPSRV_FAILOVER_SWITCH-000---00-00
2026-05-18 17:02:09.209 [com.alibaba.nacos.naming.failover.0] [none] DEBUG com.alibaba.nacos.client.naming - failover switch is not found, 00-00---000-VIPSRV_FAILOVER_SWITCH-000---00-00
2026-05-18 17:02:14.211 [com.alibaba.nacos.naming.failover.0] [none] DEBUG com.alibaba.nacos.client.naming - failover switch is not found, 00-00---000-VIPSRV_FAILOVER_SWITCH-000---00-00
2026-05-18 17:02:19.212 [com.alibaba.nacos.naming.failover.0] [none] DEBUG com.alibaba.nacos.client.naming - failover switch is not found, 00-00---000-VIPSRV_FAILOVER_SWITCH-000---00-00
2026-05-18 17:02:24.213 [com.alibaba.nacos.naming.failover.0] [none] DEBUG com.alibaba.nacos.client.naming - failover switch is not found, 00-00---000-VIPSRV_FAILOVER_SWITCH-000---00-00
2026-05-18 17:02:29.213 [com.alibaba.nacos.naming.failover.0] [none] DEBUG com.alibaba.nacos.client.naming - failover switch is not found, 00-00---000-VIPSRV_FAILOVER_SWITCH-000---00-00
2026-05-18 17:02:34.215 [com.alibaba.nacos.naming.failover.0] [none] DEBUG com.alibaba.nacos.client.naming - failover switch is not found, 00-00---000-VIPSRV_FAILOVER_SWITCH-000---00-00
2026-05-18 17:02:39.215 [com.alibaba.nacos.naming.failover.0] [none] DEBUG com.alibaba.nacos.client.naming - failover switch is not found, 00-00---000-VIPSRV_FAILOVER_SWITCH-000---00-00
2026-05-18 17:02:44.216 [com.alibaba.nacos.naming.failover.0] [none] DEBUG com.alibaba.nacos.client.naming - failover switch is not found, 00-00---000-VIPSRV_FAILOVER_SWITCH-000---00-00
2026-05-18 17:02:49.217 [com.alibaba.nacos.naming.failover.0] [none] DEBUG com.alibaba.nacos.client.naming - failover switch is not found, 00-00---000-VIPSRV_FAILOVER_SWITCH-000---00-00
2026-05-18 17:02:54.220 [com.alibaba.nacos.naming.failover.0] [none] DEBUG com.alibaba.nacos.client.naming - failover switch is not found, 00-00---000-VIPSRV_FAILOVER_SWITCH-000---00-00
2026-05-18 17:02:59.221 [com.alibaba.nacos.naming.failover.0] [none] DEBUG com.alibaba.nacos.client.naming - failover switch is not found, 00-00---000-VIPSRV_FAILOVER_SWITCH-000---00-00
2026-05-18 17:03:04.222 [com.alibaba.nacos.naming.failover.0] [none] DEBUG com.alibaba.nacos.client.naming - failover switch is not found, 00-00---000-VIPSRV_FAILOVER_SWITCH-000---00-00
2026-05-18 17:03:09.223 [com.alibaba.nacos.naming.failover.0] [none] DEBUG com.alibaba.nacos.client.naming - failover switch is not found, 00-00---000-VIPSRV_FAILOVER_SWITCH-000---00-00
2026-05-18 17:03:14.223 [com.alibaba.nacos.naming.failover.0] [none] DEBUG com.alibaba.nacos.client.naming - failover switch is not found, 00-00---000-VIPSRV_FAILOVER_SWITCH-000---00-00
2026-05-18 17:03:19.224 [com.alibaba.nacos.naming.failover.0] [none] DEBUG com.alibaba.nacos.client.naming - failover switch is not found, 00-00---000-VIPSRV_FAILOVER_SWITCH-000---00-00
2026-05-18 17:03:24.225 [com.alibaba.nacos.naming.failover.0] [none] DEBUG com.alibaba.nacos.client.naming - failover switch is not found, 00-00---000-VIPSRV_FAILOVER_SWITCH-000---00-00
2026-05-18 17:03:29.227 [com.alibaba.nacos.naming.failover.0] [none] DEBUG com.alibaba.nacos.client.naming - failover switch is not found, 00-00---000-VIPSRV_FAILOVER_SWITCH-000---00-00
2026-05-18 17:03:34.229 [com.alibaba.nacos.naming.failover.0] [none] DEBUG com.alibaba.nacos.client.naming - failover switch is not found, 00-00---000-VIPSRV_FAILOVER_SWITCH-000---00-00
2026-05-18 17:03:39.231 [com.alibaba.nacos.naming.failover.0] [none] DEBUG com.alibaba.nacos.client.naming - failover switch is not found, 00-00---000-VIPSRV_FAILOVER_SWITCH-000---00-00
2026-05-18 17:03:44.231 [com.alibaba.nacos.naming.failover.0] [none] DEBUG com.alibaba.nacos.client.naming - failover switch is not found, 00-00---000-VIPSRV_FAILOVER_SWITCH-000---00-00
2026-05-18 17:03:49.232 [com.alibaba.nacos.naming.failover.0] [none] DEBUG com.alibaba.nacos.client.naming - failover switch is not found, 00-00---000-VIPSRV_FAILOVER_SWITCH-000---00-00
2026-05-18 17:03:54.233 [com.alibaba.nacos.naming.failover.0] [none] DEBUG com.alibaba.nacos.client.naming - failover switch is not found, 00-00---000-VIPSRV_FAILOVER_SWITCH-000---00-00
2026-05-18 17:03:59.235 [com.alibaba.nacos.naming.failover.0] [none] DEBUG com.alibaba.nacos.client.naming - failover switch is not found, 00-00---000-VIPSRV_FAILOVER_SWITCH-000---00-00
2026-05-18 17:04:04.235 [com.alibaba.nacos.naming.failover.0] [none] DEBUG com.alibaba.nacos.client.naming - failover switch is not found, 00-00---000-VIPSRV_FAILOVER_SWITCH-000---00-00
2026-05-18 17:04:09.237 [com.alibaba.nacos.naming.failover.0] [none] DEBUG com.alibaba.nacos.client.naming - failover switch is not found, 00-00---000-VIPSRV_FAILOVER_SWITCH-000---00-00
2026-05-18 17:04:14.238 [com.alibaba.nacos.naming.failover.0] [none] DEBUG com.alibaba.nacos.client.naming - failover switch is not found, 00-00---000-VIPSRV_FAILOVER_SWITCH-000---00-00
2026-05-18 17:04:19.238 [com.alibaba.nacos.naming.failover.0] [none] DEBUG com.alibaba.nacos.client.naming - failover switch is not found, 00-00---000-VIPSRV_FAILOVER_SWITCH-000---00-00
2026-05-18 17:04:24.239 [com.alibaba.nacos.naming.failover.0] [none] DEBUG com.alibaba.nacos.client.naming - failover switch is not found, 00-00---000-VIPSRV_FAILOVER_SWITCH-000---00-00
2026-05-18 17:04:29.242 [com.alibaba.nacos.naming.failover.0] [none] DEBUG com.alibaba.nacos.client.naming - failover switch is not found, 00-00---000-VIPSRV_FAILOVER_SWITCH-000---00-00
2026-05-18 17:04:34.242 [com.alibaba.nacos.naming.failover.0] [none] DEBUG com.alibaba.nacos.client.naming - failover switch is not found, 00-00---000-VIPSRV_FAILOVER_SWITCH-000---00-00
2026-05-18 17:04:39.243 [com.alibaba.nacos.naming.failover.0] [none] DEBUG com.alibaba.nacos.client.naming - failover switch is not found, 00-00---000-VIPSRV_FAILOVER_SWITCH-000---00-00
2026-05-18 17:04:44.245 [com.alibaba.nacos.naming.failover.0] [none] DEBUG com.alibaba.nacos.client.naming - failover switch is not found, 00-00---000-VIPSRV_FAILOVER_SWITCH-000---00-00
2026-05-18 17:04:49.246 [com.alibaba.nacos.naming.failover.0] [none] DEBUG com.alibaba.nacos.client.naming - failover switch is not found, 00-00---000-VIPSRV_FAILOVER_SWITCH-000---00-00
2026-05-18 17:04:54.246 [com.alibaba.nacos.naming.failover.0] [none] DEBUG com.alibaba.nacos.client.naming - failover switch is not found, 00-00---000-VIPSRV_FAILOVER_SWITCH-000---00-00
2026-05-18 17:04:59.247 [com.alibaba.nacos.naming.failover.0] [none] DEBUG com.alibaba.nacos.client.naming - failover switch is not found, 00-00---000-VIPSRV_FAILOVER_SWITCH-000---00-00
2026-05-18 17:05:04.247 [com.alibaba.nacos.naming.failover.0] [none] DEBUG com.alibaba.nacos.client.naming - failover switch is not found, 00-00---000-VIPSRV_FAILOVER_SWITCH-000---00-00
2026-05-18 17:05:09.248 [com.alibaba.nacos.naming.failover.0] [none] DEBUG com.alibaba.nacos.client.naming - failover switch is not found, 00-00---000-VIPSRV_FAILOVER_SWITCH-000---00-00
2026-05-18 17:05:14.248 [com.alibaba.nacos.naming.failover.0] [none] DEBUG com.alibaba.nacos.client.naming - failover switch is not found, 00-00---000-VIPSRV_FAILOVER_SWITCH-000---00-00
2026-05-18 17:05:19.249 [com.alibaba.nacos.naming.failover.0] [none] DEBUG com.alibaba.nacos.client.naming - failover switch is not found, 00-00---000-VIPSRV_FAILOVER_SWITCH-000---00-00
2026-05-18 17:05:24.251 [com.alibaba.nacos.naming.failover.0] [none] DEBUG com.alibaba.nacos.client.naming - failover switch is not found, 00-00---000-VIPSRV_FAILOVER_SWITCH-000---00-00
2026-05-18 17:05:29.252 [com.alibaba.nacos.naming.failover.0] [none] DEBUG com.alibaba.nacos.client.naming - failover switch is not found, 00-00---000-VIPSRV_FAILOVER_SWITCH-000---00-00
2026-05-18 17:05:34.253 [com.alibaba.nacos.naming.failover.0] [none] DEBUG com.alibaba.nacos.client.naming - failover switch is not found, 00-00---000-VIPSRV_FAILOVER_SWITCH-000---00-00
2026-05-18 17:05:39.254 [com.alibaba.nacos.naming.failover.0] [none] DEBUG com.alibaba.nacos.client.naming - failover switch is not found, 00-00---000-VIPSRV_FAILOVER_SWITCH-000---00-00
2026-05-18 17:05:44.255 [com.alibaba.nacos.naming.failover.0] [none] DEBUG com.alibaba.nacos.client.naming - failover switch is not found, 00-00---000-VIPSRV_FAILOVER_SWITCH-000---00-00
2026-05-18 17:05:49.255 [com.alibaba.nacos.naming.failover.0] [none] DEBUG com.alibaba.nacos.client.naming - failover switch is not found, 00-00---000-VIPSRV_FAILOVER_SWITCH-000---00-00
2026-05-18 17:05:54.257 [com.alibaba.nacos.naming.failover.0] [none] DEBUG com.alibaba.nacos.client.naming - failover switch is not found, 00-00---000-VIPSRV_FAILOVER_SWITCH-000---00-00
2026-05-18 17:05:59.257 [com.alibaba.nacos.naming.failover.0] [none] DEBUG com.alibaba.nacos.client.naming - failover switch is not found, 00-00---000-VIPSRV_FAILOVER_SWITCH-000---00-00
2026-05-18 17:06:04.258 [com.alibaba.nacos.naming.failover.0] [none] DEBUG com.alibaba.nacos.client.naming - failover switch is not found, 00-00---000-VIPSRV_FAILOVER_SWITCH-000---00-00
2026-05-18 17:06:09.259 [com.alibaba.nacos.naming.failover.0] [none] DEBUG com.alibaba.nacos.client.naming - failover switch is not found, 00-00---000-VIPSRV_FAILOVER_SWITCH-000---00-00
2026-05-18 17:06:14.259 [com.alibaba.nacos.naming.failover.0] [none] DEBUG com.alibaba.nacos.client.naming - failover switch is not found, 00-00---000-VIPSRV_FAILOVER_SWITCH-000---00-00
2026-05-18 17:06:19.260 [com.alibaba.nacos.naming.failover.0] [none] DEBUG com.alibaba.nacos.client.naming - failover switch is not found, 00-00---000-VIPSRV_FAILOVER_SWITCH-000---00-00
2026-05-18 17:06:24.262 [com.alibaba.nacos.naming.failover.0] [none] DEBUG com.alibaba.nacos.client.naming - failover switch is not found, 00-00---000-VIPSRV_FAILOVER_SWITCH-000---00-00
2026-05-18 17:06:29.262 [com.alibaba.nacos.naming.failover.0] [none] DEBUG com.alibaba.nacos.client.naming - failover switch is not found, 00-00---000-VIPSRV_FAILOVER_SWITCH-000---00-00
2026-05-18 17:06:34.264 [com.alibaba.nacos.naming.failover.0] [none] DEBUG com.alibaba.nacos.client.naming - failover switch is not found, 00-00---000-VIPSRV_FAILOVER_SWITCH-000---00-00
2026-05-18 17:06:39.265 [com.alibaba.nacos.naming.failover.0] [none] DEBUG com.alibaba.nacos.client.naming - failover switch is not found, 00-00---000-VIPSRV_FAILOVER_SWITCH-000---00-00
2026-05-18 17:06:44.267 [com.alibaba.nacos.naming.failover.0] [none] DEBUG com.alibaba.nacos.client.naming - failover switch is not found, 00-00---000-VIPSRV_FAILOVER_SWITCH-000---00-00
2026-05-18 17:06:49.268 [com.alibaba.nacos.naming.failover.0] [none] DEBUG com.alibaba.nacos.client.naming - failover switch is not found, 00-00---000-VIPSRV_FAILOVER_SWITCH-000---00-00
2026-05-18 17:06:54.269 [com.alibaba.nacos.naming.failover.0] [none] DEBUG com.alibaba.nacos.client.naming - failover switch is not found, 00-00---000-VIPSRV_FAILOVER_SWITCH-000---00-00
2026-05-18 17:06:59.270 [com.alibaba.nacos.naming.failover.0] [none] DEBUG com.alibaba.nacos.client.naming - failover switch is not found, 00-00---000-VIPSRV_FAILOVER_SWITCH-000---00-00
2026-05-18 17:07:04.271 [com.alibaba.nacos.naming.failover.0] [none] DEBUG com.alibaba.nacos.client.naming - failover switch is not found, 00-00---000-VIPSRV_FAILOVER_SWITCH-000---00-00
2026-05-18 17:07:09.274 [com.alibaba.nacos.naming.failover.0] [none] DEBUG com.alibaba.nacos.client.naming - failover switch is not found, 00-00---000-VIPSRV_FAILOVER_SWITCH-000---00-00
2026-05-18 17:07:14.274 [com.alibaba.nacos.naming.failover.0] [none] DEBUG com.alibaba.nacos.client.naming - failover switch is not found, 00-00---000-VIPSRV_FAILOVER_SWITCH-000---00-00
2026-05-18 17:07:19.276 [com.alibaba.nacos.naming.failover.0] [none] DEBUG com.alibaba.nacos.client.naming - failover switch is not found, 00-00---000-VIPSRV_FAILOVER_SWITCH-000---00-00
2026-05-18 17:07:24.278 [com.alibaba.nacos.naming.failover.0] [none] DEBUG com.alibaba.nacos.client.naming - failover switch is not found, 00-00---000-VIPSRV_FAILOVER_SWITCH-000---00-00
2026-05-18 17:07:29.279 [com.alibaba.nacos.naming.failover.0] [none] DEBUG com.alibaba.nacos.client.naming - failover switch is not found, 00-00---000-VIPSRV_FAILOVER_SWITCH-000---00-00
2026-05-18 17:07:34.280 [com.alibaba.nacos.naming.failover.0] [none] DEBUG com.alibaba.nacos.client.naming - failover switch is not found, 00-00---000-VIPSRV_FAILOVER_SWITCH-000---00-00
2026-05-18 17:07:39.280 [com.alibaba.nacos.naming.failover.0] [none] DEBUG com.alibaba.nacos.client.naming - failover switch is not found, 00-00---000-VIPSRV_FAILOVER_SWITCH-000---00-00
2026-05-18 17:07:44.281 [com.alibaba.nacos.naming.failover.0] [none] DEBUG com.alibaba.nacos.client.naming - failover switch is not found, 00-00---000-VIPSRV_FAILOVER_SWITCH-000---00-00
2026-05-18 17:07:49.298 [com.alibaba.nacos.naming.failover.0] [none] DEBUG com.alibaba.nacos.client.naming - failover switch is not found, 00-00---000-VIPSRV_FAILOVER_SWITCH-000---00-00
2026-05-18 17:07:54.299 [com.alibaba.nacos.naming.failover.0] [none] DEBUG com.alibaba.nacos.client.naming - failover switch is not found, 00-00---000-VIPSRV_FAILOVER_SWITCH-000---00-00
2026-05-18 17:07:59.300 [com.alibaba.nacos.naming.failover.0] [none] DEBUG com.alibaba.nacos.client.naming - failover switch is not found, 00-00---000-VIPSRV_FAILOVER_SWITCH-000---00-00
2026-05-18 17:08:04.301 [com.alibaba.nacos.naming.failover.0] [none] DEBUG com.alibaba.nacos.client.naming - failover switch is not found, 00-00---000-VIPSRV_FAILOVER_SWITCH-000---00-00
2026-05-18 17:08:09.302 [com.alibaba.nacos.naming.failover.0] [none] DEBUG com.alibaba.nacos.client.naming - failover switch is not found, 00-00---000-VIPSRV_FAILOVER_SWITCH-000---00-00
2026-05-18 17:08:14.303 [com.alibaba.nacos.naming.failover.0] [none] DEBUG com.alibaba.nacos.client.naming - failover switch is not found, 00-00---000-VIPSRV_FAILOVER_SWITCH-000---00-00
2026-05-18 17:08:19.305 [com.alibaba.nacos.naming.failover.0] [none] DEBUG com.alibaba.nacos.client.naming - failover switch is not found, 00-00---000-VIPSRV_FAILOVER_SWITCH-000---00-00
2026-05-18 17:08:24.306 [com.alibaba.nacos.naming.failover.0] [none] DEBUG com.alibaba.nacos.client.naming - failover switch is not found, 00-00---000-VIPSRV_FAILOVER_SWITCH-000---00-00
2026-05-18 17:08:29.307 [com.alibaba.nacos.naming.failover.0] [none] DEBUG com.alibaba.nacos.client.naming - failover switch is not found, 00-00---000-VIPSRV_FAILOVER_SWITCH-000---00-00
2026-05-18 17:08:34.308 [com.alibaba.nacos.naming.failover.0] [none] DEBUG com.alibaba.nacos.client.naming - failover switch is not found, 00-00---000-VIPSRV_FAILOVER_SWITCH-000---00-00
2026-05-18 17:08:39.310 [com.alibaba.nacos.naming.failover.0] [none] DEBUG com.alibaba.nacos.client.naming - failover switch is not found, 00-00---000-VIPSRV_FAILOVER_SWITCH-000---00-00
2026-05-18 17:08:44.310 [com.alibaba.nacos.naming.failover.0] [none] DEBUG com.alibaba.nacos.client.naming - failover switch is not found, 00-00---000-VIPSRV_FAILOVER_SWITCH-000---00-00
2026-05-18 17:08:49.314 [com.alibaba.nacos.naming.failover.0] [none] DEBUG com.alibaba.nacos.client.naming - failover switch is not found, 00-00---000-VIPSRV_FAILOVER_SWITCH-000---00-00
2026-05-18 17:08:54.317 [com.alibaba.nacos.naming.failover.0] [none] DEBUG com.alibaba.nacos.client.naming - failover switch is not found, 00-00---000-VIPSRV_FAILOVER_SWITCH-000---00-00
2026-05-18 17:08:59.319 [com.alibaba.nacos.naming.failover.0] [none] DEBUG com.alibaba.nacos.client.naming - failover switch is not found, 00-00---000-VIPSRV_FAILOVER_SWITCH-000---00-00
2026-05-18 17:09:04.324 [com.alibaba.nacos.naming.failover.0] [none] DEBUG com.alibaba.nacos.client.naming - failover switch is not found, 00-00---000-VIPSRV_FAILOVER_SWITCH-000---00-00
2026-05-18 17:09:09.327 [com.alibaba.nacos.naming.failover.0] [none] DEBUG com.alibaba.nacos.client.naming - failover switch is not found, 00-00---000-VIPSRV_FAILOVER_SWITCH-000---00-00
2026-05-18 17:09:14.328 [com.alibaba.nacos.naming.failover.0] [none] DEBUG com.alibaba.nacos.client.naming - failover switch is not found, 00-00---000-VIPSRV_FAILOVER_SWITCH-000---00-00
2026-05-18 17:09:19.345 [com.alibaba.nacos.naming.failover.0] [none] DEBUG com.alibaba.nacos.client.naming - failover switch is not found, 00-00---000-VIPSRV_FAILOVER_SWITCH-000---00-00
2026-05-18 17:09:24.347 [com.alibaba.nacos.naming.failover.0] [none] DEBUG com.alibaba.nacos.client.naming - failover switch is not found, 00-00---000-VIPSRV_FAILOVER_SWITCH-000---00-00
2026-05-18 17:09:29.347 [com.alibaba.nacos.naming.failover.0] [none] DEBUG com.alibaba.nacos.client.naming - failover switch is not found, 00-00---000-VIPSRV_FAILOVER_SWITCH-000---00-00
2026-05-18 17:09:34.365 [com.alibaba.nacos.naming.failover.0] [none] DEBUG com.alibaba.nacos.client.naming - failover switch is not found, 00-00---000-VIPSRV_FAILOVER_SWITCH-000---00-00
2026-05-18 17:09:39.365 [com.alibaba.nacos.naming.failover.0] [none] DEBUG com.alibaba.nacos.client.naming - failover switch is not found, 00-00---000-VIPSRV_FAILOVER_SWITCH-000---00-00
2026-05-18 17:09:44.366 [com.alibaba.nacos.naming.failover.0] [none] DEBUG com.alibaba.nacos.client.naming - failover switch is not found, 00-00---000-VIPSRV_FAILOVER_SWITCH-000---00-00
2026-05-18 17:09:49.368 [com.alibaba.nacos.naming.failover.0] [none] DEBUG com.alibaba.nacos.client.naming - failover switch is not found, 00-00---000-VIPSRV_FAILOVER_SWITCH-000---00-00
2026-05-18 17:09:54.369 [com.alibaba.nacos.naming.failover.0] [none] DEBUG com.alibaba.nacos.client.naming - failover switch is not found, 00-00---000-VIPSRV_FAILOVER_SWITCH-000---00-00
2026-05-18 17:09:59.371 [com.alibaba.nacos.naming.failover.0] [none] DEBUG com.alibaba.nacos.client.naming - failover switch is not found, 00-00---000-VIPSRV_FAILOVER_SWITCH-000---00-00
2026-05-18 17:10:04.372 [com.alibaba.nacos.naming.failover.0] [none] DEBUG com.alibaba.nacos.client.naming - failover switch is not found, 00-00---000-VIPSRV_FAILOVER_SWITCH-000---00-00
2026-05-18 17:10:09.373 [com.alibaba.nacos.naming.failover.0] [none] DEBUG com.alibaba.nacos.client.naming - failover switch is not found, 00-00---000-VIPSRV_FAILOVER_SWITCH-000---00-00
2026-05-18 17:10:14.374 [com.alibaba.nacos.naming.failover.0] [none] DEBUG com.alibaba.nacos.client.naming - failover switch is not found, 00-00---000-VIPSRV_FAILOVER_SWITCH-000---00-00
2026-05-18 17:10:19.374 [com.alibaba.nacos.naming.failover.0] [none] DEBUG com.alibaba.nacos.client.naming - failover switch is not found, 00-00---000-VIPSRV_FAILOVER_SWITCH-000---00-00
2026-05-18 17:10:24.376 [com.alibaba.nacos.naming.failover.0] [none] DEBUG com.alibaba.nacos.client.naming - failover switch is not found, 00-00---000-VIPSRV_FAILOVER_SWITCH-000---00-00
2026-05-18 17:10:29.378 [com.alibaba.nacos.naming.failover.0] [none] DEBUG com.alibaba.nacos.client.naming - failover switch is not found, 00-00---000-VIPSRV_FAILOVER_SWITCH-000---00-00
2026-05-18 17:10:34.379 [com.alibaba.nacos.naming.failover.0] [none] DEBUG com.alibaba.nacos.client.naming - failover switch is not found, 00-00---000-VIPSRV_FAILOVER_SWITCH-000---00-00
2026-05-18 17:10:39.381 [com.alibaba.nacos.naming.failover.0] [none] DEBUG com.alibaba.nacos.client.naming - failover switch is not found, 00-00---000-VIPSRV_FAILOVER_SWITCH-000---00-00
2026-05-18 17:10:44.382 [com.alibaba.nacos.naming.failover.0] [none] DEBUG com.alibaba.nacos.client.naming - failover switch is not found, 00-00---000-VIPSRV_FAILOVER_SWITCH-000---00-00
2026-05-18 17:10:49.383 [com.alibaba.nacos.naming.failover.0] [none] DEBUG com.alibaba.nacos.client.naming - failover switch is not found, 00-00---000-VIPSRV_FAILOVER_SWITCH-000---00-00
2026-05-18 17:10:54.385 [com.alibaba.nacos.naming.failover.0] [none] DEBUG com.alibaba.nacos.client.naming - failover switch is not found, 00-00---000-VIPSRV_FAILOVER_SWITCH-000---00-00
2026-05-18 17:10:59.387 [com.alibaba.nacos.naming.failover.0] [none] DEBUG com.alibaba.nacos.client.naming - failover switch is not found, 00-00---000-VIPSRV_FAILOVER_SWITCH-000---00-00
2026-05-18 17:11:04.387 [com.alibaba.nacos.naming.failover.0] [none] DEBUG com.alibaba.nacos.client.naming - failover switch is not found, 00-00---000-VIPSRV_FAILOVER_SWITCH-000---00-00
2026-05-18 17:11:09.388 [com.alibaba.nacos.naming.failover.0] [none] DEBUG com.alibaba.nacos.client.naming - failover switch is not found, 00-00---000-VIPSRV_FAILOVER_SWITCH-000---00-00
2026-05-18 17:11:14.389 [com.alibaba.nacos.naming.failover.0] [none] DEBUG com.alibaba.nacos.client.naming - failover switch is not found, 00-00---000-VIPSRV_FAILOVER_SWITCH-000---00-00
2026-05-18 17:11:19.391 [com.alibaba.nacos.naming.failover.0] [none] DEBUG com.alibaba.nacos.client.naming - failover switch is not found, 00-00---000-VIPSRV_FAILOVER_SWITCH-000---00-00
2026-05-18 17:11:24.392 [com.alibaba.nacos.naming.failover.0] [none] DEBUG com.alibaba.nacos.client.naming - failover switch is not found, 00-00---000-VIPSRV_FAILOVER_SWITCH-000---00-00
2026-05-18 17:11:29.393 [com.alibaba.nacos.naming.failover.0] [none] DEBUG com.alibaba.nacos.client.naming - failover switch is not found, 00-00---000-VIPSRV_FAILOVER_SWITCH-000---00-00
2026-05-18 17:11:34.395 [com.alibaba.nacos.naming.failover.0] [none] DEBUG com.alibaba.nacos.client.naming - failover switch is not found, 00-00---000-VIPSRV_FAILOVER_SWITCH-000---00-00
2026-05-18 17:11:39.396 [com.alibaba.nacos.naming.failover.0] [none] DEBUG com.alibaba.nacos.client.naming - failover switch is not found, 00-00---000-VIPSRV_FAILOVER_SWITCH-000---00-00
2026-05-18 17:11:44.397 [com.alibaba.nacos.naming.failover.0] [none] DEBUG com.alibaba.nacos.client.naming - failover switch is not found, 00-00---000-VIPSRV_FAILOVER_SWITCH-000---00-00
2026-05-18 17:11:49.404 [com.alibaba.nacos.naming.failover.0] [none] DEBUG com.alibaba.nacos.client.naming - failover switch is not found, 00-00---000-VIPSRV_FAILOVER_SWITCH-000---00-00
2026-05-18 17:11:54.405 [com.alibaba.nacos.naming.failover.0] [none] DEBUG com.alibaba.nacos.client.naming - failover switch is not found, 00-00---000-VIPSRV_FAILOVER_SWITCH-000---00-00
2026-05-18 17:11:59.406 [com.alibaba.nacos.naming.failover.0] [none] DEBUG com.alibaba.nacos.client.naming - failover switch is not found, 00-00---000-VIPSRV_FAILOVER_SWITCH-000---00-00
2026-05-18 17:12:04.409 [com.alibaba.nacos.naming.failover.0] [none] DEBUG com.alibaba.nacos.client.naming - failover switch is not found, 00-00---000-VIPSRV_FAILOVER_SWITCH-000---00-00
2026-05-18 17:12:09.410 [com.alibaba.nacos.naming.failover.0] [none] DEBUG com.alibaba.nacos.client.naming - failover switch is not found, 00-00---000-VIPSRV_FAILOVER_SWITCH-000---00-00
2026-05-18 17:12:14.411 [com.alibaba.nacos.naming.failover.0] [none] DEBUG com.alibaba.nacos.client.naming - failover switch is not found, 00-00---000-VIPSRV_FAILOVER_SWITCH-000---00-00
2026-05-18 17:12:19.412 [com.alibaba.nacos.naming.failover.0] [none] DEBUG com.alibaba.nacos.client.naming - failover switch is not found, 00-00---000-VIPSRV_FAILOVER_SWITCH-000---00-00
2026-05-18 17:12:24.413 [com.alibaba.nacos.naming.failover.0] [none] DEBUG com.alibaba.nacos.client.naming - failover switch is not found, 00-00---000-VIPSRV_FAILOVER_SWITCH-000---00-00
2026-05-18 17:12:29.414 [com.alibaba.nacos.naming.failover.0] [none] DEBUG com.alibaba.nacos.client.naming - failover switch is not found, 00-00---000-VIPSRV_FAILOVER_SWITCH-000---00-00
2026-05-18 17:12:34.415 [com.alibaba.nacos.naming.failover.0] [none] DEBUG com.alibaba.nacos.client.naming - failover switch is not found, 00-00---000-VIPSRV_FAILOVER_SWITCH-000---00-00
2026-05-18 17:12:39.415 [com.alibaba.nacos.naming.failover.0] [none] DEBUG com.alibaba.nacos.client.naming - failover switch is not found, 00-00---000-VIPSRV_FAILOVER_SWITCH-000---00-00
2026-05-18 17:12:44.416 [com.alibaba.nacos.naming.failover.0] [none] DEBUG com.alibaba.nacos.client.naming - failover switch is not found, 00-00---000-VIPSRV_FAILOVER_SWITCH-000---00-00
2026-05-18 17:12:49.417 [com.alibaba.nacos.naming.failover.0] [none] DEBUG com.alibaba.nacos.client.naming - failover switch is not found, 00-00---000-VIPSRV_FAILOVER_SWITCH-000---00-00
2026-05-18 17:12:54.417 [com.alibaba.nacos.naming.failover.0] [none] DEBUG com.alibaba.nacos.client.naming - failover switch is not found, 00-00---000-VIPSRV_FAILOVER_SWITCH-000---00-00
2026-05-18 17:12:59.419 [com.alibaba.nacos.naming.failover.0] [none] DEBUG com.alibaba.nacos.client.naming - failover switch is not found, 00-00---000-VIPSRV_FAILOVER_SWITCH-000---00-00
2026-05-18 17:13:04.420 [com.alibaba.nacos.naming.failover.0] [none] DEBUG com.alibaba.nacos.client.naming - failover switch is not found, 00-00---000-VIPSRV_FAILOVER_SWITCH-000---00-00
2026-05-18 17:13:09.420 [com.alibaba.nacos.naming.failover.0] [none] DEBUG com.alibaba.nacos.client.naming - failover switch is not found, 00-00---000-VIPSRV_FAILOVER_SWITCH-000---00-00
2026-05-18 17:13:14.421 [com.alibaba.nacos.naming.failover.0] [none] DEBUG com.alibaba.nacos.client.naming - failover switch is not found, 00-00---000-VIPSRV_FAILOVER_SWITCH-000---00-00
2026-05-18 17:13:19.423 [com.alibaba.nacos.naming.failover.0] [none] DEBUG com.alibaba.nacos.client.naming - failover switch is not found, 00-00---000-VIPSRV_FAILOVER_SWITCH-000---00-00
2026-05-18 17:13:24.425 [com.alibaba.nacos.naming.failover.0] [none] DEBUG com.alibaba.nacos.client.naming - failover switch is not found, 00-00---000-VIPSRV_FAILOVER_SWITCH-000---00-00
2026-05-18 17:13:29.426 [com.alibaba.nacos.naming.failover.0] [none] DEBUG com.alibaba.nacos.client.naming - failover switch is not found, 00-00---000-VIPSRV_FAILOVER_SWITCH-000---00-00
2026-05-18 17:13:34.427 [com.alibaba.nacos.naming.failover.0] [none] DEBUG com.alibaba.nacos.client.naming - failover switch is not found, 00-00---000-VIPSRV_FAILOVER_SWITCH-000---00-00
2026-05-18 17:13:39.428 [com.alibaba.nacos.naming.failover.0] [none] DEBUG com.alibaba.nacos.client.naming - failover switch is not found, 00-00---000-VIPSRV_FAILOVER_SWITCH-000---00-00
2026-05-18 17:13:44.429 [com.alibaba.nacos.naming.failover.0] [none] DEBUG com.alibaba.nacos.client.naming - failover switch is not found, 00-00---000-VIPSRV_FAILOVER_SWITCH-000---00-00
2026-05-18 17:13:49.430 [com.alibaba.nacos.naming.failover.0] [none] DEBUG com.alibaba.nacos.client.naming - failover switch is not found, 00-00---000-VIPSRV_FAILOVER_SWITCH-000---00-00
2026-05-18 17:13:54.431 [com.alibaba.nacos.naming.failover.0] [none] DEBUG com.alibaba.nacos.client.naming - failover switch is not found, 00-00---000-VIPSRV_FAILOVER_SWITCH-000---00-00
2026-05-18 17:13:59.432 [com.alibaba.nacos.naming.failover.0] [none] DEBUG com.alibaba.nacos.client.naming - failover switch is not found, 00-00---000-VIPSRV_FAILOVER_SWITCH-000---00-00
2026-05-18 17:14:04.434 [com.alibaba.nacos.naming.failover.0] [none] DEBUG com.alibaba.nacos.client.naming - failover switch is not found, 00-00---000-VIPSRV_FAILOVER_SWITCH-000---00-00
2026-05-18 17:14:09.435 [com.alibaba.nacos.naming.failover.0] [none] DEBUG com.alibaba.nacos.client.naming - failover switch is not found, 00-00---000-VIPSRV_FAILOVER_SWITCH-000---00-00
2026-05-18 17:14:14.437 [com.alibaba.nacos.naming.failover.0] [none] DEBUG com.alibaba.nacos.client.naming - failover switch is not found, 00-00---000-VIPSRV_FAILOVER_SWITCH-000---00-00
2026-05-18 17:14:19.438 [com.alibaba.nacos.naming.failover.0] [none] DEBUG com.alibaba.nacos.client.naming - failover switch is not found, 00-00---000-VIPSRV_FAILOVER_SWITCH-000---00-00
2026-05-18 17:14:24.439 [com.alibaba.nacos.naming.failover.0] [none] DEBUG com.alibaba.nacos.client.naming - failover switch is not found, 00-00---000-VIPSRV_FAILOVER_SWITCH-000---00-00
2026-05-18 17:14:29.447 [com.alibaba.nacos.naming.failover.0] [none] DEBUG com.alibaba.nacos.client.naming - failover switch is not found, 00-00---000-VIPSRV_FAILOVER_SWITCH-000---00-00
2026-05-18 17:14:34.448 [com.alibaba.nacos.naming.failover.0] [none] DEBUG com.alibaba.nacos.client.naming - failover switch is not found, 00-00---000-VIPSRV_FAILOVER_SWITCH-000---00-00
2026-05-18 17:14:39.449 [com.alibaba.nacos.naming.failover.0] [none] DEBUG com.alibaba.nacos.client.naming - failover switch is not found, 00-00---000-VIPSRV_FAILOVER_SWITCH-000---00-00
2026-05-18 17:14:44.450 [com.alibaba.nacos.naming.failover.0] [none] DEBUG com.alibaba.nacos.client.naming - failover switch is not found, 00-00---000-VIPSRV_FAILOVER_SWITCH-000---00-00
2026-05-18 17:14:49.452 [com.alibaba.nacos.naming.failover.0] [none] DEBUG com.alibaba.nacos.client.naming - failover switch is not found, 00-00---000-VIPSRV_FAILOVER_SWITCH-000---00-00
2026-05-18 17:14:54.453 [com.alibaba.nacos.naming.failover.0] [none] DEBUG com.alibaba.nacos.client.naming - failover switch is not found, 00-00---000-VIPSRV_FAILOVER_SWITCH-000---00-00
2026-05-18 17:14:59.454 [com.alibaba.nacos.naming.failover.0] [none] DEBUG com.alibaba.nacos.client.naming - failover switch is not found, 00-00---000-VIPSRV_FAILOVER_SWITCH-000---00-00
2026-05-18 17:15:04.456 [com.alibaba.nacos.naming.failover.0] [none] DEBUG com.alibaba.nacos.client.naming - failover switch is not found, 00-00---000-VIPSRV_FAILOVER_SWITCH-000---00-00
2026-05-18 17:15:09.458 [com.alibaba.nacos.naming.failover.0] [none] DEBUG com.alibaba.nacos.client.naming - failover switch is not found, 00-00---000-VIPSRV_FAILOVER_SWITCH-000---00-00
2026-05-18 17:15:14.459 [com.alibaba.nacos.naming.failover.0] [none] DEBUG com.alibaba.nacos.client.naming - failover switch is not found, 00-00---000-VIPSRV_FAILOVER_SWITCH-000---00-00
2026-05-18 17:15:19.460 [com.alibaba.nacos.naming.failover.0] [none] DEBUG com.alibaba.nacos.client.naming - failover switch is not found, 00-00---000-VIPSRV_FAILOVER_SWITCH-000---00-00
2026-05-18 17:15:24.461 [com.alibaba.nacos.naming.failover.0] [none] DEBUG com.alibaba.nacos.client.naming - failover switch is not found, 00-00---000-VIPSRV_FAILOVER_SWITCH-000---00-00
2026-05-18 17:15:29.464 [com.alibaba.nacos.naming.failover.0] [none] DEBUG com.alibaba.nacos.client.naming - failover switch is not found, 00-00---000-VIPSRV_FAILOVER_SWITCH-000---00-00
2026-05-18 17:15:34.465 [com.alibaba.nacos.naming.failover.0] [none] DEBUG com.alibaba.nacos.client.naming - failover switch is not found, 00-00---000-VIPSRV_FAILOVER_SWITCH-000---00-00
2026-05-18 17:15:39.465 [com.alibaba.nacos.naming.failover.0] [none] DEBUG com.alibaba.nacos.client.naming - failover switch is not found, 00-00---000-VIPSRV_FAILOVER_SWITCH-000---00-00
2026-05-18 17:15:44.466 [com.alibaba.nacos.naming.failover.0] [none] DEBUG com.alibaba.nacos.client.naming - failover switch is not found, 00-00---000-VIPSRV_FAILOVER_SWITCH-000---00-00
2026-05-18 17:15:49.467 [com.alibaba.nacos.naming.failover.0] [none] DEBUG com.alibaba.nacos.client.naming - failover switch is not found, 00-00---000-VIPSRV_FAILOVER_SWITCH-000---00-00
2026-05-18 17:15:54.467 [com.alibaba.nacos.naming.failover.0] [none] DEBUG com.alibaba.nacos.client.naming - failover switch is not found, 00-00---000-VIPSRV_FAILOVER_SWITCH-000---00-00
2026-05-18 17:15:59.468 [com.alibaba.nacos.naming.failover.0] [none] DEBUG com.alibaba.nacos.client.naming - failover switch is not found, 00-00---000-VIPSRV_FAILOVER_SWITCH-000---00-00
2026-05-18 17:16:04.469 [com.alibaba.nacos.naming.failover.0] [none] DEBUG com.alibaba.nacos.client.naming - failover switch is not found, 00-00---000-VIPSRV_FAILOVER_SWITCH-000---00-00
2026-05-18 17:16:09.471 [com.alibaba.nacos.naming.failover.0] [none] DEBUG com.alibaba.nacos.client.naming - failover switch is not found, 00-00---000-VIPSRV_FAILOVER_SWITCH-000---00-00
2026-05-18 17:16:14.471 [com.alibaba.nacos.naming.failover.0] [none] DEBUG com.alibaba.nacos.client.naming - failover switch is not found, 00-00---000-VIPSRV_FAILOVER_SWITCH-000---00-00
2026-05-18 17:16:19.472 [com.alibaba.nacos.naming.failover.0] [none] DEBUG com.alibaba.nacos.client.naming - failover switch is not found, 00-00---000-VIPSRV_FAILOVER_SWITCH-000---00-00
2026-05-18 17:16:24.473 [com.alibaba.nacos.naming.failover.0] [none] DEBUG com.alibaba.nacos.client.naming - failover switch is not found, 00-00---000-VIPSRV_FAILOVER_SWITCH-000---00-00
2026-05-18 17:16:29.475 [com.alibaba.nacos.naming.failover.0] [none] DEBUG com.alibaba.nacos.client.naming - failover switch is not found, 00-00---000-VIPSRV_FAILOVER_SWITCH-000---00-00
2026-05-18 17:16:34.476 [com.alibaba.nacos.naming.failover.0] [none] DEBUG com.alibaba.nacos.client.naming - failover switch is not found, 00-00---000-VIPSRV_FAILOVER_SWITCH-000---00-00
2026-05-18 17:16:39.477 [com.alibaba.nacos.naming.failover.0] [none] DEBUG com.alibaba.nacos.client.naming - failover switch is not found, 00-00---000-VIPSRV_FAILOVER_SWITCH-000---00-00
2026-05-18 17:16:44.478 [com.alibaba.nacos.naming.failover.0] [none] DEBUG com.alibaba.nacos.client.naming - failover switch is not found, 00-00---000-VIPSRV_FAILOVER_SWITCH-000---00-00
2026-05-18 17:16:49.478 [com.alibaba.nacos.naming.failover.0] [none] DEBUG com.alibaba.nacos.client.naming - failover switch is not found, 00-00---000-VIPSRV_FAILOVER_SWITCH-000---00-00
2026-05-18 17:16:54.480 [com.alibaba.nacos.naming.failover.0] [none] DEBUG com.alibaba.nacos.client.naming - failover switch is not found, 00-00---000-VIPSRV_FAILOVER_SWITCH-000---00-00
2026-05-18 17:16:59.482 [com.alibaba.nacos.naming.failover.0] [none] DEBUG com.alibaba.nacos.client.naming - failover switch is not found, 00-00---000-VIPSRV_FAILOVER_SWITCH-000---00-00
2026-05-18 17:17:04.488 [com.alibaba.nacos.naming.failover.0] [none] DEBUG com.alibaba.nacos.client.naming - failover switch is not found, 00-00---000-VIPSRV_FAILOVER_SWITCH-000---00-00
2026-05-18 17:17:09.490 [com.alibaba.nacos.naming.failover.0] [none] DEBUG com.alibaba.nacos.client.naming - failover switch is not found, 00-00---000-VIPSRV_FAILOVER_SWITCH-000---00-00
2026-05-18 17:17:14.493 [com.alibaba.nacos.naming.failover.0] [none] DEBUG com.alibaba.nacos.client.naming - failover switch is not found, 00-00---000-VIPSRV_FAILOVER_SWITCH-000---00-00
2026-05-18 17:17:19.494 [com.alibaba.nacos.naming.failover.0] [none] DEBUG com.alibaba.nacos.client.naming - failover switch is not found, 00-00---000-VIPSRV_FAILOVER_SWITCH-000---00-00
2026-05-18 17:17:24.497 [com.alibaba.nacos.naming.failover.0] [none] DEBUG com.alibaba.nacos.client.naming - failover switch is not found, 00-00---000-VIPSRV_FAILOVER_SWITCH-000---00-00
2026-05-18 17:17:29.499 [com.alibaba.nacos.naming.failover.0] [none] DEBUG com.alibaba.nacos.client.naming - failover switch is not found, 00-00---000-VIPSRV_FAILOVER_SWITCH-000---00-00
2026-05-18 17:17:34.500 [com.alibaba.nacos.naming.failover.0] [none] DEBUG com.alibaba.nacos.client.naming - failover switch is not found, 00-00---000-VIPSRV_FAILOVER_SWITCH-000---00-00
2026-05-18 17:17:39.501 [com.alibaba.nacos.naming.failover.0] [none] DEBUG com.alibaba.nacos.client.naming - failover switch is not found, 00-00---000-VIPSRV_FAILOVER_SWITCH-000---00-00
2026-05-18 17:17:44.503 [com.alibaba.nacos.naming.failover.0] [none] DEBUG com.alibaba.nacos.client.naming - failover switch is not found, 00-00---000-VIPSRV_FAILOVER_SWITCH-000---00-00
2026-05-18 17:17:49.503 [com.alibaba.nacos.naming.failover.0] [none] DEBUG com.alibaba.nacos.client.naming - failover switch is not found, 00-00---000-VIPSRV_FAILOVER_SWITCH-000---00-00
2026-05-18 17:17:54.504 [com.alibaba.nacos.naming.failover.0] [none] DEBUG com.alibaba.nacos.client.naming - failover switch is not found, 00-00---000-VIPSRV_FAILOVER_SWITCH-000---00-00
2026-05-18 17:17:59.505 [com.alibaba.nacos.naming.failover.0] [none] DEBUG com.alibaba.nacos.client.naming - failover switch is not found, 00-00---000-VIPSRV_FAILOVER_SWITCH-000---00-00
2026-05-18 17:18:04.507 [com.alibaba.nacos.naming.failover.0] [none] DEBUG com.alibaba.nacos.client.naming - failover switch is not found, 00-00---000-VIPSRV_FAILOVER_SWITCH-000---00-00
2026-05-18 17:18:09.508 [com.alibaba.nacos.naming.failover.0] [none] DEBUG com.alibaba.nacos.client.naming - failover switch is not found, 00-00---000-VIPSRV_FAILOVER_SWITCH-000---00-00
2026-05-18 17:18:14.508 [com.alibaba.nacos.naming.failover.0] [none] DEBUG com.alibaba.nacos.client.naming - failover switch is not found, 00-00---000-VIPSRV_FAILOVER_SWITCH-000---00-00
2026-05-18 17:18:19.509 [com.alibaba.nacos.naming.failover.0] [none] DEBUG com.alibaba.nacos.client.naming - failover switch is not found, 00-00---000-VIPSRV_FAILOVER_SWITCH-000---00-00
2026-05-18 17:18:24.510 [com.alibaba.nacos.naming.failover.0] [none] DEBUG com.alibaba.nacos.client.naming - failover switch is not found, 00-00---000-VIPSRV_FAILOVER_SWITCH-000---00-00
2026-05-18 17:18:29.510 [com.alibaba.nacos.naming.failover.0] [none] DEBUG com.alibaba.nacos.client.naming - failover switch is not found, 00-00---000-VIPSRV_FAILOVER_SWITCH-000---00-00
2026-05-18 17:18:34.511 [com.alibaba.nacos.naming.failover.0] [none] DEBUG com.alibaba.nacos.client.naming - failover switch is not found, 00-00---000-VIPSRV_FAILOVER_SWITCH-000---00-00
2026-05-18 17:18:39.528 [com.alibaba.nacos.naming.failover.0] [none] DEBUG com.alibaba.nacos.client.naming - failover switch is not found, 00-00---000-VIPSRV_FAILOVER_SWITCH-000---00-00
2026-05-18 17:18:44.530 [com.alibaba.nacos.naming.failover.0] [none] DEBUG com.alibaba.nacos.client.naming - failover switch is not found, 00-00---000-VIPSRV_FAILOVER_SWITCH-000---00-00
2026-05-18 17:18:49.531 [com.alibaba.nacos.naming.failover.0] [none] DEBUG com.alibaba.nacos.client.naming - failover switch is not found, 00-00---000-VIPSRV_FAILOVER_SWITCH-000---00-00
2026-05-18 17:18:54.533 [com.alibaba.nacos.naming.failover.0] [none] DEBUG com.alibaba.nacos.client.naming - failover switch is not found, 00-00---000-VIPSRV_FAILOVER_SWITCH-000---00-00
2026-05-18 17:18:59.535 [com.alibaba.nacos.naming.failover.0] [none] DEBUG com.alibaba.nacos.client.naming - failover switch is not found, 00-00---000-VIPSRV_FAILOVER_SWITCH-000---00-00
2026-05-18 17:19:04.535 [com.alibaba.nacos.naming.failover.0] [none] DEBUG com.alibaba.nacos.client.naming - failover switch is not found, 00-00---000-VIPSRV_FAILOVER_SWITCH-000---00-00
2026-05-18 17:19:09.536 [com.alibaba.nacos.naming.failover.0] [none] DEBUG com.alibaba.nacos.client.naming - failover switch is not found, 00-00---000-VIPSRV_FAILOVER_SWITCH-000---00-00
2026-05-18 17:19:14.539 [com.alibaba.nacos.naming.failover.0] [none] DEBUG com.alibaba.nacos.client.naming - failover switch is not found, 00-00---000-VIPSRV_FAILOVER_SWITCH-000---00-00
2026-05-18 17:19:19.540 [com.alibaba.nacos.naming.failover.0] [none] DEBUG com.alibaba.nacos.client.naming - failover switch is not found, 00-00---000-VIPSRV_FAILOVER_SWITCH-000---00-00
2026-05-18 17:19:24.541 [com.alibaba.nacos.naming.failover.0] [none] DEBUG com.alibaba.nacos.client.naming - failover switch is not found, 00-00---000-VIPSRV_FAILOVER_SWITCH-000---00-00
2026-05-18 17:19:29.542 [com.alibaba.nacos.naming.failover.0] [none] DEBUG com.alibaba.nacos.client.naming - failover switch is not found, 00-00---000-VIPSRV_FAILOVER_SWITCH-000---00-00
2026-05-18 17:19:34.544 [com.alibaba.nacos.naming.failover.0] [none] DEBUG com.alibaba.nacos.client.naming - failover switch is not found, 00-00---000-VIPSRV_FAILOVER_SWITCH-000---00-00
2026-05-18 17:19:39.546 [com.alibaba.nacos.naming.failover.0] [none] DEBUG com.alibaba.nacos.client.naming - failover switch is not found, 00-00---000-VIPSRV_FAILOVER_SWITCH-000---00-00
2026-05-18 17:19:44.548 [com.alibaba.nacos.naming.failover.0] [none] DEBUG com.alibaba.nacos.client.naming - failover switch is not found, 00-00---000-VIPSRV_FAILOVER_SWITCH-000---00-00
2026-05-18 17:19:49.549 [com.alibaba.nacos.naming.failover.0] [none] DEBUG com.alibaba.nacos.client.naming - failover switch is not found, 00-00---000-VIPSRV_FAILOVER_SWITCH-000---00-00
2026-05-18 17:19:54.549 [com.alibaba.nacos.naming.failover.0] [none] DEBUG com.alibaba.nacos.client.naming - failover switch is not found, 00-00---000-VIPSRV_FAILOVER_SWITCH-000---00-00
2026-05-18 17:19:59.551 [com.alibaba.nacos.naming.failover.0] [none] DEBUG com.alibaba.nacos.client.naming - failover switch is not found, 00-00---000-VIPSRV_FAILOVER_SWITCH-000---00-00
2026-05-18 17:20:04.553 [com.alibaba.nacos.naming.failover.0] [none] DEBUG com.alibaba.nacos.client.naming - failover switch is not found, 00-00---000-VIPSRV_FAILOVER_SWITCH-000---00-00
2026-05-18 17:20:09.554 [com.alibaba.nacos.naming.failover.0] [none] DEBUG com.alibaba.nacos.client.naming - failover switch is not found, 00-00---000-VIPSRV_FAILOVER_SWITCH-000---00-00
2026-05-18 17:20:14.555 [com.alibaba.nacos.naming.failover.0] [none] DEBUG com.alibaba.nacos.client.naming - failover switch is not found, 00-00---000-VIPSRV_FAILOVER_SWITCH-000---00-00
2026-05-18 17:20:19.557 [com.alibaba.nacos.naming.failover.0] [none] DEBUG com.alibaba.nacos.client.naming - failover switch is not found, 00-00---000-VIPSRV_FAILOVER_SWITCH-000---00-00
2026-05-18 17:20:24.558 [com.alibaba.nacos.naming.failover.0] [none] DEBUG com.alibaba.nacos.client.naming - failover switch is not found, 00-00---000-VIPSRV_FAILOVER_SWITCH-000---00-00
2026-05-18 17:20:29.559 [com.alibaba.nacos.naming.failover.0] [none] DEBUG com.alibaba.nacos.client.naming - failover switch is not found, 00-00---000-VIPSRV_FAILOVER_SWITCH-000---00-00
2026-05-18 17:20:34.595 [com.alibaba.nacos.naming.failover.0] [none] DEBUG com.alibaba.nacos.client.naming - failover switch is not found, 00-00---000-VIPSRV_FAILOVER_SWITCH-000---00-00
2026-05-18 17:20:39.597 [com.alibaba.nacos.naming.failover.0] [none] DEBUG com.alibaba.nacos.client.naming - failover switch is not found, 00-00---000-VIPSRV_FAILOVER_SWITCH-000---00-00
2026-05-18 17:20:44.597 [com.alibaba.nacos.naming.failover.0] [none] DEBUG com.alibaba.nacos.client.naming - failover switch is not found, 00-00---000-VIPSRV_FAILOVER_SWITCH-000---00-00
2026-05-18 17:20:49.599 [com.alibaba.nacos.naming.failover.0] [none] DEBUG com.alibaba.nacos.client.naming - failover switch is not found, 00-00---000-VIPSRV_FAILOVER_SWITCH-000---00-00
2026-05-18 17:20:54.600 [com.alibaba.nacos.naming.failover.0] [none] DEBUG com.alibaba.nacos.client.naming - failover switch is not found, 00-00---000-VIPSRV_FAILOVER_SWITCH-000---00-00
2026-05-18 17:20:59.602 [com.alibaba.nacos.naming.failover.0] [none] DEBUG com.alibaba.nacos.client.naming - failover switch is not found, 00-00---000-VIPSRV_FAILOVER_SWITCH-000---00-00
2026-05-18 17:21:04.602 [com.alibaba.nacos.naming.failover.0] [none] DEBUG com.alibaba.nacos.client.naming - failover switch is not found, 00-00---000-VIPSRV_FAILOVER_SWITCH-000---00-00
2026-05-18 17:21:09.605 [com.alibaba.nacos.naming.failover.0] [none] DEBUG com.alibaba.nacos.client.naming - failover switch is not found, 00-00---000-VIPSRV_FAILOVER_SWITCH-000---00-00
2026-05-18 17:21:14.606 [com.alibaba.nacos.naming.failover.0] [none] DEBUG com.alibaba.nacos.client.naming - failover switch is not found, 00-00---000-VIPSRV_FAILOVER_SWITCH-000---00-00
2026-05-18 17:21:19.607 [com.alibaba.nacos.naming.failover.0] [none] DEBUG com.alibaba.nacos.client.naming - failover switch is not found, 00-00---000-VIPSRV_FAILOVER_SWITCH-000---00-00
2026-05-18 17:21:24.608 [com.alibaba.nacos.naming.failover.0] [none] DEBUG com.alibaba.nacos.client.naming - failover switch is not found, 00-00---000-VIPSRV_FAILOVER_SWITCH-000---00-00
2026-05-18 17:21:29.610 [com.alibaba.nacos.naming.failover.0] [none] DEBUG com.alibaba.nacos.client.naming - failover switch is not found, 00-00---000-VIPSRV_FAILOVER_SWITCH-000---00-00
2026-05-18 17:21:34.612 [com.alibaba.nacos.naming.failover.0] [none] DEBUG com.alibaba.nacos.client.naming - failover switch is not found, 00-00---000-VIPSRV_FAILOVER_SWITCH-000---00-00
2026-05-18 17:21:39.625 [com.alibaba.nacos.naming.failover.0] [none] DEBUG com.alibaba.nacos.client.naming - failover switch is not found, 00-00---000-VIPSRV_FAILOVER_SWITCH-000---00-00
2026-05-18 17:21:44.626 [com.alibaba.nacos.naming.failover.0] [none] DEBUG com.alibaba.nacos.client.naming - failover switch is not found, 00-00---000-VIPSRV_FAILOVER_SWITCH-000---00-00
2026-05-18 17:21:49.628 [com.alibaba.nacos.naming.failover.0] [none] DEBUG com.alibaba.nacos.client.naming - failover switch is not found, 00-00---000-VIPSRV_FAILOVER_SWITCH-000---00-00
2026-05-18 17:21:54.629 [com.alibaba.nacos.naming.failover.0] [none] DEBUG com.alibaba.nacos.client.naming - failover switch is not found, 00-00---000-VIPSRV_FAILOVER_SWITCH-000---00-00
2026-05-18 17:21:59.630 [com.alibaba.nacos.naming.failover.0] [none] DEBUG com.alibaba.nacos.client.naming - failover switch is not found, 00-00---000-VIPSRV_FAILOVER_SWITCH-000---00-00
2026-05-18 17:22:04.632 [com.alibaba.nacos.naming.failover.0] [none] DEBUG com.alibaba.nacos.client.naming - failover switch is not found, 00-00---000-VIPSRV_FAILOVER_SWITCH-000---00-00
2026-05-18 17:22:09.634 [com.alibaba.nacos.naming.failover.0] [none] DEBUG com.alibaba.nacos.client.naming - failover switch is not found, 00-00---000-VIPSRV_FAILOVER_SWITCH-000---00-00
2026-05-18 17:22:14.635 [com.alibaba.nacos.naming.failover.0] [none] DEBUG com.alibaba.nacos.client.naming - failover switch is not found, 00-00---000-VIPSRV_FAILOVER_SWITCH-000---00-00
2026-05-18 17:22:19.635 [com.alibaba.nacos.naming.failover.0] [none] DEBUG com.alibaba.nacos.client.naming - failover switch is not found, 00-00---000-VIPSRV_FAILOVER_SWITCH-000---00-00
2026-05-18 17:22:24.636 [com.alibaba.nacos.naming.failover.0] [none] DEBUG com.alibaba.nacos.client.naming - failover switch is not found, 00-00---000-VIPSRV_FAILOVER_SWITCH-000---00-00
2026-05-18 17:22:29.638 [com.alibaba.nacos.naming.failover.0] [none] DEBUG com.alibaba.nacos.client.naming - failover switch is not found, 00-00---000-VIPSRV_FAILOVER_SWITCH-000---00-00
2026-05-18 17:22:34.639 [com.alibaba.nacos.naming.failover.0] [none] DEBUG com.alibaba.nacos.client.naming - failover switch is not found, 00-00---000-VIPSRV_FAILOVER_SWITCH-000---00-00
2026-05-18 17:22:39.640 [com.alibaba.nacos.naming.failover.0] [none] DEBUG com.alibaba.nacos.client.naming - failover switch is not found, 00-00---000-VIPSRV_FAILOVER_SWITCH-000---00-00
2026-05-18 17:22:44.641 [com.alibaba.nacos.naming.failover.0] [none] DEBUG com.alibaba.nacos.client.naming - failover switch is not found, 00-00---000-VIPSRV_FAILOVER_SWITCH-000---00-00
2026-05-18 17:22:49.644 [com.alibaba.nacos.naming.failover.0] [none] DEBUG com.alibaba.nacos.client.naming - failover switch is not found, 00-00---000-VIPSRV_FAILOVER_SWITCH-000---00-00
2026-05-18 17:22:54.645 [com.alibaba.nacos.naming.failover.0] [none] DEBUG com.alibaba.nacos.client.naming - failover switch is not found, 00-00---000-VIPSRV_FAILOVER_SWITCH-000---00-00
2026-05-18 17:22:59.645 [com.alibaba.nacos.naming.failover.0] [none] DEBUG com.alibaba.nacos.client.naming - failover switch is not found, 00-00---000-VIPSRV_FAILOVER_SWITCH-000---00-00
2026-05-18 17:23:04.646 [com.alibaba.nacos.naming.failover.0] [none] DEBUG com.alibaba.nacos.client.naming - failover switch is not found, 00-00---000-VIPSRV_FAILOVER_SWITCH-000---00-00
2026-05-18 17:23:09.646 [com.alibaba.nacos.naming.failover.0] [none] DEBUG com.alibaba.nacos.client.naming - failover switch is not found, 00-00---000-VIPSRV_FAILOVER_SWITCH-000---00-00
2026-05-18 17:23:14.647 [com.alibaba.nacos.naming.failover.0] [none] DEBUG com.alibaba.nacos.client.naming - failover switch is not found, 00-00---000-VIPSRV_FAILOVER_SWITCH-000---00-00
2026-05-18 17:23:19.648 [com.alibaba.nacos.naming.failover.0] [none] DEBUG com.alibaba.nacos.client.naming - failover switch is not found, 00-00---000-VIPSRV_FAILOVER_SWITCH-000---00-00
2026-05-18 17:23:24.650 [com.alibaba.nacos.naming.failover.0] [none] DEBUG com.alibaba.nacos.client.naming - failover switch is not found, 00-00---000-VIPSRV_FAILOVER_SWITCH-000---00-00
2026-05-18 17:23:29.650 [com.alibaba.nacos.naming.failover.0] [none] DEBUG com.alibaba.nacos.client.naming - failover switch is not found, 00-00---000-VIPSRV_FAILOVER_SWITCH-000---00-00
2026-05-18 17:23:34.651 [com.alibaba.nacos.naming.failover.0] [none] DEBUG com.alibaba.nacos.client.naming - failover switch is not found, 00-00---000-VIPSRV_FAILOVER_SWITCH-000---00-00
2026-05-18 17:23:39.652 [com.alibaba.nacos.naming.failover.0] [none] DEBUG com.alibaba.nacos.client.naming - failover switch is not found, 00-00---000-VIPSRV_FAILOVER_SWITCH-000---00-00
2026-05-18 17:23:44.653 [com.alibaba.nacos.naming.failover.0] [none] DEBUG com.alibaba.nacos.client.naming - failover switch is not found, 00-00---000-VIPSRV_FAILOVER_SWITCH-000---00-00
2026-05-18 17:23:49.654 [com.alibaba.nacos.naming.failover.0] [none] DEBUG com.alibaba.nacos.client.naming - failover switch is not found, 00-00---000-VIPSRV_FAILOVER_SWITCH-000---00-00
2026-05-18 17:23:54.655 [com.alibaba.nacos.naming.failover.0] [none] DEBUG com.alibaba.nacos.client.naming - failover switch is not found, 00-00---000-VIPSRV_FAILOVER_SWITCH-000---00-00
2026-05-18 17:23:59.656 [com.alibaba.nacos.naming.failover.0] [none] DEBUG com.alibaba.nacos.client.naming - failover switch is not found, 00-00---000-VIPSRV_FAILOVER_SWITCH-000---00-00
2026-05-18 17:24:04.656 [com.alibaba.nacos.naming.failover.0] [none] DEBUG com.alibaba.nacos.client.naming - failover switch is not found, 00-00---000-VIPSRV_FAILOVER_SWITCH-000---00-00
2026-05-18 17:24:09.657 [com.alibaba.nacos.naming.failover.0] [none] DEBUG com.alibaba.nacos.client.naming - failover switch is not found, 00-00---000-VIPSRV_FAILOVER_SWITCH-000---00-00
2026-05-18 17:24:14.658 [com.alibaba.nacos.naming.failover.0] [none] DEBUG com.alibaba.nacos.client.naming - failover switch is not found, 00-00---000-VIPSRV_FAILOVER_SWITCH-000---00-00
2026-05-18 17:24:19.659 [com.alibaba.nacos.naming.failover.0] [none] DEBUG com.alibaba.nacos.client.naming - failover switch is not found, 00-00---000-VIPSRV_FAILOVER_SWITCH-000---00-00
2026-05-18 17:24:24.661 [com.alibaba.nacos.naming.failover.0] [none] DEBUG com.alibaba.nacos.client.naming - failover switch is not found, 00-00---000-VIPSRV_FAILOVER_SWITCH-000---00-00
2026-05-18 17:24:29.661 [com.alibaba.nacos.naming.failover.0] [none] DEBUG com.alibaba.nacos.client.naming - failover switch is not found, 00-00---000-VIPSRV_FAILOVER_SWITCH-000---00-00
2026-05-18 17:24:34.662 [com.alibaba.nacos.naming.failover.0] [none] DEBUG com.alibaba.nacos.client.naming - failover switch is not found, 00-00---000-VIPSRV_FAILOVER_SWITCH-000---00-00
2026-05-18 17:24:39.663 [com.alibaba.nacos.naming.failover.0] [none] DEBUG com.alibaba.nacos.client.naming - failover switch is not found, 00-00---000-VIPSRV_FAILOVER_SWITCH-000---00-00
2026-05-18 17:24:44.664 [com.alibaba.nacos.naming.failover.0] [none] DEBUG com.alibaba.nacos.client.naming - failover switch is not found, 00-00---000-VIPSRV_FAILOVER_SWITCH-000---00-00
2026-05-18 17:24:49.664 [com.alibaba.nacos.naming.failover.0] [none] DEBUG com.alibaba.nacos.client.naming - failover switch is not found, 00-00---000-VIPSRV_FAILOVER_SWITCH-000---00-00
2026-05-18 17:24:54.665 [com.alibaba.nacos.naming.failover.0] [none] DEBUG com.alibaba.nacos.client.naming - failover switch is not found, 00-00---000-VIPSRV_FAILOVER_SWITCH-000---00-00
2026-05-18 17:24:59.666 [com.alibaba.nacos.naming.failover.0] [none] DEBUG com.alibaba.nacos.client.naming - failover switch is not found, 00-00---000-VIPSRV_FAILOVER_SWITCH-000---00-00
2026-05-18 17:25:04.666 [com.alibaba.nacos.naming.failover.0] [none] DEBUG com.alibaba.nacos.client.naming - failover switch is not found, 00-00---000-VIPSRV_FAILOVER_SWITCH-000---00-00
2026-05-18 17:25:09.667 [com.alibaba.nacos.naming.failover.0] [none] DEBUG com.alibaba.nacos.client.naming - failover switch is not found, 00-00---000-VIPSRV_FAILOVER_SWITCH-000---00-00
2026-05-18 17:25:14.669 [com.alibaba.nacos.naming.failover.0] [none] DEBUG com.alibaba.nacos.client.naming - failover switch is not found, 00-00---000-VIPSRV_FAILOVER_SWITCH-000---00-00
2026-05-18 17:25:19.670 [com.alibaba.nacos.naming.failover.0] [none] DEBUG com.alibaba.nacos.client.naming - failover switch is not found, 00-00---000-VIPSRV_FAILOVER_SWITCH-000---00-00
2026-05-18 17:25:24.672 [com.alibaba.nacos.naming.failover.0] [none] DEBUG com.alibaba.nacos.client.naming - failover switch is not found, 00-00---000-VIPSRV_FAILOVER_SWITCH-000---00-00
2026-05-18 17:25:29.672 [com.alibaba.nacos.naming.failover.0] [none] DEBUG com.alibaba.nacos.client.naming - failover switch is not found, 00-00---000-VIPSRV_FAILOVER_SWITCH-000---00-00
2026-05-18 17:25:34.673 [com.alibaba.nacos.naming.failover.0] [none] DEBUG com.alibaba.nacos.client.naming - failover switch is not found, 00-00---000-VIPSRV_FAILOVER_SWITCH-000---00-00
2026-05-18 17:25:39.675 [com.alibaba.nacos.naming.failover.0] [none] DEBUG com.alibaba.nacos.client.naming - failover switch is not found, 00-00---000-VIPSRV_FAILOVER_SWITCH-000---00-00
2026-05-18 17:25:44.676 [com.alibaba.nacos.naming.failover.0] [none] DEBUG com.alibaba.nacos.client.naming - failover switch is not found, 00-00---000-VIPSRV_FAILOVER_SWITCH-000---00-00
2026-05-18 17:25:49.678 [com.alibaba.nacos.naming.failover.0] [none] DEBUG com.alibaba.nacos.client.naming - failover switch is not found, 00-00---000-VIPSRV_FAILOVER_SWITCH-000---00-00
2026-05-18 17:25:54.680 [com.alibaba.nacos.naming.failover.0] [none] DEBUG com.alibaba.nacos.client.naming - failover switch is not found, 00-00---000-VIPSRV_FAILOVER_SWITCH-000---00-00
2026-05-18 17:25:59.681 [com.alibaba.nacos.naming.failover.0] [none] DEBUG com.alibaba.nacos.client.naming - failover switch is not found, 00-00---000-VIPSRV_FAILOVER_SWITCH-000---00-00
2026-05-18 17:26:04.683 [com.alibaba.nacos.naming.failover.0] [none] DEBUG com.alibaba.nacos.client.naming - failover switch is not found, 00-00---000-VIPSRV_FAILOVER_SWITCH-000---00-00
2026-05-18 17:26:09.687 [com.alibaba.nacos.naming.failover.0] [none] DEBUG com.alibaba.nacos.client.naming - failover switch is not found, 00-00---000-VIPSRV_FAILOVER_SWITCH-000---00-00
2026-05-18 17:26:14.689 [com.alibaba.nacos.naming.failover.0] [none] DEBUG com.alibaba.nacos.client.naming - failover switch is not found, 00-00---000-VIPSRV_FAILOVER_SWITCH-000---00-00
2026-05-18 17:26:19.690 [com.alibaba.nacos.naming.failover.0] [none] DEBUG com.alibaba.nacos.client.naming - failover switch is not found, 00-00---000-VIPSRV_FAILOVER_SWITCH-000---00-00
2026-05-18 17:26:24.691 [com.alibaba.nacos.naming.failover.0] [none] DEBUG com.alibaba.nacos.client.naming - failover switch is not found, 00-00---000-VIPSRV_FAILOVER_SWITCH-000---00-00
2026-05-18 17:26:29.692 [com.alibaba.nacos.naming.failover.0] [none] DEBUG com.alibaba.nacos.client.naming - failover switch is not found, 00-00---000-VIPSRV_FAILOVER_SWITCH-000---00-00
2026-05-18 17:26:34.692 [com.alibaba.nacos.naming.failover.0] [none] DEBUG com.alibaba.nacos.client.naming - failover switch is not found, 00-00---000-VIPSRV_FAILOVER_SWITCH-000---00-00
2026-05-18 17:26:39.694 [com.alibaba.nacos.naming.failover.0] [none] DEBUG com.alibaba.nacos.client.naming - failover switch is not found, 00-00---000-VIPSRV_FAILOVER_SWITCH-000---00-00
2026-05-18 17:26:44.697 [com.alibaba.nacos.naming.failover.0] [none] DEBUG com.alibaba.nacos.client.naming - failover switch is not found, 00-00---000-VIPSRV_FAILOVER_SWITCH-000---00-00
2026-05-18 17:26:49.698 [com.alibaba.nacos.naming.failover.0] [none] DEBUG com.alibaba.nacos.client.naming - failover switch is not found, 00-00---000-VIPSRV_FAILOVER_SWITCH-000---00-00
2026-05-18 17:26:54.699 [com.alibaba.nacos.naming.failover.0] [none] DEBUG com.alibaba.nacos.client.naming - failover switch is not found, 00-00---000-VIPSRV_FAILOVER_SWITCH-000---00-00
2026-05-18 17:26:59.703 [com.alibaba.nacos.naming.failover.0] [none] DEBUG com.alibaba.nacos.client.naming - failover switch is not found, 00-00---000-VIPSRV_FAILOVER_SWITCH-000---00-00
2026-05-18 17:27:04.704 [com.alibaba.nacos.naming.failover.0] [none] DEBUG com.alibaba.nacos.client.naming - failover switch is not found, 00-00---000-VIPSRV_FAILOVER_SWITCH-000---00-00
2026-05-18 17:27:09.705 [com.alibaba.nacos.naming.failover.0] [none] DEBUG com.alibaba.nacos.client.naming - failover switch is not found, 00-00---000-VIPSRV_FAILOVER_SWITCH-000---00-00
2026-05-18 17:27:14.708 [com.alibaba.nacos.naming.failover.0] [none] DEBUG com.alibaba.nacos.client.naming - failover switch is not found, 00-00---000-VIPSRV_FAILOVER_SWITCH-000---00-00
2026-05-18 17:27:19.709 [com.alibaba.nacos.naming.failover.0] [none] DEBUG com.alibaba.nacos.client.naming - failover switch is not found, 00-00---000-VIPSRV_FAILOVER_SWITCH-000---00-00
2026-05-18 17:27:24.710 [com.alibaba.nacos.naming.failover.0] [none] DEBUG com.alibaba.nacos.client.naming - failover switch is not found, 00-00---000-VIPSRV_FAILOVER_SWITCH-000---00-00
2026-05-18 17:27:29.718 [com.alibaba.nacos.naming.failover.0] [none] DEBUG com.alibaba.nacos.client.naming - failover switch is not found, 00-00---000-VIPSRV_FAILOVER_SWITCH-000---00-00
2026-05-18 17:27:34.719 [com.alibaba.nacos.naming.failover.0] [none] DEBUG com.alibaba.nacos.client.naming - failover switch is not found, 00-00---000-VIPSRV_FAILOVER_SWITCH-000---00-00
2026-05-18 17:27:39.719 [com.alibaba.nacos.naming.failover.0] [none] DEBUG com.alibaba.nacos.client.naming - failover switch is not found, 00-00---000-VIPSRV_FAILOVER_SWITCH-000---00-00
2026-05-18 17:27:44.720 [com.alibaba.nacos.naming.failover.0] [none] DEBUG com.alibaba.nacos.client.naming - failover switch is not found, 00-00---000-VIPSRV_FAILOVER_SWITCH-000---00-00
2026-05-18 17:27:49.721 [com.alibaba.nacos.naming.failover.0] [none] DEBUG com.alibaba.nacos.client.naming - failover switch is not found, 00-00---000-VIPSRV_FAILOVER_SWITCH-000---00-00
2026-05-18 17:27:54.721 [com.alibaba.nacos.naming.failover.0] [none] DEBUG com.alibaba.nacos.client.naming - failover switch is not found, 00-00---000-VIPSRV_FAILOVER_SWITCH-000---00-00
2026-05-18 17:27:59.722 [com.alibaba.nacos.naming.failover.0] [none] DEBUG com.alibaba.nacos.client.naming - failover switch is not found, 00-00---000-VIPSRV_FAILOVER_SWITCH-000---00-00
2026-05-18 17:28:04.722 [com.alibaba.nacos.naming.failover.0] [none] DEBUG com.alibaba.nacos.client.naming - failover switch is not found, 00-00---000-VIPSRV_FAILOVER_SWITCH-000---00-00
2026-05-18 17:28:09.723 [com.alibaba.nacos.naming.failover.0] [none] DEBUG com.alibaba.nacos.client.naming - failover switch is not found, 00-00---000-VIPSRV_FAILOVER_SWITCH-000---00-00
2026-05-18 17:28:14.724 [com.alibaba.nacos.naming.failover.0] [none] DEBUG com.alibaba.nacos.client.naming - failover switch is not found, 00-00---000-VIPSRV_FAILOVER_SWITCH-000---00-00
2026-05-18 17:28:19.726 [com.alibaba.nacos.naming.failover.0] [none] DEBUG com.alibaba.nacos.client.naming - failover switch is not found, 00-00---000-VIPSRV_FAILOVER_SWITCH-000---00-00
2026-05-18 17:28:24.727 [com.alibaba.nacos.naming.failover.0] [none] DEBUG com.alibaba.nacos.client.naming - failover switch is not found, 00-00---000-VIPSRV_FAILOVER_SWITCH-000---00-00
2026-05-18 17:28:29.729 [com.alibaba.nacos.naming.failover.0] [none] DEBUG com.alibaba.nacos.client.naming - failover switch is not found, 00-00---000-VIPSRV_FAILOVER_SWITCH-000---00-00
2026-05-18 17:28:34.731 [com.alibaba.nacos.naming.failover.0] [none] DEBUG com.alibaba.nacos.client.naming - failover switch is not found, 00-00---000-VIPSRV_FAILOVER_SWITCH-000---00-00
2026-05-18 17:28:39.731 [com.alibaba.nacos.naming.failover.0] [none] DEBUG com.alibaba.nacos.client.naming - failover switch is not found, 00-00---000-VIPSRV_FAILOVER_SWITCH-000---00-00
2026-05-18 17:28:44.732 [com.alibaba.nacos.naming.failover.0] [none] DEBUG com.alibaba.nacos.client.naming - failover switch is not found, 00-00---000-VIPSRV_FAILOVER_SWITCH-000---00-00
2026-05-18 17:28:49.735 [com.alibaba.nacos.naming.failover.0] [none] DEBUG com.alibaba.nacos.client.naming - failover switch is not found, 00-00---000-VIPSRV_FAILOVER_SWITCH-000---00-00
2026-05-18 17:28:54.736 [com.alibaba.nacos.naming.failover.0] [none] DEBUG com.alibaba.nacos.client.naming - failover switch is not found, 00-00---000-VIPSRV_FAILOVER_SWITCH-000---00-00
2026-05-18 17:28:59.736 [com.alibaba.nacos.naming.failover.0] [none] DEBUG com.alibaba.nacos.client.naming - failover switch is not found, 00-00---000-VIPSRV_FAILOVER_SWITCH-000---00-00
2026-05-18 17:29:04.737 [com.alibaba.nacos.naming.failover.0] [none] DEBUG com.alibaba.nacos.client.naming - failover switch is not found, 00-00---000-VIPSRV_FAILOVER_SWITCH-000---00-00
2026-05-18 17:29:09.739 [com.alibaba.nacos.naming.failover.0] [none] DEBUG com.alibaba.nacos.client.naming - failover switch is not found, 00-00---000-VIPSRV_FAILOVER_SWITCH-000---00-00
2026-05-18 17:29:14.743 [com.alibaba.nacos.naming.failover.0] [none] DEBUG com.alibaba.nacos.client.naming - failover switch is not found, 00-00---000-VIPSRV_FAILOVER_SWITCH-000---00-00
2026-05-18 17:29:19.744 [com.alibaba.nacos.naming.failover.0] [none] DEBUG com.alibaba.nacos.client.naming - failover switch is not found, 00-00---000-VIPSRV_FAILOVER_SWITCH-000---00-00
2026-05-18 17:29:24.745 [com.alibaba.nacos.naming.failover.0] [none] DEBUG com.alibaba.nacos.client.naming - failover switch is not found, 00-00---000-VIPSRV_FAILOVER_SWITCH-000---00-00
2026-05-18 17:29:29.746 [com.alibaba.nacos.naming.failover.0] [none] DEBUG com.alibaba.nacos.client.naming - failover switch is not found, 00-00---000-VIPSRV_FAILOVER_SWITCH-000---00-00
2026-05-18 17:29:34.747 [com.alibaba.nacos.naming.failover.0] [none] DEBUG com.alibaba.nacos.client.naming - failover switch is not found, 00-00---000-VIPSRV_FAILOVER_SWITCH-000---00-00
2026-05-18 17:29:39.748 [com.alibaba.nacos.naming.failover.0] [none] DEBUG com.alibaba.nacos.client.naming - failover switch is not found, 00-00---000-VIPSRV_FAILOVER_SWITCH-000---00-00
2026-05-18 17:29:44.763 [com.alibaba.nacos.naming.failover.0] [none] DEBUG com.alibaba.nacos.client.naming - failover switch is not found, 00-00---000-VIPSRV_FAILOVER_SWITCH-000---00-00
2026-05-18 17:29:49.764 [com.alibaba.nacos.naming.failover.0] [none] DEBUG com.alibaba.nacos.client.naming - failover switch is not found, 00-00---000-VIPSRV_FAILOVER_SWITCH-000---00-00
2026-05-18 17:29:54.766 [com.alibaba.nacos.naming.failover.0] [none] DEBUG com.alibaba.nacos.client.naming - failover switch is not found, 00-00---000-VIPSRV_FAILOVER_SWITCH-000---00-00
2026-05-18 17:29:59.767 [com.alibaba.nacos.naming.failover.0] [none] DEBUG com.alibaba.nacos.client.naming - failover switch is not found, 00-00---000-VIPSRV_FAILOVER_SWITCH-000---00-00
2026-05-18 17:30:04.768 [com.alibaba.nacos.naming.failover.0] [none] DEBUG com.alibaba.nacos.client.naming - failover switch is not found, 00-00---000-VIPSRV_FAILOVER_SWITCH-000---00-00
2026-05-18 17:30:09.777 [com.alibaba.nacos.naming.failover.0] [none] DEBUG com.alibaba.nacos.client.naming - failover switch is not found, 00-00---000-VIPSRV_FAILOVER_SWITCH-000---00-00
2026-05-18 17:30:14.785 [com.alibaba.nacos.naming.failover.0] [none] DEBUG com.alibaba.nacos.client.naming - failover switch is not found, 00-00---000-VIPSRV_FAILOVER_SWITCH-000---00-00
2026-05-18 17:30:19.800 [com.alibaba.nacos.naming.failover.0] [none] DEBUG com.alibaba.nacos.client.naming - failover switch is not found, 00-00---000-VIPSRV_FAILOVER_SWITCH-000---00-00
2026-05-18 17:30:24.813 [com.alibaba.nacos.naming.failover.0] [none] DEBUG com.alibaba.nacos.client.naming - failover switch is not found, 00-00---000-VIPSRV_FAILOVER_SWITCH-000---00-00
2026-05-18 17:30:29.826 [com.alibaba.nacos.naming.failover.0] [none] DEBUG com.alibaba.nacos.client.naming - failover switch is not found, 00-00---000-VIPSRV_FAILOVER_SWITCH-000---00-00
2026-05-18 17:30:34.836 [com.alibaba.nacos.naming.failover.0] [none] DEBUG com.alibaba.nacos.client.naming - failover switch is not found, 00-00---000-VIPSRV_FAILOVER_SWITCH-000---00-00
2026-05-18 17:30:39.842 [com.alibaba.nacos.naming.failover.0] [none] DEBUG com.alibaba.nacos.client.naming - failover switch is not found, 00-00---000-VIPSRV_FAILOVER_SWITCH-000---00-00
2026-05-18 17:30:44.843 [com.alibaba.nacos.naming.failover.0] [none] DEBUG com.alibaba.nacos.client.naming - failover switch is not found, 00-00---000-VIPSRV_FAILOVER_SWITCH-000---00-00
2026-05-18 17:30:49.847 [com.alibaba.nacos.naming.failover.0] [none] DEBUG com.alibaba.nacos.client.naming - failover switch is not found, 00-00---000-VIPSRV_FAILOVER_SWITCH-000---00-00
2026-05-18 17:30:54.864 [com.alibaba.nacos.naming.failover.0] [none] DEBUG com.alibaba.nacos.client.naming - failover switch is not found, 00-00---000-VIPSRV_FAILOVER_SWITCH-000---00-00
2026-05-18 17:30:59.877 [com.alibaba.nacos.naming.failover.0] [none] DEBUG com.alibaba.nacos.client.naming - failover switch is not found, 00-00---000-VIPSRV_FAILOVER_SWITCH-000---00-00
2026-05-18 17:31:04.891 [com.alibaba.nacos.naming.failover.0] [none] DEBUG com.alibaba.nacos.client.naming - failover switch is not found, 00-00---000-VIPSRV_FAILOVER_SWITCH-000---00-00
2026-05-18 17:31:09.896 [com.alibaba.nacos.naming.failover.0] [none] DEBUG com.alibaba.nacos.client.naming - failover switch is not found, 00-00---000-VIPSRV_FAILOVER_SWITCH-000---00-00
2026-05-18 17:31:14.901 [com.alibaba.nacos.naming.failover.0] [none] DEBUG com.alibaba.nacos.client.naming - failover switch is not found, 00-00---000-VIPSRV_FAILOVER_SWITCH-000---00-00
2026-05-18 17:31:19.914 [com.alibaba.nacos.naming.failover.0] [none] DEBUG com.alibaba.nacos.client.naming - failover switch is not found, 00-00---000-VIPSRV_FAILOVER_SWITCH-000---00-00
2026-05-18 17:31:24.919 [com.alibaba.nacos.naming.failover.0] [none] DEBUG com.alibaba.nacos.client.naming - failover switch is not found, 00-00---000-VIPSRV_FAILOVER_SWITCH-000---00-00
2026-05-18 17:31:29.920 [com.alibaba.nacos.naming.failover.0] [none] DEBUG com.alibaba.nacos.client.naming - failover switch is not found, 00-00---000-VIPSRV_FAILOVER_SWITCH-000---00-00
2026-05-18 17:31:34.921 [com.alibaba.nacos.naming.failover.0] [none] DEBUG com.alibaba.nacos.client.naming - failover switch is not found, 00-00---000-VIPSRV_FAILOVER_SWITCH-000---00-00
2026-05-18 17:31:39.922 [com.alibaba.nacos.naming.failover.0] [none] DEBUG com.alibaba.nacos.client.naming - failover switch is not found, 00-00---000-VIPSRV_FAILOVER_SWITCH-000---00-00
2026-05-18 17:31:44.924 [com.alibaba.nacos.naming.failover.0] [none] DEBUG com.alibaba.nacos.client.naming - failover switch is not found, 00-00---000-VIPSRV_FAILOVER_SWITCH-000---00-00
2026-05-18 17:31:49.924 [com.alibaba.nacos.naming.failover.0] [none] DEBUG com.alibaba.nacos.client.naming - failover switch is not found, 00-00---000-VIPSRV_FAILOVER_SWITCH-000---00-00
2026-05-18 17:31:54.925 [com.alibaba.nacos.naming.failover.0] [none] DEBUG com.alibaba.nacos.client.naming - failover switch is not found, 00-00---000-VIPSRV_FAILOVER_SWITCH-000---00-00
2026-05-18 17:31:59.926 [com.alibaba.nacos.naming.failover.0] [none] DEBUG com.alibaba.nacos.client.naming - failover switch is not found, 00-00---000-VIPSRV_FAILOVER_SWITCH-000---00-00
2026-05-18 17:32:04.927 [com.alibaba.nacos.naming.failover.0] [none] DEBUG com.alibaba.nacos.client.naming - failover switch is not found, 00-00---000-VIPSRV_FAILOVER_SWITCH-000---00-00
2026-05-18 17:32:09.930 [com.alibaba.nacos.naming.failover.0] [none] DEBUG com.alibaba.nacos.client.naming - failover switch is not found, 00-00---000-VIPSRV_FAILOVER_SWITCH-000---00-00
2026-05-18 17:32:14.945 [com.alibaba.nacos.naming.failover.0] [none] DEBUG com.alibaba.nacos.client.naming - failover switch is not found, 00-00---000-VIPSRV_FAILOVER_SWITCH-000---00-00
2026-05-18 17:32:19.962 [com.alibaba.nacos.naming.failover.0] [none] DEBUG com.alibaba.nacos.client.naming - failover switch is not found, 00-00---000-VIPSRV_FAILOVER_SWITCH-000---00-00
2026-05-18 17:32:24.976 [com.alibaba.nacos.naming.failover.0] [none] DEBUG com.alibaba.nacos.client.naming - failover switch is not found, 00-00---000-VIPSRV_FAILOVER_SWITCH-000---00-00
2026-05-18 17:32:29.980 [com.alibaba.nacos.naming.failover.0] [none] DEBUG com.alibaba.nacos.client.naming - failover switch is not found, 00-00---000-VIPSRV_FAILOVER_SWITCH-000---00-00
2026-05-18 17:32:34.985 [com.alibaba.nacos.naming.failover.0] [none] DEBUG com.alibaba.nacos.client.naming - failover switch is not found, 00-00---000-VIPSRV_FAILOVER_SWITCH-000---00-00
2026-05-18 17:32:39.991 [com.alibaba.nacos.naming.failover.0] [none] DEBUG com.alibaba.nacos.client.naming - failover switch is not found, 00-00---000-VIPSRV_FAILOVER_SWITCH-000---00-00
2026-05-18 17:32:44.993 [com.alibaba.nacos.naming.failover.0] [none] DEBUG com.alibaba.nacos.client.naming - failover switch is not found, 00-00---000-VIPSRV_FAILOVER_SWITCH-000---00-00
2026-05-18 17:32:50.002 [com.alibaba.nacos.naming.failover.0] [none] DEBUG com.alibaba.nacos.client.naming - failover switch is not found, 00-00---000-VIPSRV_FAILOVER_SWITCH-000---00-00
2026-05-18 17:32:55.079 [com.alibaba.nacos.naming.failover.0] [none] DEBUG com.alibaba.nacos.client.naming - failover switch is not found, 00-00---000-VIPSRV_FAILOVER_SWITCH-000---00-00
2026-05-18 17:33:00.082 [com.alibaba.nacos.naming.failover.0] [none] DEBUG com.alibaba.nacos.client.naming - failover switch is not found, 00-00---000-VIPSRV_FAILOVER_SWITCH-000---00-00
2026-05-18 17:33:05.086 [com.alibaba.nacos.naming.failover.0] [none] DEBUG com.alibaba.nacos.client.naming - failover switch is not found, 00-00---000-VIPSRV_FAILOVER_SWITCH-000---00-00
2026-05-18 17:33:10.096 [com.alibaba.nacos.naming.failover.0] [none] DEBUG com.alibaba.nacos.client.naming - failover switch is not found, 00-00---000-VIPSRV_FAILOVER_SWITCH-000---00-00
2026-05-18 17:33:15.112 [com.alibaba.nacos.naming.failover.0] [none] DEBUG com.alibaba.nacos.client.naming - failover switch is not found, 00-00---000-VIPSRV_FAILOVER_SWITCH-000---00-00
2026-05-18 17:33:20.114 [com.alibaba.nacos.naming.failover.0] [none] DEBUG com.alibaba.nacos.client.naming - failover switch is not found, 00-00---000-VIPSRV_FAILOVER_SWITCH-000---00-00
2026-05-18 17:33:25.128 [com.alibaba.nacos.naming.failover.0] [none] DEBUG com.alibaba.nacos.client.naming - failover switch is not found, 00-00---000-VIPSRV_FAILOVER_SWITCH-000---00-00
2026-05-18 17:33:30.130 [com.alibaba.nacos.naming.failover.0] [none] DEBUG com.alibaba.nacos.client.naming - failover switch is not found, 00-00---000-VIPSRV_FAILOVER_SWITCH-000---00-00
2026-05-18 17:33:35.131 [com.alibaba.nacos.naming.failover.0] [none] DEBUG com.alibaba.nacos.client.naming - failover switch is not found, 00-00---000-VIPSRV_FAILOVER_SWITCH-000---00-00
2026-05-18 17:33:40.132 [com.alibaba.nacos.naming.failover.0] [none] DEBUG com.alibaba.nacos.client.naming - failover switch is not found, 00-00---000-VIPSRV_FAILOVER_SWITCH-000---00-00
2026-05-18 17:33:45.133 [com.alibaba.nacos.naming.failover.0] [none] DEBUG com.alibaba.nacos.client.naming - failover switch is not found, 00-00---000-VIPSRV_FAILOVER_SWITCH-000---00-00
2026-05-18 17:33:50.135 [com.alibaba.nacos.naming.failover.0] [none] DEBUG com.alibaba.nacos.client.naming - failover switch is not found, 00-00---000-VIPSRV_FAILOVER_SWITCH-000---00-00
2026-05-18 17:33:55.136 [com.alibaba.nacos.naming.failover.0] [none] DEBUG com.alibaba.nacos.client.naming - failover switch is not found, 00-00---000-VIPSRV_FAILOVER_SWITCH-000---00-00
2026-05-18 17:34:00.138 [com.alibaba.nacos.naming.failover.0] [none] DEBUG com.alibaba.nacos.client.naming - failover switch is not found, 00-00---000-VIPSRV_FAILOVER_SWITCH-000---00-00
2026-05-18 17:34:05.139 [com.alibaba.nacos.naming.failover.0] [none] DEBUG com.alibaba.nacos.client.naming - failover switch is not found, 00-00---000-VIPSRV_FAILOVER_SWITCH-000---00-00
2026-05-18 17:34:10.140 [com.alibaba.nacos.naming.failover.0] [none] DEBUG com.alibaba.nacos.client.naming - failover switch is not found, 00-00---000-VIPSRV_FAILOVER_SWITCH-000---00-00
2026-05-18 17:34:15.140 [com.alibaba.nacos.naming.failover.0] [none] DEBUG com.alibaba.nacos.client.naming - failover switch is not found, 00-00---000-VIPSRV_FAILOVER_SWITCH-000---00-00
2026-05-18 17:34:20.141 [com.alibaba.nacos.naming.failover.0] [none] DEBUG com.alibaba.nacos.client.naming - failover switch is not found, 00-00---000-VIPSRV_FAILOVER_SWITCH-000---00-00
2026-05-18 17:34:25.141 [com.alibaba.nacos.naming.failover.0] [none] DEBUG com.alibaba.nacos.client.naming - failover switch is not found, 00-00---000-VIPSRV_FAILOVER_SWITCH-000---00-00
2026-05-18 17:34:30.143 [com.alibaba.nacos.naming.failover.0] [none] DEBUG com.alibaba.nacos.client.naming - failover switch is not found, 00-00---000-VIPSRV_FAILOVER_SWITCH-000---00-00
2026-05-18 17:34:35.145 [com.alibaba.nacos.naming.failover.0] [none] DEBUG com.alibaba.nacos.client.naming - failover switch is not found, 00-00---000-VIPSRV_FAILOVER_SWITCH-000---00-00
2026-05-18 17:34:40.147 [com.alibaba.nacos.naming.failover.0] [none] DEBUG com.alibaba.nacos.client.naming - failover switch is not found, 00-00---000-VIPSRV_FAILOVER_SWITCH-000---00-00
2026-05-18 17:34:45.148 [com.alibaba.nacos.naming.failover.0] [none] DEBUG com.alibaba.nacos.client.naming - failover switch is not found, 00-00---000-VIPSRV_FAILOVER_SWITCH-000---00-00
2026-05-18 17:34:50.148 [com.alibaba.nacos.naming.failover.0] [none] DEBUG com.alibaba.nacos.client.naming - failover switch is not found, 00-00---000-VIPSRV_FAILOVER_SWITCH-000---00-00
2026-05-18 17:34:55.149 [com.alibaba.nacos.naming.failover.0] [none] DEBUG com.alibaba.nacos.client.naming - failover switch is not found, 00-00---000-VIPSRV_FAILOVER_SWITCH-000---00-00
2026-05-18 17:35:00.150 [com.alibaba.nacos.naming.failover.0] [none] DEBUG com.alibaba.nacos.client.naming - failover switch is not found, 00-00---000-VIPSRV_FAILOVER_SWITCH-000---00-00
2026-05-18 17:35:05.153 [com.alibaba.nacos.naming.failover.0] [none] DEBUG com.alibaba.nacos.client.naming - failover switch is not found, 00-00---000-VIPSRV_FAILOVER_SWITCH-000---00-00
2026-05-18 17:35:10.155 [com.alibaba.nacos.naming.failover.0] [none] DEBUG com.alibaba.nacos.client.naming - failover switch is not found, 00-00---000-VIPSRV_FAILOVER_SWITCH-000---00-00
2026-05-18 17:35:15.156 [com.alibaba.nacos.naming.failover.0] [none] DEBUG com.alibaba.nacos.client.naming - failover switch is not found, 00-00---000-VIPSRV_FAILOVER_SWITCH-000---00-00
2026-05-18 17:35:20.156 [com.alibaba.nacos.naming.failover.0] [none] DEBUG com.alibaba.nacos.client.naming - failover switch is not found, 00-00---000-VIPSRV_FAILOVER_SWITCH-000---00-00
2026-05-18 17:35:25.158 [com.alibaba.nacos.naming.failover.0] [none] DEBUG com.alibaba.nacos.client.naming - failover switch is not found, 00-00---000-VIPSRV_FAILOVER_SWITCH-000---00-00
2026-05-18 17:35:30.158 [com.alibaba.nacos.naming.failover.0] [none] DEBUG com.alibaba.nacos.client.naming - failover switch is not found, 00-00---000-VIPSRV_FAILOVER_SWITCH-000---00-00
2026-05-18 17:35:35.158 [com.alibaba.nacos.naming.failover.0] [none] DEBUG com.alibaba.nacos.client.naming - failover switch is not found, 00-00---000-VIPSRV_FAILOVER_SWITCH-000---00-00
2026-05-18 17:35:40.159 [com.alibaba.nacos.naming.failover.0] [none] DEBUG com.alibaba.nacos.client.naming - failover switch is not found, 00-00---000-VIPSRV_FAILOVER_SWITCH-000---00-00
2026-05-18 17:35:45.160 [com.alibaba.nacos.naming.failover.0] [none] DEBUG com.alibaba.nacos.client.naming - failover switch is not found, 00-00---000-VIPSRV_FAILOVER_SWITCH-000---00-00
2026-05-18 17:35:50.162 [com.alibaba.nacos.naming.failover.0] [none] DEBUG com.alibaba.nacos.client.naming - failover switch is not found, 00-00---000-VIPSRV_FAILOVER_SWITCH-000---00-00
2026-05-18 17:35:55.163 [com.alibaba.nacos.naming.failover.0] [none] DEBUG com.alibaba.nacos.client.naming - failover switch is not found, 00-00---000-VIPSRV_FAILOVER_SWITCH-000---00-00
2026-05-18 17:36:00.164 [com.alibaba.nacos.naming.failover.0] [none] DEBUG com.alibaba.nacos.client.naming - failover switch is not found, 00-00---000-VIPSRV_FAILOVER_SWITCH-000---00-00
2026-05-18 17:36:05.166 [com.alibaba.nacos.naming.failover.0] [none] DEBUG com.alibaba.nacos.client.naming - failover switch is not found, 00-00---000-VIPSRV_FAILOVER_SWITCH-000---00-00
2026-05-18 17:36:10.167 [com.alibaba.nacos.naming.failover.0] [none] DEBUG com.alibaba.nacos.client.naming - failover switch is not found, 00-00---000-VIPSRV_FAILOVER_SWITCH-000---00-00
2026-05-18 17:36:15.168 [com.alibaba.nacos.naming.failover.0] [none] DEBUG com.alibaba.nacos.client.naming - failover switch is not found, 00-00---000-VIPSRV_FAILOVER_SWITCH-000---00-00
2026-05-18 17:36:20.168 [com.alibaba.nacos.naming.failover.0] [none] DEBUG com.alibaba.nacos.client.naming - failover switch is not found, 00-00---000-VIPSRV_FAILOVER_SWITCH-000---00-00
2026-05-18 17:36:25.168 [com.alibaba.nacos.naming.failover.0] [none] DEBUG com.alibaba.nacos.client.naming - failover switch is not found, 00-00---000-VIPSRV_FAILOVER_SWITCH-000---00-00
2026-05-18 17:36:30.170 [com.alibaba.nacos.naming.failover.0] [none] DEBUG com.alibaba.nacos.client.naming - failover switch is not found, 00-00---000-VIPSRV_FAILOVER_SWITCH-000---00-00
2026-05-18 17:36:35.171 [com.alibaba.nacos.naming.failover.0] [none] DEBUG com.alibaba.nacos.client.naming - failover switch is not found, 00-00---000-VIPSRV_FAILOVER_SWITCH-000---00-00
2026-05-18 17:36:40.172 [com.alibaba.nacos.naming.failover.0] [none] DEBUG com.alibaba.nacos.client.naming - failover switch is not found, 00-00---000-VIPSRV_FAILOVER_SWITCH-000---00-00
2026-05-18 17:36:45.172 [com.alibaba.nacos.naming.failover.0] [none] DEBUG com.alibaba.nacos.client.naming - failover switch is not found, 00-00---000-VIPSRV_FAILOVER_SWITCH-000---00-00
2026-05-18 17:36:50.173 [com.alibaba.nacos.naming.failover.0] [none] DEBUG com.alibaba.nacos.client.naming - failover switch is not found, 00-00---000-VIPSRV_FAILOVER_SWITCH-000---00-00
2026-05-18 17:36:55.173 [com.alibaba.nacos.naming.failover.0] [none] DEBUG com.alibaba.nacos.client.naming - failover switch is not found, 00-00---000-VIPSRV_FAILOVER_SWITCH-000---00-00
2026-05-18 17:37:00.174 [com.alibaba.nacos.naming.failover.0] [none] DEBUG com.alibaba.nacos.client.naming - failover switch is not found, 00-00---000-VIPSRV_FAILOVER_SWITCH-000---00-00
2026-05-18 17:37:05.175 [com.alibaba.nacos.naming.failover.0] [none] DEBUG com.alibaba.nacos.client.naming - failover switch is not found, 00-00---000-VIPSRV_FAILOVER_SWITCH-000---00-00
2026-05-18 17:37:10.177 [com.alibaba.nacos.naming.failover.0] [none] DEBUG com.alibaba.nacos.client.naming - failover switch is not found, 00-00---000-VIPSRV_FAILOVER_SWITCH-000---00-00
2026-05-18 17:37:15.177 [com.alibaba.nacos.naming.failover.0] [none] DEBUG com.alibaba.nacos.client.naming - failover switch is not found, 00-00---000-VIPSRV_FAILOVER_SWITCH-000---00-00
2026-05-18 17:37:20.178 [com.alibaba.nacos.naming.failover.0] [none] DEBUG com.alibaba.nacos.client.naming - failover switch is not found, 00-00---000-VIPSRV_FAILOVER_SWITCH-000---00-00
2026-05-18 17:37:25.180 [com.alibaba.nacos.naming.failover.0] [none] DEBUG com.alibaba.nacos.client.naming - failover switch is not found, 00-00---000-VIPSRV_FAILOVER_SWITCH-000---00-00
2026-05-18 17:37:30.182 [com.alibaba.nacos.naming.failover.0] [none] DEBUG com.alibaba.nacos.client.naming - failover switch is not found, 00-00---000-VIPSRV_FAILOVER_SWITCH-000---00-00
2026-05-18 17:37:35.182 [com.alibaba.nacos.naming.failover.0] [none] DEBUG com.alibaba.nacos.client.naming - failover switch is not found, 00-00---000-VIPSRV_FAILOVER_SWITCH-000---00-00
2026-05-18 17:37:40.183 [com.alibaba.nacos.naming.failover.0] [none] DEBUG com.alibaba.nacos.client.naming - failover switch is not found, 00-00---000-VIPSRV_FAILOVER_SWITCH-000---00-00
2026-05-18 17:37:45.184 [com.alibaba.nacos.naming.failover.0] [none] DEBUG com.alibaba.nacos.client.naming - failover switch is not found, 00-00---000-VIPSRV_FAILOVER_SWITCH-000---00-00
2026-05-18 17:37:50.185 [com.alibaba.nacos.naming.failover.0] [none] DEBUG com.alibaba.nacos.client.naming - failover switch is not found, 00-00---000-VIPSRV_FAILOVER_SWITCH-000---00-00
2026-05-18 17:37:55.185 [com.alibaba.nacos.naming.failover.0] [none] DEBUG com.alibaba.nacos.client.naming - failover switch is not found, 00-00---000-VIPSRV_FAILOVER_SWITCH-000---00-00
2026-05-18 17:38:00.186 [com.alibaba.nacos.naming.failover.0] [none] DEBUG com.alibaba.nacos.client.naming - failover switch is not found, 00-00---000-VIPSRV_FAILOVER_SWITCH-000---00-00
2026-05-18 17:38:05.186 [com.alibaba.nacos.naming.failover.0] [none] DEBUG com.alibaba.nacos.client.naming - failover switch is not found, 00-00---000-VIPSRV_FAILOVER_SWITCH-000---00-00
2026-05-18 17:38:10.187 [com.alibaba.nacos.naming.failover.0] [none] DEBUG com.alibaba.nacos.client.naming - failover switch is not found, 00-00---000-VIPSRV_FAILOVER_SWITCH-000---00-00
2026-05-18 17:38:15.188 [com.alibaba.nacos.naming.failover.0] [none] DEBUG com.alibaba.nacos.client.naming - failover switch is not found, 00-00---000-VIPSRV_FAILOVER_SWITCH-000---00-00
2026-05-18 17:38:20.190 [com.alibaba.nacos.naming.failover.0] [none] DEBUG com.alibaba.nacos.client.naming - failover switch is not found, 00-00---000-VIPSRV_FAILOVER_SWITCH-000---00-00
2026-05-18 17:38:25.191 [com.alibaba.nacos.naming.failover.0] [none] DEBUG com.alibaba.nacos.client.naming - failover switch is not found, 00-00---000-VIPSRV_FAILOVER_SWITCH-000---00-00
2026-05-18 17:38:30.191 [com.alibaba.nacos.naming.failover.0] [none] DEBUG com.alibaba.nacos.client.naming - failover switch is not found, 00-00---000-VIPSRV_FAILOVER_SWITCH-000---00-00
2026-05-18 17:38:35.193 [com.alibaba.nacos.naming.failover.0] [none] DEBUG com.alibaba.nacos.client.naming - failover switch is not found, 00-00---000-VIPSRV_FAILOVER_SWITCH-000---00-00
2026-05-18 17:38:40.194 [com.alibaba.nacos.naming.failover.0] [none] DEBUG com.alibaba.nacos.client.naming - failover switch is not found, 00-00---000-VIPSRV_FAILOVER_SWITCH-000---00-00
2026-05-18 17:38:45.195 [com.alibaba.nacos.naming.failover.0] [none] DEBUG com.alibaba.nacos.client.naming - failover switch is not found, 00-00---000-VIPSRV_FAILOVER_SWITCH-000---00-00
2026-05-18 17:38:50.196 [com.alibaba.nacos.naming.failover.0] [none] DEBUG com.alibaba.nacos.client.naming - failover switch is not found, 00-00---000-VIPSRV_FAILOVER_SWITCH-000---00-00
2026-05-18 17:38:55.197 [com.alibaba.nacos.naming.failover.0] [none] DEBUG com.alibaba.nacos.client.naming - failover switch is not found, 00-00---000-VIPSRV_FAILOVER_SWITCH-000---00-00
2026-05-18 17:39:00.200 [com.alibaba.nacos.naming.failover.0] [none] DEBUG com.alibaba.nacos.client.naming - failover switch is not found, 00-00---000-VIPSRV_FAILOVER_SWITCH-000---00-00
2026-05-18 17:39:05.201 [com.alibaba.nacos.naming.failover.0] [none] DEBUG com.alibaba.nacos.client.naming - failover switch is not found, 00-00---000-VIPSRV_FAILOVER_SWITCH-000---00-00
2026-05-18 17:39:10.202 [com.alibaba.nacos.naming.failover.0] [none] DEBUG com.alibaba.nacos.client.naming - failover switch is not found, 00-00---000-VIPSRV_FAILOVER_SWITCH-000---00-00
2026-05-18 17:39:15.203 [com.alibaba.nacos.naming.failover.0] [none] DEBUG com.alibaba.nacos.client.naming - failover switch is not found, 00-00---000-VIPSRV_FAILOVER_SWITCH-000---00-00
2026-05-18 17:39:20.204 [com.alibaba.nacos.naming.failover.0] [none] DEBUG com.alibaba.nacos.client.naming - failover switch is not found, 00-00---000-VIPSRV_FAILOVER_SWITCH-000---00-00
2026-05-18 17:39:25.206 [com.alibaba.nacos.naming.failover.0] [none] DEBUG com.alibaba.nacos.client.naming - failover switch is not found, 00-00---000-VIPSRV_FAILOVER_SWITCH-000---00-00
2026-05-18 17:39:30.206 [com.alibaba.nacos.naming.failover.0] [none] DEBUG com.alibaba.nacos.client.naming - failover switch is not found, 00-00---000-VIPSRV_FAILOVER_SWITCH-000---00-00
2026-05-18 17:39:35.207 [com.alibaba.nacos.naming.failover.0] [none] DEBUG com.alibaba.nacos.client.naming - failover switch is not found, 00-00---000-VIPSRV_FAILOVER_SWITCH-000---00-00
2026-05-18 17:39:40.208 [com.alibaba.nacos.naming.failover.0] [none] DEBUG com.alibaba.nacos.client.naming - failover switch is not found, 00-00---000-VIPSRV_FAILOVER_SWITCH-000---00-00
2026-05-18 17:39:45.210 [com.alibaba.nacos.naming.failover.0] [none] DEBUG com.alibaba.nacos.client.naming - failover switch is not found, 00-00---000-VIPSRV_FAILOVER_SWITCH-000---00-00
2026-05-18 17:39:50.211 [com.alibaba.nacos.naming.failover.0] [none] DEBUG com.alibaba.nacos.client.naming - failover switch is not found, 00-00---000-VIPSRV_FAILOVER_SWITCH-000---00-00
2026-05-18 17:39:55.212 [com.alibaba.nacos.naming.failover.0] [none] DEBUG com.alibaba.nacos.client.naming - failover switch is not found, 00-00---000-VIPSRV_FAILOVER_SWITCH-000---00-00
2026-05-18 17:40:00.213 [com.alibaba.nacos.naming.failover.0] [none] DEBUG com.alibaba.nacos.client.naming - failover switch is not found, 00-00---000-VIPSRV_FAILOVER_SWITCH-000---00-00
2026-05-18 17:40:05.215 [com.alibaba.nacos.naming.failover.0] [none] DEBUG com.alibaba.nacos.client.naming - failover switch is not found, 00-00---000-VIPSRV_FAILOVER_SWITCH-000---00-00
2026-05-18 17:40:10.217 [com.alibaba.nacos.naming.failover.0] [none] DEBUG com.alibaba.nacos.client.naming - failover switch is not found, 00-00---000-VIPSRV_FAILOVER_SWITCH-000---00-00
2026-05-18 17:40:15.218 [com.alibaba.nacos.naming.failover.0] [none] DEBUG com.alibaba.nacos.client.naming - failover switch is not found, 00-00---000-VIPSRV_FAILOVER_SWITCH-000---00-00
2026-05-18 17:40:20.220 [com.alibaba.nacos.naming.failover.0] [none] DEBUG com.alibaba.nacos.client.naming - failover switch is not found, 00-00---000-VIPSRV_FAILOVER_SWITCH-000---00-00
2026-05-18 17:40:25.222 [com.alibaba.nacos.naming.failover.0] [none] DEBUG com.alibaba.nacos.client.naming - failover switch is not found, 00-00---000-VIPSRV_FAILOVER_SWITCH-000---00-00
2026-05-18 17:40:30.224 [com.alibaba.nacos.naming.failover.0] [none] DEBUG com.alibaba.nacos.client.naming - failover switch is not found, 00-00---000-VIPSRV_FAILOVER_SWITCH-000---00-00
2026-05-18 17:40:35.226 [com.alibaba.nacos.naming.failover.0] [none] DEBUG com.alibaba.nacos.client.naming - failover switch is not found, 00-00---000-VIPSRV_FAILOVER_SWITCH-000---00-00
2026-05-18 17:40:40.227 [com.alibaba.nacos.naming.failover.0] [none] DEBUG com.alibaba.nacos.client.naming - failover switch is not found, 00-00---000-VIPSRV_FAILOVER_SWITCH-000---00-00
2026-05-18 17:40:45.228 [com.alibaba.nacos.naming.failover.0] [none] DEBUG com.alibaba.nacos.client.naming - failover switch is not found, 00-00---000-VIPSRV_FAILOVER_SWITCH-000---00-00
2026-05-18 17:40:50.230 [com.alibaba.nacos.naming.failover.0] [none] DEBUG com.alibaba.nacos.client.naming - failover switch is not found, 00-00---000-VIPSRV_FAILOVER_SWITCH-000---00-00
2026-05-18 17:40:55.231 [com.alibaba.nacos.naming.failover.0] [none] DEBUG com.alibaba.nacos.client.naming - failover switch is not found, 00-00---000-VIPSRV_FAILOVER_SWITCH-000---00-00
2026-05-18 17:41:00.233 [com.alibaba.nacos.naming.failover.0] [none] DEBUG com.alibaba.nacos.client.naming - failover switch is not found, 00-00---000-VIPSRV_FAILOVER_SWITCH-000---00-00
2026-05-18 17:41:05.235 [com.alibaba.nacos.naming.failover.0] [none] DEBUG com.alibaba.nacos.client.naming - failover switch is not found, 00-00---000-VIPSRV_FAILOVER_SWITCH-000---00-00
2026-05-18 17:41:10.236 [com.alibaba.nacos.naming.failover.0] [none] DEBUG com.alibaba.nacos.client.naming - failover switch is not found, 00-00---000-VIPSRV_FAILOVER_SWITCH-000---00-00
2026-05-18 17:41:15.238 [com.alibaba.nacos.naming.failover.0] [none] DEBUG com.alibaba.nacos.client.naming - failover switch is not found, 00-00---000-VIPSRV_FAILOVER_SWITCH-000---00-00
2026-05-18 17:41:20.239 [com.alibaba.nacos.naming.failover.0] [none] DEBUG com.alibaba.nacos.client.naming - failover switch is not found, 00-00---000-VIPSRV_FAILOVER_SWITCH-000---00-00
2026-05-18 17:41:25.239 [com.alibaba.nacos.naming.failover.0] [none] DEBUG com.alibaba.nacos.client.naming - failover switch is not found, 00-00---000-VIPSRV_FAILOVER_SWITCH-000---00-00
2026-05-18 17:41:30.240 [com.alibaba.nacos.naming.failover.0] [none] DEBUG com.alibaba.nacos.client.naming - failover switch is not found, 00-00---000-VIPSRV_FAILOVER_SWITCH-000---00-00
2026-05-18 17:41:35.241 [com.alibaba.nacos.naming.failover.0] [none] DEBUG com.alibaba.nacos.client.naming - failover switch is not found, 00-00---000-VIPSRV_FAILOVER_SWITCH-000---00-00
2026-05-18 17:41:40.241 [com.alibaba.nacos.naming.failover.0] [none] DEBUG com.alibaba.nacos.client.naming - failover switch is not found, 00-00---000-VIPSRV_FAILOVER_SWITCH-000---00-00
2026-05-18 17:41:45.243 [com.alibaba.nacos.naming.failover.0] [none] DEBUG com.alibaba.nacos.client.naming - failover switch is not found, 00-00---000-VIPSRV_FAILOVER_SWITCH-000---00-00
2026-05-18 17:41:50.244 [com.alibaba.nacos.naming.failover.0] [none] DEBUG com.alibaba.nacos.client.naming - failover switch is not found, 00-00---000-VIPSRV_FAILOVER_SWITCH-000---00-00
2026-05-18 17:41:55.245 [com.alibaba.nacos.naming.failover.0] [none] DEBUG com.alibaba.nacos.client.naming - failover switch is not found, 00-00---000-VIPSRV_FAILOVER_SWITCH-000---00-00
2026-05-18 17:42:00.246 [com.alibaba.nacos.naming.failover.0] [none] DEBUG com.alibaba.nacos.client.naming - failover switch is not found, 00-00---000-VIPSRV_FAILOVER_SWITCH-000---00-00
2026-05-18 17:42:05.247 [com.alibaba.nacos.naming.failover.0] [none] DEBUG com.alibaba.nacos.client.naming - failover switch is not found, 00-00---000-VIPSRV_FAILOVER_SWITCH-000---00-00
2026-05-18 17:42:10.248 [com.alibaba.nacos.naming.failover.0] [none] DEBUG com.alibaba.nacos.client.naming - failover switch is not found, 00-00---000-VIPSRV_FAILOVER_SWITCH-000---00-00
2026-05-18 17:42:15.249 [com.alibaba.nacos.naming.failover.0] [none] DEBUG com.alibaba.nacos.client.naming - failover switch is not found, 00-00---000-VIPSRV_FAILOVER_SWITCH-000---00-00
2026-05-18 17:42:20.250 [com.alibaba.nacos.naming.failover.0] [none] DEBUG com.alibaba.nacos.client.naming - failover switch is not found, 00-00---000-VIPSRV_FAILOVER_SWITCH-000---00-00
2026-05-18 17:42:25.251 [com.alibaba.nacos.naming.failover.0] [none] DEBUG com.alibaba.nacos.client.naming - failover switch is not found, 00-00---000-VIPSRV_FAILOVER_SWITCH-000---00-00
2026-05-18 17:42:30.251 [com.alibaba.nacos.naming.failover.0] [none] DEBUG com.alibaba.nacos.client.naming - failover switch is not found, 00-00---000-VIPSRV_FAILOVER_SWITCH-000---00-00
2026-05-18 17:42:35.252 [com.alibaba.nacos.naming.failover.0] [none] DEBUG com.alibaba.nacos.client.naming - failover switch is not found, 00-00---000-VIPSRV_FAILOVER_SWITCH-000---00-00
2026-05-18 17:42:40.252 [com.alibaba.nacos.naming.failover.0] [none] DEBUG com.alibaba.nacos.client.naming - failover switch is not found, 00-00---000-VIPSRV_FAILOVER_SWITCH-000---00-00
2026-05-18 17:42:45.253 [com.alibaba.nacos.naming.failover.0] [none] DEBUG com.alibaba.nacos.client.naming - failover switch is not found, 00-00---000-VIPSRV_FAILOVER_SWITCH-000---00-00
2026-05-18 17:42:50.253 [com.alibaba.nacos.naming.failover.0] [none] DEBUG com.alibaba.nacos.client.naming - failover switch is not found, 00-00---000-VIPSRV_FAILOVER_SWITCH-000---00-00
2026-05-18 17:42:55.254 [com.alibaba.nacos.naming.failover.0] [none] DEBUG com.alibaba.nacos.client.naming - failover switch is not found, 00-00---000-VIPSRV_FAILOVER_SWITCH-000---00-00
2026-05-18 17:43:00.254 [com.alibaba.nacos.naming.failover.0] [none] DEBUG com.alibaba.nacos.client.naming - failover switch is not found, 00-00---000-VIPSRV_FAILOVER_SWITCH-000---00-00
2026-05-18 17:43:05.255 [com.alibaba.nacos.naming.failover.0] [none] DEBUG com.alibaba.nacos.client.naming - failover switch is not found, 00-00---000-VIPSRV_FAILOVER_SWITCH-000---00-00
2026-05-18 17:43:10.256 [com.alibaba.nacos.naming.failover.0] [none] DEBUG com.alibaba.nacos.client.naming - failover switch is not found, 00-00---000-VIPSRV_FAILOVER_SWITCH-000---00-00
2026-05-18 17:43:15.256 [com.alibaba.nacos.naming.failover.0] [none] DEBUG com.alibaba.nacos.client.naming - failover switch is not found, 00-00---000-VIPSRV_FAILOVER_SWITCH-000---00-00
2026-05-18 17:43:20.257 [com.alibaba.nacos.naming.failover.0] [none] DEBUG com.alibaba.nacos.client.naming - failover switch is not found, 00-00---000-VIPSRV_FAILOVER_SWITCH-000---00-00
2026-05-18 17:43:25.258 [com.alibaba.nacos.naming.failover.0] [none] DEBUG com.alibaba.nacos.client.naming - failover switch is not found, 00-00---000-VIPSRV_FAILOVER_SWITCH-000---00-00
2026-05-18 17:43:30.259 [com.alibaba.nacos.naming.failover.0] [none] DEBUG com.alibaba.nacos.client.naming - failover switch is not found, 00-00---000-VIPSRV_FAILOVER_SWITCH-000---00-00
2026-05-18 17:43:35.260 [com.alibaba.nacos.naming.failover.0] [none] DEBUG com.alibaba.nacos.client.naming - failover switch is not found, 00-00---000-VIPSRV_FAILOVER_SWITCH-000---00-00
2026-05-18 17:43:40.261 [com.alibaba.nacos.naming.failover.0] [none] DEBUG com.alibaba.nacos.client.naming - failover switch is not found, 00-00---000-VIPSRV_FAILOVER_SWITCH-000---00-00
2026-05-18 17:43:45.263 [com.alibaba.nacos.naming.failover.0] [none] DEBUG com.alibaba.nacos.client.naming - failover switch is not found, 00-00---000-VIPSRV_FAILOVER_SWITCH-000---00-00
2026-05-18 17:43:50.265 [com.alibaba.nacos.naming.failover.0] [none] DEBUG com.alibaba.nacos.client.naming - failover switch is not found, 00-00---000-VIPSRV_FAILOVER_SWITCH-000---00-00
2026-05-18 17:43:55.265 [com.alibaba.nacos.naming.failover.0] [none] DEBUG com.alibaba.nacos.client.naming - failover switch is not found, 00-00---000-VIPSRV_FAILOVER_SWITCH-000---00-00
2026-05-18 17:44:00.266 [com.alibaba.nacos.naming.failover.0] [none] DEBUG com.alibaba.nacos.client.naming - failover switch is not found, 00-00---000-VIPSRV_FAILOVER_SWITCH-000---00-00
2026-05-18 17:44:05.267 [com.alibaba.nacos.naming.failover.0] [none] DEBUG com.alibaba.nacos.client.naming - failover switch is not found, 00-00---000-VIPSRV_FAILOVER_SWITCH-000---00-00
2026-05-18 17:44:10.268 [com.alibaba.nacos.naming.failover.0] [none] DEBUG com.alibaba.nacos.client.naming - failover switch is not found, 00-00---000-VIPSRV_FAILOVER_SWITCH-000---00-00
2026-05-18 17:44:15.270 [com.alibaba.nacos.naming.failover.0] [none] DEBUG com.alibaba.nacos.client.naming - failover switch is not found, 00-00---000-VIPSRV_FAILOVER_SWITCH-000---00-00
2026-05-18 17:44:20.271 [com.alibaba.nacos.naming.failover.0] [none] DEBUG com.alibaba.nacos.client.naming - failover switch is not found, 00-00---000-VIPSRV_FAILOVER_SWITCH-000---00-00
2026-05-18 17:44:25.272 [com.alibaba.nacos.naming.failover.0] [none] DEBUG com.alibaba.nacos.client.naming - failover switch is not found, 00-00---000-VIPSRV_FAILOVER_SWITCH-000---00-00
2026-05-18 17:44:30.272 [com.alibaba.nacos.naming.failover.0] [none] DEBUG com.alibaba.nacos.client.naming - failover switch is not found, 00-00---000-VIPSRV_FAILOVER_SWITCH-000---00-00
2026-05-18 17:44:35.273 [com.alibaba.nacos.naming.failover.0] [none] DEBUG com.alibaba.nacos.client.naming - failover switch is not found, 00-00---000-VIPSRV_FAILOVER_SWITCH-000---00-00
2026-05-18 17:44:40.273 [com.alibaba.nacos.naming.failover.0] [none] DEBUG com.alibaba.nacos.client.naming - failover switch is not found, 00-00---000-VIPSRV_FAILOVER_SWITCH-000---00-00
2026-05-18 17:44:45.275 [com.alibaba.nacos.naming.failover.0] [none] DEBUG com.alibaba.nacos.client.naming - failover switch is not found, 00-00---000-VIPSRV_FAILOVER_SWITCH-000---00-00
2026-05-18 17:44:50.276 [com.alibaba.nacos.naming.failover.0] [none] DEBUG com.alibaba.nacos.client.naming - failover switch is not found, 00-00---000-VIPSRV_FAILOVER_SWITCH-000---00-00
2026-05-18 17:44:55.276 [com.alibaba.nacos.naming.failover.0] [none] DEBUG com.alibaba.nacos.client.naming - failover switch is not found, 00-00---000-VIPSRV_FAILOVER_SWITCH-000---00-00
2026-05-18 17:45:00.278 [com.alibaba.nacos.naming.failover.0] [none] DEBUG com.alibaba.nacos.client.naming - failover switch is not found, 00-00---000-VIPSRV_FAILOVER_SWITCH-000---00-00
2026-05-18 17:45:05.278 [com.alibaba.nacos.naming.failover.0] [none] DEBUG com.alibaba.nacos.client.naming - failover switch is not found, 00-00---000-VIPSRV_FAILOVER_SWITCH-000---00-00
2026-05-18 17:45:10.287 [com.alibaba.nacos.naming.failover.0] [none] DEBUG com.alibaba.nacos.client.naming - failover switch is not found, 00-00---000-VIPSRV_FAILOVER_SWITCH-000---00-00
2026-05-18 17:45:15.288 [com.alibaba.nacos.naming.failover.0] [none] DEBUG com.alibaba.nacos.client.naming - failover switch is not found, 00-00---000-VIPSRV_FAILOVER_SWITCH-000---00-00
2026-05-18 17:45:20.287 [com.alibaba.nacos.naming.failover.0] [none] DEBUG com.alibaba.nacos.client.naming - failover switch is not found, 00-00---000-VIPSRV_FAILOVER_SWITCH-000---00-00
2026-05-18 17:45:25.290 [com.alibaba.nacos.naming.failover.0] [none] DEBUG com.alibaba.nacos.client.naming - failover switch is not found, 00-00---000-VIPSRV_FAILOVER_SWITCH-000---00-00
2026-05-18 17:45:30.291 [com.alibaba.nacos.naming.failover.0] [none] DEBUG com.alibaba.nacos.client.naming - failover switch is not found, 00-00---000-VIPSRV_FAILOVER_SWITCH-000---00-00
2026-05-18 17:45:35.294 [com.alibaba.nacos.naming.failover.0] [none] DEBUG com.alibaba.nacos.client.naming - failover switch is not found, 00-00---000-VIPSRV_FAILOVER_SWITCH-000---00-00
2026-05-18 17:45:40.295 [com.alibaba.nacos.naming.failover.0] [none] DEBUG com.alibaba.nacos.client.naming - failover switch is not found, 00-00---000-VIPSRV_FAILOVER_SWITCH-000---00-00
2026-05-18 17:45:45.296 [com.alibaba.nacos.naming.failover.0] [none] DEBUG com.alibaba.nacos.client.naming - failover switch is not found, 00-00---000-VIPSRV_FAILOVER_SWITCH-000---00-00
2026-05-18 17:45:50.297 [com.alibaba.nacos.naming.failover.0] [none] DEBUG com.alibaba.nacos.client.naming - failover switch is not found, 00-00---000-VIPSRV_FAILOVER_SWITCH-000---00-00
2026-05-18 17:45:55.297 [com.alibaba.nacos.naming.failover.0] [none] DEBUG com.alibaba.nacos.client.naming - failover switch is not found, 00-00---000-VIPSRV_FAILOVER_SWITCH-000---00-00
2026-05-18 17:46:00.298 [com.alibaba.nacos.naming.failover.0] [none] DEBUG com.alibaba.nacos.client.naming - failover switch is not found, 00-00---000-VIPSRV_FAILOVER_SWITCH-000---00-00
2026-05-18 17:46:05.300 [com.alibaba.nacos.naming.failover.0] [none] DEBUG com.alibaba.nacos.client.naming - failover switch is not found, 00-00---000-VIPSRV_FAILOVER_SWITCH-000---00-00
2026-05-18 17:46:10.300 [com.alibaba.nacos.naming.failover.0] [none] DEBUG com.alibaba.nacos.client.naming - failover switch is not found, 00-00---000-VIPSRV_FAILOVER_SWITCH-000---00-00
2026-05-18 17:46:15.301 [com.alibaba.nacos.naming.failover.0] [none] DEBUG com.alibaba.nacos.client.naming - failover switch is not found, 00-00---000-VIPSRV_FAILOVER_SWITCH-000---00-00
2026-05-18 17:46:20.302 [com.alibaba.nacos.naming.failover.0] [none] DEBUG com.alibaba.nacos.client.naming - failover switch is not found, 00-00---000-VIPSRV_FAILOVER_SWITCH-000---00-00
2026-05-18 17:46:25.303 [com.alibaba.nacos.naming.failover.0] [none] DEBUG com.alibaba.nacos.client.naming - failover switch is not found, 00-00---000-VIPSRV_FAILOVER_SWITCH-000---00-00
2026-05-18 17:46:30.305 [com.alibaba.nacos.naming.failover.0] [none] DEBUG com.alibaba.nacos.client.naming - failover switch is not found, 00-00---000-VIPSRV_FAILOVER_SWITCH-000---00-00
2026-05-18 17:46:35.306 [com.alibaba.nacos.naming.failover.0] [none] DEBUG com.alibaba.nacos.client.naming - failover switch is not found, 00-00---000-VIPSRV_FAILOVER_SWITCH-000---00-00
2026-05-18 17:46:40.306 [com.alibaba.nacos.naming.failover.0] [none] DEBUG com.alibaba.nacos.client.naming - failover switch is not found, 00-00---000-VIPSRV_FAILOVER_SWITCH-000---00-00
2026-05-18 17:46:45.307 [com.alibaba.nacos.naming.failover.0] [none] DEBUG com.alibaba.nacos.client.naming - failover switch is not found, 00-00---000-VIPSRV_FAILOVER_SWITCH-000---00-00
2026-05-18 17:46:50.308 [com.alibaba.nacos.naming.failover.0] [none] DEBUG com.alibaba.nacos.client.naming - failover switch is not found, 00-00---000-VIPSRV_FAILOVER_SWITCH-000---00-00
2026-05-18 17:46:55.309 [com.alibaba.nacos.naming.failover.0] [none] DEBUG com.alibaba.nacos.client.naming - failover switch is not found, 00-00---000-VIPSRV_FAILOVER_SWITCH-000---00-00
2026-05-18 17:47:00.309 [com.alibaba.nacos.naming.failover.0] [none] DEBUG com.alibaba.nacos.client.naming - failover switch is not found, 00-00---000-VIPSRV_FAILOVER_SWITCH-000---00-00
2026-05-18 17:47:05.310 [com.alibaba.nacos.naming.failover.0] [none] DEBUG com.alibaba.nacos.client.naming - failover switch is not found, 00-00---000-VIPSRV_FAILOVER_SWITCH-000---00-00
2026-05-18 17:47:10.311 [com.alibaba.nacos.naming.failover.0] [none] DEBUG com.alibaba.nacos.client.naming - failover switch is not found, 00-00---000-VIPSRV_FAILOVER_SWITCH-000---00-00
2026-05-18 17:47:15.311 [com.alibaba.nacos.naming.failover.0] [none] DEBUG com.alibaba.nacos.client.naming - failover switch is not found, 00-00---000-VIPSRV_FAILOVER_SWITCH-000---00-00
2026-05-18 17:47:20.322 [com.alibaba.nacos.naming.failover.0] [none] DEBUG com.alibaba.nacos.client.naming - failover switch is not found, 00-00---000-VIPSRV_FAILOVER_SWITCH-000---00-00
2026-05-18 17:47:25.333 [com.alibaba.nacos.naming.failover.0] [none] DEBUG com.alibaba.nacos.client.naming - failover switch is not found, 00-00---000-VIPSRV_FAILOVER_SWITCH-000---00-00
2026-05-18 17:47:30.339 [com.alibaba.nacos.naming.failover.0] [none] DEBUG com.alibaba.nacos.client.naming - failover switch is not found, 00-00---000-VIPSRV_FAILOVER_SWITCH-000---00-00
2026-05-18 17:47:35.354 [com.alibaba.nacos.naming.failover.0] [none] DEBUG com.alibaba.nacos.client.naming - failover switch is not found, 00-00---000-VIPSRV_FAILOVER_SWITCH-000---00-00
2026-05-18 17:47:40.363 [com.alibaba.nacos.naming.failover.0] [none] DEBUG com.alibaba.nacos.client.naming - failover switch is not found, 00-00---000-VIPSRV_FAILOVER_SWITCH-000---00-00
2026-05-18 17:47:45.364 [com.alibaba.nacos.naming.failover.0] [none] DEBUG com.alibaba.nacos.client.naming - failover switch is not found, 00-00---000-VIPSRV_FAILOVER_SWITCH-000---00-00
2026-05-18 17:47:50.364 [com.alibaba.nacos.naming.failover.0] [none] DEBUG com.alibaba.nacos.client.naming - failover switch is not found, 00-00---000-VIPSRV_FAILOVER_SWITCH-000---00-00
2026-05-18 17:47:55.365 [com.alibaba.nacos.naming.failover.0] [none] DEBUG com.alibaba.nacos.client.naming - failover switch is not found, 00-00---000-VIPSRV_FAILOVER_SWITCH-000---00-00
2026-05-18 17:48:00.366 [com.alibaba.nacos.naming.failover.0] [none] DEBUG com.alibaba.nacos.client.naming - failover switch is not found, 00-00---000-VIPSRV_FAILOVER_SWITCH-000---00-00
2026-05-18 17:48:05.368 [com.alibaba.nacos.naming.failover.0] [none] DEBUG com.alibaba.nacos.client.naming - failover switch is not found, 00-00---000-VIPSRV_FAILOVER_SWITCH-000---00-00
2026-05-18 17:48:10.385 [com.alibaba.nacos.naming.failover.0] [none] DEBUG com.alibaba.nacos.client.naming - failover switch is not found, 00-00---000-VIPSRV_FAILOVER_SWITCH-000---00-00
2026-05-18 17:48:15.385 [com.alibaba.nacos.naming.failover.0] [none] DEBUG com.alibaba.nacos.client.naming - failover switch is not found, 00-00---000-VIPSRV_FAILOVER_SWITCH-000---00-00
2026-05-18 17:48:20.398 [com.alibaba.nacos.naming.failover.0] [none] DEBUG com.alibaba.nacos.client.naming - failover switch is not found, 00-00---000-VIPSRV_FAILOVER_SWITCH-000---00-00
2026-05-18 17:48:25.412 [com.alibaba.nacos.naming.failover.0] [none] DEBUG com.alibaba.nacos.client.naming - failover switch is not found, 00-00---000-VIPSRV_FAILOVER_SWITCH-000---00-00
2026-05-18 17:48:30.432 [com.alibaba.nacos.naming.failover.0] [none] DEBUG com.alibaba.nacos.client.naming - failover switch is not found, 00-00---000-VIPSRV_FAILOVER_SWITCH-000---00-00
2026-05-18 17:48:35.438 [com.alibaba.nacos.naming.failover.0] [none] DEBUG com.alibaba.nacos.client.naming - failover switch is not found, 00-00---000-VIPSRV_FAILOVER_SWITCH-000---00-00
2026-05-18 17:48:40.447 [com.alibaba.nacos.naming.failover.0] [none] DEBUG com.alibaba.nacos.client.naming - failover switch is not found, 00-00---000-VIPSRV_FAILOVER_SWITCH-000---00-00
2026-05-18 17:48:45.459 [com.alibaba.nacos.naming.failover.0] [none] DEBUG com.alibaba.nacos.client.naming - failover switch is not found, 00-00---000-VIPSRV_FAILOVER_SWITCH-000---00-00
2026-05-18 17:48:50.462 [com.alibaba.nacos.naming.failover.0] [none] DEBUG com.alibaba.nacos.client.naming - failover switch is not found, 00-00---000-VIPSRV_FAILOVER_SWITCH-000---00-00
2026-05-18 17:48:55.467 [com.alibaba.nacos.naming.failover.0] [none] DEBUG com.alibaba.nacos.client.naming - failover switch is not found, 00-00---000-VIPSRV_FAILOVER_SWITCH-000---00-00
2026-05-18 17:49:00.488 [com.alibaba.nacos.naming.failover.0] [none] DEBUG com.alibaba.nacos.client.naming - failover switch is not found, 00-00---000-VIPSRV_FAILOVER_SWITCH-000---00-00
2026-05-18 17:49:03.741 [Thread-7] [none] INFO  c.a.n.c.http.HttpClientBeanHolder - [HttpClientBeanHolder] Start destroying common HttpClient
2026-05-18 17:49:03.744 [Thread-1] [none] INFO  c.a.n.c.executor.ThreadPoolManager - [ThreadPoolManager] Start destroying ThreadPool
2026-05-18 17:49:03.750 [Thread-9] [none] INFO  c.a.nacos.common.notify.NotifyCenter - [NotifyCenter] Start destroying Publisher
2026-05-18 17:49:03.761 [Thread-9] [none] INFO  c.a.nacos.common.notify.NotifyCenter - [NotifyCenter] Completed destruction of Publisher
2026-05-18 17:49:03.770 [Thread-1] [none] INFO  c.a.n.c.executor.ThreadPoolManager - [ThreadPoolManager] Completed destruction of ThreadPool
2026-05-18 17:49:03.821 [Thread-7] [none] INFO  c.a.n.c.http.HttpClientBeanHolder - [HttpClientBeanHolder] Completed destruction of HttpClient
2026-05-18 17:49:04.023 [SpringApplicationShutdownHook] [none] INFO  c.a.c.n.r.NacosServiceRegistry - De-registering from Nacos Server now...
2026-05-18 17:49:04.030 [SpringApplicationShutdownHook] [none] INFO  com.alibaba.nacos.client.naming - [DEREGISTER-SERVICE] public deregistering service mall-gen with instance: Instance{instanceId='null', ip='192.168.1.59', port=9050, weight=1.0, healthy=true, enabled=true, ephemeral=true, clusterName='', serviceName='null', metadata={}}
2026-05-18 17:49:04.753 [SpringApplicationShutdownHook] [none] INFO  c.a.c.n.r.NacosServiceRegistry - De-registration finished.
2026-05-18 17:49:04.801 [SpringApplicationShutdownHook] [none] INFO  com.alibaba.nacos.client.naming - com.alibaba.nacos.client.naming.cache.ServiceInfoHolder do shutdown begin
2026-05-18 17:49:04.801 [SpringApplicationShutdownHook] [none] INFO  com.alibaba.nacos.client.naming - com.alibaba.nacos.client.naming.backups.FailoverReactor do shutdown begin
2026-05-18 17:49:04.803 [SpringApplicationShutdownHook] [none] INFO  com.alibaba.nacos.client.naming - com.alibaba.nacos.client.naming.backups.FailoverReactor do shutdown stop
2026-05-18 17:49:04.803 [SpringApplicationShutdownHook] [none] INFO  com.alibaba.nacos.client.naming - com.alibaba.nacos.client.naming.cache.ServiceInfoHolder do shutdown stop
2026-05-18 17:49:04.804 [SpringApplicationShutdownHook] [none] INFO  com.alibaba.nacos.client.naming - com.alibaba.nacos.client.naming.remote.NamingClientProxyDelegate do shutdown begin
2026-05-18 17:49:04.804 [SpringApplicationShutdownHook] [none] INFO  com.alibaba.nacos.client.naming - com.alibaba.nacos.client.naming.core.ServiceInfoUpdateService do shutdown begin
2026-05-18 17:49:04.804 [SpringApplicationShutdownHook] [none] INFO  com.alibaba.nacos.client.naming - com.alibaba.nacos.client.naming.core.ServiceInfoUpdateService do shutdown stop
2026-05-18 17:49:04.806 [SpringApplicationShutdownHook] [none] INFO  c.a.n.c.a.AbstractServerListManager - com.alibaba.nacos.client.naming.core.NamingServerListManager do shutdown begin
2026-05-18 17:49:04.807 [SpringApplicationShutdownHook] [none] INFO  c.a.n.c.a.AbstractServerListManager - com.alibaba.nacos.client.naming.core.NamingServerListManager do shutdown stop
2026-05-18 17:49:04.807 [SpringApplicationShutdownHook] [none] INFO  com.alibaba.nacos.client.naming - com.alibaba.nacos.client.naming.remote.http.NamingHttpClientProxy do shutdown begin
2026-05-18 17:49:04.808 [SpringApplicationShutdownHook] [none] INFO  com.alibaba.nacos.client.naming - [NamingHttpClientManager] Start destroying NacosRestTemplate
2026-05-18 17:49:04.810 [SpringApplicationShutdownHook] [none] INFO  com.alibaba.nacos.client.naming - [NamingHttpClientManager] Completed destruction of NacosRestTemplate
2026-05-18 17:49:04.810 [SpringApplicationShutdownHook] [none] INFO  com.alibaba.nacos.client.naming - com.alibaba.nacos.client.naming.remote.http.NamingHttpClientProxy do shutdown stop
2026-05-18 17:49:04.810 [SpringApplicationShutdownHook] [none] INFO  com.alibaba.nacos.client.naming - Shutdown naming grpc client proxy for  uuid->cd821e16-913e-43e2-820d-1e850b3e70b3
2026-05-18 17:49:04.814 [SpringApplicationShutdownHook] [none] INFO  com.alibaba.nacos.client.naming - Shutdown grpc redo service executor java.util.concurrent.ScheduledThreadPoolExecutor@5220e6ff[Running, pool size = 1, active threads = 0, queued tasks = 1, completed tasks = 4337]
2026-05-18 17:49:04.816 [SpringApplicationShutdownHook] [none] INFO  c.alibaba.nacos.common.remote.client - Shutdown rpc client, set status to shutdown
2026-05-18 17:49:04.818 [SpringApplicationShutdownHook] [none] INFO  c.alibaba.nacos.common.remote.client - Shutdown client event executor java.util.concurrent.ScheduledThreadPoolExecutor@6421e9e7[Running, pool size = 2, active threads = 2, queued tasks = 0, completed tasks = 0]
2026-05-18 17:49:04.828 [SpringApplicationShutdownHook] [none] INFO  c.alibaba.nacos.common.remote.client - Close current connection 1779084704631_172.19.0.1_54548
2026-05-18 17:49:04.900 [nacos-grpc-client-executor-127.0.0.1-1] [none] INFO  c.a.n.c.r.client.grpc.GrpcClient - [1779084704631_172.19.0.1_54548]Ignore complete event,isRunning:false,isAbandon=false
2026-05-18 17:49:05.126 [SpringApplicationShutdownHook] [none] INFO  c.a.n.c.r.client.grpc.GrpcClient - Shutdown grpc executor java.util.concurrent.ThreadPoolExecutor@69c7fb94[Running, pool size = 16, active threads = 0, queued tasks = 0, completed tasks = 6898]
2026-05-18 17:49:05.131 [SpringApplicationShutdownHook] [none] INFO  com.alibaba.nacos.client.naming - shutdown and remove naming rpc client  for uuid ->cd821e16-913e-43e2-820d-1e850b3e70b3
2026-05-18 17:49:05.140 [SpringApplicationShutdownHook] [none] INFO  c.a.n.c.a.r.i.CredentialWatcher - [null] CredentialWatcher is stopped
2026-05-18 17:49:05.142 [SpringApplicationShutdownHook] [none] INFO  c.a.n.c.a.r.i.CredentialService - [null] CredentialService is freed
2026-05-18 17:49:05.143 [SpringApplicationShutdownHook] [none] INFO  com.alibaba.nacos.client.naming - com.alibaba.nacos.client.naming.remote.NamingClientProxyDelegate do shutdown stop
2026-05-18 17:49:08.770 [com.alibaba.nacos.client.login-executor.0] [none] INFO  c.a.n.c.a.r.i.CredentialWatcher - null No credential found
2026-05-18 17:49:15.158 [SpringApplicationShutdownHook] [none] INFO  c.a.c.n.r.NacosGracefulShutdownDelegate - Nacos client graceful shutdown has been executed successfully. Graceful shutdown wait time is 10000
2026-05-18 17:49:15.395 [SpringApplicationShutdownHook] [none] INFO  o.s.boot.tomcat.GracefulShutdown - Commencing graceful shutdown. Waiting for active requests to complete
2026-05-18 17:49:15.519 [tomcat-shutdown] [none] INFO  o.s.boot.tomcat.GracefulShutdown - Graceful shutdown complete
2026-05-18 17:49:16.053 [SpringApplicationShutdownHook] [none] INFO  com.zaxxer.hikari.HikariDataSource - HikariPool-1 - Shutdown initiated...
2026-05-18 17:49:16.086 [SpringApplicationShutdownHook] [none] INFO  com.zaxxer.hikari.HikariDataSource - HikariPool-1 - Shutdown completed.
