2026-08-02 01:43:31.543 [main] [none] INFO  com.cloudmart.auth.AuthApplication - Starting AuthApplication using Java 26.0.1 with PID 25216 (D:\Ide\IdeaProjects\CloudMart\mall-auth\target\classes started by Administrator in D:\Ide\IdeaProjects\CloudMart)
2026-08-02 01:43:31.673 [main] [none] INFO  com.cloudmart.auth.AuthApplication - No active profile set, falling back to 1 default profile: "default"
2026-08-02 01:43:32.550 [main] [none] INFO  c.a.c.n.c.NacosConfigDataLoader - [Nacos Config] Load config[dataId=shared-logging.yml, group=DEFAULT_GROUP] success
2026-08-02 01:43:32.551 [main] [none] WARN  c.a.c.n.c.NacosConfigDataLoader - [Nacos Config] config[dataId=mall-auth.yml, group=DEFAULT_GROUP] is empty
2026-08-02 01:43:48.854 [main] [none] INFO  o.s.d.r.c.RepositoryConfigurationDelegate - Multiple Spring Data modules found, entering strict repository configuration mode
2026-08-02 01:43:48.864 [main] [none] INFO  o.s.d.r.c.RepositoryConfigurationDelegate - Bootstrapping Spring Data Redis repositories in DEFAULT mode.
2026-08-02 01:43:49.922 [main] [none] INFO  o.s.d.r.c.RepositoryConfigurationDelegate - Finished Spring Data repository scanning in 389 ms. Found 0 Redis repository interfaces.
2026-08-02 01:43:58.831 [main] [none] INFO  o.s.cloud.context.scope.GenericScope - BeanFactory id=903b98d1-70d8-336f-bb69-3827bb14bf22
2026-08-02 01:44:10.126 [main] [none] INFO  o.s.boot.tomcat.TomcatWebServer - Tomcat initialized with port 9001 (http)
2026-08-02 01:44:10.247 [main] [none] INFO  o.a.catalina.core.StandardService - Starting service [Tomcat]
2026-08-02 01:44:10.248 [main] [none] INFO  o.a.catalina.core.StandardEngine - Starting Servlet engine: [Apache Tomcat/11.0.21]
2026-08-02 01:44:11.163 [main] [none] INFO  o.s.b.w.c.s.WebApplicationContextInitializer - Root WebApplicationContext: initialization completed in 38606 ms
2026-08-02 01:44:14.711 [main] [none] DEBUG o.s.c.o.FeignClientFactoryBean - Creating a FeignClientFactoryBean.
2026-08-02 01:44:22.625 [main] [none] INFO  o.s.c.o.FeignClientFactoryBean - For 'mall-admin' URL not provided. Will try picking an instance via load-balancing.
2026-08-02 01:44:24.483 [main] [none] DEBUG o.s.c.o.FeignClientFactoryBean - Creating a FeignClientFactoryBean.
2026-08-02 01:44:24.644 [main] [none] INFO  o.s.c.o.FeignClientFactoryBean - For 'mall-admin' URL not provided. Will try picking an instance via load-balancing.
2026-08-02 01:44:31.954 [main] [none] DEBUG o.s.c.o.FeignClientFactoryBean - Creating a FeignClientFactoryBean.
2026-08-02 01:44:32.016 [main] [none] INFO  o.s.c.o.FeignClientFactoryBean - For 'mall-user' URL not provided. Will try picking an instance via load-balancing.
2026-08-02 01:44:35.189 [main] [none] INFO  c.a.c.s.SentinelWebMvcConfigurer - [Sentinel Starter] register SentinelWebInterceptor with urlPatterns: [/**].
2026-08-02 01:44:41.851 [main] [none] WARN  o.s.c.l.c.LoadBalancerCacheAutoConfiguration$LoadBalancerCaffeineWarnLogger - Spring Cloud LoadBalancer is currently working with the default cache. While this cache implementation is useful for development and tests, it's recommended to use Caffeine cache in production.You can switch to using Caffeine cache, by adding it and org.springframework.cache.caffeine.CaffeineCacheManager to the classpath.
2026-08-02 01:44:41.883 [main] [none] INFO  o.s.b.a.e.web.EndpointLinksResolver - Exposing 4 endpoints beneath base path '/actuator'
2026-08-02 01:44:43.847 [main] [none] INFO  c.a.n.c.config.NacosConfigService - Nacos client key init properties: 
	serverAddr=129.204.152.168:8848
	username=nacos
	password=n***s

2026-08-02 01:44:43.850 [main] [none] INFO  c.a.n.c.a.AbstractServerListManager - Load and match ServerListProvider com.alibaba.nacos.client.address.EndpointServerListProvider, match result: false
2026-08-02 01:44:43.851 [main] [none] INFO  c.a.n.c.a.AbstractServerListManager - Load and match ServerListProvider com.alibaba.nacos.client.address.PropertiesListProvider, match result: true
2026-08-02 01:44:43.851 [main] [none] INFO  c.a.n.c.a.AbstractServerListManager - Will use com.alibaba.nacos.client.address.PropertiesListProvider as ServerListProvider
2026-08-02 01:44:43.856 [main] [none] INFO  com.alibaba.nacos.common.labels - DefaultLabelsCollectorManager get labels.....
2026-08-02 01:44:43.856 [main] [none] INFO  com.alibaba.nacos.common.labels - Process LabelsCollector with [name:defaultNacosLabelsCollector]
2026-08-02 01:44:43.856 [main] [none] INFO  com.alibaba.nacos.common.labels - default nacos collect properties raw labels: null
2026-08-02 01:44:43.857 [main] [none] INFO  com.alibaba.nacos.common.labels - default nacos collect properties labels: {}
2026-08-02 01:44:43.857 [main] [none] INFO  com.alibaba.nacos.common.labels - default nacos collect jvm raw labels: null
2026-08-02 01:44:43.857 [main] [none] INFO  com.alibaba.nacos.common.labels - default nacos collect jvm labels: {}
2026-08-02 01:44:43.857 [main] [none] INFO  com.alibaba.nacos.common.labels - default nacos collect env raw labels: null
2026-08-02 01:44:43.857 [main] [none] INFO  com.alibaba.nacos.common.labels - default nacos collect env labels: {}
2026-08-02 01:44:43.857 [main] [none] INFO  com.alibaba.nacos.common.labels - DefaultLabelsCollectorManager get labels finished,labels :{}
2026-08-02 01:44:43.858 [main] [none] INFO  c.a.n.p.a.s.c.ClientAuthPluginManager - [ClientAuthPluginManager] Load ClientAuthService com.alibaba.nacos.client.auth.impl.NacosClientAuthServiceImpl success.
2026-08-02 01:44:43.858 [main] [none] INFO  c.a.n.p.a.s.c.ClientAuthPluginManager - [ClientAuthPluginManager] Load ClientAuthService com.alibaba.nacos.client.auth.ram.RamClientAuthServiceImpl success.
2026-08-02 01:44:43.861 [main] [none] DEBUG c.a.n.c.c.i.ConfigHttpClientManager - HTTP method: POST, url: http://129.204.152.168:8848/nacos/v3/auth/user/login?username=nacos, body: {password=nacos}
2026-08-02 01:44:43.862 [main] [none] DEBUG c.a.n.c.c.i.ConfigHttpClientManager - Execute via interceptors :[com.alibaba.nacos.client.config.impl.ConfigHttpClientManager$LimiterHttpClientRequestInterceptor@6f0405af]
2026-08-02 01:44:44.039 [main] [none] INFO  c.a.n.client.config.impl.CacheData - config listener notify warn timeout millis use default 60000 millis 
2026-08-02 01:44:44.040 [main] [none] INFO  c.a.n.client.config.impl.CacheData - nacos.cache.data.init.snapshot = true 
2026-08-02 01:44:44.040 [main] [none] INFO  c.a.n.c.config.impl.ClientWorker - [Config-fixed-public-129.204.152.168_8848] [subscribe] mall-auth-degrade-rules+SENTINEL_GROUP+public
2026-08-02 01:44:44.090 [main] [none] INFO  c.a.n.client.config.impl.CacheData - [Config-fixed-public-129.204.152.168_8848] [add-listener] ok, tenant=public, dataId=mall-auth-degrade-rules, group=SENTINEL_GROUP, cnt=1
2026-08-02 01:44:44.092 [main] [none] INFO  c.alibaba.nacos.common.remote.client - [RpcClientFactory] create a new rpc client of 4b9c0e0b-d859-4f20-9759-43f7ad062590_config-0
2026-08-02 01:44:44.094 [main] [none] INFO  c.alibaba.nacos.common.remote.client - [4b9c0e0b-d859-4f20-9759-43f7ad062590_config-0] Register server push request handler:com.alibaba.nacos.client.config.impl.ClientWorker$ConfigRpcTransportClient$$Lambda/0x0000000092811730
2026-08-02 01:44:44.094 [main] [none] INFO  c.alibaba.nacos.common.remote.client - [4b9c0e0b-d859-4f20-9759-43f7ad062590_config-0] Register server push request handler:com.alibaba.nacos.client.config.impl.ClientWorker$ConfigRpcTransportClient$$Lambda/0x0000000092811c60
2026-08-02 01:44:44.094 [main] [none] INFO  c.alibaba.nacos.common.remote.client - [4b9c0e0b-d859-4f20-9759-43f7ad062590_config-0] Register server push request handler:com.alibaba.nacos.client.config.impl.ClientFuzzyWatchNotifyRequestHandler
2026-08-02 01:44:44.094 [main] [none] INFO  c.alibaba.nacos.common.remote.client - [4b9c0e0b-d859-4f20-9759-43f7ad062590_config-0] Registry connection listener to current client:com.alibaba.nacos.client.config.impl.ClientWorker$ConfigRpcTransportClient$1
2026-08-02 01:44:44.094 [main] [none] INFO  c.alibaba.nacos.common.remote.client - [4b9c0e0b-d859-4f20-9759-43f7ad062590_config-0] RpcClient init, ServerListFactory = com.alibaba.nacos.client.config.impl.ClientWorker$ConfigRpcTransportClient$2
2026-08-02 01:44:44.096 [main] [none] INFO  c.alibaba.nacos.common.remote.client - [4b9c0e0b-d859-4f20-9759-43f7ad062590_config-0] Try to connect to server on start up, server: {serverIp = '129.204.152.168', server main port = 8848}
2026-08-02 01:44:44.097 [main] [none] INFO  c.a.n.c.r.client.grpc.GrpcClient - grpc client connection server: 129.204.152.168 ip, serverPort: 9848, grpcTslConfig: {"enableTls":false,"mutualAuthEnable":false,"trustAll":true}
2026-08-02 01:44:45.025 [main] [none] INFO  c.alibaba.nacos.common.remote.client - [4b9c0e0b-d859-4f20-9759-43f7ad062590_config-0] Success to connect to server [129.204.152.168:8848] on start up, connectionId = 1785606285011_172.18.0.1_50896
2026-08-02 01:44:45.026 [com.alibaba.nacos.client.remote.worker.0] [none] INFO  c.alibaba.nacos.common.remote.client - [4b9c0e0b-d859-4f20-9759-43f7ad062590_config-0] Notify connected event to listeners.
2026-08-02 01:44:45.026 [com.alibaba.nacos.client.remote.worker.0] [none] INFO  c.a.n.c.config.impl.ClientWorker - [4b9c0e0b-d859-4f20-9759-43f7ad062590_config-0] Connected,notify listen context...
2026-08-02 01:44:45.026 [com.alibaba.nacos.client.remote.worker.0] [none] INFO  c.a.n.c.config.impl.ClientWorker - [4b9c0e0b-d859-4f20-9759-43f7ad062590_config-0] Connected,notify fuzzy listen context...
2026-08-02 01:44:45.026 [main] [none] INFO  c.alibaba.nacos.common.remote.client - [4b9c0e0b-d859-4f20-9759-43f7ad062590_config-0] Register server push request handler:com.alibaba.nacos.common.remote.client.RpcClient$ConnectResetRequestHandler
2026-08-02 01:44:45.075 [main] [none] INFO  c.alibaba.nacos.common.remote.client - [4b9c0e0b-d859-4f20-9759-43f7ad062590_config-0] Register server push request handler:com.alibaba.nacos.common.remote.client.RpcClient$$Lambda/0x000000009296eca0
2026-08-02 01:44:45.220 [main] [none] INFO  c.a.c.s.d.c.SentinelConverter - converter can not convert rules because source is empty
2026-08-02 01:44:45.236 [main] [none] INFO  c.a.n.c.config.NacosConfigService - Nacos client key init properties: 
	serverAddr=129.204.152.168:8848
	username=nacos
	password=n***s

2026-08-02 01:44:45.237 [main] [none] INFO  c.a.n.c.a.AbstractServerListManager - Load and match ServerListProvider com.alibaba.nacos.client.address.EndpointServerListProvider, match result: false
2026-08-02 01:44:45.238 [main] [none] INFO  c.a.n.c.a.AbstractServerListManager - Load and match ServerListProvider com.alibaba.nacos.client.address.PropertiesListProvider, match result: true
2026-08-02 01:44:45.238 [main] [none] INFO  c.a.n.c.a.AbstractServerListManager - Will use com.alibaba.nacos.client.address.PropertiesListProvider as ServerListProvider
2026-08-02 01:44:45.239 [main] [none] INFO  com.alibaba.nacos.common.labels - DefaultLabelsCollectorManager get labels.....
2026-08-02 01:44:45.239 [main] [none] INFO  com.alibaba.nacos.common.labels - Process LabelsCollector with [name:defaultNacosLabelsCollector]
2026-08-02 01:44:45.240 [main] [none] INFO  com.alibaba.nacos.common.labels - default nacos collect properties raw labels: null
2026-08-02 01:44:45.240 [main] [none] INFO  com.alibaba.nacos.common.labels - default nacos collect properties labels: {}
2026-08-02 01:44:45.240 [main] [none] INFO  com.alibaba.nacos.common.labels - default nacos collect jvm raw labels: null
2026-08-02 01:44:45.240 [main] [none] INFO  com.alibaba.nacos.common.labels - default nacos collect jvm labels: {}
2026-08-02 01:44:45.240 [main] [none] INFO  com.alibaba.nacos.common.labels - default nacos collect env raw labels: null
2026-08-02 01:44:45.240 [main] [none] INFO  com.alibaba.nacos.common.labels - default nacos collect env labels: {}
2026-08-02 01:44:45.240 [main] [none] INFO  com.alibaba.nacos.common.labels - DefaultLabelsCollectorManager get labels finished,labels :{}
2026-08-02 01:44:45.240 [main] [none] INFO  c.a.n.p.a.s.c.ClientAuthPluginManager - [ClientAuthPluginManager] Load ClientAuthService com.alibaba.nacos.client.auth.impl.NacosClientAuthServiceImpl success.
2026-08-02 01:44:45.241 [main] [none] INFO  c.a.n.p.a.s.c.ClientAuthPluginManager - [ClientAuthPluginManager] Load ClientAuthService com.alibaba.nacos.client.auth.ram.RamClientAuthServiceImpl success.
2026-08-02 01:44:45.241 [main] [none] DEBUG c.a.n.c.c.i.ConfigHttpClientManager - HTTP method: POST, url: http://129.204.152.168:8848/nacos/v3/auth/user/login?username=nacos, body: {password=nacos}
2026-08-02 01:44:45.241 [main] [none] DEBUG c.a.n.c.c.i.ConfigHttpClientManager - Execute via interceptors :[com.alibaba.nacos.client.config.impl.ConfigHttpClientManager$LimiterHttpClientRequestInterceptor@6f0405af]
2026-08-02 01:44:45.358 [main] [none] INFO  c.a.n.c.config.impl.ClientWorker - [Config-fixed-public-129.204.152.168_8848] [subscribe] mall-auth-flow-rules+SENTINEL_GROUP+public
2026-08-02 01:44:45.358 [main] [none] INFO  c.a.n.client.config.impl.CacheData - [Config-fixed-public-129.204.152.168_8848] [add-listener] ok, tenant=public, dataId=mall-auth-flow-rules, group=SENTINEL_GROUP, cnt=1
2026-08-02 01:44:45.359 [main] [none] INFO  c.alibaba.nacos.common.remote.client - [RpcClientFactory] create a new rpc client of d4519f8e-1417-4acc-b89b-21b67adbef0c_config-0
2026-08-02 01:44:45.359 [main] [none] INFO  c.alibaba.nacos.common.remote.client - [d4519f8e-1417-4acc-b89b-21b67adbef0c_config-0] Register server push request handler:com.alibaba.nacos.client.config.impl.ClientWorker$ConfigRpcTransportClient$$Lambda/0x0000000092811730
2026-08-02 01:44:45.359 [main] [none] INFO  c.alibaba.nacos.common.remote.client - [d4519f8e-1417-4acc-b89b-21b67adbef0c_config-0] Register server push request handler:com.alibaba.nacos.client.config.impl.ClientWorker$ConfigRpcTransportClient$$Lambda/0x0000000092811c60
2026-08-02 01:44:45.359 [main] [none] INFO  c.alibaba.nacos.common.remote.client - [d4519f8e-1417-4acc-b89b-21b67adbef0c_config-0] Register server push request handler:com.alibaba.nacos.client.config.impl.ClientFuzzyWatchNotifyRequestHandler
2026-08-02 01:44:45.359 [main] [none] INFO  c.alibaba.nacos.common.remote.client - [d4519f8e-1417-4acc-b89b-21b67adbef0c_config-0] Registry connection listener to current client:com.alibaba.nacos.client.config.impl.ClientWorker$ConfigRpcTransportClient$1
2026-08-02 01:44:45.359 [main] [none] INFO  c.alibaba.nacos.common.remote.client - [d4519f8e-1417-4acc-b89b-21b67adbef0c_config-0] RpcClient init, ServerListFactory = com.alibaba.nacos.client.config.impl.ClientWorker$ConfigRpcTransportClient$2
2026-08-02 01:44:45.359 [main] [none] INFO  c.alibaba.nacos.common.remote.client - [d4519f8e-1417-4acc-b89b-21b67adbef0c_config-0] Try to connect to server on start up, server: {serverIp = '129.204.152.168', server main port = 8848}
2026-08-02 01:44:45.360 [main] [none] INFO  c.a.n.c.r.client.grpc.GrpcClient - grpc client connection server: 129.204.152.168 ip, serverPort: 9848, grpcTslConfig: {"enableTls":false,"mutualAuthEnable":false,"trustAll":true}
2026-08-02 01:44:45.857 [main] [none] INFO  c.alibaba.nacos.common.remote.client - [d4519f8e-1417-4acc-b89b-21b67adbef0c_config-0] Success to connect to server [129.204.152.168:8848] on start up, connectionId = 1785606285739_172.18.0.1_50898
2026-08-02 01:44:45.857 [main] [none] INFO  c.alibaba.nacos.common.remote.client - [d4519f8e-1417-4acc-b89b-21b67adbef0c_config-0] Register server push request handler:com.alibaba.nacos.common.remote.client.RpcClient$ConnectResetRequestHandler
2026-08-02 01:44:45.857 [com.alibaba.nacos.client.remote.worker.0] [none] INFO  c.alibaba.nacos.common.remote.client - [d4519f8e-1417-4acc-b89b-21b67adbef0c_config-0] Notify connected event to listeners.
2026-08-02 01:44:45.857 [main] [none] INFO  c.alibaba.nacos.common.remote.client - [d4519f8e-1417-4acc-b89b-21b67adbef0c_config-0] Register server push request handler:com.alibaba.nacos.common.remote.client.RpcClient$$Lambda/0x000000009296eca0
2026-08-02 01:44:45.857 [com.alibaba.nacos.client.remote.worker.0] [none] INFO  c.a.n.c.config.impl.ClientWorker - [d4519f8e-1417-4acc-b89b-21b67adbef0c_config-0] Connected,notify listen context...
2026-08-02 01:44:45.857 [com.alibaba.nacos.client.remote.worker.0] [none] INFO  c.a.n.c.config.impl.ClientWorker - [d4519f8e-1417-4acc-b89b-21b67adbef0c_config-0] Connected,notify fuzzy listen context...
2026-08-02 01:44:46.091 [main] [none] INFO  c.a.c.s.d.c.SentinelConverter - converter can not convert rules because source is empty
2026-08-02 01:44:47.164 [main] [none] INFO  o.s.boot.tomcat.TomcatWebServer - Tomcat started on port 9001 (http) with context path '/'
2026-08-02 01:44:47.290 [main] [none] INFO  com.alibaba.nacos.client.naming - Nacos client key init properties: 
	serverAddr=129.204.152.168:8848
	username=nacos
	password=n***s

2026-08-02 01:44:47.292 [main] [none] INFO  com.alibaba.nacos.client.naming - initializer namespace from ans.namespace attribute : null
2026-08-02 01:44:47.293 [main] [none] INFO  com.alibaba.nacos.client.naming - initializer namespace from ALIBABA_ALIWARE_NAMESPACE attribute :null
2026-08-02 01:44:47.293 [main] [none] INFO  com.alibaba.nacos.client.naming - initializer namespace from namespace attribute :null
2026-08-02 01:44:47.330 [main] [none] INFO  com.alibaba.nacos.client.naming - FailoverDataSource type is class com.alibaba.nacos.client.naming.backups.datasource.DiskFailoverDataSource
2026-08-02 01:44:47.351 [main] [none] INFO  c.a.n.c.a.AbstractServerListManager - Load and match ServerListProvider com.alibaba.nacos.client.address.EndpointServerListProvider, match result: false
2026-08-02 01:44:47.351 [main] [none] INFO  c.a.n.c.a.AbstractServerListManager - Load and match ServerListProvider com.alibaba.nacos.client.address.PropertiesListProvider, match result: true
2026-08-02 01:44:47.351 [main] [none] INFO  c.a.n.c.a.AbstractServerListManager - Will use com.alibaba.nacos.client.address.PropertiesListProvider as ServerListProvider
2026-08-02 01:44:47.357 [main] [none] INFO  c.a.n.p.a.s.c.ClientAuthPluginManager - [ClientAuthPluginManager] Load ClientAuthService com.alibaba.nacos.client.auth.impl.NacosClientAuthServiceImpl success.
2026-08-02 01:44:47.357 [main] [none] INFO  c.a.n.p.a.s.c.ClientAuthPluginManager - [ClientAuthPluginManager] Load ClientAuthService com.alibaba.nacos.client.auth.ram.RamClientAuthServiceImpl success.
2026-08-02 01:44:47.357 [main] [none] DEBUG com.alibaba.nacos.client.naming - HTTP method: POST, url: http://129.204.152.168:8848/nacos/v3/auth/user/login?username=nacos, body: {password=nacos}
2026-08-02 01:44:47.377 [com.alibaba.nacos.naming.failover.0] [none] DEBUG com.alibaba.nacos.client.naming - failover switch is not found, 00-00---000-VIPSRV_FAILOVER_SWITCH-000---00-00
2026-08-02 01:44:47.467 [main] [none] INFO  c.alibaba.nacos.common.remote.client - [RpcClientFactory] create a new rpc client of 040f805c-ef1b-43d8-b186-df5836a4b291
2026-08-02 01:44:47.473 [main] [none] INFO  com.alibaba.nacos.client.naming - Create naming rpc client for uuid->040f805c-ef1b-43d8-b186-df5836a4b291
2026-08-02 01:44:47.473 [main] [none] INFO  c.alibaba.nacos.common.remote.client - [040f805c-ef1b-43d8-b186-df5836a4b291] RpcClient init, ServerListFactory = com.alibaba.nacos.client.naming.core.NamingServerListManager
2026-08-02 01:44:47.473 [main] [none] INFO  c.alibaba.nacos.common.remote.client - [040f805c-ef1b-43d8-b186-df5836a4b291] Registry connection listener to current client:com.alibaba.nacos.client.naming.remote.gprc.redo.NamingGrpcRedoService
2026-08-02 01:44:47.474 [main] [none] INFO  c.alibaba.nacos.common.remote.client - [040f805c-ef1b-43d8-b186-df5836a4b291] Register server push request handler:com.alibaba.nacos.client.naming.remote.gprc.NamingPushRequestHandler
2026-08-02 01:44:47.476 [main] [none] INFO  c.alibaba.nacos.common.remote.client - [040f805c-ef1b-43d8-b186-df5836a4b291] Register server push request handler:com.alibaba.nacos.client.naming.remote.gprc.NamingFuzzyWatchNotifyRequestHandler
2026-08-02 01:44:47.477 [main] [none] INFO  c.alibaba.nacos.common.remote.client - [040f805c-ef1b-43d8-b186-df5836a4b291] Try to connect to server on start up, server: {serverIp = '129.204.152.168', server main port = 8848}
2026-08-02 01:44:47.477 [main] [none] INFO  c.a.n.c.r.client.grpc.GrpcClient - grpc client connection server: 129.204.152.168 ip, serverPort: 9848, grpcTslConfig: {"enableTls":false,"mutualAuthEnable":false,"trustAll":true}
2026-08-02 01:44:47.951 [main] [none] INFO  c.alibaba.nacos.common.remote.client - [040f805c-ef1b-43d8-b186-df5836a4b291] Success to connect to server [129.204.152.168:8848] on start up, connectionId = 1785606287968_172.18.0.1_50908
2026-08-02 01:44:47.951 [main] [none] INFO  c.alibaba.nacos.common.remote.client - [040f805c-ef1b-43d8-b186-df5836a4b291] Register server push request handler:com.alibaba.nacos.common.remote.client.RpcClient$ConnectResetRequestHandler
2026-08-02 01:44:47.951 [com.alibaba.nacos.client.remote.worker.0] [none] INFO  c.alibaba.nacos.common.remote.client - [040f805c-ef1b-43d8-b186-df5836a4b291] Notify connected event to listeners.
2026-08-02 01:44:47.952 [main] [none] INFO  c.alibaba.nacos.common.remote.client - [040f805c-ef1b-43d8-b186-df5836a4b291] Register server push request handler:com.alibaba.nacos.common.remote.client.RpcClient$$Lambda/0x000000009296eca0
2026-08-02 01:44:47.952 [com.alibaba.nacos.client.remote.worker.0] [none] INFO  com.alibaba.nacos.client.naming - Grpc connection connect
2026-08-02 01:44:47.958 [main] [none] INFO  com.alibaba.nacos.client.naming - [REGISTER-SERVICE] public registering service mall-auth with instance Instance{instanceId='null', ip='192.168.1.59', port=9001, weight=1.0, healthy=true, enabled=true, ephemeral=true, clusterName='', serviceName='null', metadata={IPv6=null, preserved.register.source=SPRING_CLOUD}}
2026-08-02 01:44:48.078 [main] [none] INFO  c.a.c.n.r.NacosServiceRegistry - nacos registry, DEFAULT_GROUP mall-auth 192.168.1.59:9001 register finished
2026-08-02 01:44:48.117 [main] [none] INFO  com.cloudmart.auth.AuthApplication - Started AuthApplication in 133.743 seconds (process running for 178.531)
2026-08-02 01:44:48.339 [main] [none] INFO  c.a.n.c.config.impl.ClientWorker - [Config-fixed-public-129.204.152.168_8848] [subscribe] mall-auth.yml+DEFAULT_GROUP+public
2026-08-02 01:44:48.340 [main] [none] INFO  c.a.n.client.config.impl.CacheData - [Config-fixed-public-129.204.152.168_8848] [add-listener] ok, tenant=public, dataId=mall-auth.yml, group=DEFAULT_GROUP, cnt=1
2026-08-02 01:44:48.340 [main] [none] INFO  c.a.c.n.r.NacosContextRefresher - [Nacos Config] Listening config: dataId=mall-auth.yml, group=DEFAULT_GROUP
2026-08-02 01:44:48.341 [main] [none] INFO  c.a.n.c.config.impl.ClientWorker - [Config-fixed-public-129.204.152.168_8848] [subscribe] shared-logging.yml+DEFAULT_GROUP+public
2026-08-02 01:44:48.342 [main] [none] INFO  c.a.n.client.config.impl.CacheData - [Config-fixed-public-129.204.152.168_8848] [add-listener] ok, tenant=public, dataId=shared-logging.yml, group=DEFAULT_GROUP, cnt=1
2026-08-02 01:44:48.342 [main] [none] INFO  c.a.c.n.r.NacosContextRefresher - [Nacos Config] Listening config: dataId=shared-logging.yml, group=DEFAULT_GROUP
2026-08-02 01:44:52.394 [com.alibaba.nacos.naming.failover.0] [none] DEBUG com.alibaba.nacos.client.naming - failover switch is not found, 00-00---000-VIPSRV_FAILOVER_SWITCH-000---00-00
2026-08-02 01:44:57.396 [com.alibaba.nacos.naming.failover.0] [none] DEBUG com.alibaba.nacos.client.naming - failover switch is not found, 00-00---000-VIPSRV_FAILOVER_SWITCH-000---00-00
2026-08-02 01:45:02.396 [com.alibaba.nacos.naming.failover.0] [none] DEBUG com.alibaba.nacos.client.naming - failover switch is not found, 00-00---000-VIPSRV_FAILOVER_SWITCH-000---00-00
2026-08-02 01:45:07.437 [com.alibaba.nacos.naming.failover.0] [none] DEBUG com.alibaba.nacos.client.naming - failover switch is not found, 00-00---000-VIPSRV_FAILOVER_SWITCH-000---00-00
2026-08-02 01:45:12.440 [com.alibaba.nacos.naming.failover.0] [none] DEBUG com.alibaba.nacos.client.naming - failover switch is not found, 00-00---000-VIPSRV_FAILOVER_SWITCH-000---00-00
2026-08-02 01:45:18.069 [com.alibaba.nacos.naming.failover.0] [none] DEBUG com.alibaba.nacos.client.naming - failover switch is not found, 00-00---000-VIPSRV_FAILOVER_SWITCH-000---00-00
2026-08-02 01:45:23.255 [com.alibaba.nacos.naming.failover.0] [none] DEBUG com.alibaba.nacos.client.naming - failover switch is not found, 00-00---000-VIPSRV_FAILOVER_SWITCH-000---00-00
2026-08-02 01:45:28.277 [com.alibaba.nacos.naming.failover.0] [none] DEBUG com.alibaba.nacos.client.naming - failover switch is not found, 00-00---000-VIPSRV_FAILOVER_SWITCH-000---00-00
2026-08-02 01:45:33.281 [com.alibaba.nacos.naming.failover.0] [none] DEBUG com.alibaba.nacos.client.naming - failover switch is not found, 00-00---000-VIPSRV_FAILOVER_SWITCH-000---00-00
2026-08-02 01:45:38.286 [com.alibaba.nacos.naming.failover.0] [none] DEBUG com.alibaba.nacos.client.naming - failover switch is not found, 00-00---000-VIPSRV_FAILOVER_SWITCH-000---00-00
2026-08-02 01:45:43.420 [com.alibaba.nacos.naming.failover.0] [none] DEBUG com.alibaba.nacos.client.naming - failover switch is not found, 00-00---000-VIPSRV_FAILOVER_SWITCH-000---00-00
2026-08-02 01:45:48.901 [com.alibaba.nacos.naming.failover.0] [none] DEBUG com.alibaba.nacos.client.naming - failover switch is not found, 00-00---000-VIPSRV_FAILOVER_SWITCH-000---00-00
2026-08-02 01:45:53.992 [com.alibaba.nacos.naming.failover.0] [none] DEBUG com.alibaba.nacos.client.naming - failover switch is not found, 00-00---000-VIPSRV_FAILOVER_SWITCH-000---00-00
2026-08-02 01:45:59.007 [com.alibaba.nacos.naming.failover.0] [none] DEBUG com.alibaba.nacos.client.naming - failover switch is not found, 00-00---000-VIPSRV_FAILOVER_SWITCH-000---00-00
2026-08-02 01:46:04.018 [com.alibaba.nacos.naming.failover.0] [none] DEBUG com.alibaba.nacos.client.naming - failover switch is not found, 00-00---000-VIPSRV_FAILOVER_SWITCH-000---00-00
2026-08-02 01:46:09.030 [com.alibaba.nacos.naming.failover.0] [none] DEBUG com.alibaba.nacos.client.naming - failover switch is not found, 00-00---000-VIPSRV_FAILOVER_SWITCH-000---00-00
2026-08-02 01:46:14.032 [com.alibaba.nacos.naming.failover.0] [none] DEBUG com.alibaba.nacos.client.naming - failover switch is not found, 00-00---000-VIPSRV_FAILOVER_SWITCH-000---00-00
2026-08-02 01:46:19.036 [com.alibaba.nacos.naming.failover.0] [none] DEBUG com.alibaba.nacos.client.naming - failover switch is not found, 00-00---000-VIPSRV_FAILOVER_SWITCH-000---00-00
2026-08-02 01:46:24.047 [com.alibaba.nacos.naming.failover.0] [none] DEBUG com.alibaba.nacos.client.naming - failover switch is not found, 00-00---000-VIPSRV_FAILOVER_SWITCH-000---00-00
2026-08-02 01:46:29.049 [com.alibaba.nacos.naming.failover.0] [none] DEBUG com.alibaba.nacos.client.naming - failover switch is not found, 00-00---000-VIPSRV_FAILOVER_SWITCH-000---00-00
2026-08-02 01:46:34.059 [com.alibaba.nacos.naming.failover.0] [none] DEBUG com.alibaba.nacos.client.naming - failover switch is not found, 00-00---000-VIPSRV_FAILOVER_SWITCH-000---00-00
2026-08-02 01:46:39.061 [com.alibaba.nacos.naming.failover.0] [none] DEBUG com.alibaba.nacos.client.naming - failover switch is not found, 00-00---000-VIPSRV_FAILOVER_SWITCH-000---00-00
2026-08-02 01:46:44.063 [com.alibaba.nacos.naming.failover.0] [none] DEBUG com.alibaba.nacos.client.naming - failover switch is not found, 00-00---000-VIPSRV_FAILOVER_SWITCH-000---00-00
2026-08-02 01:46:49.064 [com.alibaba.nacos.naming.failover.0] [none] DEBUG com.alibaba.nacos.client.naming - failover switch is not found, 00-00---000-VIPSRV_FAILOVER_SWITCH-000---00-00
2026-08-02 01:46:54.066 [com.alibaba.nacos.naming.failover.0] [none] DEBUG com.alibaba.nacos.client.naming - failover switch is not found, 00-00---000-VIPSRV_FAILOVER_SWITCH-000---00-00
2026-08-02 01:46:59.073 [com.alibaba.nacos.naming.failover.0] [none] DEBUG com.alibaba.nacos.client.naming - failover switch is not found, 00-00---000-VIPSRV_FAILOVER_SWITCH-000---00-00
2026-08-02 01:47:04.083 [com.alibaba.nacos.naming.failover.0] [none] DEBUG com.alibaba.nacos.client.naming - failover switch is not found, 00-00---000-VIPSRV_FAILOVER_SWITCH-000---00-00
2026-08-02 01:47:09.085 [com.alibaba.nacos.naming.failover.0] [none] DEBUG com.alibaba.nacos.client.naming - failover switch is not found, 00-00---000-VIPSRV_FAILOVER_SWITCH-000---00-00
2026-08-02 01:47:14.086 [com.alibaba.nacos.naming.failover.0] [none] DEBUG com.alibaba.nacos.client.naming - failover switch is not found, 00-00---000-VIPSRV_FAILOVER_SWITCH-000---00-00
2026-08-02 01:47:19.087 [com.alibaba.nacos.naming.failover.0] [none] DEBUG com.alibaba.nacos.client.naming - failover switch is not found, 00-00---000-VIPSRV_FAILOVER_SWITCH-000---00-00
2026-08-02 01:47:24.089 [com.alibaba.nacos.naming.failover.0] [none] DEBUG com.alibaba.nacos.client.naming - failover switch is not found, 00-00---000-VIPSRV_FAILOVER_SWITCH-000---00-00
2026-08-02 01:47:29.090 [com.alibaba.nacos.naming.failover.0] [none] DEBUG com.alibaba.nacos.client.naming - failover switch is not found, 00-00---000-VIPSRV_FAILOVER_SWITCH-000---00-00
2026-08-02 01:47:33.611 [Thread-11] [none] INFO  c.a.n.c.executor.ThreadPoolManager - [ThreadPoolManager] Start destroying ThreadPool
2026-08-02 01:47:33.615 [Thread-11] [none] INFO  c.a.n.c.executor.ThreadPoolManager - [ThreadPoolManager] Completed destruction of ThreadPool
2026-08-02 01:47:33.621 [Thread-19] [none] INFO  c.a.nacos.common.notify.NotifyCenter - [NotifyCenter] Start destroying Publisher
2026-08-02 01:47:33.623 [Thread-17] [none] INFO  c.a.n.c.http.HttpClientBeanHolder - [HttpClientBeanHolder] Start destroying common HttpClient
2026-08-02 01:47:33.626 [Thread-19] [none] INFO  c.a.nacos.common.notify.NotifyCenter - [NotifyCenter] Completed destruction of Publisher
2026-08-02 01:47:33.672 [Thread-17] [none] INFO  c.a.n.c.http.HttpClientBeanHolder - [HttpClientBeanHolder] Completed destruction of HttpClient
2026-08-02 01:47:33.748 [SpringApplicationShutdownHook] [none] INFO  c.a.c.n.r.NacosServiceRegistry - De-registering from Nacos Server now...
2026-08-02 01:47:33.750 [SpringApplicationShutdownHook] [none] INFO  com.alibaba.nacos.client.naming - [DEREGISTER-SERVICE] public deregistering service mall-auth with instance: Instance{instanceId='null', ip='192.168.1.59', port=9001, weight=1.0, healthy=true, enabled=true, ephemeral=true, clusterName='', serviceName='null', metadata={}}
2026-08-02 01:47:33.815 [SpringApplicationShutdownHook] [none] INFO  c.a.c.n.r.NacosServiceRegistry - De-registration finished.
2026-08-02 01:47:33.818 [SpringApplicationShutdownHook] [none] INFO  com.alibaba.nacos.client.naming - com.alibaba.nacos.client.naming.cache.ServiceInfoHolder do shutdown begin
2026-08-02 01:47:33.818 [SpringApplicationShutdownHook] [none] INFO  com.alibaba.nacos.client.naming - com.alibaba.nacos.client.naming.backups.FailoverReactor do shutdown begin
2026-08-02 01:47:33.819 [SpringApplicationShutdownHook] [none] INFO  com.alibaba.nacos.client.naming - com.alibaba.nacos.client.naming.backups.FailoverReactor do shutdown stop
2026-08-02 01:47:33.819 [SpringApplicationShutdownHook] [none] INFO  com.alibaba.nacos.client.naming - com.alibaba.nacos.client.naming.cache.ServiceInfoHolder do shutdown stop
2026-08-02 01:47:33.819 [SpringApplicationShutdownHook] [none] INFO  com.alibaba.nacos.client.naming - com.alibaba.nacos.client.naming.remote.NamingClientProxyDelegate do shutdown begin
2026-08-02 01:47:33.820 [SpringApplicationShutdownHook] [none] INFO  com.alibaba.nacos.client.naming - com.alibaba.nacos.client.naming.core.ServiceInfoUpdateService do shutdown begin
2026-08-02 01:47:33.820 [SpringApplicationShutdownHook] [none] INFO  com.alibaba.nacos.client.naming - com.alibaba.nacos.client.naming.core.ServiceInfoUpdateService do shutdown stop
2026-08-02 01:47:33.820 [SpringApplicationShutdownHook] [none] INFO  c.a.n.c.a.AbstractServerListManager - com.alibaba.nacos.client.naming.core.NamingServerListManager do shutdown begin
2026-08-02 01:47:33.820 [SpringApplicationShutdownHook] [none] INFO  c.a.n.c.a.AbstractServerListManager - com.alibaba.nacos.client.naming.core.NamingServerListManager do shutdown stop
2026-08-02 01:47:33.821 [SpringApplicationShutdownHook] [none] INFO  com.alibaba.nacos.client.naming - com.alibaba.nacos.client.naming.remote.http.NamingHttpClientProxy do shutdown begin
2026-08-02 01:47:33.821 [SpringApplicationShutdownHook] [none] INFO  com.alibaba.nacos.client.naming - [NamingHttpClientManager] Start destroying NacosRestTemplate
2026-08-02 01:47:33.822 [SpringApplicationShutdownHook] [none] INFO  com.alibaba.nacos.client.naming - [NamingHttpClientManager] Completed destruction of NacosRestTemplate
2026-08-02 01:47:33.822 [SpringApplicationShutdownHook] [none] INFO  com.alibaba.nacos.client.naming - com.alibaba.nacos.client.naming.remote.http.NamingHttpClientProxy do shutdown stop
2026-08-02 01:47:33.822 [SpringApplicationShutdownHook] [none] INFO  com.alibaba.nacos.client.naming - Shutdown naming grpc client proxy for  uuid->040f805c-ef1b-43d8-b186-df5836a4b291
2026-08-02 01:47:33.823 [SpringApplicationShutdownHook] [none] INFO  com.alibaba.nacos.client.naming - Shutdown grpc redo service executor java.util.concurrent.ScheduledThreadPoolExecutor@4fe3371e[Running, pool size = 1, active threads = 0, queued tasks = 1, completed tasks = 54]
2026-08-02 01:47:33.823 [SpringApplicationShutdownHook] [none] INFO  c.alibaba.nacos.common.remote.client - Shutdown rpc client, set status to shutdown
2026-08-02 01:47:33.823 [SpringApplicationShutdownHook] [none] INFO  c.alibaba.nacos.common.remote.client - Shutdown client event executor java.util.concurrent.ScheduledThreadPoolExecutor@5d037f29[Running, pool size = 2, active threads = 2, queued tasks = 0, completed tasks = 0]
2026-08-02 01:47:33.823 [SpringApplicationShutdownHook] [none] INFO  c.alibaba.nacos.common.remote.client - Close current connection 1785606287968_172.18.0.1_50908
2026-08-02 01:47:33.826 [SpringApplicationShutdownHook] [none] INFO  c.a.n.c.r.client.grpc.GrpcClient - Shutdown grpc executor java.util.concurrent.ThreadPoolExecutor@5e4be0a3[Running, pool size = 16, active threads = 0, queued tasks = 0, completed tasks = 88]
2026-08-02 01:47:33.826 [SpringApplicationShutdownHook] [none] INFO  com.alibaba.nacos.client.naming - shutdown and remove naming rpc client  for uuid ->040f805c-ef1b-43d8-b186-df5836a4b291
2026-08-02 01:47:33.828 [SpringApplicationShutdownHook] [none] INFO  c.a.n.c.a.r.i.CredentialWatcher - [null] CredentialWatcher is stopped
2026-08-02 01:47:33.829 [SpringApplicationShutdownHook] [none] INFO  c.a.n.c.a.r.i.CredentialService - [null] CredentialService is freed
2026-08-02 01:47:33.829 [SpringApplicationShutdownHook] [none] INFO  com.alibaba.nacos.client.naming - com.alibaba.nacos.client.naming.remote.NamingClientProxyDelegate do shutdown stop
2026-08-02 01:47:35.454 [com.alibaba.nacos.client.login-executor.0] [none] INFO  c.a.n.c.a.r.i.CredentialWatcher - null No credential found
2026-08-02 01:47:43.833 [SpringApplicationShutdownHook] [none] INFO  c.a.c.n.r.NacosGracefulShutdownDelegate - Nacos client graceful shutdown has been executed successfully. Graceful shutdown wait time is 10000
2026-08-02 01:47:43.984 [SpringApplicationShutdownHook] [none] INFO  o.s.boot.tomcat.GracefulShutdown - Commencing graceful shutdown. Waiting for active requests to complete
2026-08-02 01:47:44.012 [tomcat-shutdown] [none] INFO  o.s.boot.tomcat.GracefulShutdown - Graceful shutdown complete
2026-08-02 01:50:12.455 [main] [none] INFO  com.cloudmart.auth.AuthApplication - Starting AuthApplication using Java 26.0.1 with PID 25988 (D:\Ide\IdeaProjects\CloudMart\mall-auth\target\classes started by Administrator in D:\Ide\IdeaProjects\CloudMart)
2026-08-02 01:50:12.457 [main] [none] INFO  com.cloudmart.auth.AuthApplication - No active profile set, falling back to 1 default profile: "default"
2026-08-02 01:50:14.021 [main] [none] INFO  c.a.c.n.c.NacosConfigDataLoader - [Nacos Config] Load config[dataId=shared-logging.yml, group=DEFAULT_GROUP] success
2026-08-02 01:50:14.021 [main] [none] WARN  c.a.c.n.c.NacosConfigDataLoader - [Nacos Config] config[dataId=mall-auth.yml, group=DEFAULT_GROUP] is empty
2026-08-02 01:50:36.216 [main] [none] INFO  o.s.d.r.c.RepositoryConfigurationDelegate - Multiple Spring Data modules found, entering strict repository configuration mode
2026-08-02 01:50:36.229 [main] [none] INFO  o.s.d.r.c.RepositoryConfigurationDelegate - Bootstrapping Spring Data Redis repositories in DEFAULT mode.
2026-08-02 01:50:37.383 [main] [none] INFO  o.s.d.r.c.RepositoryConfigurationDelegate - Finished Spring Data repository scanning in 380 ms. Found 0 Redis repository interfaces.
2026-08-02 01:50:42.128 [main] [none] INFO  o.s.cloud.context.scope.GenericScope - BeanFactory id=903b98d1-70d8-336f-bb69-3827bb14bf22
2026-08-02 01:50:52.683 [main] [none] INFO  o.s.boot.tomcat.TomcatWebServer - Tomcat initialized with port 9001 (http)
2026-08-02 01:50:53.401 [main] [none] INFO  o.a.catalina.core.StandardService - Starting service [Tomcat]
2026-08-02 01:50:53.402 [main] [none] INFO  o.a.catalina.core.StandardEngine - Starting Servlet engine: [Apache Tomcat/11.0.21]
2026-08-02 01:50:54.481 [main] [none] INFO  o.s.b.w.c.s.WebApplicationContextInitializer - Root WebApplicationContext: initialization completed in 40452 ms
2026-08-02 01:50:56.671 [main] [none] DEBUG o.s.c.o.FeignClientFactoryBean - Creating a FeignClientFactoryBean.
2026-08-02 01:50:59.058 [main] [none] INFO  o.s.c.o.FeignClientFactoryBean - For 'mall-admin' URL not provided. Will try picking an instance via load-balancing.
2026-08-02 01:51:00.122 [main] [none] DEBUG o.s.c.o.FeignClientFactoryBean - Creating a FeignClientFactoryBean.
2026-08-02 01:51:00.303 [main] [none] INFO  o.s.c.o.FeignClientFactoryBean - For 'mall-admin' URL not provided. Will try picking an instance via load-balancing.
2026-08-02 01:51:06.427 [main] [none] DEBUG o.s.c.o.FeignClientFactoryBean - Creating a FeignClientFactoryBean.
2026-08-02 01:51:06.517 [main] [none] INFO  o.s.c.o.FeignClientFactoryBean - For 'mall-user' URL not provided. Will try picking an instance via load-balancing.
2026-08-02 01:51:08.749 [main] [none] INFO  c.a.c.s.SentinelWebMvcConfigurer - [Sentinel Starter] register SentinelWebInterceptor with urlPatterns: [/**].
2026-08-02 01:51:14.310 [main] [none] WARN  o.s.c.l.c.LoadBalancerCacheAutoConfiguration$LoadBalancerCaffeineWarnLogger - Spring Cloud LoadBalancer is currently working with the default cache. While this cache implementation is useful for development and tests, it's recommended to use Caffeine cache in production.You can switch to using Caffeine cache, by adding it and org.springframework.cache.caffeine.CaffeineCacheManager to the classpath.
2026-08-02 01:51:14.349 [main] [none] INFO  o.s.b.a.e.web.EndpointLinksResolver - Exposing 4 endpoints beneath base path '/actuator'
2026-08-02 01:51:15.278 [main] [none] INFO  c.a.n.c.config.NacosConfigService - Nacos client key init properties: 
	serverAddr=129.204.152.168:8848
	username=nacos
	password=n***s

2026-08-02 01:51:15.281 [main] [none] INFO  c.a.n.c.a.AbstractServerListManager - Load and match ServerListProvider com.alibaba.nacos.client.address.EndpointServerListProvider, match result: false
2026-08-02 01:51:15.281 [main] [none] INFO  c.a.n.c.a.AbstractServerListManager - Load and match ServerListProvider com.alibaba.nacos.client.address.PropertiesListProvider, match result: true
2026-08-02 01:51:15.281 [main] [none] INFO  c.a.n.c.a.AbstractServerListManager - Will use com.alibaba.nacos.client.address.PropertiesListProvider as ServerListProvider
2026-08-02 01:51:15.282 [main] [none] INFO  com.alibaba.nacos.common.labels - DefaultLabelsCollectorManager get labels.....
2026-08-02 01:51:15.282 [main] [none] INFO  com.alibaba.nacos.common.labels - Process LabelsCollector with [name:defaultNacosLabelsCollector]
2026-08-02 01:51:15.283 [main] [none] INFO  com.alibaba.nacos.common.labels - default nacos collect properties raw labels: null
2026-08-02 01:51:15.283 [main] [none] INFO  com.alibaba.nacos.common.labels - default nacos collect properties labels: {}
2026-08-02 01:51:15.283 [main] [none] INFO  com.alibaba.nacos.common.labels - default nacos collect jvm raw labels: null
2026-08-02 01:51:15.283 [main] [none] INFO  com.alibaba.nacos.common.labels - default nacos collect jvm labels: {}
2026-08-02 01:51:15.283 [main] [none] INFO  com.alibaba.nacos.common.labels - default nacos collect env raw labels: null
2026-08-02 01:51:15.283 [main] [none] INFO  com.alibaba.nacos.common.labels - default nacos collect env labels: {}
2026-08-02 01:51:15.283 [main] [none] INFO  com.alibaba.nacos.common.labels - DefaultLabelsCollectorManager get labels finished,labels :{}
2026-08-02 01:51:15.283 [main] [none] INFO  c.a.n.p.a.s.c.ClientAuthPluginManager - [ClientAuthPluginManager] Load ClientAuthService com.alibaba.nacos.client.auth.impl.NacosClientAuthServiceImpl success.
2026-08-02 01:51:15.283 [main] [none] INFO  c.a.n.p.a.s.c.ClientAuthPluginManager - [ClientAuthPluginManager] Load ClientAuthService com.alibaba.nacos.client.auth.ram.RamClientAuthServiceImpl success.
2026-08-02 01:51:15.283 [main] [none] DEBUG c.a.n.c.c.i.ConfigHttpClientManager - HTTP method: POST, url: http://129.204.152.168:8848/nacos/v3/auth/user/login?username=nacos, body: {password=nacos}
2026-08-02 01:51:15.283 [main] [none] DEBUG c.a.n.c.c.i.ConfigHttpClientManager - Execute via interceptors :[com.alibaba.nacos.client.config.impl.ConfigHttpClientManager$LimiterHttpClientRequestInterceptor@3d07e0bd]
2026-08-02 01:51:15.472 [main] [none] INFO  c.a.n.client.config.impl.CacheData - config listener notify warn timeout millis use default 60000 millis 
2026-08-02 01:51:15.472 [main] [none] INFO  c.a.n.client.config.impl.CacheData - nacos.cache.data.init.snapshot = true 
2026-08-02 01:51:15.473 [main] [none] INFO  c.a.n.c.config.impl.ClientWorker - [Config-fixed-public-129.204.152.168_8848] [subscribe] mall-auth-degrade-rules+SENTINEL_GROUP+public
2026-08-02 01:51:15.507 [main] [none] INFO  c.a.n.client.config.impl.CacheData - [Config-fixed-public-129.204.152.168_8848] [add-listener] ok, tenant=public, dataId=mall-auth-degrade-rules, group=SENTINEL_GROUP, cnt=1
2026-08-02 01:51:15.507 [main] [none] INFO  c.alibaba.nacos.common.remote.client - [RpcClientFactory] create a new rpc client of 34e92d24-b89c-4567-ab43-8eb9dcd12c9a_config-0
2026-08-02 01:51:15.508 [main] [none] INFO  c.alibaba.nacos.common.remote.client - [34e92d24-b89c-4567-ab43-8eb9dcd12c9a_config-0] Register server push request handler:com.alibaba.nacos.client.config.impl.ClientWorker$ConfigRpcTransportClient$$Lambda/0x0000000097818c68
2026-08-02 01:51:15.508 [main] [none] INFO  c.alibaba.nacos.common.remote.client - [34e92d24-b89c-4567-ab43-8eb9dcd12c9a_config-0] Register server push request handler:com.alibaba.nacos.client.config.impl.ClientWorker$ConfigRpcTransportClient$$Lambda/0x0000000097819198
2026-08-02 01:51:15.508 [main] [none] INFO  c.alibaba.nacos.common.remote.client - [34e92d24-b89c-4567-ab43-8eb9dcd12c9a_config-0] Register server push request handler:com.alibaba.nacos.client.config.impl.ClientFuzzyWatchNotifyRequestHandler
2026-08-02 01:51:15.508 [main] [none] INFO  c.alibaba.nacos.common.remote.client - [34e92d24-b89c-4567-ab43-8eb9dcd12c9a_config-0] Registry connection listener to current client:com.alibaba.nacos.client.config.impl.ClientWorker$ConfigRpcTransportClient$1
2026-08-02 01:51:15.508 [main] [none] INFO  c.alibaba.nacos.common.remote.client - [34e92d24-b89c-4567-ab43-8eb9dcd12c9a_config-0] RpcClient init, ServerListFactory = com.alibaba.nacos.client.config.impl.ClientWorker$ConfigRpcTransportClient$2
2026-08-02 01:51:15.508 [main] [none] INFO  c.alibaba.nacos.common.remote.client - [34e92d24-b89c-4567-ab43-8eb9dcd12c9a_config-0] Try to connect to server on start up, server: {serverIp = '129.204.152.168', server main port = 8848}
2026-08-02 01:51:15.509 [main] [none] INFO  c.a.n.c.r.client.grpc.GrpcClient - grpc client connection server: 129.204.152.168 ip, serverPort: 9848, grpcTslConfig: {"enableTls":false,"mutualAuthEnable":false,"trustAll":true}
2026-08-02 01:51:16.147 [main] [none] INFO  c.alibaba.nacos.common.remote.client - [34e92d24-b89c-4567-ab43-8eb9dcd12c9a_config-0] Success to connect to server [129.204.152.168:8848] on start up, connectionId = 1785606676029_172.18.0.1_32894
2026-08-02 01:51:16.147 [main] [none] INFO  c.alibaba.nacos.common.remote.client - [34e92d24-b89c-4567-ab43-8eb9dcd12c9a_config-0] Register server push request handler:com.alibaba.nacos.common.remote.client.RpcClient$ConnectResetRequestHandler
2026-08-02 01:51:16.147 [main] [none] INFO  c.alibaba.nacos.common.remote.client - [34e92d24-b89c-4567-ab43-8eb9dcd12c9a_config-0] Register server push request handler:com.alibaba.nacos.common.remote.client.RpcClient$$Lambda/0x0000000097995550
2026-08-02 01:51:16.147 [com.alibaba.nacos.client.remote.worker.1] [none] INFO  c.alibaba.nacos.common.remote.client - [34e92d24-b89c-4567-ab43-8eb9dcd12c9a_config-0] Notify connected event to listeners.
2026-08-02 01:51:16.147 [com.alibaba.nacos.client.remote.worker.1] [none] INFO  c.a.n.c.config.impl.ClientWorker - [34e92d24-b89c-4567-ab43-8eb9dcd12c9a_config-0] Connected,notify listen context...
2026-08-02 01:51:16.147 [com.alibaba.nacos.client.remote.worker.1] [none] INFO  c.a.n.c.config.impl.ClientWorker - [34e92d24-b89c-4567-ab43-8eb9dcd12c9a_config-0] Connected,notify fuzzy listen context...
2026-08-02 01:51:16.204 [main] [none] INFO  c.a.c.s.d.c.SentinelConverter - converter can not convert rules because source is empty
2026-08-02 01:51:16.412 [main] [none] INFO  c.a.n.c.config.NacosConfigService - Nacos client key init properties: 
	serverAddr=129.204.152.168:8848
	username=nacos
	password=n***s

2026-08-02 01:51:16.415 [main] [none] INFO  c.a.n.c.a.AbstractServerListManager - Load and match ServerListProvider com.alibaba.nacos.client.address.EndpointServerListProvider, match result: false
2026-08-02 01:51:16.416 [main] [none] INFO  c.a.n.c.a.AbstractServerListManager - Load and match ServerListProvider com.alibaba.nacos.client.address.PropertiesListProvider, match result: true
2026-08-02 01:51:16.417 [main] [none] INFO  c.a.n.c.a.AbstractServerListManager - Will use com.alibaba.nacos.client.address.PropertiesListProvider as ServerListProvider
2026-08-02 01:51:16.419 [main] [none] INFO  com.alibaba.nacos.common.labels - DefaultLabelsCollectorManager get labels.....
2026-08-02 01:51:16.420 [main] [none] INFO  com.alibaba.nacos.common.labels - Process LabelsCollector with [name:defaultNacosLabelsCollector]
2026-08-02 01:51:16.420 [main] [none] INFO  com.alibaba.nacos.common.labels - default nacos collect properties raw labels: null
2026-08-02 01:51:16.420 [main] [none] INFO  com.alibaba.nacos.common.labels - default nacos collect properties labels: {}
2026-08-02 01:51:16.420 [main] [none] INFO  com.alibaba.nacos.common.labels - default nacos collect jvm raw labels: null
2026-08-02 01:51:16.420 [main] [none] INFO  com.alibaba.nacos.common.labels - default nacos collect jvm labels: {}
2026-08-02 01:51:16.420 [main] [none] INFO  com.alibaba.nacos.common.labels - default nacos collect env raw labels: null
2026-08-02 01:51:16.421 [main] [none] INFO  com.alibaba.nacos.common.labels - default nacos collect env labels: {}
2026-08-02 01:51:16.422 [main] [none] INFO  com.alibaba.nacos.common.labels - DefaultLabelsCollectorManager get labels finished,labels :{}
2026-08-02 01:51:16.423 [main] [none] INFO  c.a.n.p.a.s.c.ClientAuthPluginManager - [ClientAuthPluginManager] Load ClientAuthService com.alibaba.nacos.client.auth.impl.NacosClientAuthServiceImpl success.
2026-08-02 01:51:16.423 [main] [none] INFO  c.a.n.p.a.s.c.ClientAuthPluginManager - [ClientAuthPluginManager] Load ClientAuthService com.alibaba.nacos.client.auth.ram.RamClientAuthServiceImpl success.
2026-08-02 01:51:16.424 [main] [none] DEBUG c.a.n.c.c.i.ConfigHttpClientManager - HTTP method: POST, url: http://129.204.152.168:8848/nacos/v3/auth/user/login?username=nacos, body: {password=nacos}
2026-08-02 01:51:16.425 [main] [none] DEBUG c.a.n.c.c.i.ConfigHttpClientManager - Execute via interceptors :[com.alibaba.nacos.client.config.impl.ConfigHttpClientManager$LimiterHttpClientRequestInterceptor@3d07e0bd]
2026-08-02 01:51:16.537 [main] [none] INFO  c.a.n.c.config.impl.ClientWorker - [Config-fixed-public-129.204.152.168_8848] [subscribe] mall-auth-flow-rules+SENTINEL_GROUP+public
2026-08-02 01:51:16.537 [main] [none] INFO  c.a.n.client.config.impl.CacheData - [Config-fixed-public-129.204.152.168_8848] [add-listener] ok, tenant=public, dataId=mall-auth-flow-rules, group=SENTINEL_GROUP, cnt=1
2026-08-02 01:51:16.538 [main] [none] INFO  c.alibaba.nacos.common.remote.client - [RpcClientFactory] create a new rpc client of d1cdffba-cc99-4efe-bbf1-a6a1910612ab_config-0
2026-08-02 01:51:16.538 [main] [none] INFO  c.alibaba.nacos.common.remote.client - [d1cdffba-cc99-4efe-bbf1-a6a1910612ab_config-0] Register server push request handler:com.alibaba.nacos.client.config.impl.ClientWorker$ConfigRpcTransportClient$$Lambda/0x0000000097818c68
2026-08-02 01:51:16.538 [main] [none] INFO  c.alibaba.nacos.common.remote.client - [d1cdffba-cc99-4efe-bbf1-a6a1910612ab_config-0] Register server push request handler:com.alibaba.nacos.client.config.impl.ClientWorker$ConfigRpcTransportClient$$Lambda/0x0000000097819198
2026-08-02 01:51:16.538 [main] [none] INFO  c.alibaba.nacos.common.remote.client - [d1cdffba-cc99-4efe-bbf1-a6a1910612ab_config-0] Register server push request handler:com.alibaba.nacos.client.config.impl.ClientFuzzyWatchNotifyRequestHandler
2026-08-02 01:51:16.538 [main] [none] INFO  c.alibaba.nacos.common.remote.client - [d1cdffba-cc99-4efe-bbf1-a6a1910612ab_config-0] Registry connection listener to current client:com.alibaba.nacos.client.config.impl.ClientWorker$ConfigRpcTransportClient$1
2026-08-02 01:51:16.538 [main] [none] INFO  c.alibaba.nacos.common.remote.client - [d1cdffba-cc99-4efe-bbf1-a6a1910612ab_config-0] RpcClient init, ServerListFactory = com.alibaba.nacos.client.config.impl.ClientWorker$ConfigRpcTransportClient$2
2026-08-02 01:51:16.538 [main] [none] INFO  c.alibaba.nacos.common.remote.client - [d1cdffba-cc99-4efe-bbf1-a6a1910612ab_config-0] Try to connect to server on start up, server: {serverIp = '129.204.152.168', server main port = 8848}
2026-08-02 01:51:16.539 [main] [none] INFO  c.a.n.c.r.client.grpc.GrpcClient - grpc client connection server: 129.204.152.168 ip, serverPort: 9848, grpcTslConfig: {"enableTls":false,"mutualAuthEnable":false,"trustAll":true}
2026-08-02 01:51:17.109 [main] [none] INFO  c.alibaba.nacos.common.remote.client - [d1cdffba-cc99-4efe-bbf1-a6a1910612ab_config-0] Success to connect to server [129.204.152.168:8848] on start up, connectionId = 1785606676953_172.18.0.1_32902
2026-08-02 01:51:17.109 [main] [none] INFO  c.alibaba.nacos.common.remote.client - [d1cdffba-cc99-4efe-bbf1-a6a1910612ab_config-0] Register server push request handler:com.alibaba.nacos.common.remote.client.RpcClient$ConnectResetRequestHandler
2026-08-02 01:51:17.109 [com.alibaba.nacos.client.remote.worker.0] [none] INFO  c.alibaba.nacos.common.remote.client - [d1cdffba-cc99-4efe-bbf1-a6a1910612ab_config-0] Notify connected event to listeners.
2026-08-02 01:51:17.109 [main] [none] INFO  c.alibaba.nacos.common.remote.client - [d1cdffba-cc99-4efe-bbf1-a6a1910612ab_config-0] Register server push request handler:com.alibaba.nacos.common.remote.client.RpcClient$$Lambda/0x0000000097995550
2026-08-02 01:51:17.109 [com.alibaba.nacos.client.remote.worker.0] [none] INFO  c.a.n.c.config.impl.ClientWorker - [d1cdffba-cc99-4efe-bbf1-a6a1910612ab_config-0] Connected,notify listen context...
2026-08-02 01:51:17.110 [com.alibaba.nacos.client.remote.worker.0] [none] INFO  c.a.n.c.config.impl.ClientWorker - [d1cdffba-cc99-4efe-bbf1-a6a1910612ab_config-0] Connected,notify fuzzy listen context...
2026-08-02 01:51:17.298 [main] [none] INFO  c.a.c.s.d.c.SentinelConverter - converter can not convert rules because source is empty
2026-08-02 01:51:17.760 [main] [none] INFO  o.s.boot.tomcat.TomcatWebServer - Tomcat started on port 9001 (http) with context path '/'
2026-08-02 01:51:17.876 [main] [none] INFO  com.alibaba.nacos.client.naming - Nacos client key init properties: 
	serverAddr=129.204.152.168:8848
	username=nacos
	password=n***s

2026-08-02 01:51:17.879 [main] [none] INFO  com.alibaba.nacos.client.naming - initializer namespace from ans.namespace attribute : null
2026-08-02 01:51:17.880 [main] [none] INFO  com.alibaba.nacos.client.naming - initializer namespace from ALIBABA_ALIWARE_NAMESPACE attribute :null
2026-08-02 01:51:17.881 [main] [none] INFO  com.alibaba.nacos.client.naming - initializer namespace from namespace attribute :null
2026-08-02 01:51:17.901 [main] [none] INFO  com.alibaba.nacos.client.naming - FailoverDataSource type is class com.alibaba.nacos.client.naming.backups.datasource.DiskFailoverDataSource
2026-08-02 01:51:17.999 [com.alibaba.nacos.naming.failover.0] [none] DEBUG com.alibaba.nacos.client.naming - failover switch is not found, 00-00---000-VIPSRV_FAILOVER_SWITCH-000---00-00
2026-08-02 01:51:18.053 [main] [none] INFO  c.a.n.c.a.AbstractServerListManager - Load and match ServerListProvider com.alibaba.nacos.client.address.EndpointServerListProvider, match result: false
2026-08-02 01:51:18.053 [main] [none] INFO  c.a.n.c.a.AbstractServerListManager - Load and match ServerListProvider com.alibaba.nacos.client.address.PropertiesListProvider, match result: true
2026-08-02 01:51:18.053 [main] [none] INFO  c.a.n.c.a.AbstractServerListManager - Will use com.alibaba.nacos.client.address.PropertiesListProvider as ServerListProvider
2026-08-02 01:51:18.056 [main] [none] INFO  c.a.n.p.a.s.c.ClientAuthPluginManager - [ClientAuthPluginManager] Load ClientAuthService com.alibaba.nacos.client.auth.impl.NacosClientAuthServiceImpl success.
2026-08-02 01:51:18.056 [main] [none] INFO  c.a.n.p.a.s.c.ClientAuthPluginManager - [ClientAuthPluginManager] Load ClientAuthService com.alibaba.nacos.client.auth.ram.RamClientAuthServiceImpl success.
2026-08-02 01:51:18.057 [main] [none] DEBUG com.alibaba.nacos.client.naming - HTTP method: POST, url: http://129.204.152.168:8848/nacos/v3/auth/user/login?username=nacos, body: {password=nacos}
2026-08-02 01:51:18.168 [main] [none] INFO  c.alibaba.nacos.common.remote.client - [RpcClientFactory] create a new rpc client of 6d1e68d9-ad5d-45e7-abd8-80a910efc20a
2026-08-02 01:51:18.174 [main] [none] INFO  com.alibaba.nacos.client.naming - Create naming rpc client for uuid->6d1e68d9-ad5d-45e7-abd8-80a910efc20a
2026-08-02 01:51:18.175 [main] [none] INFO  c.alibaba.nacos.common.remote.client - [6d1e68d9-ad5d-45e7-abd8-80a910efc20a] RpcClient init, ServerListFactory = com.alibaba.nacos.client.naming.core.NamingServerListManager
2026-08-02 01:51:18.175 [main] [none] INFO  c.alibaba.nacos.common.remote.client - [6d1e68d9-ad5d-45e7-abd8-80a910efc20a] Registry connection listener to current client:com.alibaba.nacos.client.naming.remote.gprc.redo.NamingGrpcRedoService
2026-08-02 01:51:18.176 [main] [none] INFO  c.alibaba.nacos.common.remote.client - [6d1e68d9-ad5d-45e7-abd8-80a910efc20a] Register server push request handler:com.alibaba.nacos.client.naming.remote.gprc.NamingPushRequestHandler
2026-08-02 01:51:18.178 [main] [none] INFO  c.alibaba.nacos.common.remote.client - [6d1e68d9-ad5d-45e7-abd8-80a910efc20a] Register server push request handler:com.alibaba.nacos.client.naming.remote.gprc.NamingFuzzyWatchNotifyRequestHandler
2026-08-02 01:51:18.179 [main] [none] INFO  c.alibaba.nacos.common.remote.client - [6d1e68d9-ad5d-45e7-abd8-80a910efc20a] Try to connect to server on start up, server: {serverIp = '129.204.152.168', server main port = 8848}
2026-08-02 01:51:18.179 [main] [none] INFO  c.a.n.c.r.client.grpc.GrpcClient - grpc client connection server: 129.204.152.168 ip, serverPort: 9848, grpcTslConfig: {"enableTls":false,"mutualAuthEnable":false,"trustAll":true}
2026-08-02 01:51:18.688 [main] [none] INFO  c.alibaba.nacos.common.remote.client - [6d1e68d9-ad5d-45e7-abd8-80a910efc20a] Success to connect to server [129.204.152.168:8848] on start up, connectionId = 1785606678590_172.18.0.1_32908
2026-08-02 01:51:18.688 [com.alibaba.nacos.client.remote.worker.0] [none] INFO  c.alibaba.nacos.common.remote.client - [6d1e68d9-ad5d-45e7-abd8-80a910efc20a] Notify connected event to listeners.
2026-08-02 01:51:18.688 [main] [none] INFO  c.alibaba.nacos.common.remote.client - [6d1e68d9-ad5d-45e7-abd8-80a910efc20a] Register server push request handler:com.alibaba.nacos.common.remote.client.RpcClient$ConnectResetRequestHandler
2026-08-02 01:51:18.688 [com.alibaba.nacos.client.remote.worker.0] [none] INFO  com.alibaba.nacos.client.naming - Grpc connection connect
2026-08-02 01:51:18.688 [main] [none] INFO  c.alibaba.nacos.common.remote.client - [6d1e68d9-ad5d-45e7-abd8-80a910efc20a] Register server push request handler:com.alibaba.nacos.common.remote.client.RpcClient$$Lambda/0x0000000097995550
2026-08-02 01:51:18.706 [main] [none] INFO  com.alibaba.nacos.client.naming - [REGISTER-SERVICE] public registering service mall-auth with instance Instance{instanceId='null', ip='192.168.1.59', port=9001, weight=1.0, healthy=true, enabled=true, ephemeral=true, clusterName='', serviceName='null', metadata={IPv6=null, preserved.register.source=SPRING_CLOUD}}
2026-08-02 01:51:18.855 [main] [none] INFO  c.a.c.n.r.NacosServiceRegistry - nacos registry, DEFAULT_GROUP mall-auth 192.168.1.59:9001 register finished
2026-08-02 01:51:18.882 [main] [none] INFO  com.cloudmart.auth.AuthApplication - Started AuthApplication in 108.008 seconds (process running for 147.54)
2026-08-02 01:51:19.056 [main] [none] INFO  c.a.n.c.config.impl.ClientWorker - [Config-fixed-public-129.204.152.168_8848] [subscribe] mall-auth.yml+DEFAULT_GROUP+public
2026-08-02 01:51:19.056 [main] [none] INFO  c.a.n.client.config.impl.CacheData - [Config-fixed-public-129.204.152.168_8848] [add-listener] ok, tenant=public, dataId=mall-auth.yml, group=DEFAULT_GROUP, cnt=1
2026-08-02 01:51:19.056 [main] [none] INFO  c.a.c.n.r.NacosContextRefresher - [Nacos Config] Listening config: dataId=mall-auth.yml, group=DEFAULT_GROUP
2026-08-02 01:51:19.058 [main] [none] INFO  c.a.n.c.config.impl.ClientWorker - [Config-fixed-public-129.204.152.168_8848] [subscribe] shared-logging.yml+DEFAULT_GROUP+public
2026-08-02 01:51:19.059 [main] [none] INFO  c.a.n.client.config.impl.CacheData - [Config-fixed-public-129.204.152.168_8848] [add-listener] ok, tenant=public, dataId=shared-logging.yml, group=DEFAULT_GROUP, cnt=1
2026-08-02 01:51:19.059 [main] [none] INFO  c.a.c.n.r.NacosContextRefresher - [Nacos Config] Listening config: dataId=shared-logging.yml, group=DEFAULT_GROUP
2026-08-02 01:51:23.001 [com.alibaba.nacos.naming.failover.0] [none] DEBUG com.alibaba.nacos.client.naming - failover switch is not found, 00-00---000-VIPSRV_FAILOVER_SWITCH-000---00-00
2026-08-02 01:51:28.004 [com.alibaba.nacos.naming.failover.0] [none] DEBUG com.alibaba.nacos.client.naming - failover switch is not found, 00-00---000-VIPSRV_FAILOVER_SWITCH-000---00-00
2026-08-02 01:51:33.007 [com.alibaba.nacos.naming.failover.0] [none] DEBUG com.alibaba.nacos.client.naming - failover switch is not found, 00-00---000-VIPSRV_FAILOVER_SWITCH-000---00-00
2026-08-02 01:51:38.021 [com.alibaba.nacos.naming.failover.0] [none] DEBUG com.alibaba.nacos.client.naming - failover switch is not found, 00-00---000-VIPSRV_FAILOVER_SWITCH-000---00-00
2026-08-02 01:51:43.026 [com.alibaba.nacos.naming.failover.0] [none] DEBUG com.alibaba.nacos.client.naming - failover switch is not found, 00-00---000-VIPSRV_FAILOVER_SWITCH-000---00-00
2026-08-02 01:51:48.076 [com.alibaba.nacos.naming.failover.0] [none] DEBUG com.alibaba.nacos.client.naming - failover switch is not found, 00-00---000-VIPSRV_FAILOVER_SWITCH-000---00-00
2026-08-02 01:51:53.331 [com.alibaba.nacos.naming.failover.0] [none] DEBUG com.alibaba.nacos.client.naming - failover switch is not found, 00-00---000-VIPSRV_FAILOVER_SWITCH-000---00-00
2026-08-02 01:51:58.392 [com.alibaba.nacos.naming.failover.0] [none] DEBUG com.alibaba.nacos.client.naming - failover switch is not found, 00-00---000-VIPSRV_FAILOVER_SWITCH-000---00-00
2026-08-02 01:52:03.536 [com.alibaba.nacos.naming.failover.0] [none] DEBUG com.alibaba.nacos.client.naming - failover switch is not found, 00-00---000-VIPSRV_FAILOVER_SWITCH-000---00-00
2026-08-02 01:52:08.582 [com.alibaba.nacos.naming.failover.0] [none] DEBUG com.alibaba.nacos.client.naming - failover switch is not found, 00-00---000-VIPSRV_FAILOVER_SWITCH-000---00-00
2026-08-02 01:52:13.589 [com.alibaba.nacos.naming.failover.0] [none] DEBUG com.alibaba.nacos.client.naming - failover switch is not found, 00-00---000-VIPSRV_FAILOVER_SWITCH-000---00-00
2026-08-02 01:52:18.662 [com.alibaba.nacos.naming.failover.0] [none] DEBUG com.alibaba.nacos.client.naming - failover switch is not found, 00-00---000-VIPSRV_FAILOVER_SWITCH-000---00-00
2026-08-02 01:52:23.683 [com.alibaba.nacos.naming.failover.0] [none] DEBUG com.alibaba.nacos.client.naming - failover switch is not found, 00-00---000-VIPSRV_FAILOVER_SWITCH-000---00-00
2026-08-02 01:52:28.685 [com.alibaba.nacos.naming.failover.0] [none] DEBUG com.alibaba.nacos.client.naming - failover switch is not found, 00-00---000-VIPSRV_FAILOVER_SWITCH-000---00-00
2026-08-02 01:52:33.689 [com.alibaba.nacos.naming.failover.0] [none] DEBUG com.alibaba.nacos.client.naming - failover switch is not found, 00-00---000-VIPSRV_FAILOVER_SWITCH-000---00-00
2026-08-02 01:52:38.690 [com.alibaba.nacos.naming.failover.0] [none] DEBUG com.alibaba.nacos.client.naming - failover switch is not found, 00-00---000-VIPSRV_FAILOVER_SWITCH-000---00-00
2026-08-02 01:52:43.691 [com.alibaba.nacos.naming.failover.0] [none] DEBUG com.alibaba.nacos.client.naming - failover switch is not found, 00-00---000-VIPSRV_FAILOVER_SWITCH-000---00-00
2026-08-02 01:52:48.693 [com.alibaba.nacos.naming.failover.0] [none] DEBUG com.alibaba.nacos.client.naming - failover switch is not found, 00-00---000-VIPSRV_FAILOVER_SWITCH-000---00-00
2026-08-02 01:52:53.694 [com.alibaba.nacos.naming.failover.0] [none] DEBUG com.alibaba.nacos.client.naming - failover switch is not found, 00-00---000-VIPSRV_FAILOVER_SWITCH-000---00-00
2026-08-02 01:52:58.695 [com.alibaba.nacos.naming.failover.0] [none] DEBUG com.alibaba.nacos.client.naming - failover switch is not found, 00-00---000-VIPSRV_FAILOVER_SWITCH-000---00-00
2026-08-02 01:53:03.695 [com.alibaba.nacos.naming.failover.0] [none] DEBUG com.alibaba.nacos.client.naming - failover switch is not found, 00-00---000-VIPSRV_FAILOVER_SWITCH-000---00-00
2026-08-02 01:53:08.696 [com.alibaba.nacos.naming.failover.0] [none] DEBUG com.alibaba.nacos.client.naming - failover switch is not found, 00-00---000-VIPSRV_FAILOVER_SWITCH-000---00-00
2026-08-02 01:53:13.697 [com.alibaba.nacos.naming.failover.0] [none] DEBUG com.alibaba.nacos.client.naming - failover switch is not found, 00-00---000-VIPSRV_FAILOVER_SWITCH-000---00-00
2026-08-02 01:53:18.699 [com.alibaba.nacos.naming.failover.0] [none] DEBUG com.alibaba.nacos.client.naming - failover switch is not found, 00-00---000-VIPSRV_FAILOVER_SWITCH-000---00-00
2026-08-02 01:53:23.700 [com.alibaba.nacos.naming.failover.0] [none] DEBUG com.alibaba.nacos.client.naming - failover switch is not found, 00-00---000-VIPSRV_FAILOVER_SWITCH-000---00-00
2026-08-02 01:53:28.701 [com.alibaba.nacos.naming.failover.0] [none] DEBUG com.alibaba.nacos.client.naming - failover switch is not found, 00-00---000-VIPSRV_FAILOVER_SWITCH-000---00-00
2026-08-02 01:53:33.703 [com.alibaba.nacos.naming.failover.0] [none] DEBUG com.alibaba.nacos.client.naming - failover switch is not found, 00-00---000-VIPSRV_FAILOVER_SWITCH-000---00-00
2026-08-02 01:53:38.704 [com.alibaba.nacos.naming.failover.0] [none] DEBUG com.alibaba.nacos.client.naming - failover switch is not found, 00-00---000-VIPSRV_FAILOVER_SWITCH-000---00-00
2026-08-02 01:53:43.705 [com.alibaba.nacos.naming.failover.0] [none] DEBUG com.alibaba.nacos.client.naming - failover switch is not found, 00-00---000-VIPSRV_FAILOVER_SWITCH-000---00-00
2026-08-02 01:53:48.706 [com.alibaba.nacos.naming.failover.0] [none] DEBUG com.alibaba.nacos.client.naming - failover switch is not found, 00-00---000-VIPSRV_FAILOVER_SWITCH-000---00-00
2026-08-02 01:53:53.707 [com.alibaba.nacos.naming.failover.0] [none] DEBUG com.alibaba.nacos.client.naming - failover switch is not found, 00-00---000-VIPSRV_FAILOVER_SWITCH-000---00-00
2026-08-02 01:53:58.707 [com.alibaba.nacos.naming.failover.0] [none] DEBUG com.alibaba.nacos.client.naming - failover switch is not found, 00-00---000-VIPSRV_FAILOVER_SWITCH-000---00-00
2026-08-02 01:54:03.709 [com.alibaba.nacos.naming.failover.0] [none] DEBUG com.alibaba.nacos.client.naming - failover switch is not found, 00-00---000-VIPSRV_FAILOVER_SWITCH-000---00-00
2026-08-02 01:54:08.711 [com.alibaba.nacos.naming.failover.0] [none] DEBUG com.alibaba.nacos.client.naming - failover switch is not found, 00-00---000-VIPSRV_FAILOVER_SWITCH-000---00-00
2026-08-02 01:54:13.712 [com.alibaba.nacos.naming.failover.0] [none] DEBUG com.alibaba.nacos.client.naming - failover switch is not found, 00-00---000-VIPSRV_FAILOVER_SWITCH-000---00-00
2026-08-02 01:54:18.715 [com.alibaba.nacos.naming.failover.0] [none] DEBUG com.alibaba.nacos.client.naming - failover switch is not found, 00-00---000-VIPSRV_FAILOVER_SWITCH-000---00-00
2026-08-02 01:54:23.715 [com.alibaba.nacos.naming.failover.0] [none] DEBUG com.alibaba.nacos.client.naming - failover switch is not found, 00-00---000-VIPSRV_FAILOVER_SWITCH-000---00-00
2026-08-02 01:54:28.717 [com.alibaba.nacos.naming.failover.0] [none] DEBUG com.alibaba.nacos.client.naming - failover switch is not found, 00-00---000-VIPSRV_FAILOVER_SWITCH-000---00-00
2026-08-02 01:54:33.718 [com.alibaba.nacos.naming.failover.0] [none] DEBUG com.alibaba.nacos.client.naming - failover switch is not found, 00-00---000-VIPSRV_FAILOVER_SWITCH-000---00-00
2026-08-02 01:54:38.720 [com.alibaba.nacos.naming.failover.0] [none] DEBUG com.alibaba.nacos.client.naming - failover switch is not found, 00-00---000-VIPSRV_FAILOVER_SWITCH-000---00-00
2026-08-02 01:54:43.720 [com.alibaba.nacos.naming.failover.0] [none] DEBUG com.alibaba.nacos.client.naming - failover switch is not found, 00-00---000-VIPSRV_FAILOVER_SWITCH-000---00-00
2026-08-02 01:54:48.722 [com.alibaba.nacos.naming.failover.0] [none] DEBUG com.alibaba.nacos.client.naming - failover switch is not found, 00-00---000-VIPSRV_FAILOVER_SWITCH-000---00-00
2026-08-02 01:54:53.723 [com.alibaba.nacos.naming.failover.0] [none] DEBUG com.alibaba.nacos.client.naming - failover switch is not found, 00-00---000-VIPSRV_FAILOVER_SWITCH-000---00-00
2026-08-02 01:54:58.725 [com.alibaba.nacos.naming.failover.0] [none] DEBUG com.alibaba.nacos.client.naming - failover switch is not found, 00-00---000-VIPSRV_FAILOVER_SWITCH-000---00-00
2026-08-02 01:55:03.726 [com.alibaba.nacos.naming.failover.0] [none] DEBUG com.alibaba.nacos.client.naming - failover switch is not found, 00-00---000-VIPSRV_FAILOVER_SWITCH-000---00-00
2026-08-02 01:55:08.726 [com.alibaba.nacos.naming.failover.0] [none] DEBUG com.alibaba.nacos.client.naming - failover switch is not found, 00-00---000-VIPSRV_FAILOVER_SWITCH-000---00-00
2026-08-02 01:55:13.729 [com.alibaba.nacos.naming.failover.0] [none] DEBUG com.alibaba.nacos.client.naming - failover switch is not found, 00-00---000-VIPSRV_FAILOVER_SWITCH-000---00-00
2026-08-02 01:55:18.732 [com.alibaba.nacos.naming.failover.0] [none] DEBUG com.alibaba.nacos.client.naming - failover switch is not found, 00-00---000-VIPSRV_FAILOVER_SWITCH-000---00-00
2026-08-02 01:55:23.733 [com.alibaba.nacos.naming.failover.0] [none] DEBUG com.alibaba.nacos.client.naming - failover switch is not found, 00-00---000-VIPSRV_FAILOVER_SWITCH-000---00-00
2026-08-02 01:55:28.735 [com.alibaba.nacos.naming.failover.0] [none] DEBUG com.alibaba.nacos.client.naming - failover switch is not found, 00-00---000-VIPSRV_FAILOVER_SWITCH-000---00-00
2026-08-02 01:55:33.736 [com.alibaba.nacos.naming.failover.0] [none] DEBUG com.alibaba.nacos.client.naming - failover switch is not found, 00-00---000-VIPSRV_FAILOVER_SWITCH-000---00-00
2026-08-02 01:55:38.736 [com.alibaba.nacos.naming.failover.0] [none] DEBUG com.alibaba.nacos.client.naming - failover switch is not found, 00-00---000-VIPSRV_FAILOVER_SWITCH-000---00-00
2026-08-02 01:55:43.738 [com.alibaba.nacos.naming.failover.0] [none] DEBUG com.alibaba.nacos.client.naming - failover switch is not found, 00-00---000-VIPSRV_FAILOVER_SWITCH-000---00-00
2026-08-02 01:55:48.740 [com.alibaba.nacos.naming.failover.0] [none] DEBUG com.alibaba.nacos.client.naming - failover switch is not found, 00-00---000-VIPSRV_FAILOVER_SWITCH-000---00-00
2026-08-02 01:55:52.925 [nacos.client.config.listener.task-0] [none] ERROR c.alibaba.nacos.common.remote.client - Send request fail, request = ConfigBatchListenRequest{headers={accessToken=eyJhbGciOiJIUzM4NCJ9.eyJzdWIiOiJuYWNvcyIsImV4cCI6MTc4NTYyNDU4Nn0.Vrb92qN9fhxNz41a6EDE9oN0YWaXCp8YbIHODdjJo6ZSMeMvD8aMXrjB3KbYOGfB, charset=UTF-8, Client-AppName=unknown, Client-RequestToken=e24605752e12f3c586134ead9ea2b5df, Client-RequestTS=1785606949921, exConfigInfo=true}, requestId='null'}, retryTimes = 0, errorMessage = java.util.concurrent.TimeoutException: Waited 3000 milliseconds (plus 1 milliseconds, 967300 nanoseconds delay) for com.alibaba.nacos.shaded.io.grpc.stub.ClientCalls$GrpcFuture@642e1c53[status=PENDING, info=[GrpcFuture{clientCall=ClientCallImpl{method=MethodDescriptor{fullMethodName=Request/request, type=UNARY, idempotent=false, safe=false, sampledToLocalTracing=true, requestMarshaller=com.alibaba.nacos.shaded.io.grpc.protobuf.lite.ProtoLiteUtils$MessageMarshaller@6fe65953, responseMarshaller=com.alibaba.nacos.shaded.io.grpc.protobuf.lite.ProtoLiteUtils$MessageMarshaller@49558b21, schemaDescriptor=com.alibaba.nacos.api.grpc.auto.RequestGrpc$RequestMethodDescriptorSupplier@3941daf9}}}]]
2026-08-02 01:55:52.949 [nacos.client.config.listener.task-0] [none] ERROR c.a.n.c.config.impl.ClientWorker - Execute listen config change error 
ErrCode:500, ErrMsg:Waited 3000 milliseconds (plus 1 milliseconds, 967300 nanoseconds delay) for com.alibaba.nacos.shaded.io.grpc.stub.ClientCalls$GrpcFuture@642e1c53[status=PENDING, info=[GrpcFuture{clientCall=ClientCallImpl{method=MethodDescriptor{fullMethodName=Request/request, type=UNARY, idempotent=false, safe=false, sampledToLocalTracing=true, requestMarshaller=com.alibaba.nacos.shaded.io.grpc.protobuf.lite.ProtoLiteUtils$MessageMarshaller@6fe65953, responseMarshaller=com.alibaba.nacos.shaded.io.grpc.protobuf.lite.ProtoLiteUtils$MessageMarshaller@49558b21, schemaDescriptor=com.alibaba.nacos.api.grpc.auto.RequestGrpc$RequestMethodDescriptorSupplier@3941daf9}}}]]
	at com.alibaba.nacos.common.remote.client.grpc.GrpcConnection.request(GrpcConnection.java:82) ~[nacos-client-3.1.1.jar:na]
	at com.alibaba.nacos.common.remote.client.RpcClient.request(RpcClient.java:649) ~[nacos-client-3.1.1.jar:na]
	at com.alibaba.nacos.common.remote.client.RpcClient.request(RpcClient.java:626) ~[nacos-client-3.1.1.jar:na]
	at com.alibaba.nacos.client.config.impl.ClientWorker$ConfigRpcTransportClient.requestProxy(ClientWorker.java:1317) ~[nacos-client-3.1.1.jar:na]
	at com.alibaba.nacos.client.config.impl.ClientWorker$ConfigRpcTransportClient.requestProxy(ClientWorker.java:1296) ~[nacos-client-3.1.1.jar:na]
	at com.alibaba.nacos.client.config.impl.ClientWorker$ConfigRpcTransportClient.lambda$checkListenCache$8(ClientWorker.java:1111) ~[nacos-client-3.1.1.jar:na]
	at java.base/java.util.concurrent.Executors$RunnableAdapter.call(Executors.java:545) ~[na:na]
	at java.base/java.util.concurrent.FutureTask.run(FutureTask.java:330) ~[na:na]
	at java.base/java.util.concurrent.ThreadPoolExecutor.runWorker(ThreadPoolExecutor.java:1090) ~[na:na]
	at java.base/java.util.concurrent.ThreadPoolExecutor$Worker.run(ThreadPoolExecutor.java:614) ~[na:na]
	at java.base/java.lang.Thread.run(Thread.java:1516) ~[na:na]
Caused by: java.util.concurrent.TimeoutException: Waited 3000 milliseconds (plus 1 milliseconds, 967300 nanoseconds delay) for com.alibaba.nacos.shaded.io.grpc.stub.ClientCalls$GrpcFuture@642e1c53[status=PENDING, info=[GrpcFuture{clientCall=ClientCallImpl{method=MethodDescriptor{fullMethodName=Request/request, type=UNARY, idempotent=false, safe=false, sampledToLocalTracing=true, requestMarshaller=com.alibaba.nacos.shaded.io.grpc.protobuf.lite.ProtoLiteUtils$MessageMarshaller@6fe65953, responseMarshaller=com.alibaba.nacos.shaded.io.grpc.protobuf.lite.ProtoLiteUtils$MessageMarshaller@49558b21, schemaDescriptor=com.alibaba.nacos.api.grpc.auto.RequestGrpc$RequestMethodDescriptorSupplier@3941daf9}}}]]
	at com.alibaba.nacos.shaded.com.google.common.util.concurrent.AbstractFuture.get(AbstractFuture.java:535) ~[nacos-client-3.1.1.jar:na]
	at com.alibaba.nacos.common.remote.client.grpc.GrpcConnection.request(GrpcConnection.java:79) ~[nacos-client-3.1.1.jar:na]
	... 10 common frames omitted
2026-08-02 01:55:53.741 [com.alibaba.nacos.naming.failover.0] [none] DEBUG com.alibaba.nacos.client.naming - failover switch is not found, 00-00---000-VIPSRV_FAILOVER_SWITCH-000---00-00
2026-08-02 01:55:58.743 [com.alibaba.nacos.naming.failover.0] [none] DEBUG com.alibaba.nacos.client.naming - failover switch is not found, 00-00---000-VIPSRV_FAILOVER_SWITCH-000---00-00
2026-08-02 01:56:02.372 [com.alibaba.nacos.client.remote.worker.1] [none] INFO  c.alibaba.nacos.common.remote.client - [6d1e68d9-ad5d-45e7-abd8-80a910efc20a] Server healthy check fail, currentConnection = 1785606678590_172.18.0.1_32908
2026-08-02 01:56:02.373 [com.alibaba.nacos.client.remote.worker.1] [none] INFO  c.alibaba.nacos.common.remote.client - [6d1e68d9-ad5d-45e7-abd8-80a910efc20a] Try to reconnect to a new server, server is  not appointed, will choose a random server.
2026-08-02 01:56:02.376 [com.alibaba.nacos.client.remote.worker.1] [none] INFO  c.a.n.c.r.client.grpc.GrpcClient - grpc client connection server: 129.204.152.168 ip, serverPort: 9848, grpcTslConfig: {"enableTls":false,"mutualAuthEnable":false,"trustAll":true}
2026-08-02 01:56:02.528 [com.alibaba.nacos.client.remote.worker.0] [none] INFO  c.alibaba.nacos.common.remote.client - [34e92d24-b89c-4567-ab43-8eb9dcd12c9a_config-0] Server healthy check fail, currentConnection = 1785606676029_172.18.0.1_32894
2026-08-02 01:56:02.528 [com.alibaba.nacos.client.remote.worker.0] [none] INFO  c.alibaba.nacos.common.remote.client - [34e92d24-b89c-4567-ab43-8eb9dcd12c9a_config-0] Try to reconnect to a new server, server is  not appointed, will choose a random server.
2026-08-02 01:56:02.529 [com.alibaba.nacos.client.remote.worker.0] [none] INFO  c.a.n.c.r.client.grpc.GrpcClient - grpc client connection server: 129.204.152.168 ip, serverPort: 9848, grpcTslConfig: {"enableTls":false,"mutualAuthEnable":false,"trustAll":true}
2026-08-02 01:56:02.540 [com.alibaba.nacos.client.remote.worker.0] [none] INFO  c.alibaba.nacos.common.remote.client - [16c40082-ff3d-4d05-b22b-5148a98ebfe0_config-0] Server healthy check fail, currentConnection = 1785606600891_172.18.0.1_53478
2026-08-02 01:56:02.540 [com.alibaba.nacos.client.remote.worker.0] [none] INFO  c.alibaba.nacos.common.remote.client - [16c40082-ff3d-4d05-b22b-5148a98ebfe0_config-0] Try to reconnect to a new server, server is  not appointed, will choose a random server.
2026-08-02 01:56:02.540 [com.alibaba.nacos.client.remote.worker.0] [none] INFO  c.a.n.c.r.client.grpc.GrpcClient - grpc client connection server: 129.204.152.168 ip, serverPort: 9848, grpcTslConfig: {"enableTls":false,"mutualAuthEnable":false,"trustAll":true}
2026-08-02 01:56:02.571 [com.alibaba.nacos.client.remote.worker.1] [none] INFO  c.alibaba.nacos.common.remote.client - [d1cdffba-cc99-4efe-bbf1-a6a1910612ab_config-0] Server healthy check fail, currentConnection = 1785606676953_172.18.0.1_32902
2026-08-02 01:56:02.571 [com.alibaba.nacos.client.remote.worker.1] [none] INFO  c.alibaba.nacos.common.remote.client - [d1cdffba-cc99-4efe-bbf1-a6a1910612ab_config-0] Try to reconnect to a new server, server is  not appointed, will choose a random server.
2026-08-02 01:56:02.571 [com.alibaba.nacos.client.remote.worker.1] [none] INFO  c.a.n.c.r.client.grpc.GrpcClient - grpc client connection server: 129.204.152.168 ip, serverPort: 9848, grpcTslConfig: {"enableTls":false,"mutualAuthEnable":false,"trustAll":true}
2026-08-02 01:56:03.743 [com.alibaba.nacos.naming.failover.0] [none] DEBUG com.alibaba.nacos.client.naming - failover switch is not found, 00-00---000-VIPSRV_FAILOVER_SWITCH-000---00-00
2026-08-02 01:56:05.393 [com.alibaba.nacos.client.remote.worker.1] [none] ERROR c.a.n.c.r.client.grpc.GrpcClient - Server check fail, please check server 129.204.152.168, port 9848 is available, error ={}
java.util.concurrent.TimeoutException: Waited 3000 milliseconds (plus 4 milliseconds, 12500 nanoseconds delay) for com.alibaba.nacos.shaded.io.grpc.stub.ClientCalls$GrpcFuture@7e812c6f[status=PENDING, info=[GrpcFuture{clientCall=PendingCall{realCall=ClientCallImpl{method=MethodDescriptor{fullMethodName=Request/request, type=UNARY, idempotent=false, safe=false, sampledToLocalTracing=true, requestMarshaller=com.alibaba.nacos.shaded.io.grpc.protobuf.lite.ProtoLiteUtils$MessageMarshaller@6fe65953, responseMarshaller=com.alibaba.nacos.shaded.io.grpc.protobuf.lite.ProtoLiteUtils$MessageMarshaller@49558b21, schemaDescriptor=com.alibaba.nacos.api.grpc.auto.RequestGrpc$RequestMethodDescriptorSupplier@3941daf9}}}}]]
	at com.alibaba.nacos.shaded.com.google.common.util.concurrent.AbstractFuture.get(AbstractFuture.java:535) ~[nacos-client-3.1.1.jar:na]
	at com.alibaba.nacos.common.remote.client.grpc.GrpcClient.serverCheck(GrpcClient.java:234) ~[nacos-client-3.1.1.jar:na]
	at com.alibaba.nacos.common.remote.client.grpc.GrpcClient.connectToServer(GrpcClient.java:346) ~[nacos-client-3.1.1.jar:na]
	at com.alibaba.nacos.common.remote.client.RpcClient.reconnect(RpcClient.java:504) ~[nacos-client-3.1.1.jar:na]
	at com.alibaba.nacos.common.remote.client.RpcClient.lambda$start$1(RpcClient.java:330) ~[nacos-client-3.1.1.jar:na]
	at java.base/java.util.concurrent.Executors$RunnableAdapter.call(Executors.java:545) ~[na:na]
	at java.base/java.util.concurrent.FutureTask.run(FutureTask.java:330) ~[na:na]
	at java.base/java.util.concurrent.ScheduledThreadPoolExecutor$ScheduledFutureTask.run(ScheduledThreadPoolExecutor.java:309) ~[na:na]
	at java.base/java.util.concurrent.ThreadPoolExecutor.runWorker(ThreadPoolExecutor.java:1090) ~[na:na]
	at java.base/java.util.concurrent.ThreadPoolExecutor$Worker.run(ThreadPoolExecutor.java:614) ~[na:na]
	at java.base/java.lang.Thread.run(Thread.java:1516) ~[na:na]
2026-08-02 01:56:05.499 [com.alibaba.nacos.client.remote.worker.1] [none] INFO  c.a.n.c.r.client.grpc.GrpcClient - grpc client connection server: 129.204.152.168 ip, serverPort: 9848, grpcTslConfig: {"enableTls":false,"mutualAuthEnable":false,"trustAll":true}
2026-08-02 01:56:05.531 [com.alibaba.nacos.client.remote.worker.0] [none] ERROR c.a.n.c.r.client.grpc.GrpcClient - Server check fail, please check server 129.204.152.168, port 9848 is available, error ={}
java.util.concurrent.TimeoutException: Waited 3000 milliseconds (plus 76700 nanoseconds delay) for com.alibaba.nacos.shaded.io.grpc.stub.ClientCalls$GrpcFuture@73c9687[status=PENDING, info=[GrpcFuture{clientCall=PendingCall{realCall=ClientCallImpl{method=MethodDescriptor{fullMethodName=Request/request, type=UNARY, idempotent=false, safe=false, sampledToLocalTracing=true, requestMarshaller=com.alibaba.nacos.shaded.io.grpc.protobuf.lite.ProtoLiteUtils$MessageMarshaller@6fe65953, responseMarshaller=com.alibaba.nacos.shaded.io.grpc.protobuf.lite.ProtoLiteUtils$MessageMarshaller@49558b21, schemaDescriptor=com.alibaba.nacos.api.grpc.auto.RequestGrpc$RequestMethodDescriptorSupplier@3941daf9}}}}]]
	at com.alibaba.nacos.shaded.com.google.common.util.concurrent.AbstractFuture.get(AbstractFuture.java:535) ~[nacos-client-3.1.1.jar:na]
	at com.alibaba.nacos.common.remote.client.grpc.GrpcClient.serverCheck(GrpcClient.java:234) ~[nacos-client-3.1.1.jar:na]
	at com.alibaba.nacos.common.remote.client.grpc.GrpcClient.connectToServer(GrpcClient.java:346) ~[nacos-client-3.1.1.jar:na]
	at com.alibaba.nacos.common.remote.client.RpcClient.reconnect(RpcClient.java:504) ~[nacos-client-3.1.1.jar:na]
	at com.alibaba.nacos.common.remote.client.RpcClient.lambda$start$1(RpcClient.java:330) ~[nacos-client-3.1.1.jar:na]
	at java.base/java.util.concurrent.Executors$RunnableAdapter.call(Executors.java:545) ~[na:na]
	at java.base/java.util.concurrent.FutureTask.run(FutureTask.java:330) ~[na:na]
	at java.base/java.util.concurrent.ScheduledThreadPoolExecutor$ScheduledFutureTask.run(ScheduledThreadPoolExecutor.java:309) ~[na:na]
	at java.base/java.util.concurrent.ThreadPoolExecutor.runWorker(ThreadPoolExecutor.java:1090) ~[na:na]
	at java.base/java.util.concurrent.ThreadPoolExecutor$Worker.run(ThreadPoolExecutor.java:614) ~[na:na]
	at java.base/java.lang.Thread.run(Thread.java:1516) ~[na:na]
2026-08-02 01:56:05.542 [com.alibaba.nacos.client.remote.worker.0] [none] ERROR c.a.n.c.r.client.grpc.GrpcClient - Server check fail, please check server 129.204.152.168, port 9848 is available, error ={}
java.util.concurrent.TimeoutException: Waited 3000 milliseconds (plus 402200 nanoseconds delay) for com.alibaba.nacos.shaded.io.grpc.stub.ClientCalls$GrpcFuture@7bd41b41[status=PENDING, info=[GrpcFuture{clientCall=PendingCall{realCall=ClientCallImpl{method=MethodDescriptor{fullMethodName=Request/request, type=UNARY, idempotent=false, safe=false, sampledToLocalTracing=true, requestMarshaller=com.alibaba.nacos.shaded.io.grpc.protobuf.lite.ProtoLiteUtils$MessageMarshaller@6fe65953, responseMarshaller=com.alibaba.nacos.shaded.io.grpc.protobuf.lite.ProtoLiteUtils$MessageMarshaller@49558b21, schemaDescriptor=com.alibaba.nacos.api.grpc.auto.RequestGrpc$RequestMethodDescriptorSupplier@3941daf9}}}}]]
	at com.alibaba.nacos.shaded.com.google.common.util.concurrent.AbstractFuture.get(AbstractFuture.java:535) ~[nacos-client-3.1.1.jar:na]
	at com.alibaba.nacos.common.remote.client.grpc.GrpcClient.serverCheck(GrpcClient.java:234) ~[nacos-client-3.1.1.jar:na]
	at com.alibaba.nacos.common.remote.client.grpc.GrpcClient.connectToServer(GrpcClient.java:346) ~[nacos-client-3.1.1.jar:na]
	at com.alibaba.nacos.common.remote.client.RpcClient.reconnect(RpcClient.java:504) ~[nacos-client-3.1.1.jar:na]
	at com.alibaba.nacos.common.remote.client.RpcClient.lambda$start$1(RpcClient.java:330) ~[nacos-client-3.1.1.jar:na]
	at java.base/java.util.concurrent.Executors$RunnableAdapter.call(Executors.java:545) ~[na:na]
	at java.base/java.util.concurrent.FutureTask.run(FutureTask.java:330) ~[na:na]
	at java.base/java.util.concurrent.ScheduledThreadPoolExecutor$ScheduledFutureTask.run(ScheduledThreadPoolExecutor.java:309) ~[na:na]
	at java.base/java.util.concurrent.ThreadPoolExecutor.runWorker(ThreadPoolExecutor.java:1090) ~[na:na]
	at java.base/java.util.concurrent.ThreadPoolExecutor$Worker.run(ThreadPoolExecutor.java:614) ~[na:na]
	at java.base/java.lang.Thread.run(Thread.java:1516) ~[na:na]
2026-08-02 01:56:05.573 [com.alibaba.nacos.client.remote.worker.1] [none] ERROR c.a.n.c.r.client.grpc.GrpcClient - Server check fail, please check server 129.204.152.168, port 9848 is available, error ={}
java.util.concurrent.TimeoutException: Waited 3000 milliseconds (plus 531900 nanoseconds delay) for com.alibaba.nacos.shaded.io.grpc.stub.ClientCalls$GrpcFuture@70bf28ef[status=PENDING, info=[GrpcFuture{clientCall=PendingCall{realCall=ClientCallImpl{method=MethodDescriptor{fullMethodName=Request/request, type=UNARY, idempotent=false, safe=false, sampledToLocalTracing=true, requestMarshaller=com.alibaba.nacos.shaded.io.grpc.protobuf.lite.ProtoLiteUtils$MessageMarshaller@6fe65953, responseMarshaller=com.alibaba.nacos.shaded.io.grpc.protobuf.lite.ProtoLiteUtils$MessageMarshaller@49558b21, schemaDescriptor=com.alibaba.nacos.api.grpc.auto.RequestGrpc$RequestMethodDescriptorSupplier@3941daf9}}}}]]
	at com.alibaba.nacos.shaded.com.google.common.util.concurrent.AbstractFuture.get(AbstractFuture.java:535) ~[nacos-client-3.1.1.jar:na]
	at com.alibaba.nacos.common.remote.client.grpc.GrpcClient.serverCheck(GrpcClient.java:234) ~[nacos-client-3.1.1.jar:na]
	at com.alibaba.nacos.common.remote.client.grpc.GrpcClient.connectToServer(GrpcClient.java:346) ~[nacos-client-3.1.1.jar:na]
	at com.alibaba.nacos.common.remote.client.RpcClient.reconnect(RpcClient.java:504) ~[nacos-client-3.1.1.jar:na]
	at com.alibaba.nacos.common.remote.client.RpcClient.lambda$start$1(RpcClient.java:330) ~[nacos-client-3.1.1.jar:na]
	at java.base/java.util.concurrent.Executors$RunnableAdapter.call(Executors.java:545) ~[na:na]
	at java.base/java.util.concurrent.FutureTask.run(FutureTask.java:330) ~[na:na]
	at java.base/java.util.concurrent.ScheduledThreadPoolExecutor$ScheduledFutureTask.run(ScheduledThreadPoolExecutor.java:309) ~[na:na]
	at java.base/java.util.concurrent.ThreadPoolExecutor.runWorker(ThreadPoolExecutor.java:1090) ~[na:na]
	at java.base/java.util.concurrent.ThreadPoolExecutor$Worker.run(ThreadPoolExecutor.java:614) ~[na:na]
	at java.base/java.lang.Thread.run(Thread.java:1516) ~[na:na]
2026-08-02 01:56:05.633 [com.alibaba.nacos.client.remote.worker.0] [none] INFO  c.a.n.c.r.client.grpc.GrpcClient - grpc client connection server: 129.204.152.168 ip, serverPort: 9848, grpcTslConfig: {"enableTls":false,"mutualAuthEnable":false,"trustAll":true}
2026-08-02 01:56:05.643 [com.alibaba.nacos.client.remote.worker.0] [none] INFO  c.a.n.c.r.client.grpc.GrpcClient - grpc client connection server: 129.204.152.168 ip, serverPort: 9848, grpcTslConfig: {"enableTls":false,"mutualAuthEnable":false,"trustAll":true}
2026-08-02 01:56:05.675 [com.alibaba.nacos.client.remote.worker.1] [none] INFO  c.a.n.c.r.client.grpc.GrpcClient - grpc client connection server: 129.204.152.168 ip, serverPort: 9848, grpcTslConfig: {"enableTls":false,"mutualAuthEnable":false,"trustAll":true}
2026-08-02 01:56:08.501 [com.alibaba.nacos.client.remote.worker.1] [none] ERROR c.a.n.c.r.client.grpc.GrpcClient - Server check fail, please check server 129.204.152.168, port 9848 is available, error ={}
java.util.concurrent.TimeoutException: Waited 3000 milliseconds (plus 268900 nanoseconds delay) for com.alibaba.nacos.shaded.io.grpc.stub.ClientCalls$GrpcFuture@21238b75[status=PENDING, info=[GrpcFuture{clientCall=PendingCall{realCall=ClientCallImpl{method=MethodDescriptor{fullMethodName=Request/request, type=UNARY, idempotent=false, safe=false, sampledToLocalTracing=true, requestMarshaller=com.alibaba.nacos.shaded.io.grpc.protobuf.lite.ProtoLiteUtils$MessageMarshaller@6fe65953, responseMarshaller=com.alibaba.nacos.shaded.io.grpc.protobuf.lite.ProtoLiteUtils$MessageMarshaller@49558b21, schemaDescriptor=com.alibaba.nacos.api.grpc.auto.RequestGrpc$RequestMethodDescriptorSupplier@3941daf9}}}}]]
	at com.alibaba.nacos.shaded.com.google.common.util.concurrent.AbstractFuture.get(AbstractFuture.java:535) ~[nacos-client-3.1.1.jar:na]
	at com.alibaba.nacos.common.remote.client.grpc.GrpcClient.serverCheck(GrpcClient.java:234) ~[nacos-client-3.1.1.jar:na]
	at com.alibaba.nacos.common.remote.client.grpc.GrpcClient.connectToServer(GrpcClient.java:346) ~[nacos-client-3.1.1.jar:na]
	at com.alibaba.nacos.common.remote.client.RpcClient.reconnect(RpcClient.java:504) ~[nacos-client-3.1.1.jar:na]
	at com.alibaba.nacos.common.remote.client.RpcClient.lambda$start$1(RpcClient.java:330) ~[nacos-client-3.1.1.jar:na]
	at java.base/java.util.concurrent.Executors$RunnableAdapter.call(Executors.java:545) ~[na:na]
	at java.base/java.util.concurrent.FutureTask.run(FutureTask.java:330) ~[na:na]
	at java.base/java.util.concurrent.ScheduledThreadPoolExecutor$ScheduledFutureTask.run(ScheduledThreadPoolExecutor.java:309) ~[na:na]
	at java.base/java.util.concurrent.ThreadPoolExecutor.runWorker(ThreadPoolExecutor.java:1090) ~[na:na]
	at java.base/java.util.concurrent.ThreadPoolExecutor$Worker.run(ThreadPoolExecutor.java:614) ~[na:na]
	at java.base/java.lang.Thread.run(Thread.java:1516) ~[na:na]
2026-08-02 01:56:08.503 [com.alibaba.nacos.client.remote.worker.1] [none] INFO  c.alibaba.nacos.common.remote.client - [6d1e68d9-ad5d-45e7-abd8-80a910efc20a] Fail to connect server, after trying 1 times, last try server is {serverIp = '129.204.152.168', server main port = 8848}, error = unknown
2026-08-02 01:56:08.635 [com.alibaba.nacos.client.remote.worker.0] [none] ERROR c.a.n.c.r.client.grpc.GrpcClient - Server check fail, please check server 129.204.152.168, port 9848 is available, error ={}
java.util.concurrent.TimeoutException: Waited 3000 milliseconds (plus 31800 nanoseconds delay) for com.alibaba.nacos.shaded.io.grpc.stub.ClientCalls$GrpcFuture@5108025a[status=PENDING, info=[GrpcFuture{clientCall=PendingCall{realCall=ClientCallImpl{method=MethodDescriptor{fullMethodName=Request/request, type=UNARY, idempotent=false, safe=false, sampledToLocalTracing=true, requestMarshaller=com.alibaba.nacos.shaded.io.grpc.protobuf.lite.ProtoLiteUtils$MessageMarshaller@6fe65953, responseMarshaller=com.alibaba.nacos.shaded.io.grpc.protobuf.lite.ProtoLiteUtils$MessageMarshaller@49558b21, schemaDescriptor=com.alibaba.nacos.api.grpc.auto.RequestGrpc$RequestMethodDescriptorSupplier@3941daf9}}}}]]
	at com.alibaba.nacos.shaded.com.google.common.util.concurrent.AbstractFuture.get(AbstractFuture.java:535) ~[nacos-client-3.1.1.jar:na]
	at com.alibaba.nacos.common.remote.client.grpc.GrpcClient.serverCheck(GrpcClient.java:234) ~[nacos-client-3.1.1.jar:na]
	at com.alibaba.nacos.common.remote.client.grpc.GrpcClient.connectToServer(GrpcClient.java:346) ~[nacos-client-3.1.1.jar:na]
	at com.alibaba.nacos.common.remote.client.RpcClient.reconnect(RpcClient.java:504) ~[nacos-client-3.1.1.jar:na]
	at com.alibaba.nacos.common.remote.client.RpcClient.lambda$start$1(RpcClient.java:330) ~[nacos-client-3.1.1.jar:na]
	at java.base/java.util.concurrent.Executors$RunnableAdapter.call(Executors.java:545) ~[na:na]
	at java.base/java.util.concurrent.FutureTask.run(FutureTask.java:330) ~[na:na]
	at java.base/java.util.concurrent.ScheduledThreadPoolExecutor$ScheduledFutureTask.run(ScheduledThreadPoolExecutor.java:309) ~[na:na]
	at java.base/java.util.concurrent.ThreadPoolExecutor.runWorker(ThreadPoolExecutor.java:1090) ~[na:na]
	at java.base/java.util.concurrent.ThreadPoolExecutor$Worker.run(ThreadPoolExecutor.java:614) ~[na:na]
	at java.base/java.lang.Thread.run(Thread.java:1516) ~[na:na]
2026-08-02 01:56:08.636 [com.alibaba.nacos.client.remote.worker.0] [none] INFO  c.alibaba.nacos.common.remote.client - [34e92d24-b89c-4567-ab43-8eb9dcd12c9a_config-0] Fail to connect server, after trying 1 times, last try server is {serverIp = '129.204.152.168', server main port = 8848}, error = unknown
2026-08-02 01:56:08.646 [com.alibaba.nacos.client.remote.worker.0] [none] ERROR c.a.n.c.r.client.grpc.GrpcClient - Server check fail, please check server 129.204.152.168, port 9848 is available, error ={}
java.util.concurrent.TimeoutException: Waited 3000 milliseconds (plus 420500 nanoseconds delay) for com.alibaba.nacos.shaded.io.grpc.stub.ClientCalls$GrpcFuture@7a7d31dd[status=PENDING, info=[GrpcFuture{clientCall=PendingCall{realCall=ClientCallImpl{method=MethodDescriptor{fullMethodName=Request/request, type=UNARY, idempotent=false, safe=false, sampledToLocalTracing=true, requestMarshaller=com.alibaba.nacos.shaded.io.grpc.protobuf.lite.ProtoLiteUtils$MessageMarshaller@6fe65953, responseMarshaller=com.alibaba.nacos.shaded.io.grpc.protobuf.lite.ProtoLiteUtils$MessageMarshaller@49558b21, schemaDescriptor=com.alibaba.nacos.api.grpc.auto.RequestGrpc$RequestMethodDescriptorSupplier@3941daf9}}}}]]
	at com.alibaba.nacos.shaded.com.google.common.util.concurrent.AbstractFuture.get(AbstractFuture.java:535) ~[nacos-client-3.1.1.jar:na]
	at com.alibaba.nacos.common.remote.client.grpc.GrpcClient.serverCheck(GrpcClient.java:234) ~[nacos-client-3.1.1.jar:na]
	at com.alibaba.nacos.common.remote.client.grpc.GrpcClient.connectToServer(GrpcClient.java:346) ~[nacos-client-3.1.1.jar:na]
	at com.alibaba.nacos.common.remote.client.RpcClient.reconnect(RpcClient.java:504) ~[nacos-client-3.1.1.jar:na]
	at com.alibaba.nacos.common.remote.client.RpcClient.lambda$start$1(RpcClient.java:330) ~[nacos-client-3.1.1.jar:na]
	at java.base/java.util.concurrent.Executors$RunnableAdapter.call(Executors.java:545) ~[na:na]
	at java.base/java.util.concurrent.FutureTask.run(FutureTask.java:330) ~[na:na]
	at java.base/java.util.concurrent.ScheduledThreadPoolExecutor$ScheduledFutureTask.run(ScheduledThreadPoolExecutor.java:309) ~[na:na]
	at java.base/java.util.concurrent.ThreadPoolExecutor.runWorker(ThreadPoolExecutor.java:1090) ~[na:na]
	at java.base/java.util.concurrent.ThreadPoolExecutor$Worker.run(ThreadPoolExecutor.java:614) ~[na:na]
	at java.base/java.lang.Thread.run(Thread.java:1516) ~[na:na]
2026-08-02 01:56:08.647 [com.alibaba.nacos.client.remote.worker.0] [none] INFO  c.alibaba.nacos.common.remote.client - [16c40082-ff3d-4d05-b22b-5148a98ebfe0_config-0] Fail to connect server, after trying 1 times, last try server is {serverIp = '129.204.152.168', server main port = 8848}, error = unknown
2026-08-02 01:56:08.677 [com.alibaba.nacos.client.remote.worker.1] [none] ERROR c.a.n.c.r.client.grpc.GrpcClient - Server check fail, please check server 129.204.152.168, port 9848 is available, error ={}
java.util.concurrent.TimeoutException: Waited 3000 milliseconds (plus 807000 nanoseconds delay) for com.alibaba.nacos.shaded.io.grpc.stub.ClientCalls$GrpcFuture@340b24a6[status=PENDING, info=[GrpcFuture{clientCall=PendingCall{realCall=ClientCallImpl{method=MethodDescriptor{fullMethodName=Request/request, type=UNARY, idempotent=false, safe=false, sampledToLocalTracing=true, requestMarshaller=com.alibaba.nacos.shaded.io.grpc.protobuf.lite.ProtoLiteUtils$MessageMarshaller@6fe65953, responseMarshaller=com.alibaba.nacos.shaded.io.grpc.protobuf.lite.ProtoLiteUtils$MessageMarshaller@49558b21, schemaDescriptor=com.alibaba.nacos.api.grpc.auto.RequestGrpc$RequestMethodDescriptorSupplier@3941daf9}}}}]]
	at com.alibaba.nacos.shaded.com.google.common.util.concurrent.AbstractFuture.get(AbstractFuture.java:535) ~[nacos-client-3.1.1.jar:na]
	at com.alibaba.nacos.common.remote.client.grpc.GrpcClient.serverCheck(GrpcClient.java:234) ~[nacos-client-3.1.1.jar:na]
	at com.alibaba.nacos.common.remote.client.grpc.GrpcClient.connectToServer(GrpcClient.java:346) ~[nacos-client-3.1.1.jar:na]
	at com.alibaba.nacos.common.remote.client.RpcClient.reconnect(RpcClient.java:504) ~[nacos-client-3.1.1.jar:na]
	at com.alibaba.nacos.common.remote.client.RpcClient.lambda$start$1(RpcClient.java:330) ~[nacos-client-3.1.1.jar:na]
	at java.base/java.util.concurrent.Executors$RunnableAdapter.call(Executors.java:545) ~[na:na]
	at java.base/java.util.concurrent.FutureTask.run(FutureTask.java:330) ~[na:na]
	at java.base/java.util.concurrent.ScheduledThreadPoolExecutor$ScheduledFutureTask.run(ScheduledThreadPoolExecutor.java:309) ~[na:na]
	at java.base/java.util.concurrent.ThreadPoolExecutor.runWorker(ThreadPoolExecutor.java:1090) ~[na:na]
	at java.base/java.util.concurrent.ThreadPoolExecutor$Worker.run(ThreadPoolExecutor.java:614) ~[na:na]
	at java.base/java.lang.Thread.run(Thread.java:1516) ~[na:na]
2026-08-02 01:56:08.677 [com.alibaba.nacos.client.remote.worker.1] [none] INFO  c.alibaba.nacos.common.remote.client - [d1cdffba-cc99-4efe-bbf1-a6a1910612ab_config-0] Fail to connect server, after trying 1 times, last try server is {serverIp = '129.204.152.168', server main port = 8848}, error = unknown
2026-08-02 01:56:08.703 [com.alibaba.nacos.client.remote.worker.1] [none] INFO  c.a.n.c.r.client.grpc.GrpcClient - grpc client connection server: 129.204.152.168 ip, serverPort: 9848, grpcTslConfig: {"enableTls":false,"mutualAuthEnable":false,"trustAll":true}
2026-08-02 01:56:08.745 [com.alibaba.nacos.naming.failover.0] [none] DEBUG com.alibaba.nacos.client.naming - failover switch is not found, 00-00---000-VIPSRV_FAILOVER_SWITCH-000---00-00
2026-08-02 01:56:08.837 [com.alibaba.nacos.client.remote.worker.0] [none] INFO  c.a.n.c.r.client.grpc.GrpcClient - grpc client connection server: 129.204.152.168 ip, serverPort: 9848, grpcTslConfig: {"enableTls":false,"mutualAuthEnable":false,"trustAll":true}
2026-08-02 01:56:08.848 [com.alibaba.nacos.client.remote.worker.0] [none] INFO  c.a.n.c.r.client.grpc.GrpcClient - grpc client connection server: 129.204.152.168 ip, serverPort: 9848, grpcTslConfig: {"enableTls":false,"mutualAuthEnable":false,"trustAll":true}
2026-08-02 01:56:08.878 [com.alibaba.nacos.client.remote.worker.1] [none] INFO  c.a.n.c.r.client.grpc.GrpcClient - grpc client connection server: 129.204.152.168 ip, serverPort: 9848, grpcTslConfig: {"enableTls":false,"mutualAuthEnable":false,"trustAll":true}
2026-08-02 01:56:11.705 [com.alibaba.nacos.client.remote.worker.1] [none] ERROR c.a.n.c.r.client.grpc.GrpcClient - Server check fail, please check server 129.204.152.168, port 9848 is available, error ={}
java.util.concurrent.TimeoutException: Waited 3000 milliseconds (plus 562300 nanoseconds delay) for com.alibaba.nacos.shaded.io.grpc.stub.ClientCalls$GrpcFuture@3297125a[status=PENDING, info=[GrpcFuture{clientCall=PendingCall{realCall=ClientCallImpl{method=MethodDescriptor{fullMethodName=Request/request, type=UNARY, idempotent=false, safe=false, sampledToLocalTracing=true, requestMarshaller=com.alibaba.nacos.shaded.io.grpc.protobuf.lite.ProtoLiteUtils$MessageMarshaller@6fe65953, responseMarshaller=com.alibaba.nacos.shaded.io.grpc.protobuf.lite.ProtoLiteUtils$MessageMarshaller@49558b21, schemaDescriptor=com.alibaba.nacos.api.grpc.auto.RequestGrpc$RequestMethodDescriptorSupplier@3941daf9}}}}]]
	at com.alibaba.nacos.shaded.com.google.common.util.concurrent.AbstractFuture.get(AbstractFuture.java:535) ~[nacos-client-3.1.1.jar:na]
	at com.alibaba.nacos.common.remote.client.grpc.GrpcClient.serverCheck(GrpcClient.java:234) ~[nacos-client-3.1.1.jar:na]
	at com.alibaba.nacos.common.remote.client.grpc.GrpcClient.connectToServer(GrpcClient.java:346) ~[nacos-client-3.1.1.jar:na]
	at com.alibaba.nacos.common.remote.client.RpcClient.reconnect(RpcClient.java:504) ~[nacos-client-3.1.1.jar:na]
	at com.alibaba.nacos.common.remote.client.RpcClient.lambda$start$1(RpcClient.java:330) ~[nacos-client-3.1.1.jar:na]
	at java.base/java.util.concurrent.Executors$RunnableAdapter.call(Executors.java:545) ~[na:na]
	at java.base/java.util.concurrent.FutureTask.run(FutureTask.java:330) ~[na:na]
	at java.base/java.util.concurrent.ScheduledThreadPoolExecutor$ScheduledFutureTask.run(ScheduledThreadPoolExecutor.java:309) ~[na:na]
	at java.base/java.util.concurrent.ThreadPoolExecutor.runWorker(ThreadPoolExecutor.java:1090) ~[na:na]
	at java.base/java.util.concurrent.ThreadPoolExecutor$Worker.run(ThreadPoolExecutor.java:614) ~[na:na]
	at java.base/java.lang.Thread.run(Thread.java:1516) ~[na:na]
2026-08-02 01:56:11.706 [com.alibaba.nacos.client.remote.worker.1] [none] INFO  c.alibaba.nacos.common.remote.client - [6d1e68d9-ad5d-45e7-abd8-80a910efc20a] Fail to connect server, after trying 2 times, last try server is {serverIp = '129.204.152.168', server main port = 8848}, error = unknown
2026-08-02 01:56:11.840 [com.alibaba.nacos.client.remote.worker.0] [none] ERROR c.a.n.c.r.client.grpc.GrpcClient - Server check fail, please check server 129.204.152.168, port 9848 is available, error ={}
java.util.concurrent.TimeoutException: Waited 3000 milliseconds (plus 1 milliseconds, 920500 nanoseconds delay) for com.alibaba.nacos.shaded.io.grpc.stub.ClientCalls$GrpcFuture@39cdbf6b[status=PENDING, info=[GrpcFuture{clientCall=PendingCall{realCall=ClientCallImpl{method=MethodDescriptor{fullMethodName=Request/request, type=UNARY, idempotent=false, safe=false, sampledToLocalTracing=true, requestMarshaller=com.alibaba.nacos.shaded.io.grpc.protobuf.lite.ProtoLiteUtils$MessageMarshaller@6fe65953, responseMarshaller=com.alibaba.nacos.shaded.io.grpc.protobuf.lite.ProtoLiteUtils$MessageMarshaller@49558b21, schemaDescriptor=com.alibaba.nacos.api.grpc.auto.RequestGrpc$RequestMethodDescriptorSupplier@3941daf9}}}}]]
	at com.alibaba.nacos.shaded.com.google.common.util.concurrent.AbstractFuture.get(AbstractFuture.java:535) ~[nacos-client-3.1.1.jar:na]
	at com.alibaba.nacos.common.remote.client.grpc.GrpcClient.serverCheck(GrpcClient.java:234) ~[nacos-client-3.1.1.jar:na]
	at com.alibaba.nacos.common.remote.client.grpc.GrpcClient.connectToServer(GrpcClient.java:346) ~[nacos-client-3.1.1.jar:na]
	at com.alibaba.nacos.common.remote.client.RpcClient.reconnect(RpcClient.java:504) ~[nacos-client-3.1.1.jar:na]
	at com.alibaba.nacos.common.remote.client.RpcClient.lambda$start$1(RpcClient.java:330) ~[nacos-client-3.1.1.jar:na]
	at java.base/java.util.concurrent.Executors$RunnableAdapter.call(Executors.java:545) ~[na:na]
	at java.base/java.util.concurrent.FutureTask.run(FutureTask.java:330) ~[na:na]
	at java.base/java.util.concurrent.ScheduledThreadPoolExecutor$ScheduledFutureTask.run(ScheduledThreadPoolExecutor.java:309) ~[na:na]
	at java.base/java.util.concurrent.ThreadPoolExecutor.runWorker(ThreadPoolExecutor.java:1090) ~[na:na]
	at java.base/java.util.concurrent.ThreadPoolExecutor$Worker.run(ThreadPoolExecutor.java:614) ~[na:na]
	at java.base/java.lang.Thread.run(Thread.java:1516) ~[na:na]
2026-08-02 01:56:11.840 [com.alibaba.nacos.client.remote.worker.0] [none] INFO  c.alibaba.nacos.common.remote.client - [34e92d24-b89c-4567-ab43-8eb9dcd12c9a_config-0] Fail to connect server, after trying 2 times, last try server is {serverIp = '129.204.152.168', server main port = 8848}, error = unknown
2026-08-02 01:56:11.850 [com.alibaba.nacos.client.remote.worker.0] [none] ERROR c.a.n.c.r.client.grpc.GrpcClient - Server check fail, please check server 129.204.152.168, port 9848 is available, error ={}
java.util.concurrent.TimeoutException: Waited 3000 milliseconds (plus 634900 nanoseconds delay) for com.alibaba.nacos.shaded.io.grpc.stub.ClientCalls$GrpcFuture@62528be0[status=PENDING, info=[GrpcFuture{clientCall=PendingCall{realCall=ClientCallImpl{method=MethodDescriptor{fullMethodName=Request/request, type=UNARY, idempotent=false, safe=false, sampledToLocalTracing=true, requestMarshaller=com.alibaba.nacos.shaded.io.grpc.protobuf.lite.ProtoLiteUtils$MessageMarshaller@6fe65953, responseMarshaller=com.alibaba.nacos.shaded.io.grpc.protobuf.lite.ProtoLiteUtils$MessageMarshaller@49558b21, schemaDescriptor=com.alibaba.nacos.api.grpc.auto.RequestGrpc$RequestMethodDescriptorSupplier@3941daf9}}}}]]
	at com.alibaba.nacos.shaded.com.google.common.util.concurrent.AbstractFuture.get(AbstractFuture.java:535) ~[nacos-client-3.1.1.jar:na]
	at com.alibaba.nacos.common.remote.client.grpc.GrpcClient.serverCheck(GrpcClient.java:234) ~[nacos-client-3.1.1.jar:na]
	at com.alibaba.nacos.common.remote.client.grpc.GrpcClient.connectToServer(GrpcClient.java:346) ~[nacos-client-3.1.1.jar:na]
	at com.alibaba.nacos.common.remote.client.RpcClient.reconnect(RpcClient.java:504) ~[nacos-client-3.1.1.jar:na]
	at com.alibaba.nacos.common.remote.client.RpcClient.lambda$start$1(RpcClient.java:330) ~[nacos-client-3.1.1.jar:na]
	at java.base/java.util.concurrent.Executors$RunnableAdapter.call(Executors.java:545) ~[na:na]
	at java.base/java.util.concurrent.FutureTask.run(FutureTask.java:330) ~[na:na]
	at java.base/java.util.concurrent.ScheduledThreadPoolExecutor$ScheduledFutureTask.run(ScheduledThreadPoolExecutor.java:309) ~[na:na]
	at java.base/java.util.concurrent.ThreadPoolExecutor.runWorker(ThreadPoolExecutor.java:1090) ~[na:na]
	at java.base/java.util.concurrent.ThreadPoolExecutor$Worker.run(ThreadPoolExecutor.java:614) ~[na:na]
	at java.base/java.lang.Thread.run(Thread.java:1516) ~[na:na]
2026-08-02 01:56:11.850 [com.alibaba.nacos.client.remote.worker.0] [none] INFO  c.alibaba.nacos.common.remote.client - [16c40082-ff3d-4d05-b22b-5148a98ebfe0_config-0] Fail to connect server, after trying 2 times, last try server is {serverIp = '129.204.152.168', server main port = 8848}, error = unknown
2026-08-02 01:56:11.881 [com.alibaba.nacos.client.remote.worker.1] [none] ERROR c.a.n.c.r.client.grpc.GrpcClient - Server check fail, please check server 129.204.152.168, port 9848 is available, error ={}
java.util.concurrent.TimeoutException: Waited 3000 milliseconds (plus 963400 nanoseconds delay) for com.alibaba.nacos.shaded.io.grpc.stub.ClientCalls$GrpcFuture@46ef25e8[status=PENDING, info=[GrpcFuture{clientCall=PendingCall{realCall=ClientCallImpl{method=MethodDescriptor{fullMethodName=Request/request, type=UNARY, idempotent=false, safe=false, sampledToLocalTracing=true, requestMarshaller=com.alibaba.nacos.shaded.io.grpc.protobuf.lite.ProtoLiteUtils$MessageMarshaller@6fe65953, responseMarshaller=com.alibaba.nacos.shaded.io.grpc.protobuf.lite.ProtoLiteUtils$MessageMarshaller@49558b21, schemaDescriptor=com.alibaba.nacos.api.grpc.auto.RequestGrpc$RequestMethodDescriptorSupplier@3941daf9}}}}]]
	at com.alibaba.nacos.shaded.com.google.common.util.concurrent.AbstractFuture.get(AbstractFuture.java:535) ~[nacos-client-3.1.1.jar:na]
	at com.alibaba.nacos.common.remote.client.grpc.GrpcClient.serverCheck(GrpcClient.java:234) ~[nacos-client-3.1.1.jar:na]
	at com.alibaba.nacos.common.remote.client.grpc.GrpcClient.connectToServer(GrpcClient.java:346) ~[nacos-client-3.1.1.jar:na]
	at com.alibaba.nacos.common.remote.client.RpcClient.reconnect(RpcClient.java:504) ~[nacos-client-3.1.1.jar:na]
	at com.alibaba.nacos.common.remote.client.RpcClient.lambda$start$1(RpcClient.java:330) ~[nacos-client-3.1.1.jar:na]
	at java.base/java.util.concurrent.Executors$RunnableAdapter.call(Executors.java:545) ~[na:na]
	at java.base/java.util.concurrent.FutureTask.run(FutureTask.java:330) ~[na:na]
	at java.base/java.util.concurrent.ScheduledThreadPoolExecutor$ScheduledFutureTask.run(ScheduledThreadPoolExecutor.java:309) ~[na:na]
	at java.base/java.util.concurrent.ThreadPoolExecutor.runWorker(ThreadPoolExecutor.java:1090) ~[na:na]
	at java.base/java.util.concurrent.ThreadPoolExecutor$Worker.run(ThreadPoolExecutor.java:614) ~[na:na]
	at java.base/java.lang.Thread.run(Thread.java:1516) ~[na:na]
2026-08-02 01:56:11.881 [com.alibaba.nacos.client.remote.worker.1] [none] INFO  c.alibaba.nacos.common.remote.client - [d1cdffba-cc99-4efe-bbf1-a6a1910612ab_config-0] Fail to connect server, after trying 2 times, last try server is {serverIp = '129.204.152.168', server main port = 8848}, error = unknown
2026-08-02 01:56:12.007 [com.alibaba.nacos.client.remote.worker.1] [none] INFO  c.a.n.c.r.client.grpc.GrpcClient - grpc client connection server: 129.204.152.168 ip, serverPort: 9848, grpcTslConfig: {"enableTls":false,"mutualAuthEnable":false,"trustAll":true}
2026-08-02 01:56:12.141 [com.alibaba.nacos.client.remote.worker.0] [none] INFO  c.a.n.c.r.client.grpc.GrpcClient - grpc client connection server: 129.204.152.168 ip, serverPort: 9848, grpcTslConfig: {"enableTls":false,"mutualAuthEnable":false,"trustAll":true}
2026-08-02 01:56:12.151 [com.alibaba.nacos.client.remote.worker.0] [none] INFO  c.a.n.c.r.client.grpc.GrpcClient - grpc client connection server: 129.204.152.168 ip, serverPort: 9848, grpcTslConfig: {"enableTls":false,"mutualAuthEnable":false,"trustAll":true}
2026-08-02 01:56:12.183 [com.alibaba.nacos.client.remote.worker.1] [none] INFO  c.a.n.c.r.client.grpc.GrpcClient - grpc client connection server: 129.204.152.168 ip, serverPort: 9848, grpcTslConfig: {"enableTls":false,"mutualAuthEnable":false,"trustAll":true}
2026-08-02 01:56:13.746 [com.alibaba.nacos.naming.failover.0] [none] DEBUG com.alibaba.nacos.client.naming - failover switch is not found, 00-00---000-VIPSRV_FAILOVER_SWITCH-000---00-00
2026-08-02 01:56:15.010 [com.alibaba.nacos.client.remote.worker.1] [none] ERROR c.a.n.c.r.client.grpc.GrpcClient - Server check fail, please check server 129.204.152.168, port 9848 is available, error ={}
java.util.concurrent.TimeoutException: Waited 3000 milliseconds (plus 152600 nanoseconds delay) for com.alibaba.nacos.shaded.io.grpc.stub.ClientCalls$GrpcFuture@31ed035b[status=PENDING, info=[GrpcFuture{clientCall=PendingCall{realCall=ClientCallImpl{method=MethodDescriptor{fullMethodName=Request/request, type=UNARY, idempotent=false, safe=false, sampledToLocalTracing=true, requestMarshaller=com.alibaba.nacos.shaded.io.grpc.protobuf.lite.ProtoLiteUtils$MessageMarshaller@6fe65953, responseMarshaller=com.alibaba.nacos.shaded.io.grpc.protobuf.lite.ProtoLiteUtils$MessageMarshaller@49558b21, schemaDescriptor=com.alibaba.nacos.api.grpc.auto.RequestGrpc$RequestMethodDescriptorSupplier@3941daf9}}}}]]
	at com.alibaba.nacos.shaded.com.google.common.util.concurrent.AbstractFuture.get(AbstractFuture.java:535) ~[nacos-client-3.1.1.jar:na]
	at com.alibaba.nacos.common.remote.client.grpc.GrpcClient.serverCheck(GrpcClient.java:234) ~[nacos-client-3.1.1.jar:na]
	at com.alibaba.nacos.common.remote.client.grpc.GrpcClient.connectToServer(GrpcClient.java:346) ~[nacos-client-3.1.1.jar:na]
	at com.alibaba.nacos.common.remote.client.RpcClient.reconnect(RpcClient.java:504) ~[nacos-client-3.1.1.jar:na]
	at com.alibaba.nacos.common.remote.client.RpcClient.lambda$start$1(RpcClient.java:330) ~[nacos-client-3.1.1.jar:na]
	at java.base/java.util.concurrent.Executors$RunnableAdapter.call(Executors.java:545) ~[na:na]
	at java.base/java.util.concurrent.FutureTask.run(FutureTask.java:330) ~[na:na]
	at java.base/java.util.concurrent.ScheduledThreadPoolExecutor$ScheduledFutureTask.run(ScheduledThreadPoolExecutor.java:309) ~[na:na]
	at java.base/java.util.concurrent.ThreadPoolExecutor.runWorker(ThreadPoolExecutor.java:1090) ~[na:na]
	at java.base/java.util.concurrent.ThreadPoolExecutor$Worker.run(ThreadPoolExecutor.java:614) ~[na:na]
	at java.base/java.lang.Thread.run(Thread.java:1516) ~[na:na]
2026-08-02 01:56:15.011 [com.alibaba.nacos.client.remote.worker.1] [none] INFO  c.alibaba.nacos.common.remote.client - [6d1e68d9-ad5d-45e7-abd8-80a910efc20a] Fail to connect server, after trying 3 times, last try server is {serverIp = '129.204.152.168', server main port = 8848}, error = unknown
2026-08-02 01:56:15.142 [com.alibaba.nacos.client.remote.worker.0] [none] ERROR c.a.n.c.r.client.grpc.GrpcClient - Server check fail, please check server 129.204.152.168, port 9848 is available, error ={}
java.util.concurrent.TimeoutException: Waited 3000 milliseconds (plus 111800 nanoseconds delay) for com.alibaba.nacos.shaded.io.grpc.stub.ClientCalls$GrpcFuture@2b88071f[status=PENDING, info=[GrpcFuture{clientCall=PendingCall{realCall=ClientCallImpl{method=MethodDescriptor{fullMethodName=Request/request, type=UNARY, idempotent=false, safe=false, sampledToLocalTracing=true, requestMarshaller=com.alibaba.nacos.shaded.io.grpc.protobuf.lite.ProtoLiteUtils$MessageMarshaller@6fe65953, responseMarshaller=com.alibaba.nacos.shaded.io.grpc.protobuf.lite.ProtoLiteUtils$MessageMarshaller@49558b21, schemaDescriptor=com.alibaba.nacos.api.grpc.auto.RequestGrpc$RequestMethodDescriptorSupplier@3941daf9}}}}]]
	at com.alibaba.nacos.shaded.com.google.common.util.concurrent.AbstractFuture.get(AbstractFuture.java:535) ~[nacos-client-3.1.1.jar:na]
	at com.alibaba.nacos.common.remote.client.grpc.GrpcClient.serverCheck(GrpcClient.java:234) ~[nacos-client-3.1.1.jar:na]
	at com.alibaba.nacos.common.remote.client.grpc.GrpcClient.connectToServer(GrpcClient.java:346) ~[nacos-client-3.1.1.jar:na]
	at com.alibaba.nacos.common.remote.client.RpcClient.reconnect(RpcClient.java:504) ~[nacos-client-3.1.1.jar:na]
	at com.alibaba.nacos.common.remote.client.RpcClient.lambda$start$1(RpcClient.java:330) ~[nacos-client-3.1.1.jar:na]
	at java.base/java.util.concurrent.Executors$RunnableAdapter.call(Executors.java:545) ~[na:na]
	at java.base/java.util.concurrent.FutureTask.run(FutureTask.java:330) ~[na:na]
	at java.base/java.util.concurrent.ScheduledThreadPoolExecutor$ScheduledFutureTask.run(ScheduledThreadPoolExecutor.java:309) ~[na:na]
	at java.base/java.util.concurrent.ThreadPoolExecutor.runWorker(ThreadPoolExecutor.java:1090) ~[na:na]
	at java.base/java.util.concurrent.ThreadPoolExecutor$Worker.run(ThreadPoolExecutor.java:614) ~[na:na]
	at java.base/java.lang.Thread.run(Thread.java:1516) ~[na:na]
2026-08-02 01:56:15.142 [com.alibaba.nacos.client.remote.worker.0] [none] INFO  c.alibaba.nacos.common.remote.client - [34e92d24-b89c-4567-ab43-8eb9dcd12c9a_config-0] Fail to connect server, after trying 3 times, last try server is {serverIp = '129.204.152.168', server main port = 8848}, error = unknown
2026-08-02 01:56:15.153 [com.alibaba.nacos.client.remote.worker.0] [none] ERROR c.a.n.c.r.client.grpc.GrpcClient - Server check fail, please check server 129.204.152.168, port 9848 is available, error ={}
java.util.concurrent.TimeoutException: Waited 3000 milliseconds (plus 1 milliseconds, 138100 nanoseconds delay) for com.alibaba.nacos.shaded.io.grpc.stub.ClientCalls$GrpcFuture@31034b03[status=PENDING, info=[GrpcFuture{clientCall=PendingCall{realCall=ClientCallImpl{method=MethodDescriptor{fullMethodName=Request/request, type=UNARY, idempotent=false, safe=false, sampledToLocalTracing=true, requestMarshaller=com.alibaba.nacos.shaded.io.grpc.protobuf.lite.ProtoLiteUtils$MessageMarshaller@6fe65953, responseMarshaller=com.alibaba.nacos.shaded.io.grpc.protobuf.lite.ProtoLiteUtils$MessageMarshaller@49558b21, schemaDescriptor=com.alibaba.nacos.api.grpc.auto.RequestGrpc$RequestMethodDescriptorSupplier@3941daf9}}}}]]
	at com.alibaba.nacos.shaded.com.google.common.util.concurrent.AbstractFuture.get(AbstractFuture.java:535) ~[nacos-client-3.1.1.jar:na]
	at com.alibaba.nacos.common.remote.client.grpc.GrpcClient.serverCheck(GrpcClient.java:234) ~[nacos-client-3.1.1.jar:na]
	at com.alibaba.nacos.common.remote.client.grpc.GrpcClient.connectToServer(GrpcClient.java:346) ~[nacos-client-3.1.1.jar:na]
	at com.alibaba.nacos.common.remote.client.RpcClient.reconnect(RpcClient.java:504) ~[nacos-client-3.1.1.jar:na]
	at com.alibaba.nacos.common.remote.client.RpcClient.lambda$start$1(RpcClient.java:330) ~[nacos-client-3.1.1.jar:na]
	at java.base/java.util.concurrent.Executors$RunnableAdapter.call(Executors.java:545) ~[na:na]
	at java.base/java.util.concurrent.FutureTask.run(FutureTask.java:330) ~[na:na]
	at java.base/java.util.concurrent.ScheduledThreadPoolExecutor$ScheduledFutureTask.run(ScheduledThreadPoolExecutor.java:309) ~[na:na]
	at java.base/java.util.concurrent.ThreadPoolExecutor.runWorker(ThreadPoolExecutor.java:1090) ~[na:na]
	at java.base/java.util.concurrent.ThreadPoolExecutor$Worker.run(ThreadPoolExecutor.java:614) ~[na:na]
	at java.base/java.lang.Thread.run(Thread.java:1516) ~[na:na]
2026-08-02 01:56:15.154 [com.alibaba.nacos.client.remote.worker.0] [none] INFO  c.alibaba.nacos.common.remote.client - [16c40082-ff3d-4d05-b22b-5148a98ebfe0_config-0] Fail to connect server, after trying 3 times, last try server is {serverIp = '129.204.152.168', server main port = 8848}, error = unknown
2026-08-02 01:56:15.185 [com.alibaba.nacos.client.remote.worker.1] [none] ERROR c.a.n.c.r.client.grpc.GrpcClient - Server check fail, please check server 129.204.152.168, port 9848 is available, error ={}
java.util.concurrent.TimeoutException: Waited 3000 milliseconds (plus 759800 nanoseconds delay) for com.alibaba.nacos.shaded.io.grpc.stub.ClientCalls$GrpcFuture@3e30839f[status=PENDING, info=[GrpcFuture{clientCall=PendingCall{realCall=ClientCallImpl{method=MethodDescriptor{fullMethodName=Request/request, type=UNARY, idempotent=false, safe=false, sampledToLocalTracing=true, requestMarshaller=com.alibaba.nacos.shaded.io.grpc.protobuf.lite.ProtoLiteUtils$MessageMarshaller@6fe65953, responseMarshaller=com.alibaba.nacos.shaded.io.grpc.protobuf.lite.ProtoLiteUtils$MessageMarshaller@49558b21, schemaDescriptor=com.alibaba.nacos.api.grpc.auto.RequestGrpc$RequestMethodDescriptorSupplier@3941daf9}}}}]]
	at com.alibaba.nacos.shaded.com.google.common.util.concurrent.AbstractFuture.get(AbstractFuture.java:535) ~[nacos-client-3.1.1.jar:na]
	at com.alibaba.nacos.common.remote.client.grpc.GrpcClient.serverCheck(GrpcClient.java:234) ~[nacos-client-3.1.1.jar:na]
	at com.alibaba.nacos.common.remote.client.grpc.GrpcClient.connectToServer(GrpcClient.java:346) ~[nacos-client-3.1.1.jar:na]
	at com.alibaba.nacos.common.remote.client.RpcClient.reconnect(RpcClient.java:504) ~[nacos-client-3.1.1.jar:na]
	at com.alibaba.nacos.common.remote.client.RpcClient.lambda$start$1(RpcClient.java:330) ~[nacos-client-3.1.1.jar:na]
	at java.base/java.util.concurrent.Executors$RunnableAdapter.call(Executors.java:545) ~[na:na]
	at java.base/java.util.concurrent.FutureTask.run(FutureTask.java:330) ~[na:na]
	at java.base/java.util.concurrent.ScheduledThreadPoolExecutor$ScheduledFutureTask.run(ScheduledThreadPoolExecutor.java:309) ~[na:na]
	at java.base/java.util.concurrent.ThreadPoolExecutor.runWorker(ThreadPoolExecutor.java:1090) ~[na:na]
	at java.base/java.util.concurrent.ThreadPoolExecutor$Worker.run(ThreadPoolExecutor.java:614) ~[na:na]
	at java.base/java.lang.Thread.run(Thread.java:1516) ~[na:na]
2026-08-02 01:56:15.185 [com.alibaba.nacos.client.remote.worker.1] [none] INFO  c.alibaba.nacos.common.remote.client - [d1cdffba-cc99-4efe-bbf1-a6a1910612ab_config-0] Fail to connect server, after trying 3 times, last try server is {serverIp = '129.204.152.168', server main port = 8848}, error = unknown
2026-08-02 01:56:15.412 [com.alibaba.nacos.client.remote.worker.1] [none] INFO  c.a.n.c.r.client.grpc.GrpcClient - grpc client connection server: 129.204.152.168 ip, serverPort: 9848, grpcTslConfig: {"enableTls":false,"mutualAuthEnable":false,"trustAll":true}
2026-08-02 01:56:15.544 [com.alibaba.nacos.client.remote.worker.0] [none] INFO  c.a.n.c.r.client.grpc.GrpcClient - grpc client connection server: 129.204.152.168 ip, serverPort: 9848, grpcTslConfig: {"enableTls":false,"mutualAuthEnable":false,"trustAll":true}
2026-08-02 01:56:15.555 [com.alibaba.nacos.client.remote.worker.0] [none] INFO  c.a.n.c.r.client.grpc.GrpcClient - grpc client connection server: 129.204.152.168 ip, serverPort: 9848, grpcTslConfig: {"enableTls":false,"mutualAuthEnable":false,"trustAll":true}
2026-08-02 01:56:15.586 [com.alibaba.nacos.client.remote.worker.1] [none] INFO  c.a.n.c.r.client.grpc.GrpcClient - grpc client connection server: 129.204.152.168 ip, serverPort: 9848, grpcTslConfig: {"enableTls":false,"mutualAuthEnable":false,"trustAll":true}
2026-08-02 01:56:18.413 [com.alibaba.nacos.client.remote.worker.1] [none] ERROR c.a.n.c.r.client.grpc.GrpcClient - Server check fail, please check server 129.204.152.168, port 9848 is available, error ={}
java.util.concurrent.TimeoutException: Waited 3000 milliseconds (plus 646300 nanoseconds delay) for com.alibaba.nacos.shaded.io.grpc.stub.ClientCalls$GrpcFuture@656a0590[status=PENDING, info=[GrpcFuture{clientCall=PendingCall{realCall=ClientCallImpl{method=MethodDescriptor{fullMethodName=Request/request, type=UNARY, idempotent=false, safe=false, sampledToLocalTracing=true, requestMarshaller=com.alibaba.nacos.shaded.io.grpc.protobuf.lite.ProtoLiteUtils$MessageMarshaller@6fe65953, responseMarshaller=com.alibaba.nacos.shaded.io.grpc.protobuf.lite.ProtoLiteUtils$MessageMarshaller@49558b21, schemaDescriptor=com.alibaba.nacos.api.grpc.auto.RequestGrpc$RequestMethodDescriptorSupplier@3941daf9}}}}]]
	at com.alibaba.nacos.shaded.com.google.common.util.concurrent.AbstractFuture.get(AbstractFuture.java:535) ~[nacos-client-3.1.1.jar:na]
	at com.alibaba.nacos.common.remote.client.grpc.GrpcClient.serverCheck(GrpcClient.java:234) ~[nacos-client-3.1.1.jar:na]
	at com.alibaba.nacos.common.remote.client.grpc.GrpcClient.connectToServer(GrpcClient.java:346) ~[nacos-client-3.1.1.jar:na]
	at com.alibaba.nacos.common.remote.client.RpcClient.reconnect(RpcClient.java:504) ~[nacos-client-3.1.1.jar:na]
	at com.alibaba.nacos.common.remote.client.RpcClient.lambda$start$1(RpcClient.java:330) ~[nacos-client-3.1.1.jar:na]
	at java.base/java.util.concurrent.Executors$RunnableAdapter.call(Executors.java:545) ~[na:na]
	at java.base/java.util.concurrent.FutureTask.run(FutureTask.java:330) ~[na:na]
	at java.base/java.util.concurrent.ScheduledThreadPoolExecutor$ScheduledFutureTask.run(ScheduledThreadPoolExecutor.java:309) ~[na:na]
	at java.base/java.util.concurrent.ThreadPoolExecutor.runWorker(ThreadPoolExecutor.java:1090) ~[na:na]
	at java.base/java.util.concurrent.ThreadPoolExecutor$Worker.run(ThreadPoolExecutor.java:614) ~[na:na]
	at java.base/java.lang.Thread.run(Thread.java:1516) ~[na:na]
2026-08-02 01:56:18.413 [com.alibaba.nacos.client.remote.worker.1] [none] INFO  c.alibaba.nacos.common.remote.client - [6d1e68d9-ad5d-45e7-abd8-80a910efc20a] Fail to connect server, after trying 4 times, last try server is {serverIp = '129.204.152.168', server main port = 8848}, error = unknown
2026-08-02 01:56:18.546 [com.alibaba.nacos.client.remote.worker.0] [none] ERROR c.a.n.c.r.client.grpc.GrpcClient - Server check fail, please check server 129.204.152.168, port 9848 is available, error ={}
java.util.concurrent.TimeoutException: Waited 3000 milliseconds (plus 705300 nanoseconds delay) for com.alibaba.nacos.shaded.io.grpc.stub.ClientCalls$GrpcFuture@375c2c75[status=PENDING, info=[GrpcFuture{clientCall=PendingCall{realCall=ClientCallImpl{method=MethodDescriptor{fullMethodName=Request/request, type=UNARY, idempotent=false, safe=false, sampledToLocalTracing=true, requestMarshaller=com.alibaba.nacos.shaded.io.grpc.protobuf.lite.ProtoLiteUtils$MessageMarshaller@6fe65953, responseMarshaller=com.alibaba.nacos.shaded.io.grpc.protobuf.lite.ProtoLiteUtils$MessageMarshaller@49558b21, schemaDescriptor=com.alibaba.nacos.api.grpc.auto.RequestGrpc$RequestMethodDescriptorSupplier@3941daf9}}}}]]
	at com.alibaba.nacos.shaded.com.google.common.util.concurrent.AbstractFuture.get(AbstractFuture.java:535) ~[nacos-client-3.1.1.jar:na]
	at com.alibaba.nacos.common.remote.client.grpc.GrpcClient.serverCheck(GrpcClient.java:234) ~[nacos-client-3.1.1.jar:na]
	at com.alibaba.nacos.common.remote.client.grpc.GrpcClient.connectToServer(GrpcClient.java:346) ~[nacos-client-3.1.1.jar:na]
	at com.alibaba.nacos.common.remote.client.RpcClient.reconnect(RpcClient.java:504) ~[nacos-client-3.1.1.jar:na]
	at com.alibaba.nacos.common.remote.client.RpcClient.lambda$start$1(RpcClient.java:330) ~[nacos-client-3.1.1.jar:na]
	at java.base/java.util.concurrent.Executors$RunnableAdapter.call(Executors.java:545) ~[na:na]
	at java.base/java.util.concurrent.FutureTask.run(FutureTask.java:330) ~[na:na]
	at java.base/java.util.concurrent.ScheduledThreadPoolExecutor$ScheduledFutureTask.run(ScheduledThreadPoolExecutor.java:309) ~[na:na]
	at java.base/java.util.concurrent.ThreadPoolExecutor.runWorker(ThreadPoolExecutor.java:1090) ~[na:na]
	at java.base/java.util.concurrent.ThreadPoolExecutor$Worker.run(ThreadPoolExecutor.java:614) ~[na:na]
	at java.base/java.lang.Thread.run(Thread.java:1516) ~[na:na]
2026-08-02 01:56:18.547 [com.alibaba.nacos.client.remote.worker.0] [none] INFO  c.alibaba.nacos.common.remote.client - [34e92d24-b89c-4567-ab43-8eb9dcd12c9a_config-0] Fail to connect server, after trying 4 times, last try server is {serverIp = '129.204.152.168', server main port = 8848}, error = unknown
2026-08-02 01:56:18.557 [com.alibaba.nacos.client.remote.worker.0] [none] ERROR c.a.n.c.r.client.grpc.GrpcClient - Server check fail, please check server 129.204.152.168, port 9848 is available, error ={}
java.util.concurrent.TimeoutException: Waited 3000 milliseconds (plus 949200 nanoseconds delay) for com.alibaba.nacos.shaded.io.grpc.stub.ClientCalls$GrpcFuture@6237a165[status=PENDING, info=[GrpcFuture{clientCall=PendingCall{realCall=ClientCallImpl{method=MethodDescriptor{fullMethodName=Request/request, type=UNARY, idempotent=false, safe=false, sampledToLocalTracing=true, requestMarshaller=com.alibaba.nacos.shaded.io.grpc.protobuf.lite.ProtoLiteUtils$MessageMarshaller@6fe65953, responseMarshaller=com.alibaba.nacos.shaded.io.grpc.protobuf.lite.ProtoLiteUtils$MessageMarshaller@49558b21, schemaDescriptor=com.alibaba.nacos.api.grpc.auto.RequestGrpc$RequestMethodDescriptorSupplier@3941daf9}}}}]]
	at com.alibaba.nacos.shaded.com.google.common.util.concurrent.AbstractFuture.get(AbstractFuture.java:535) ~[nacos-client-3.1.1.jar:na]
	at com.alibaba.nacos.common.remote.client.grpc.GrpcClient.serverCheck(GrpcClient.java:234) ~[nacos-client-3.1.1.jar:na]
	at com.alibaba.nacos.common.remote.client.grpc.GrpcClient.connectToServer(GrpcClient.java:346) ~[nacos-client-3.1.1.jar:na]
	at com.alibaba.nacos.common.remote.client.RpcClient.reconnect(RpcClient.java:504) ~[nacos-client-3.1.1.jar:na]
	at com.alibaba.nacos.common.remote.client.RpcClient.lambda$start$1(RpcClient.java:330) ~[nacos-client-3.1.1.jar:na]
	at java.base/java.util.concurrent.Executors$RunnableAdapter.call(Executors.java:545) ~[na:na]
	at java.base/java.util.concurrent.FutureTask.run(FutureTask.java:330) ~[na:na]
	at java.base/java.util.concurrent.ScheduledThreadPoolExecutor$ScheduledFutureTask.run(ScheduledThreadPoolExecutor.java:309) ~[na:na]
	at java.base/java.util.concurrent.ThreadPoolExecutor.runWorker(ThreadPoolExecutor.java:1090) ~[na:na]
	at java.base/java.util.concurrent.ThreadPoolExecutor$Worker.run(ThreadPoolExecutor.java:614) ~[na:na]
	at java.base/java.lang.Thread.run(Thread.java:1516) ~[na:na]
2026-08-02 01:56:18.558 [com.alibaba.nacos.client.remote.worker.0] [none] INFO  c.alibaba.nacos.common.remote.client - [16c40082-ff3d-4d05-b22b-5148a98ebfe0_config-0] Fail to connect server, after trying 4 times, last try server is {serverIp = '129.204.152.168', server main port = 8848}, error = unknown
2026-08-02 01:56:18.588 [com.alibaba.nacos.client.remote.worker.1] [none] ERROR c.a.n.c.r.client.grpc.GrpcClient - Server check fail, please check server 129.204.152.168, port 9848 is available, error ={}
java.util.concurrent.TimeoutException: Waited 3000 milliseconds (plus 628700 nanoseconds delay) for com.alibaba.nacos.shaded.io.grpc.stub.ClientCalls$GrpcFuture@68642288[status=PENDING, info=[GrpcFuture{clientCall=PendingCall{realCall=ClientCallImpl{method=MethodDescriptor{fullMethodName=Request/request, type=UNARY, idempotent=false, safe=false, sampledToLocalTracing=true, requestMarshaller=com.alibaba.nacos.shaded.io.grpc.protobuf.lite.ProtoLiteUtils$MessageMarshaller@6fe65953, responseMarshaller=com.alibaba.nacos.shaded.io.grpc.protobuf.lite.ProtoLiteUtils$MessageMarshaller@49558b21, schemaDescriptor=com.alibaba.nacos.api.grpc.auto.RequestGrpc$RequestMethodDescriptorSupplier@3941daf9}}}}]]
	at com.alibaba.nacos.shaded.com.google.common.util.concurrent.AbstractFuture.get(AbstractFuture.java:535) ~[nacos-client-3.1.1.jar:na]
	at com.alibaba.nacos.common.remote.client.grpc.GrpcClient.serverCheck(GrpcClient.java:234) ~[nacos-client-3.1.1.jar:na]
	at com.alibaba.nacos.common.remote.client.grpc.GrpcClient.connectToServer(GrpcClient.java:346) ~[nacos-client-3.1.1.jar:na]
	at com.alibaba.nacos.common.remote.client.RpcClient.reconnect(RpcClient.java:504) ~[nacos-client-3.1.1.jar:na]
	at com.alibaba.nacos.common.remote.client.RpcClient.lambda$start$1(RpcClient.java:330) ~[nacos-client-3.1.1.jar:na]
	at java.base/java.util.concurrent.Executors$RunnableAdapter.call(Executors.java:545) ~[na:na]
	at java.base/java.util.concurrent.FutureTask.run(FutureTask.java:330) ~[na:na]
	at java.base/java.util.concurrent.ScheduledThreadPoolExecutor$ScheduledFutureTask.run(ScheduledThreadPoolExecutor.java:309) ~[na:na]
	at java.base/java.util.concurrent.ThreadPoolExecutor.runWorker(ThreadPoolExecutor.java:1090) ~[na:na]
	at java.base/java.util.concurrent.ThreadPoolExecutor$Worker.run(ThreadPoolExecutor.java:614) ~[na:na]
	at java.base/java.lang.Thread.run(Thread.java:1516) ~[na:na]
2026-08-02 01:56:18.589 [com.alibaba.nacos.client.remote.worker.1] [none] INFO  c.alibaba.nacos.common.remote.client - [d1cdffba-cc99-4efe-bbf1-a6a1910612ab_config-0] Fail to connect server, after trying 4 times, last try server is {serverIp = '129.204.152.168', server main port = 8848}, error = unknown
2026-08-02 01:56:18.747 [com.alibaba.nacos.naming.failover.0] [none] DEBUG com.alibaba.nacos.client.naming - failover switch is not found, 00-00---000-VIPSRV_FAILOVER_SWITCH-000---00-00
2026-08-02 01:56:18.915 [com.alibaba.nacos.client.remote.worker.1] [none] INFO  c.a.n.c.r.client.grpc.GrpcClient - grpc client connection server: 129.204.152.168 ip, serverPort: 9848, grpcTslConfig: {"enableTls":false,"mutualAuthEnable":false,"trustAll":true}
2026-08-02 01:56:19.047 [com.alibaba.nacos.client.remote.worker.0] [none] INFO  c.a.n.c.r.client.grpc.GrpcClient - grpc client connection server: 129.204.152.168 ip, serverPort: 9848, grpcTslConfig: {"enableTls":false,"mutualAuthEnable":false,"trustAll":true}
2026-08-02 01:56:19.059 [com.alibaba.nacos.client.remote.worker.0] [none] INFO  c.a.n.c.r.client.grpc.GrpcClient - grpc client connection server: 129.204.152.168 ip, serverPort: 9848, grpcTslConfig: {"enableTls":false,"mutualAuthEnable":false,"trustAll":true}
2026-08-02 01:56:19.089 [com.alibaba.nacos.client.remote.worker.1] [none] INFO  c.a.n.c.r.client.grpc.GrpcClient - grpc client connection server: 129.204.152.168 ip, serverPort: 9848, grpcTslConfig: {"enableTls":false,"mutualAuthEnable":false,"trustAll":true}
2026-08-02 01:56:21.916 [com.alibaba.nacos.client.remote.worker.1] [none] ERROR c.a.n.c.r.client.grpc.GrpcClient - Server check fail, please check server 129.204.152.168, port 9848 is available, error ={}
java.util.concurrent.TimeoutException: Waited 3000 milliseconds (plus 310900 nanoseconds delay) for com.alibaba.nacos.shaded.io.grpc.stub.ClientCalls$GrpcFuture@414b9488[status=PENDING, info=[GrpcFuture{clientCall=PendingCall{realCall=ClientCallImpl{method=MethodDescriptor{fullMethodName=Request/request, type=UNARY, idempotent=false, safe=false, sampledToLocalTracing=true, requestMarshaller=com.alibaba.nacos.shaded.io.grpc.protobuf.lite.ProtoLiteUtils$MessageMarshaller@6fe65953, responseMarshaller=com.alibaba.nacos.shaded.io.grpc.protobuf.lite.ProtoLiteUtils$MessageMarshaller@49558b21, schemaDescriptor=com.alibaba.nacos.api.grpc.auto.RequestGrpc$RequestMethodDescriptorSupplier@3941daf9}}}}]]
	at com.alibaba.nacos.shaded.com.google.common.util.concurrent.AbstractFuture.get(AbstractFuture.java:535) ~[nacos-client-3.1.1.jar:na]
	at com.alibaba.nacos.common.remote.client.grpc.GrpcClient.serverCheck(GrpcClient.java:234) ~[nacos-client-3.1.1.jar:na]
	at com.alibaba.nacos.common.remote.client.grpc.GrpcClient.connectToServer(GrpcClient.java:346) ~[nacos-client-3.1.1.jar:na]
	at com.alibaba.nacos.common.remote.client.RpcClient.reconnect(RpcClient.java:504) ~[nacos-client-3.1.1.jar:na]
	at com.alibaba.nacos.common.remote.client.RpcClient.lambda$start$1(RpcClient.java:330) ~[nacos-client-3.1.1.jar:na]
	at java.base/java.util.concurrent.Executors$RunnableAdapter.call(Executors.java:545) ~[na:na]
	at java.base/java.util.concurrent.FutureTask.run(FutureTask.java:330) ~[na:na]
	at java.base/java.util.concurrent.ScheduledThreadPoolExecutor$ScheduledFutureTask.run(ScheduledThreadPoolExecutor.java:309) ~[na:na]
	at java.base/java.util.concurrent.ThreadPoolExecutor.runWorker(ThreadPoolExecutor.java:1090) ~[na:na]
	at java.base/java.util.concurrent.ThreadPoolExecutor$Worker.run(ThreadPoolExecutor.java:614) ~[na:na]
	at java.base/java.lang.Thread.run(Thread.java:1516) ~[na:na]
2026-08-02 01:56:21.917 [com.alibaba.nacos.client.remote.worker.1] [none] INFO  c.alibaba.nacos.common.remote.client - [6d1e68d9-ad5d-45e7-abd8-80a910efc20a] Fail to connect server, after trying 5 times, last try server is {serverIp = '129.204.152.168', server main port = 8848}, error = unknown
2026-08-02 01:56:22.049 [com.alibaba.nacos.client.remote.worker.0] [none] ERROR c.a.n.c.r.client.grpc.GrpcClient - Server check fail, please check server 129.204.152.168, port 9848 is available, error ={}
java.util.concurrent.TimeoutException: Waited 3000 milliseconds (plus 477700 nanoseconds delay) for com.alibaba.nacos.shaded.io.grpc.stub.ClientCalls$GrpcFuture@44fda4e7[status=PENDING, info=[GrpcFuture{clientCall=PendingCall{realCall=ClientCallImpl{method=MethodDescriptor{fullMethodName=Request/request, type=UNARY, idempotent=false, safe=false, sampledToLocalTracing=true, requestMarshaller=com.alibaba.nacos.shaded.io.grpc.protobuf.lite.ProtoLiteUtils$MessageMarshaller@6fe65953, responseMarshaller=com.alibaba.nacos.shaded.io.grpc.protobuf.lite.ProtoLiteUtils$MessageMarshaller@49558b21, schemaDescriptor=com.alibaba.nacos.api.grpc.auto.RequestGrpc$RequestMethodDescriptorSupplier@3941daf9}}}}]]
	at com.alibaba.nacos.shaded.com.google.common.util.concurrent.AbstractFuture.get(AbstractFuture.java:535) ~[nacos-client-3.1.1.jar:na]
	at com.alibaba.nacos.common.remote.client.grpc.GrpcClient.serverCheck(GrpcClient.java:234) ~[nacos-client-3.1.1.jar:na]
	at com.alibaba.nacos.common.remote.client.grpc.GrpcClient.connectToServer(GrpcClient.java:346) ~[nacos-client-3.1.1.jar:na]
	at com.alibaba.nacos.common.remote.client.RpcClient.reconnect(RpcClient.java:504) ~[nacos-client-3.1.1.jar:na]
	at com.alibaba.nacos.common.remote.client.RpcClient.lambda$start$1(RpcClient.java:330) ~[nacos-client-3.1.1.jar:na]
	at java.base/java.util.concurrent.Executors$RunnableAdapter.call(Executors.java:545) ~[na:na]
	at java.base/java.util.concurrent.FutureTask.run(FutureTask.java:330) ~[na:na]
	at java.base/java.util.concurrent.ScheduledThreadPoolExecutor$ScheduledFutureTask.run(ScheduledThreadPoolExecutor.java:309) ~[na:na]
	at java.base/java.util.concurrent.ThreadPoolExecutor.runWorker(ThreadPoolExecutor.java:1090) ~[na:na]
	at java.base/java.util.concurrent.ThreadPoolExecutor$Worker.run(ThreadPoolExecutor.java:614) ~[na:na]
	at java.base/java.lang.Thread.run(Thread.java:1516) ~[na:na]
2026-08-02 01:56:22.049 [com.alibaba.nacos.client.remote.worker.0] [none] INFO  c.alibaba.nacos.common.remote.client - [34e92d24-b89c-4567-ab43-8eb9dcd12c9a_config-0] Fail to connect server, after trying 5 times, last try server is {serverIp = '129.204.152.168', server main port = 8848}, error = unknown
2026-08-02 01:56:22.061 [com.alibaba.nacos.client.remote.worker.0] [none] ERROR c.a.n.c.r.client.grpc.GrpcClient - Server check fail, please check server 129.204.152.168, port 9848 is available, error ={}
java.util.concurrent.TimeoutException: Waited 3000 milliseconds (plus 614600 nanoseconds delay) for com.alibaba.nacos.shaded.io.grpc.stub.ClientCalls$GrpcFuture@7d345bde[status=PENDING, info=[GrpcFuture{clientCall=PendingCall{realCall=ClientCallImpl{method=MethodDescriptor{fullMethodName=Request/request, type=UNARY, idempotent=false, safe=false, sampledToLocalTracing=true, requestMarshaller=com.alibaba.nacos.shaded.io.grpc.protobuf.lite.ProtoLiteUtils$MessageMarshaller@6fe65953, responseMarshaller=com.alibaba.nacos.shaded.io.grpc.protobuf.lite.ProtoLiteUtils$MessageMarshaller@49558b21, schemaDescriptor=com.alibaba.nacos.api.grpc.auto.RequestGrpc$RequestMethodDescriptorSupplier@3941daf9}}}}]]
	at com.alibaba.nacos.shaded.com.google.common.util.concurrent.AbstractFuture.get(AbstractFuture.java:535) ~[nacos-client-3.1.1.jar:na]
	at com.alibaba.nacos.common.remote.client.grpc.GrpcClient.serverCheck(GrpcClient.java:234) ~[nacos-client-3.1.1.jar:na]
	at com.alibaba.nacos.common.remote.client.grpc.GrpcClient.connectToServer(GrpcClient.java:346) ~[nacos-client-3.1.1.jar:na]
	at com.alibaba.nacos.common.remote.client.RpcClient.reconnect(RpcClient.java:504) ~[nacos-client-3.1.1.jar:na]
	at com.alibaba.nacos.common.remote.client.RpcClient.lambda$start$1(RpcClient.java:330) ~[nacos-client-3.1.1.jar:na]
	at java.base/java.util.concurrent.Executors$RunnableAdapter.call(Executors.java:545) ~[na:na]
	at java.base/java.util.concurrent.FutureTask.run(FutureTask.java:330) ~[na:na]
	at java.base/java.util.concurrent.ScheduledThreadPoolExecutor$ScheduledFutureTask.run(ScheduledThreadPoolExecutor.java:309) ~[na:na]
	at java.base/java.util.concurrent.ThreadPoolExecutor.runWorker(ThreadPoolExecutor.java:1090) ~[na:na]
	at java.base/java.util.concurrent.ThreadPoolExecutor$Worker.run(ThreadPoolExecutor.java:614) ~[na:na]
	at java.base/java.lang.Thread.run(Thread.java:1516) ~[na:na]
2026-08-02 01:56:22.061 [com.alibaba.nacos.client.remote.worker.0] [none] INFO  c.alibaba.nacos.common.remote.client - [16c40082-ff3d-4d05-b22b-5148a98ebfe0_config-0] Fail to connect server, after trying 5 times, last try server is {serverIp = '129.204.152.168', server main port = 8848}, error = unknown
2026-08-02 01:56:22.091 [com.alibaba.nacos.client.remote.worker.1] [none] ERROR c.a.n.c.r.client.grpc.GrpcClient - Server check fail, please check server 129.204.152.168, port 9848 is available, error ={}
java.util.concurrent.TimeoutException: Waited 3000 milliseconds (plus 698100 nanoseconds delay) for com.alibaba.nacos.shaded.io.grpc.stub.ClientCalls$GrpcFuture@526b2464[status=PENDING, info=[GrpcFuture{clientCall=PendingCall{realCall=ClientCallImpl{method=MethodDescriptor{fullMethodName=Request/request, type=UNARY, idempotent=false, safe=false, sampledToLocalTracing=true, requestMarshaller=com.alibaba.nacos.shaded.io.grpc.protobuf.lite.ProtoLiteUtils$MessageMarshaller@6fe65953, responseMarshaller=com.alibaba.nacos.shaded.io.grpc.protobuf.lite.ProtoLiteUtils$MessageMarshaller@49558b21, schemaDescriptor=com.alibaba.nacos.api.grpc.auto.RequestGrpc$RequestMethodDescriptorSupplier@3941daf9}}}}]]
	at com.alibaba.nacos.shaded.com.google.common.util.concurrent.AbstractFuture.get(AbstractFuture.java:535) ~[nacos-client-3.1.1.jar:na]
	at com.alibaba.nacos.common.remote.client.grpc.GrpcClient.serverCheck(GrpcClient.java:234) ~[nacos-client-3.1.1.jar:na]
	at com.alibaba.nacos.common.remote.client.grpc.GrpcClient.connectToServer(GrpcClient.java:346) ~[nacos-client-3.1.1.jar:na]
	at com.alibaba.nacos.common.remote.client.RpcClient.reconnect(RpcClient.java:504) ~[nacos-client-3.1.1.jar:na]
	at com.alibaba.nacos.common.remote.client.RpcClient.lambda$start$1(RpcClient.java:330) ~[nacos-client-3.1.1.jar:na]
	at java.base/java.util.concurrent.Executors$RunnableAdapter.call(Executors.java:545) ~[na:na]
	at java.base/java.util.concurrent.FutureTask.run(FutureTask.java:330) ~[na:na]
	at java.base/java.util.concurrent.ScheduledThreadPoolExecutor$ScheduledFutureTask.run(ScheduledThreadPoolExecutor.java:309) ~[na:na]
	at java.base/java.util.concurrent.ThreadPoolExecutor.runWorker(ThreadPoolExecutor.java:1090) ~[na:na]
	at java.base/java.util.concurrent.ThreadPoolExecutor$Worker.run(ThreadPoolExecutor.java:614) ~[na:na]
	at java.base/java.lang.Thread.run(Thread.java:1516) ~[na:na]
2026-08-02 01:56:22.091 [com.alibaba.nacos.client.remote.worker.1] [none] INFO  c.alibaba.nacos.common.remote.client - [d1cdffba-cc99-4efe-bbf1-a6a1910612ab_config-0] Fail to connect server, after trying 5 times, last try server is {serverIp = '129.204.152.168', server main port = 8848}, error = unknown
2026-08-02 01:56:22.520 [com.alibaba.nacos.client.remote.worker.1] [none] INFO  c.a.n.c.r.client.grpc.GrpcClient - grpc client connection server: 129.204.152.168 ip, serverPort: 9848, grpcTslConfig: {"enableTls":false,"mutualAuthEnable":false,"trustAll":true}
2026-08-02 01:56:22.650 [com.alibaba.nacos.client.remote.worker.0] [none] INFO  c.a.n.c.r.client.grpc.GrpcClient - grpc client connection server: 129.204.152.168 ip, serverPort: 9848, grpcTslConfig: {"enableTls":false,"mutualAuthEnable":false,"trustAll":true}
2026-08-02 01:56:22.662 [com.alibaba.nacos.client.remote.worker.0] [none] INFO  c.a.n.c.r.client.grpc.GrpcClient - grpc client connection server: 129.204.152.168 ip, serverPort: 9848, grpcTslConfig: {"enableTls":false,"mutualAuthEnable":false,"trustAll":true}
2026-08-02 01:56:22.694 [com.alibaba.nacos.client.remote.worker.1] [none] INFO  c.a.n.c.r.client.grpc.GrpcClient - grpc client connection server: 129.204.152.168 ip, serverPort: 9848, grpcTslConfig: {"enableTls":false,"mutualAuthEnable":false,"trustAll":true}
2026-08-02 01:56:23.799 [com.alibaba.nacos.naming.failover.0] [none] DEBUG com.alibaba.nacos.client.naming - failover switch is not found, 00-00---000-VIPSRV_FAILOVER_SWITCH-000---00-00
2026-08-02 01:56:25.522 [com.alibaba.nacos.client.remote.worker.1] [none] ERROR c.a.n.c.r.client.grpc.GrpcClient - Server check fail, please check server 129.204.152.168, port 9848 is available, error ={}
java.util.concurrent.TimeoutException: Waited 3000 milliseconds (plus 464300 nanoseconds delay) for com.alibaba.nacos.shaded.io.grpc.stub.ClientCalls$GrpcFuture@42f7f04a[status=PENDING, info=[GrpcFuture{clientCall=PendingCall{realCall=ClientCallImpl{method=MethodDescriptor{fullMethodName=Request/request, type=UNARY, idempotent=false, safe=false, sampledToLocalTracing=true, requestMarshaller=com.alibaba.nacos.shaded.io.grpc.protobuf.lite.ProtoLiteUtils$MessageMarshaller@6fe65953, responseMarshaller=com.alibaba.nacos.shaded.io.grpc.protobuf.lite.ProtoLiteUtils$MessageMarshaller@49558b21, schemaDescriptor=com.alibaba.nacos.api.grpc.auto.RequestGrpc$RequestMethodDescriptorSupplier@3941daf9}}}}]]
	at com.alibaba.nacos.shaded.com.google.common.util.concurrent.AbstractFuture.get(AbstractFuture.java:535) ~[nacos-client-3.1.1.jar:na]
	at com.alibaba.nacos.common.remote.client.grpc.GrpcClient.serverCheck(GrpcClient.java:234) ~[nacos-client-3.1.1.jar:na]
	at com.alibaba.nacos.common.remote.client.grpc.GrpcClient.connectToServer(GrpcClient.java:346) ~[nacos-client-3.1.1.jar:na]
	at com.alibaba.nacos.common.remote.client.RpcClient.reconnect(RpcClient.java:504) ~[nacos-client-3.1.1.jar:na]
	at com.alibaba.nacos.common.remote.client.RpcClient.lambda$start$1(RpcClient.java:330) ~[nacos-client-3.1.1.jar:na]
	at java.base/java.util.concurrent.Executors$RunnableAdapter.call(Executors.java:545) ~[na:na]
	at java.base/java.util.concurrent.FutureTask.run(FutureTask.java:330) ~[na:na]
	at java.base/java.util.concurrent.ScheduledThreadPoolExecutor$ScheduledFutureTask.run(ScheduledThreadPoolExecutor.java:309) ~[na:na]
	at java.base/java.util.concurrent.ThreadPoolExecutor.runWorker(ThreadPoolExecutor.java:1090) ~[na:na]
	at java.base/java.util.concurrent.ThreadPoolExecutor$Worker.run(ThreadPoolExecutor.java:614) ~[na:na]
	at java.base/java.lang.Thread.run(Thread.java:1516) ~[na:na]
2026-08-02 01:56:25.523 [com.alibaba.nacos.client.remote.worker.1] [none] INFO  c.alibaba.nacos.common.remote.client - [6d1e68d9-ad5d-45e7-abd8-80a910efc20a] Fail to connect server, after trying 6 times, last try server is {serverIp = '129.204.152.168', server main port = 8848}, error = unknown
2026-08-02 01:56:25.652 [com.alibaba.nacos.client.remote.worker.0] [none] ERROR c.a.n.c.r.client.grpc.GrpcClient - Server check fail, please check server 129.204.152.168, port 9848 is available, error ={}
java.util.concurrent.TimeoutException: Waited 3000 milliseconds (plus 903100 nanoseconds delay) for com.alibaba.nacos.shaded.io.grpc.stub.ClientCalls$GrpcFuture@69fa76e7[status=PENDING, info=[GrpcFuture{clientCall=PendingCall{realCall=ClientCallImpl{method=MethodDescriptor{fullMethodName=Request/request, type=UNARY, idempotent=false, safe=false, sampledToLocalTracing=true, requestMarshaller=com.alibaba.nacos.shaded.io.grpc.protobuf.lite.ProtoLiteUtils$MessageMarshaller@6fe65953, responseMarshaller=com.alibaba.nacos.shaded.io.grpc.protobuf.lite.ProtoLiteUtils$MessageMarshaller@49558b21, schemaDescriptor=com.alibaba.nacos.api.grpc.auto.RequestGrpc$RequestMethodDescriptorSupplier@3941daf9}}}}]]
	at com.alibaba.nacos.shaded.com.google.common.util.concurrent.AbstractFuture.get(AbstractFuture.java:535) ~[nacos-client-3.1.1.jar:na]
	at com.alibaba.nacos.common.remote.client.grpc.GrpcClient.serverCheck(GrpcClient.java:234) ~[nacos-client-3.1.1.jar:na]
	at com.alibaba.nacos.common.remote.client.grpc.GrpcClient.connectToServer(GrpcClient.java:346) ~[nacos-client-3.1.1.jar:na]
	at com.alibaba.nacos.common.remote.client.RpcClient.reconnect(RpcClient.java:504) ~[nacos-client-3.1.1.jar:na]
	at com.alibaba.nacos.common.remote.client.RpcClient.lambda$start$1(RpcClient.java:330) ~[nacos-client-3.1.1.jar:na]
	at java.base/java.util.concurrent.Executors$RunnableAdapter.call(Executors.java:545) ~[na:na]
	at java.base/java.util.concurrent.FutureTask.run(FutureTask.java:330) ~[na:na]
	at java.base/java.util.concurrent.ScheduledThreadPoolExecutor$ScheduledFutureTask.run(ScheduledThreadPoolExecutor.java:309) ~[na:na]
	at java.base/java.util.concurrent.ThreadPoolExecutor.runWorker(ThreadPoolExecutor.java:1090) ~[na:na]
	at java.base/java.util.concurrent.ThreadPoolExecutor$Worker.run(ThreadPoolExecutor.java:614) ~[na:na]
	at java.base/java.lang.Thread.run(Thread.java:1516) ~[na:na]
2026-08-02 01:56:25.653 [com.alibaba.nacos.client.remote.worker.0] [none] INFO  c.alibaba.nacos.common.remote.client - [34e92d24-b89c-4567-ab43-8eb9dcd12c9a_config-0] Fail to connect server, after trying 6 times, last try server is {serverIp = '129.204.152.168', server main port = 8848}, error = unknown
2026-08-02 01:56:25.665 [com.alibaba.nacos.client.remote.worker.0] [none] ERROR c.a.n.c.r.client.grpc.GrpcClient - Server check fail, please check server 129.204.152.168, port 9848 is available, error ={}
java.util.concurrent.TimeoutException: Waited 3000 milliseconds (plus 1 milliseconds, 563600 nanoseconds delay) for com.alibaba.nacos.shaded.io.grpc.stub.ClientCalls$GrpcFuture@5837ce86[status=PENDING, info=[GrpcFuture{clientCall=PendingCall{realCall=ClientCallImpl{method=MethodDescriptor{fullMethodName=Request/request, type=UNARY, idempotent=false, safe=false, sampledToLocalTracing=true, requestMarshaller=com.alibaba.nacos.shaded.io.grpc.protobuf.lite.ProtoLiteUtils$MessageMarshaller@6fe65953, responseMarshaller=com.alibaba.nacos.shaded.io.grpc.protobuf.lite.ProtoLiteUtils$MessageMarshaller@49558b21, schemaDescriptor=com.alibaba.nacos.api.grpc.auto.RequestGrpc$RequestMethodDescriptorSupplier@3941daf9}}}}]]
	at com.alibaba.nacos.shaded.com.google.common.util.concurrent.AbstractFuture.get(AbstractFuture.java:535) ~[nacos-client-3.1.1.jar:na]
	at com.alibaba.nacos.common.remote.client.grpc.GrpcClient.serverCheck(GrpcClient.java:234) ~[nacos-client-3.1.1.jar:na]
	at com.alibaba.nacos.common.remote.client.grpc.GrpcClient.connectToServer(GrpcClient.java:346) ~[nacos-client-3.1.1.jar:na]
	at com.alibaba.nacos.common.remote.client.RpcClient.reconnect(RpcClient.java:504) ~[nacos-client-3.1.1.jar:na]
	at com.alibaba.nacos.common.remote.client.RpcClient.lambda$start$1(RpcClient.java:330) ~[nacos-client-3.1.1.jar:na]
	at java.base/java.util.concurrent.Executors$RunnableAdapter.call(Executors.java:545) ~[na:na]
	at java.base/java.util.concurrent.FutureTask.run(FutureTask.java:330) ~[na:na]
	at java.base/java.util.concurrent.ScheduledThreadPoolExecutor$ScheduledFutureTask.run(ScheduledThreadPoolExecutor.java:309) ~[na:na]
	at java.base/java.util.concurrent.ThreadPoolExecutor.runWorker(ThreadPoolExecutor.java:1090) ~[na:na]
	at java.base/java.util.concurrent.ThreadPoolExecutor$Worker.run(ThreadPoolExecutor.java:614) ~[na:na]
	at java.base/java.lang.Thread.run(Thread.java:1516) ~[na:na]
2026-08-02 01:56:25.666 [com.alibaba.nacos.client.remote.worker.0] [none] INFO  c.alibaba.nacos.common.remote.client - [16c40082-ff3d-4d05-b22b-5148a98ebfe0_config-0] Fail to connect server, after trying 6 times, last try server is {serverIp = '129.204.152.168', server main port = 8848}, error = unknown
2026-08-02 01:56:25.697 [com.alibaba.nacos.client.remote.worker.1] [none] ERROR c.a.n.c.r.client.grpc.GrpcClient - Server check fail, please check server 129.204.152.168, port 9848 is available, error ={}
java.util.concurrent.TimeoutException: Waited 3000 milliseconds (plus 1 milliseconds, 18800 nanoseconds delay) for com.alibaba.nacos.shaded.io.grpc.stub.ClientCalls$GrpcFuture@550530c0[status=PENDING, info=[GrpcFuture{clientCall=PendingCall{realCall=ClientCallImpl{method=MethodDescriptor{fullMethodName=Request/request, type=UNARY, idempotent=false, safe=false, sampledToLocalTracing=true, requestMarshaller=com.alibaba.nacos.shaded.io.grpc.protobuf.lite.ProtoLiteUtils$MessageMarshaller@6fe65953, responseMarshaller=com.alibaba.nacos.shaded.io.grpc.protobuf.lite.ProtoLiteUtils$MessageMarshaller@49558b21, schemaDescriptor=com.alibaba.nacos.api.grpc.auto.RequestGrpc$RequestMethodDescriptorSupplier@3941daf9}}}}]]
	at com.alibaba.nacos.shaded.com.google.common.util.concurrent.AbstractFuture.get(AbstractFuture.java:535) ~[nacos-client-3.1.1.jar:na]
	at com.alibaba.nacos.common.remote.client.grpc.GrpcClient.serverCheck(GrpcClient.java:234) ~[nacos-client-3.1.1.jar:na]
	at com.alibaba.nacos.common.remote.client.grpc.GrpcClient.connectToServer(GrpcClient.java:346) ~[nacos-client-3.1.1.jar:na]
	at com.alibaba.nacos.common.remote.client.RpcClient.reconnect(RpcClient.java:504) ~[nacos-client-3.1.1.jar:na]
	at com.alibaba.nacos.common.remote.client.RpcClient.lambda$start$1(RpcClient.java:330) ~[nacos-client-3.1.1.jar:na]
	at java.base/java.util.concurrent.Executors$RunnableAdapter.call(Executors.java:545) ~[na:na]
	at java.base/java.util.concurrent.FutureTask.run(FutureTask.java:330) ~[na:na]
	at java.base/java.util.concurrent.ScheduledThreadPoolExecutor$ScheduledFutureTask.run(ScheduledThreadPoolExecutor.java:309) ~[na:na]
	at java.base/java.util.concurrent.ThreadPoolExecutor.runWorker(ThreadPoolExecutor.java:1090) ~[na:na]
	at java.base/java.util.concurrent.ThreadPoolExecutor$Worker.run(ThreadPoolExecutor.java:614) ~[na:na]
	at java.base/java.lang.Thread.run(Thread.java:1516) ~[na:na]
2026-08-02 01:56:25.698 [com.alibaba.nacos.client.remote.worker.1] [none] INFO  c.alibaba.nacos.common.remote.client - [d1cdffba-cc99-4efe-bbf1-a6a1910612ab_config-0] Fail to connect server, after trying 6 times, last try server is {serverIp = '129.204.152.168', server main port = 8848}, error = unknown
2026-08-02 01:56:26.223 [com.alibaba.nacos.client.remote.worker.1] [none] INFO  c.a.n.c.r.client.grpc.GrpcClient - grpc client connection server: 129.204.152.168 ip, serverPort: 9848, grpcTslConfig: {"enableTls":false,"mutualAuthEnable":false,"trustAll":true}
2026-08-02 01:56:26.354 [com.alibaba.nacos.client.remote.worker.0] [none] INFO  c.a.n.c.r.client.grpc.GrpcClient - grpc client connection server: 129.204.152.168 ip, serverPort: 9848, grpcTslConfig: {"enableTls":false,"mutualAuthEnable":false,"trustAll":true}
2026-08-02 01:56:26.368 [com.alibaba.nacos.client.remote.worker.0] [none] INFO  c.a.n.c.r.client.grpc.GrpcClient - grpc client connection server: 129.204.152.168 ip, serverPort: 9848, grpcTslConfig: {"enableTls":false,"mutualAuthEnable":false,"trustAll":true}
2026-08-02 01:56:26.399 [com.alibaba.nacos.client.remote.worker.1] [none] INFO  c.a.n.c.r.client.grpc.GrpcClient - grpc client connection server: 129.204.152.168 ip, serverPort: 9848, grpcTslConfig: {"enableTls":false,"mutualAuthEnable":false,"trustAll":true}
2026-08-02 01:56:28.801 [com.alibaba.nacos.naming.failover.0] [none] DEBUG com.alibaba.nacos.client.naming - failover switch is not found, 00-00---000-VIPSRV_FAILOVER_SWITCH-000---00-00
2026-08-02 01:56:29.225 [com.alibaba.nacos.client.remote.worker.1] [none] ERROR c.a.n.c.r.client.grpc.GrpcClient - Server check fail, please check server 129.204.152.168, port 9848 is available, error ={}
java.util.concurrent.TimeoutException: Waited 3000 milliseconds (plus 56200 nanoseconds delay) for com.alibaba.nacos.shaded.io.grpc.stub.ClientCalls$GrpcFuture@74e13fd0[status=PENDING, info=[GrpcFuture{clientCall=PendingCall{realCall=ClientCallImpl{method=MethodDescriptor{fullMethodName=Request/request, type=UNARY, idempotent=false, safe=false, sampledToLocalTracing=true, requestMarshaller=com.alibaba.nacos.shaded.io.grpc.protobuf.lite.ProtoLiteUtils$MessageMarshaller@6fe65953, responseMarshaller=com.alibaba.nacos.shaded.io.grpc.protobuf.lite.ProtoLiteUtils$MessageMarshaller@49558b21, schemaDescriptor=com.alibaba.nacos.api.grpc.auto.RequestGrpc$RequestMethodDescriptorSupplier@3941daf9}}}}]]
	at com.alibaba.nacos.shaded.com.google.common.util.concurrent.AbstractFuture.get(AbstractFuture.java:535) ~[nacos-client-3.1.1.jar:na]
	at com.alibaba.nacos.common.remote.client.grpc.GrpcClient.serverCheck(GrpcClient.java:234) ~[nacos-client-3.1.1.jar:na]
	at com.alibaba.nacos.common.remote.client.grpc.GrpcClient.connectToServer(GrpcClient.java:346) ~[nacos-client-3.1.1.jar:na]
	at com.alibaba.nacos.common.remote.client.RpcClient.reconnect(RpcClient.java:504) ~[nacos-client-3.1.1.jar:na]
	at com.alibaba.nacos.common.remote.client.RpcClient.lambda$start$1(RpcClient.java:330) ~[nacos-client-3.1.1.jar:na]
	at java.base/java.util.concurrent.Executors$RunnableAdapter.call(Executors.java:545) ~[na:na]
	at java.base/java.util.concurrent.FutureTask.run(FutureTask.java:330) ~[na:na]
	at java.base/java.util.concurrent.ScheduledThreadPoolExecutor$ScheduledFutureTask.run(ScheduledThreadPoolExecutor.java:309) ~[na:na]
	at java.base/java.util.concurrent.ThreadPoolExecutor.runWorker(ThreadPoolExecutor.java:1090) ~[na:na]
	at java.base/java.util.concurrent.ThreadPoolExecutor$Worker.run(ThreadPoolExecutor.java:614) ~[na:na]
	at java.base/java.lang.Thread.run(Thread.java:1516) ~[na:na]
2026-08-02 01:56:29.225 [com.alibaba.nacos.client.remote.worker.1] [none] INFO  c.alibaba.nacos.common.remote.client - [6d1e68d9-ad5d-45e7-abd8-80a910efc20a] Fail to connect server, after trying 7 times, last try server is {serverIp = '129.204.152.168', server main port = 8848}, error = unknown
2026-08-02 01:56:29.355 [com.alibaba.nacos.client.remote.worker.0] [none] ERROR c.a.n.c.r.client.grpc.GrpcClient - Server check fail, please check server 129.204.152.168, port 9848 is available, error ={}
java.util.concurrent.TimeoutException: Waited 3000 milliseconds (plus 266200 nanoseconds delay) for com.alibaba.nacos.shaded.io.grpc.stub.ClientCalls$GrpcFuture@7898e528[status=PENDING, info=[GrpcFuture{clientCall=PendingCall{realCall=ClientCallImpl{method=MethodDescriptor{fullMethodName=Request/request, type=UNARY, idempotent=false, safe=false, sampledToLocalTracing=true, requestMarshaller=com.alibaba.nacos.shaded.io.grpc.protobuf.lite.ProtoLiteUtils$MessageMarshaller@6fe65953, responseMarshaller=com.alibaba.nacos.shaded.io.grpc.protobuf.lite.ProtoLiteUtils$MessageMarshaller@49558b21, schemaDescriptor=com.alibaba.nacos.api.grpc.auto.RequestGrpc$RequestMethodDescriptorSupplier@3941daf9}}}}]]
	at com.alibaba.nacos.shaded.com.google.common.util.concurrent.AbstractFuture.get(AbstractFuture.java:535) ~[nacos-client-3.1.1.jar:na]
	at com.alibaba.nacos.common.remote.client.grpc.GrpcClient.serverCheck(GrpcClient.java:234) ~[nacos-client-3.1.1.jar:na]
	at com.alibaba.nacos.common.remote.client.grpc.GrpcClient.connectToServer(GrpcClient.java:346) ~[nacos-client-3.1.1.jar:na]
	at com.alibaba.nacos.common.remote.client.RpcClient.reconnect(RpcClient.java:504) ~[nacos-client-3.1.1.jar:na]
	at com.alibaba.nacos.common.remote.client.RpcClient.lambda$start$1(RpcClient.java:330) ~[nacos-client-3.1.1.jar:na]
	at java.base/java.util.concurrent.Executors$RunnableAdapter.call(Executors.java:545) ~[na:na]
	at java.base/java.util.concurrent.FutureTask.run(FutureTask.java:330) ~[na:na]
	at java.base/java.util.concurrent.ScheduledThreadPoolExecutor$ScheduledFutureTask.run(ScheduledThreadPoolExecutor.java:309) ~[na:na]
	at java.base/java.util.concurrent.ThreadPoolExecutor.runWorker(ThreadPoolExecutor.java:1090) ~[na:na]
	at java.base/java.util.concurrent.ThreadPoolExecutor$Worker.run(ThreadPoolExecutor.java:614) ~[na:na]
	at java.base/java.lang.Thread.run(Thread.java:1516) ~[na:na]
2026-08-02 01:56:29.356 [com.alibaba.nacos.client.remote.worker.0] [none] INFO  c.alibaba.nacos.common.remote.client - [34e92d24-b89c-4567-ab43-8eb9dcd12c9a_config-0] Fail to connect server, after trying 7 times, last try server is {serverIp = '129.204.152.168', server main port = 8848}, error = unknown
2026-08-02 01:56:29.369 [com.alibaba.nacos.client.remote.worker.0] [none] ERROR c.a.n.c.r.client.grpc.GrpcClient - Server check fail, please check server 129.204.152.168, port 9848 is available, error ={}
java.util.concurrent.TimeoutException: Waited 3000 milliseconds (plus 479300 nanoseconds delay) for com.alibaba.nacos.shaded.io.grpc.stub.ClientCalls$GrpcFuture@43536cf3[status=PENDING, info=[GrpcFuture{clientCall=PendingCall{realCall=ClientCallImpl{method=MethodDescriptor{fullMethodName=Request/request, type=UNARY, idempotent=false, safe=false, sampledToLocalTracing=true, requestMarshaller=com.alibaba.nacos.shaded.io.grpc.protobuf.lite.ProtoLiteUtils$MessageMarshaller@6fe65953, responseMarshaller=com.alibaba.nacos.shaded.io.grpc.protobuf.lite.ProtoLiteUtils$MessageMarshaller@49558b21, schemaDescriptor=com.alibaba.nacos.api.grpc.auto.RequestGrpc$RequestMethodDescriptorSupplier@3941daf9}}}}]]
	at com.alibaba.nacos.shaded.com.google.common.util.concurrent.AbstractFuture.get(AbstractFuture.java:535) ~[nacos-client-3.1.1.jar:na]
	at com.alibaba.nacos.common.remote.client.grpc.GrpcClient.serverCheck(GrpcClient.java:234) ~[nacos-client-3.1.1.jar:na]
	at com.alibaba.nacos.common.remote.client.grpc.GrpcClient.connectToServer(GrpcClient.java:346) ~[nacos-client-3.1.1.jar:na]
	at com.alibaba.nacos.common.remote.client.RpcClient.reconnect(RpcClient.java:504) ~[nacos-client-3.1.1.jar:na]
	at com.alibaba.nacos.common.remote.client.RpcClient.lambda$start$1(RpcClient.java:330) ~[nacos-client-3.1.1.jar:na]
	at java.base/java.util.concurrent.Executors$RunnableAdapter.call(Executors.java:545) ~[na:na]
	at java.base/java.util.concurrent.FutureTask.run(FutureTask.java:330) ~[na:na]
	at java.base/java.util.concurrent.ScheduledThreadPoolExecutor$ScheduledFutureTask.run(ScheduledThreadPoolExecutor.java:309) ~[na:na]
	at java.base/java.util.concurrent.ThreadPoolExecutor.runWorker(ThreadPoolExecutor.java:1090) ~[na:na]
	at java.base/java.util.concurrent.ThreadPoolExecutor$Worker.run(ThreadPoolExecutor.java:614) ~[na:na]
	at java.base/java.lang.Thread.run(Thread.java:1516) ~[na:na]
2026-08-02 01:56:29.369 [com.alibaba.nacos.client.remote.worker.0] [none] INFO  c.alibaba.nacos.common.remote.client - [16c40082-ff3d-4d05-b22b-5148a98ebfe0_config-0] Fail to connect server, after trying 7 times, last try server is {serverIp = '129.204.152.168', server main port = 8848}, error = unknown
2026-08-02 01:56:29.400 [com.alibaba.nacos.client.remote.worker.1] [none] ERROR c.a.n.c.r.client.grpc.GrpcClient - Server check fail, please check server 129.204.152.168, port 9848 is available, error ={}
java.util.concurrent.TimeoutException: Waited 3000 milliseconds (plus 804400 nanoseconds delay) for com.alibaba.nacos.shaded.io.grpc.stub.ClientCalls$GrpcFuture@567c3375[status=PENDING, info=[GrpcFuture{clientCall=PendingCall{realCall=ClientCallImpl{method=MethodDescriptor{fullMethodName=Request/request, type=UNARY, idempotent=false, safe=false, sampledToLocalTracing=true, requestMarshaller=com.alibaba.nacos.shaded.io.grpc.protobuf.lite.ProtoLiteUtils$MessageMarshaller@6fe65953, responseMarshaller=com.alibaba.nacos.shaded.io.grpc.protobuf.lite.ProtoLiteUtils$MessageMarshaller@49558b21, schemaDescriptor=com.alibaba.nacos.api.grpc.auto.RequestGrpc$RequestMethodDescriptorSupplier@3941daf9}}}}]]
	at com.alibaba.nacos.shaded.com.google.common.util.concurrent.AbstractFuture.get(AbstractFuture.java:535) ~[nacos-client-3.1.1.jar:na]
	at com.alibaba.nacos.common.remote.client.grpc.GrpcClient.serverCheck(GrpcClient.java:234) ~[nacos-client-3.1.1.jar:na]
	at com.alibaba.nacos.common.remote.client.grpc.GrpcClient.connectToServer(GrpcClient.java:346) ~[nacos-client-3.1.1.jar:na]
	at com.alibaba.nacos.common.remote.client.RpcClient.reconnect(RpcClient.java:504) ~[nacos-client-3.1.1.jar:na]
	at com.alibaba.nacos.common.remote.client.RpcClient.lambda$start$1(RpcClient.java:330) ~[nacos-client-3.1.1.jar:na]
	at java.base/java.util.concurrent.Executors$RunnableAdapter.call(Executors.java:545) ~[na:na]
	at java.base/java.util.concurrent.FutureTask.run(FutureTask.java:330) ~[na:na]
	at java.base/java.util.concurrent.ScheduledThreadPoolExecutor$ScheduledFutureTask.run(ScheduledThreadPoolExecutor.java:309) ~[na:na]
	at java.base/java.util.concurrent.ThreadPoolExecutor.runWorker(ThreadPoolExecutor.java:1090) ~[na:na]
	at java.base/java.util.concurrent.ThreadPoolExecutor$Worker.run(ThreadPoolExecutor.java:614) ~[na:na]
	at java.base/java.lang.Thread.run(Thread.java:1516) ~[na:na]
2026-08-02 01:56:29.400 [com.alibaba.nacos.client.remote.worker.1] [none] INFO  c.alibaba.nacos.common.remote.client - [d1cdffba-cc99-4efe-bbf1-a6a1910612ab_config-0] Fail to connect server, after trying 7 times, last try server is {serverIp = '129.204.152.168', server main port = 8848}, error = unknown
2026-08-02 01:56:30.026 [com.alibaba.nacos.client.remote.worker.1] [none] INFO  c.a.n.c.r.client.grpc.GrpcClient - grpc client connection server: 129.204.152.168 ip, serverPort: 9848, grpcTslConfig: {"enableTls":false,"mutualAuthEnable":false,"trustAll":true}
2026-08-02 01:56:30.157 [com.alibaba.nacos.client.remote.worker.0] [none] INFO  c.a.n.c.r.client.grpc.GrpcClient - grpc client connection server: 129.204.152.168 ip, serverPort: 9848, grpcTslConfig: {"enableTls":false,"mutualAuthEnable":false,"trustAll":true}
2026-08-02 01:56:30.170 [com.alibaba.nacos.client.remote.worker.0] [none] INFO  c.a.n.c.r.client.grpc.GrpcClient - grpc client connection server: 129.204.152.168 ip, serverPort: 9848, grpcTslConfig: {"enableTls":false,"mutualAuthEnable":false,"trustAll":true}
2026-08-02 01:56:30.201 [com.alibaba.nacos.client.remote.worker.1] [none] INFO  c.a.n.c.r.client.grpc.GrpcClient - grpc client connection server: 129.204.152.168 ip, serverPort: 9848, grpcTslConfig: {"enableTls":false,"mutualAuthEnable":false,"trustAll":true}
2026-08-02 01:56:33.028 [com.alibaba.nacos.client.remote.worker.1] [none] ERROR c.a.n.c.r.client.grpc.GrpcClient - Server check fail, please check server 129.204.152.168, port 9848 is available, error ={}
java.util.concurrent.TimeoutException: Waited 3000 milliseconds (plus 957400 nanoseconds delay) for com.alibaba.nacos.shaded.io.grpc.stub.ClientCalls$GrpcFuture@32565f80[status=PENDING, info=[GrpcFuture{clientCall=PendingCall{realCall=ClientCallImpl{method=MethodDescriptor{fullMethodName=Request/request, type=UNARY, idempotent=false, safe=false, sampledToLocalTracing=true, requestMarshaller=com.alibaba.nacos.shaded.io.grpc.protobuf.lite.ProtoLiteUtils$MessageMarshaller@6fe65953, responseMarshaller=com.alibaba.nacos.shaded.io.grpc.protobuf.lite.ProtoLiteUtils$MessageMarshaller@49558b21, schemaDescriptor=com.alibaba.nacos.api.grpc.auto.RequestGrpc$RequestMethodDescriptorSupplier@3941daf9}}}}]]
	at com.alibaba.nacos.shaded.com.google.common.util.concurrent.AbstractFuture.get(AbstractFuture.java:535) ~[nacos-client-3.1.1.jar:na]
	at com.alibaba.nacos.common.remote.client.grpc.GrpcClient.serverCheck(GrpcClient.java:234) ~[nacos-client-3.1.1.jar:na]
	at com.alibaba.nacos.common.remote.client.grpc.GrpcClient.connectToServer(GrpcClient.java:346) ~[nacos-client-3.1.1.jar:na]
	at com.alibaba.nacos.common.remote.client.RpcClient.reconnect(RpcClient.java:504) ~[nacos-client-3.1.1.jar:na]
	at com.alibaba.nacos.common.remote.client.RpcClient.lambda$start$1(RpcClient.java:330) ~[nacos-client-3.1.1.jar:na]
	at java.base/java.util.concurrent.Executors$RunnableAdapter.call(Executors.java:545) ~[na:na]
	at java.base/java.util.concurrent.FutureTask.run(FutureTask.java:330) ~[na:na]
	at java.base/java.util.concurrent.ScheduledThreadPoolExecutor$ScheduledFutureTask.run(ScheduledThreadPoolExecutor.java:309) ~[na:na]
	at java.base/java.util.concurrent.ThreadPoolExecutor.runWorker(ThreadPoolExecutor.java:1090) ~[na:na]
	at java.base/java.util.concurrent.ThreadPoolExecutor$Worker.run(ThreadPoolExecutor.java:614) ~[na:na]
	at java.base/java.lang.Thread.run(Thread.java:1516) ~[na:na]
2026-08-02 01:56:33.028 [com.alibaba.nacos.client.remote.worker.1] [none] INFO  c.alibaba.nacos.common.remote.client - [6d1e68d9-ad5d-45e7-abd8-80a910efc20a] Fail to connect server, after trying 8 times, last try server is {serverIp = '129.204.152.168', server main port = 8848}, error = unknown
2026-08-02 01:56:33.159 [com.alibaba.nacos.client.remote.worker.0] [none] ERROR c.a.n.c.r.client.grpc.GrpcClient - Server check fail, please check server 129.204.152.168, port 9848 is available, error ={}
java.util.concurrent.TimeoutException: Waited 3000 milliseconds (plus 393900 nanoseconds delay) for com.alibaba.nacos.shaded.io.grpc.stub.ClientCalls$GrpcFuture@37f507a1[status=PENDING, info=[GrpcFuture{clientCall=PendingCall{realCall=ClientCallImpl{method=MethodDescriptor{fullMethodName=Request/request, type=UNARY, idempotent=false, safe=false, sampledToLocalTracing=true, requestMarshaller=com.alibaba.nacos.shaded.io.grpc.protobuf.lite.ProtoLiteUtils$MessageMarshaller@6fe65953, responseMarshaller=com.alibaba.nacos.shaded.io.grpc.protobuf.lite.ProtoLiteUtils$MessageMarshaller@49558b21, schemaDescriptor=com.alibaba.nacos.api.grpc.auto.RequestGrpc$RequestMethodDescriptorSupplier@3941daf9}}}}]]
	at com.alibaba.nacos.shaded.com.google.common.util.concurrent.AbstractFuture.get(AbstractFuture.java:535) ~[nacos-client-3.1.1.jar:na]
	at com.alibaba.nacos.common.remote.client.grpc.GrpcClient.serverCheck(GrpcClient.java:234) ~[nacos-client-3.1.1.jar:na]
	at com.alibaba.nacos.common.remote.client.grpc.GrpcClient.connectToServer(GrpcClient.java:346) ~[nacos-client-3.1.1.jar:na]
	at com.alibaba.nacos.common.remote.client.RpcClient.reconnect(RpcClient.java:504) ~[nacos-client-3.1.1.jar:na]
	at com.alibaba.nacos.common.remote.client.RpcClient.lambda$start$1(RpcClient.java:330) ~[nacos-client-3.1.1.jar:na]
	at java.base/java.util.concurrent.Executors$RunnableAdapter.call(Executors.java:545) ~[na:na]
	at java.base/java.util.concurrent.FutureTask.run(FutureTask.java:330) ~[na:na]
	at java.base/java.util.concurrent.ScheduledThreadPoolExecutor$ScheduledFutureTask.run(ScheduledThreadPoolExecutor.java:309) ~[na:na]
	at java.base/java.util.concurrent.ThreadPoolExecutor.runWorker(ThreadPoolExecutor.java:1090) ~[na:na]
	at java.base/java.util.concurrent.ThreadPoolExecutor$Worker.run(ThreadPoolExecutor.java:614) ~[na:na]
	at java.base/java.lang.Thread.run(Thread.java:1516) ~[na:na]
2026-08-02 01:56:33.159 [com.alibaba.nacos.client.remote.worker.0] [none] INFO  c.alibaba.nacos.common.remote.client - [34e92d24-b89c-4567-ab43-8eb9dcd12c9a_config-0] Fail to connect server, after trying 8 times, last try server is {serverIp = '129.204.152.168', server main port = 8848}, error = unknown
2026-08-02 01:56:33.171 [com.alibaba.nacos.client.remote.worker.0] [none] ERROR c.a.n.c.r.client.grpc.GrpcClient - Server check fail, please check server 129.204.152.168, port 9848 is available, error ={}
java.util.concurrent.TimeoutException: Waited 3000 milliseconds (plus 118700 nanoseconds delay) for com.alibaba.nacos.shaded.io.grpc.stub.ClientCalls$GrpcFuture@b692ab5[status=PENDING, info=[GrpcFuture{clientCall=PendingCall{realCall=ClientCallImpl{method=MethodDescriptor{fullMethodName=Request/request, type=UNARY, idempotent=false, safe=false, sampledToLocalTracing=true, requestMarshaller=com.alibaba.nacos.shaded.io.grpc.protobuf.lite.ProtoLiteUtils$MessageMarshaller@6fe65953, responseMarshaller=com.alibaba.nacos.shaded.io.grpc.protobuf.lite.ProtoLiteUtils$MessageMarshaller@49558b21, schemaDescriptor=com.alibaba.nacos.api.grpc.auto.RequestGrpc$RequestMethodDescriptorSupplier@3941daf9}}}}]]
	at com.alibaba.nacos.shaded.com.google.common.util.concurrent.AbstractFuture.get(AbstractFuture.java:535) ~[nacos-client-3.1.1.jar:na]
	at com.alibaba.nacos.common.remote.client.grpc.GrpcClient.serverCheck(GrpcClient.java:234) ~[nacos-client-3.1.1.jar:na]
	at com.alibaba.nacos.common.remote.client.grpc.GrpcClient.connectToServer(GrpcClient.java:346) ~[nacos-client-3.1.1.jar:na]
	at com.alibaba.nacos.common.remote.client.RpcClient.reconnect(RpcClient.java:504) ~[nacos-client-3.1.1.jar:na]
	at com.alibaba.nacos.common.remote.client.RpcClient.lambda$start$1(RpcClient.java:330) ~[nacos-client-3.1.1.jar:na]
	at java.base/java.util.concurrent.Executors$RunnableAdapter.call(Executors.java:545) ~[na:na]
	at java.base/java.util.concurrent.FutureTask.run(FutureTask.java:330) ~[na:na]
	at java.base/java.util.concurrent.ScheduledThreadPoolExecutor$ScheduledFutureTask.run(ScheduledThreadPoolExecutor.java:309) ~[na:na]
	at java.base/java.util.concurrent.ThreadPoolExecutor.runWorker(ThreadPoolExecutor.java:1090) ~[na:na]
	at java.base/java.util.concurrent.ThreadPoolExecutor$Worker.run(ThreadPoolExecutor.java:614) ~[na:na]
	at java.base/java.lang.Thread.run(Thread.java:1516) ~[na:na]
2026-08-02 01:56:33.172 [com.alibaba.nacos.client.remote.worker.0] [none] INFO  c.alibaba.nacos.common.remote.client - [16c40082-ff3d-4d05-b22b-5148a98ebfe0_config-0] Fail to connect server, after trying 8 times, last try server is {serverIp = '129.204.152.168', server main port = 8848}, error = unknown
2026-08-02 01:56:33.203 [com.alibaba.nacos.client.remote.worker.1] [none] ERROR c.a.n.c.r.client.grpc.GrpcClient - Server check fail, please check server 129.204.152.168, port 9848 is available, error ={}
java.util.concurrent.TimeoutException: Waited 3000 milliseconds (plus 438800 nanoseconds delay) for com.alibaba.nacos.shaded.io.grpc.stub.ClientCalls$GrpcFuture@3b670793[status=PENDING, info=[GrpcFuture{clientCall=PendingCall{realCall=ClientCallImpl{method=MethodDescriptor{fullMethodName=Request/request, type=UNARY, idempotent=false, safe=false, sampledToLocalTracing=true, requestMarshaller=com.alibaba.nacos.shaded.io.grpc.protobuf.lite.ProtoLiteUtils$MessageMarshaller@6fe65953, responseMarshaller=com.alibaba.nacos.shaded.io.grpc.protobuf.lite.ProtoLiteUtils$MessageMarshaller@49558b21, schemaDescriptor=com.alibaba.nacos.api.grpc.auto.RequestGrpc$RequestMethodDescriptorSupplier@3941daf9}}}}]]
	at com.alibaba.nacos.shaded.com.google.common.util.concurrent.AbstractFuture.get(AbstractFuture.java:535) ~[nacos-client-3.1.1.jar:na]
	at com.alibaba.nacos.common.remote.client.grpc.GrpcClient.serverCheck(GrpcClient.java:234) ~[nacos-client-3.1.1.jar:na]
	at com.alibaba.nacos.common.remote.client.grpc.GrpcClient.connectToServer(GrpcClient.java:346) ~[nacos-client-3.1.1.jar:na]
	at com.alibaba.nacos.common.remote.client.RpcClient.reconnect(RpcClient.java:504) ~[nacos-client-3.1.1.jar:na]
	at com.alibaba.nacos.common.remote.client.RpcClient.lambda$start$1(RpcClient.java:330) ~[nacos-client-3.1.1.jar:na]
	at java.base/java.util.concurrent.Executors$RunnableAdapter.call(Executors.java:545) ~[na:na]
	at java.base/java.util.concurrent.FutureTask.run(FutureTask.java:330) ~[na:na]
	at java.base/java.util.concurrent.ScheduledThreadPoolExecutor$ScheduledFutureTask.run(ScheduledThreadPoolExecutor.java:309) ~[na:na]
	at java.base/java.util.concurrent.ThreadPoolExecutor.runWorker(ThreadPoolExecutor.java:1090) ~[na:na]
	at java.base/java.util.concurrent.ThreadPoolExecutor$Worker.run(ThreadPoolExecutor.java:614) ~[na:na]
	at java.base/java.lang.Thread.run(Thread.java:1516) ~[na:na]
2026-08-02 01:56:33.203 [com.alibaba.nacos.client.remote.worker.1] [none] INFO  c.alibaba.nacos.common.remote.client - [d1cdffba-cc99-4efe-bbf1-a6a1910612ab_config-0] Fail to connect server, after trying 8 times, last try server is {serverIp = '129.204.152.168', server main port = 8848}, error = unknown
2026-08-02 01:56:33.571 [nacos-grpc-client-executor-129.204.152.168-15] [none] INFO  c.alibaba.nacos.common.remote.client - [34e92d24-b89c-4567-ab43-8eb9dcd12c9a_config-0] Receive server push request, request = ClientDetectionRequest, requestId = 233
2026-08-02 01:56:33.572 [nacos-grpc-client-executor-129.204.152.168-15] [none] INFO  c.alibaba.nacos.common.remote.client - [34e92d24-b89c-4567-ab43-8eb9dcd12c9a_config-0] Ack server push request, request = ClientDetectionRequest, requestId = 233
2026-08-02 01:56:33.578 [nacos-grpc-client-executor-129.204.152.168-5] [none] INFO  c.alibaba.nacos.common.remote.client - [6d1e68d9-ad5d-45e7-abd8-80a910efc20a] Receive server push request, request = ClientDetectionRequest, requestId = 216
2026-08-02 01:56:33.594 [nacos-grpc-client-executor-129.204.152.168-5] [none] INFO  c.alibaba.nacos.common.remote.client - [6d1e68d9-ad5d-45e7-abd8-80a910efc20a] Ack server push request, request = ClientDetectionRequest, requestId = 216
2026-08-02 01:56:33.593 [nacos-grpc-client-executor-129.204.152.168-15] [none] INFO  c.alibaba.nacos.common.remote.client - [d1cdffba-cc99-4efe-bbf1-a6a1910612ab_config-0] Receive server push request, request = ClientDetectionRequest, requestId = 266
2026-08-02 01:56:33.606 [nacos-grpc-client-executor-129.204.152.168-15] [none] INFO  c.alibaba.nacos.common.remote.client - [d1cdffba-cc99-4efe-bbf1-a6a1910612ab_config-0] Ack server push request, request = ClientDetectionRequest, requestId = 266
2026-08-02 01:56:33.612 [nacos-grpc-client-executor-129.204.152.168-9] [none] INFO  c.alibaba.nacos.common.remote.client - [16c40082-ff3d-4d05-b22b-5148a98ebfe0_config-0] Receive server push request, request = ClientDetectionRequest, requestId = 228
2026-08-02 01:56:33.612 [nacos-grpc-client-executor-129.204.152.168-9] [none] INFO  c.alibaba.nacos.common.remote.client - [16c40082-ff3d-4d05-b22b-5148a98ebfe0_config-0] Ack server push request, request = ClientDetectionRequest, requestId = 228
2026-08-02 01:56:33.801 [com.alibaba.nacos.naming.failover.0] [none] DEBUG com.alibaba.nacos.client.naming - failover switch is not found, 00-00---000-VIPSRV_FAILOVER_SWITCH-000---00-00
2026-08-02 01:56:33.929 [com.alibaba.nacos.client.remote.worker.1] [none] INFO  c.a.n.c.r.client.grpc.GrpcClient - grpc client connection server: 129.204.152.168 ip, serverPort: 9848, grpcTslConfig: {"enableTls":false,"mutualAuthEnable":false,"trustAll":true}
2026-08-02 01:56:34.060 [com.alibaba.nacos.client.remote.worker.0] [none] INFO  c.a.n.c.r.client.grpc.GrpcClient - grpc client connection server: 129.204.152.168 ip, serverPort: 9848, grpcTslConfig: {"enableTls":false,"mutualAuthEnable":false,"trustAll":true}
2026-08-02 01:56:34.073 [com.alibaba.nacos.client.remote.worker.0] [none] INFO  c.a.n.c.r.client.grpc.GrpcClient - grpc client connection server: 129.204.152.168 ip, serverPort: 9848, grpcTslConfig: {"enableTls":false,"mutualAuthEnable":false,"trustAll":true}
2026-08-02 01:56:34.077 [com.alibaba.nacos.client.remote.worker.1] [none] INFO  c.alibaba.nacos.common.remote.client - [6d1e68d9-ad5d-45e7-abd8-80a910efc20a] Success to connect a server [129.204.152.168:8848], connectionId = 1785606994348_172.18.0.1_46970
2026-08-02 01:56:34.077 [com.alibaba.nacos.client.remote.worker.1] [none] INFO  c.alibaba.nacos.common.remote.client - [6d1e68d9-ad5d-45e7-abd8-80a910efc20a] Abandon prev connection, server is 129.204.152.168:8848, connectionId is 1785606678590_172.18.0.1_32908
2026-08-02 01:56:34.078 [com.alibaba.nacos.client.remote.worker.1] [none] INFO  c.alibaba.nacos.common.remote.client - Close current connection 1785606678590_172.18.0.1_32908
2026-08-02 01:56:34.079 [com.alibaba.nacos.client.remote.worker.0] [none] INFO  c.alibaba.nacos.common.remote.client - [6d1e68d9-ad5d-45e7-abd8-80a910efc20a] Notify disconnected event to listeners
2026-08-02 01:56:34.080 [com.alibaba.nacos.client.remote.worker.0] [none] WARN  com.alibaba.nacos.client.naming - Grpc connection disconnect, mark to redo
2026-08-02 01:56:34.081 [nacos-grpc-client-executor-129.204.152.168-11] [none] WARN  c.a.n.c.r.client.grpc.GrpcClient - [1785606678590_172.18.0.1_32908]Ignore error event,isRunning:true,isAbandon=true
2026-08-02 01:56:34.109 [com.alibaba.nacos.client.remote.worker.1] [none] INFO  c.a.n.c.r.client.grpc.GrpcClient - grpc client connection server: 129.204.152.168 ip, serverPort: 9848, grpcTslConfig: {"enableTls":false,"mutualAuthEnable":false,"trustAll":true}
2026-08-02 01:56:34.116 [com.alibaba.nacos.client.naming.grpc.redo.0] [none] WARN  com.alibaba.nacos.client.naming - Grpc Connection is disconnect, skip current redo task
2026-08-02 01:56:34.175 [com.alibaba.nacos.client.remote.worker.0] [none] WARN  com.alibaba.nacos.client.naming - mark to redo completed
2026-08-02 01:56:34.176 [com.alibaba.nacos.client.remote.worker.0] [none] INFO  c.alibaba.nacos.common.remote.client - [6d1e68d9-ad5d-45e7-abd8-80a910efc20a] Notify connected event to listeners.
2026-08-02 01:56:34.176 [com.alibaba.nacos.client.remote.worker.0] [none] INFO  com.alibaba.nacos.client.naming - Grpc connection connect
2026-08-02 01:56:34.223 [com.alibaba.nacos.client.remote.worker.0] [none] INFO  c.alibaba.nacos.common.remote.client - [34e92d24-b89c-4567-ab43-8eb9dcd12c9a_config-0] Success to connect a server [129.204.152.168:8848], connectionId = 1785606994483_172.18.0.1_47148
2026-08-02 01:56:34.223 [com.alibaba.nacos.client.remote.worker.0] [none] INFO  c.alibaba.nacos.common.remote.client - [34e92d24-b89c-4567-ab43-8eb9dcd12c9a_config-0] Abandon prev connection, server is 129.204.152.168:8848, connectionId is 1785606676029_172.18.0.1_32894
2026-08-02 01:56:34.223 [com.alibaba.nacos.client.remote.worker.0] [none] INFO  c.alibaba.nacos.common.remote.client - Close current connection 1785606676029_172.18.0.1_32894
2026-08-02 01:56:34.225 [com.alibaba.nacos.client.remote.worker.1] [none] INFO  c.alibaba.nacos.common.remote.client - [34e92d24-b89c-4567-ab43-8eb9dcd12c9a_config-0] Notify disconnected event to listeners
2026-08-02 01:56:34.226 [nacos-grpc-client-executor-129.204.152.168-4] [none] WARN  c.a.n.c.r.client.grpc.GrpcClient - [1785606676029_172.18.0.1_32894]Ignore error event,isRunning:true,isAbandon=true
2026-08-02 01:56:34.228 [com.alibaba.nacos.client.remote.worker.1] [none] INFO  c.a.n.c.config.impl.ClientWorker - [34e92d24-b89c-4567-ab43-8eb9dcd12c9a_config-0] DisConnected,reset listen context
2026-08-02 01:56:34.231 [com.alibaba.nacos.client.remote.worker.1] [none] INFO  c.a.n.c.config.impl.ClientWorker - [34e92d24-b89c-4567-ab43-8eb9dcd12c9a_config-0] DisConnected,reset  fuzzy watch consistence status
2026-08-02 01:56:34.232 [com.alibaba.nacos.client.remote.worker.1] [none] INFO  c.alibaba.nacos.common.remote.client - [34e92d24-b89c-4567-ab43-8eb9dcd12c9a_config-0] Notify connected event to listeners.
2026-08-02 01:56:34.232 [com.alibaba.nacos.client.remote.worker.1] [none] INFO  c.a.n.c.config.impl.ClientWorker - [34e92d24-b89c-4567-ab43-8eb9dcd12c9a_config-0] Connected,notify listen context...
2026-08-02 01:56:34.233 [com.alibaba.nacos.client.remote.worker.1] [none] INFO  c.a.n.c.config.impl.ClientWorker - [34e92d24-b89c-4567-ab43-8eb9dcd12c9a_config-0] Connected,notify fuzzy listen context...
2026-08-02 01:56:34.252 [com.alibaba.nacos.client.remote.worker.0] [none] INFO  c.alibaba.nacos.common.remote.client - [16c40082-ff3d-4d05-b22b-5148a98ebfe0_config-0] Success to connect a server [129.204.152.168:8848], connectionId = 1785606994500_172.18.0.1_47170
2026-08-02 01:56:34.253 [com.alibaba.nacos.client.remote.worker.0] [none] INFO  c.alibaba.nacos.common.remote.client - [16c40082-ff3d-4d05-b22b-5148a98ebfe0_config-0] Abandon prev connection, server is 129.204.152.168:8848, connectionId is 1785606600891_172.18.0.1_53478
2026-08-02 01:56:34.253 [com.alibaba.nacos.client.remote.worker.0] [none] INFO  c.alibaba.nacos.common.remote.client - Close current connection 1785606600891_172.18.0.1_53478
2026-08-02 01:56:34.254 [nacos-grpc-client-executor-129.204.152.168-13] [none] WARN  c.a.n.c.r.client.grpc.GrpcClient - [1785606600891_172.18.0.1_53478]Ignore error event,isRunning:true,isAbandon=true
2026-08-02 01:56:34.255 [com.alibaba.nacos.client.remote.worker.1] [none] INFO  c.alibaba.nacos.common.remote.client - [16c40082-ff3d-4d05-b22b-5148a98ebfe0_config-0] Notify disconnected event to listeners
2026-08-02 01:56:34.255 [com.alibaba.nacos.client.remote.worker.1] [none] INFO  c.a.n.c.config.impl.ClientWorker - [16c40082-ff3d-4d05-b22b-5148a98ebfe0_config-0] DisConnected,reset listen context
2026-08-02 01:56:34.255 [com.alibaba.nacos.client.remote.worker.1] [none] INFO  c.a.n.c.config.impl.ClientWorker - [16c40082-ff3d-4d05-b22b-5148a98ebfe0_config-0] DisConnected,reset  fuzzy watch consistence status
2026-08-02 01:56:34.255 [com.alibaba.nacos.client.remote.worker.1] [none] INFO  c.alibaba.nacos.common.remote.client - [16c40082-ff3d-4d05-b22b-5148a98ebfe0_config-0] Notify connected event to listeners.
2026-08-02 01:56:34.255 [com.alibaba.nacos.client.remote.worker.1] [none] INFO  c.a.n.c.config.impl.ClientWorker - [16c40082-ff3d-4d05-b22b-5148a98ebfe0_config-0] Connected,notify listen context...
2026-08-02 01:56:34.255 [com.alibaba.nacos.client.remote.worker.1] [none] INFO  c.a.n.c.config.impl.ClientWorker - [16c40082-ff3d-4d05-b22b-5148a98ebfe0_config-0] Connected,notify fuzzy listen context...
2026-08-02 01:56:34.272 [com.alibaba.nacos.client.remote.worker.1] [none] INFO  c.alibaba.nacos.common.remote.client - [d1cdffba-cc99-4efe-bbf1-a6a1910612ab_config-0] Success to connect a server [129.204.152.168:8848], connectionId = 1785606994532_172.18.0.1_47208
2026-08-02 01:56:34.272 [com.alibaba.nacos.client.remote.worker.1] [none] INFO  c.alibaba.nacos.common.remote.client - [d1cdffba-cc99-4efe-bbf1-a6a1910612ab_config-0] Abandon prev connection, server is 129.204.152.168:8848, connectionId is 1785606676953_172.18.0.1_32902
2026-08-02 01:56:34.272 [com.alibaba.nacos.client.remote.worker.1] [none] INFO  c.alibaba.nacos.common.remote.client - Close current connection 1785606676953_172.18.0.1_32902
2026-08-02 01:56:34.273 [nacos-grpc-client-executor-129.204.152.168-2] [none] WARN  c.a.n.c.r.client.grpc.GrpcClient - [1785606676953_172.18.0.1_32902]Ignore error event,isRunning:false,isAbandon=true
2026-08-02 01:56:34.273 [com.alibaba.nacos.client.remote.worker.0] [none] INFO  c.alibaba.nacos.common.remote.client - [d1cdffba-cc99-4efe-bbf1-a6a1910612ab_config-0] Notify disconnected event to listeners
2026-08-02 01:56:34.274 [com.alibaba.nacos.client.remote.worker.0] [none] INFO  c.a.n.c.config.impl.ClientWorker - [d1cdffba-cc99-4efe-bbf1-a6a1910612ab_config-0] DisConnected,reset listen context
2026-08-02 01:56:34.274 [com.alibaba.nacos.client.remote.worker.0] [none] INFO  c.a.n.c.config.impl.ClientWorker - [d1cdffba-cc99-4efe-bbf1-a6a1910612ab_config-0] DisConnected,reset  fuzzy watch consistence status
2026-08-02 01:56:34.274 [com.alibaba.nacos.client.remote.worker.0] [none] INFO  c.alibaba.nacos.common.remote.client - [d1cdffba-cc99-4efe-bbf1-a6a1910612ab_config-0] Notify connected event to listeners.
2026-08-02 01:56:34.274 [com.alibaba.nacos.client.remote.worker.0] [none] INFO  c.a.n.c.config.impl.ClientWorker - [d1cdffba-cc99-4efe-bbf1-a6a1910612ab_config-0] Connected,notify listen context...
2026-08-02 01:56:34.274 [com.alibaba.nacos.client.remote.worker.0] [none] INFO  c.a.n.c.config.impl.ClientWorker - [d1cdffba-cc99-4efe-bbf1-a6a1910612ab_config-0] Connected,notify fuzzy listen context...
2026-08-02 01:56:34.467 [com.alibaba.nacos.client.remote.worker.0] [none] INFO  c.alibaba.nacos.common.remote.client - [16c40082-ff3d-4d05-b22b-5148a98ebfe0_config-0] Server check success, currentServer is 129.204.152.168:8848 
2026-08-02 01:56:37.118 [com.alibaba.nacos.client.naming.grpc.redo.0] [none] INFO  com.alibaba.nacos.client.naming - Redo instance operation REGISTER for DEFAULT_GROUP@@mall-auth
2026-08-02 01:56:38.803 [com.alibaba.nacos.naming.failover.0] [none] DEBUG com.alibaba.nacos.client.naming - failover switch is not found, 00-00---000-VIPSRV_FAILOVER_SWITCH-000---00-00
2026-08-02 01:56:43.805 [com.alibaba.nacos.naming.failover.0] [none] DEBUG com.alibaba.nacos.client.naming - failover switch is not found, 00-00---000-VIPSRV_FAILOVER_SWITCH-000---00-00
2026-08-02 01:56:48.806 [com.alibaba.nacos.naming.failover.0] [none] DEBUG com.alibaba.nacos.client.naming - failover switch is not found, 00-00---000-VIPSRV_FAILOVER_SWITCH-000---00-00
2026-08-02 01:56:53.806 [com.alibaba.nacos.naming.failover.0] [none] DEBUG com.alibaba.nacos.client.naming - failover switch is not found, 00-00---000-VIPSRV_FAILOVER_SWITCH-000---00-00
2026-08-02 01:56:58.807 [com.alibaba.nacos.naming.failover.0] [none] DEBUG com.alibaba.nacos.client.naming - failover switch is not found, 00-00---000-VIPSRV_FAILOVER_SWITCH-000---00-00
2026-08-02 01:57:03.808 [com.alibaba.nacos.naming.failover.0] [none] DEBUG com.alibaba.nacos.client.naming - failover switch is not found, 00-00---000-VIPSRV_FAILOVER_SWITCH-000---00-00
2026-08-02 01:57:08.809 [com.alibaba.nacos.naming.failover.0] [none] DEBUG com.alibaba.nacos.client.naming - failover switch is not found, 00-00---000-VIPSRV_FAILOVER_SWITCH-000---00-00
2026-08-02 01:57:13.810 [com.alibaba.nacos.naming.failover.0] [none] DEBUG com.alibaba.nacos.client.naming - failover switch is not found, 00-00---000-VIPSRV_FAILOVER_SWITCH-000---00-00
2026-08-02 01:57:18.811 [com.alibaba.nacos.naming.failover.0] [none] DEBUG com.alibaba.nacos.client.naming - failover switch is not found, 00-00---000-VIPSRV_FAILOVER_SWITCH-000---00-00
2026-08-02 01:57:23.812 [com.alibaba.nacos.naming.failover.0] [none] DEBUG com.alibaba.nacos.client.naming - failover switch is not found, 00-00---000-VIPSRV_FAILOVER_SWITCH-000---00-00
2026-08-02 01:57:28.813 [com.alibaba.nacos.naming.failover.0] [none] DEBUG com.alibaba.nacos.client.naming - failover switch is not found, 00-00---000-VIPSRV_FAILOVER_SWITCH-000---00-00
2026-08-02 01:57:33.815 [com.alibaba.nacos.naming.failover.0] [none] DEBUG com.alibaba.nacos.client.naming - failover switch is not found, 00-00---000-VIPSRV_FAILOVER_SWITCH-000---00-00
2026-08-02 01:57:38.816 [com.alibaba.nacos.naming.failover.0] [none] DEBUG com.alibaba.nacos.client.naming - failover switch is not found, 00-00---000-VIPSRV_FAILOVER_SWITCH-000---00-00
2026-08-02 01:57:43.817 [com.alibaba.nacos.naming.failover.0] [none] DEBUG com.alibaba.nacos.client.naming - failover switch is not found, 00-00---000-VIPSRV_FAILOVER_SWITCH-000---00-00
2026-08-02 01:57:48.817 [com.alibaba.nacos.naming.failover.0] [none] DEBUG com.alibaba.nacos.client.naming - failover switch is not found, 00-00---000-VIPSRV_FAILOVER_SWITCH-000---00-00
2026-08-02 01:57:53.819 [com.alibaba.nacos.naming.failover.0] [none] DEBUG com.alibaba.nacos.client.naming - failover switch is not found, 00-00---000-VIPSRV_FAILOVER_SWITCH-000---00-00
2026-08-02 01:57:58.820 [com.alibaba.nacos.naming.failover.0] [none] DEBUG com.alibaba.nacos.client.naming - failover switch is not found, 00-00---000-VIPSRV_FAILOVER_SWITCH-000---00-00
2026-08-02 01:58:03.821 [com.alibaba.nacos.naming.failover.0] [none] DEBUG com.alibaba.nacos.client.naming - failover switch is not found, 00-00---000-VIPSRV_FAILOVER_SWITCH-000---00-00
2026-08-02 01:58:08.823 [com.alibaba.nacos.naming.failover.0] [none] DEBUG com.alibaba.nacos.client.naming - failover switch is not found, 00-00---000-VIPSRV_FAILOVER_SWITCH-000---00-00
2026-08-02 01:58:13.823 [com.alibaba.nacos.naming.failover.0] [none] DEBUG com.alibaba.nacos.client.naming - failover switch is not found, 00-00---000-VIPSRV_FAILOVER_SWITCH-000---00-00
2026-08-02 01:58:18.825 [com.alibaba.nacos.naming.failover.0] [none] DEBUG com.alibaba.nacos.client.naming - failover switch is not found, 00-00---000-VIPSRV_FAILOVER_SWITCH-000---00-00
2026-08-02 01:58:23.826 [com.alibaba.nacos.naming.failover.0] [none] DEBUG com.alibaba.nacos.client.naming - failover switch is not found, 00-00---000-VIPSRV_FAILOVER_SWITCH-000---00-00
2026-08-02 01:58:28.827 [com.alibaba.nacos.naming.failover.0] [none] DEBUG com.alibaba.nacos.client.naming - failover switch is not found, 00-00---000-VIPSRV_FAILOVER_SWITCH-000---00-00
2026-08-02 01:58:33.828 [com.alibaba.nacos.naming.failover.0] [none] DEBUG com.alibaba.nacos.client.naming - failover switch is not found, 00-00---000-VIPSRV_FAILOVER_SWITCH-000---00-00
2026-08-02 01:58:38.829 [com.alibaba.nacos.naming.failover.0] [none] DEBUG com.alibaba.nacos.client.naming - failover switch is not found, 00-00---000-VIPSRV_FAILOVER_SWITCH-000---00-00
2026-08-02 01:58:43.830 [com.alibaba.nacos.naming.failover.0] [none] DEBUG com.alibaba.nacos.client.naming - failover switch is not found, 00-00---000-VIPSRV_FAILOVER_SWITCH-000---00-00
2026-08-02 01:58:48.832 [com.alibaba.nacos.naming.failover.0] [none] DEBUG com.alibaba.nacos.client.naming - failover switch is not found, 00-00---000-VIPSRV_FAILOVER_SWITCH-000---00-00
2026-08-02 01:58:53.833 [com.alibaba.nacos.naming.failover.0] [none] DEBUG com.alibaba.nacos.client.naming - failover switch is not found, 00-00---000-VIPSRV_FAILOVER_SWITCH-000---00-00
2026-08-02 01:58:58.835 [com.alibaba.nacos.naming.failover.0] [none] DEBUG com.alibaba.nacos.client.naming - failover switch is not found, 00-00---000-VIPSRV_FAILOVER_SWITCH-000---00-00
2026-08-02 01:59:03.835 [com.alibaba.nacos.naming.failover.0] [none] DEBUG com.alibaba.nacos.client.naming - failover switch is not found, 00-00---000-VIPSRV_FAILOVER_SWITCH-000---00-00
2026-08-02 01:59:08.836 [com.alibaba.nacos.naming.failover.0] [none] DEBUG com.alibaba.nacos.client.naming - failover switch is not found, 00-00---000-VIPSRV_FAILOVER_SWITCH-000---00-00
2026-08-02 01:59:13.837 [com.alibaba.nacos.naming.failover.0] [none] DEBUG com.alibaba.nacos.client.naming - failover switch is not found, 00-00---000-VIPSRV_FAILOVER_SWITCH-000---00-00
2026-08-02 01:59:18.839 [com.alibaba.nacos.naming.failover.0] [none] DEBUG com.alibaba.nacos.client.naming - failover switch is not found, 00-00---000-VIPSRV_FAILOVER_SWITCH-000---00-00
2026-08-02 01:59:23.840 [com.alibaba.nacos.naming.failover.0] [none] DEBUG com.alibaba.nacos.client.naming - failover switch is not found, 00-00---000-VIPSRV_FAILOVER_SWITCH-000---00-00
2026-08-02 01:59:28.842 [com.alibaba.nacos.naming.failover.0] [none] DEBUG com.alibaba.nacos.client.naming - failover switch is not found, 00-00---000-VIPSRV_FAILOVER_SWITCH-000---00-00
2026-08-02 01:59:33.843 [com.alibaba.nacos.naming.failover.0] [none] DEBUG com.alibaba.nacos.client.naming - failover switch is not found, 00-00---000-VIPSRV_FAILOVER_SWITCH-000---00-00
2026-08-02 01:59:38.844 [com.alibaba.nacos.naming.failover.0] [none] DEBUG com.alibaba.nacos.client.naming - failover switch is not found, 00-00---000-VIPSRV_FAILOVER_SWITCH-000---00-00
2026-08-02 01:59:43.845 [com.alibaba.nacos.naming.failover.0] [none] DEBUG com.alibaba.nacos.client.naming - failover switch is not found, 00-00---000-VIPSRV_FAILOVER_SWITCH-000---00-00
2026-08-02 01:59:48.846 [com.alibaba.nacos.naming.failover.0] [none] DEBUG com.alibaba.nacos.client.naming - failover switch is not found, 00-00---000-VIPSRV_FAILOVER_SWITCH-000---00-00
2026-08-02 01:59:53.847 [com.alibaba.nacos.naming.failover.0] [none] DEBUG com.alibaba.nacos.client.naming - failover switch is not found, 00-00---000-VIPSRV_FAILOVER_SWITCH-000---00-00
2026-08-02 01:59:58.847 [com.alibaba.nacos.naming.failover.0] [none] DEBUG com.alibaba.nacos.client.naming - failover switch is not found, 00-00---000-VIPSRV_FAILOVER_SWITCH-000---00-00
2026-08-02 02:00:03.848 [com.alibaba.nacos.naming.failover.0] [none] DEBUG com.alibaba.nacos.client.naming - failover switch is not found, 00-00---000-VIPSRV_FAILOVER_SWITCH-000---00-00
2026-08-02 02:00:08.849 [com.alibaba.nacos.naming.failover.0] [none] DEBUG com.alibaba.nacos.client.naming - failover switch is not found, 00-00---000-VIPSRV_FAILOVER_SWITCH-000---00-00
2026-08-02 02:00:13.851 [com.alibaba.nacos.naming.failover.0] [none] DEBUG com.alibaba.nacos.client.naming - failover switch is not found, 00-00---000-VIPSRV_FAILOVER_SWITCH-000---00-00
2026-08-02 02:00:15.425 [com.alibaba.nacos.client.remote.worker.0] [none] INFO  c.alibaba.nacos.common.remote.client - [34e92d24-b89c-4567-ab43-8eb9dcd12c9a_config-0] Server healthy check fail, currentConnection = 1785606994483_172.18.0.1_47148
2026-08-02 02:00:15.425 [com.alibaba.nacos.client.remote.worker.0] [none] INFO  c.alibaba.nacos.common.remote.client - [34e92d24-b89c-4567-ab43-8eb9dcd12c9a_config-0] Try to reconnect to a new server, server is  not appointed, will choose a random server.
2026-08-02 02:00:15.425 [com.alibaba.nacos.client.remote.worker.0] [none] INFO  c.a.n.c.r.client.grpc.GrpcClient - grpc client connection server: 129.204.152.168 ip, serverPort: 9848, grpcTslConfig: {"enableTls":false,"mutualAuthEnable":false,"trustAll":true}
2026-08-02 02:00:15.530 [com.alibaba.nacos.client.remote.worker.1] [none] INFO  c.alibaba.nacos.common.remote.client - [6d1e68d9-ad5d-45e7-abd8-80a910efc20a] Server healthy check fail, currentConnection = 1785606994348_172.18.0.1_46970
2026-08-02 02:00:15.530 [com.alibaba.nacos.client.remote.worker.1] [none] INFO  c.alibaba.nacos.common.remote.client - [6d1e68d9-ad5d-45e7-abd8-80a910efc20a] Try to reconnect to a new server, server is  not appointed, will choose a random server.
2026-08-02 02:00:15.530 [com.alibaba.nacos.client.remote.worker.1] [none] INFO  c.a.n.c.r.client.grpc.GrpcClient - grpc client connection server: 129.204.152.168 ip, serverPort: 9848, grpcTslConfig: {"enableTls":false,"mutualAuthEnable":false,"trustAll":true}
2026-08-02 02:00:15.715 [com.alibaba.nacos.client.remote.worker.1] [none] INFO  c.alibaba.nacos.common.remote.client - [d1cdffba-cc99-4efe-bbf1-a6a1910612ab_config-0] Server healthy check fail, currentConnection = 1785606994532_172.18.0.1_47208
2026-08-02 02:00:15.715 [com.alibaba.nacos.client.remote.worker.1] [none] INFO  c.alibaba.nacos.common.remote.client - [d1cdffba-cc99-4efe-bbf1-a6a1910612ab_config-0] Try to reconnect to a new server, server is  not appointed, will choose a random server.
2026-08-02 02:00:15.715 [com.alibaba.nacos.client.remote.worker.1] [none] INFO  c.a.n.c.r.client.grpc.GrpcClient - grpc client connection server: 129.204.152.168 ip, serverPort: 9848, grpcTslConfig: {"enableTls":false,"mutualAuthEnable":false,"trustAll":true}
2026-08-02 02:00:16.043 [com.alibaba.nacos.client.remote.worker.0] [none] INFO  c.alibaba.nacos.common.remote.client - [16c40082-ff3d-4d05-b22b-5148a98ebfe0_config-0] Server healthy check fail, currentConnection = 1785606994500_172.18.0.1_47170
2026-08-02 02:00:16.043 [com.alibaba.nacos.client.remote.worker.0] [none] INFO  c.alibaba.nacos.common.remote.client - [16c40082-ff3d-4d05-b22b-5148a98ebfe0_config-0] Try to reconnect to a new server, server is  not appointed, will choose a random server.
2026-08-02 02:00:16.043 [com.alibaba.nacos.client.remote.worker.0] [none] INFO  c.a.n.c.r.client.grpc.GrpcClient - grpc client connection server: 129.204.152.168 ip, serverPort: 9848, grpcTslConfig: {"enableTls":false,"mutualAuthEnable":false,"trustAll":true}
2026-08-02 02:00:18.426 [com.alibaba.nacos.client.remote.worker.0] [none] ERROR c.a.n.c.r.client.grpc.GrpcClient - Server check fail, please check server 129.204.152.168, port 9848 is available, error ={}
java.util.concurrent.TimeoutException: Waited 3000 milliseconds (plus 730000 nanoseconds delay) for com.alibaba.nacos.shaded.io.grpc.stub.ClientCalls$GrpcFuture@c6f0306[status=PENDING, info=[GrpcFuture{clientCall=PendingCall{realCall=ClientCallImpl{method=MethodDescriptor{fullMethodName=Request/request, type=UNARY, idempotent=false, safe=false, sampledToLocalTracing=true, requestMarshaller=com.alibaba.nacos.shaded.io.grpc.protobuf.lite.ProtoLiteUtils$MessageMarshaller@6fe65953, responseMarshaller=com.alibaba.nacos.shaded.io.grpc.protobuf.lite.ProtoLiteUtils$MessageMarshaller@49558b21, schemaDescriptor=com.alibaba.nacos.api.grpc.auto.RequestGrpc$RequestMethodDescriptorSupplier@3941daf9}}}}]]
	at com.alibaba.nacos.shaded.com.google.common.util.concurrent.AbstractFuture.get(AbstractFuture.java:535) ~[nacos-client-3.1.1.jar:na]
	at com.alibaba.nacos.common.remote.client.grpc.GrpcClient.serverCheck(GrpcClient.java:234) ~[nacos-client-3.1.1.jar:na]
	at com.alibaba.nacos.common.remote.client.grpc.GrpcClient.connectToServer(GrpcClient.java:346) ~[nacos-client-3.1.1.jar:na]
	at com.alibaba.nacos.common.remote.client.RpcClient.reconnect(RpcClient.java:504) ~[nacos-client-3.1.1.jar:na]
	at com.alibaba.nacos.common.remote.client.RpcClient.lambda$start$1(RpcClient.java:330) ~[nacos-client-3.1.1.jar:na]
	at java.base/java.util.concurrent.Executors$RunnableAdapter.call(Executors.java:545) ~[na:na]
	at java.base/java.util.concurrent.FutureTask.run(FutureTask.java:330) ~[na:na]
	at java.base/java.util.concurrent.ScheduledThreadPoolExecutor$ScheduledFutureTask.run(ScheduledThreadPoolExecutor.java:309) ~[na:na]
	at java.base/java.util.concurrent.ThreadPoolExecutor.runWorker(ThreadPoolExecutor.java:1090) ~[na:na]
	at java.base/java.util.concurrent.ThreadPoolExecutor$Worker.run(ThreadPoolExecutor.java:614) ~[na:na]
	at java.base/java.lang.Thread.run(Thread.java:1516) ~[na:na]
2026-08-02 02:00:18.529 [com.alibaba.nacos.client.remote.worker.0] [none] INFO  c.a.n.c.r.client.grpc.GrpcClient - grpc client connection server: 129.204.152.168 ip, serverPort: 9848, grpcTslConfig: {"enableTls":false,"mutualAuthEnable":false,"trustAll":true}
2026-08-02 02:00:18.533 [com.alibaba.nacos.client.remote.worker.1] [none] ERROR c.a.n.c.r.client.grpc.GrpcClient - Server check fail, please check server 129.204.152.168, port 9848 is available, error ={}
java.util.concurrent.TimeoutException: Waited 3000 milliseconds (plus 1 milliseconds, 659000 nanoseconds delay) for com.alibaba.nacos.shaded.io.grpc.stub.ClientCalls$GrpcFuture@6d24fdf2[status=PENDING, info=[GrpcFuture{clientCall=PendingCall{realCall=ClientCallImpl{method=MethodDescriptor{fullMethodName=Request/request, type=UNARY, idempotent=false, safe=false, sampledToLocalTracing=true, requestMarshaller=com.alibaba.nacos.shaded.io.grpc.protobuf.lite.ProtoLiteUtils$MessageMarshaller@6fe65953, responseMarshaller=com.alibaba.nacos.shaded.io.grpc.protobuf.lite.ProtoLiteUtils$MessageMarshaller@49558b21, schemaDescriptor=com.alibaba.nacos.api.grpc.auto.RequestGrpc$RequestMethodDescriptorSupplier@3941daf9}}}}]]
	at com.alibaba.nacos.shaded.com.google.common.util.concurrent.AbstractFuture.get(AbstractFuture.java:535) ~[nacos-client-3.1.1.jar:na]
	at com.alibaba.nacos.common.remote.client.grpc.GrpcClient.serverCheck(GrpcClient.java:234) ~[nacos-client-3.1.1.jar:na]
	at com.alibaba.nacos.common.remote.client.grpc.GrpcClient.connectToServer(GrpcClient.java:346) ~[nacos-client-3.1.1.jar:na]
	at com.alibaba.nacos.common.remote.client.RpcClient.reconnect(RpcClient.java:504) ~[nacos-client-3.1.1.jar:na]
	at com.alibaba.nacos.common.remote.client.RpcClient.lambda$start$1(RpcClient.java:330) ~[nacos-client-3.1.1.jar:na]
	at java.base/java.util.concurrent.Executors$RunnableAdapter.call(Executors.java:545) ~[na:na]
	at java.base/java.util.concurrent.FutureTask.run(FutureTask.java:330) ~[na:na]
	at java.base/java.util.concurrent.ScheduledThreadPoolExecutor$ScheduledFutureTask.run(ScheduledThreadPoolExecutor.java:309) ~[na:na]
	at java.base/java.util.concurrent.ThreadPoolExecutor.runWorker(ThreadPoolExecutor.java:1090) ~[na:na]
	at java.base/java.util.concurrent.ThreadPoolExecutor$Worker.run(ThreadPoolExecutor.java:614) ~[na:na]
	at java.base/java.lang.Thread.run(Thread.java:1516) ~[na:na]
2026-08-02 02:00:18.633 [com.alibaba.nacos.client.remote.worker.1] [none] INFO  c.a.n.c.r.client.grpc.GrpcClient - grpc client connection server: 129.204.152.168 ip, serverPort: 9848, grpcTslConfig: {"enableTls":false,"mutualAuthEnable":false,"trustAll":true}
2026-08-02 02:00:18.718 [com.alibaba.nacos.client.remote.worker.1] [none] ERROR c.a.n.c.r.client.grpc.GrpcClient - Server check fail, please check server 129.204.152.168, port 9848 is available, error ={}
java.util.concurrent.TimeoutException: Waited 3000 milliseconds (plus 950200 nanoseconds delay) for com.alibaba.nacos.shaded.io.grpc.stub.ClientCalls$GrpcFuture@5d451509[status=PENDING, info=[GrpcFuture{clientCall=PendingCall{realCall=ClientCallImpl{method=MethodDescriptor{fullMethodName=Request/request, type=UNARY, idempotent=false, safe=false, sampledToLocalTracing=true, requestMarshaller=com.alibaba.nacos.shaded.io.grpc.protobuf.lite.ProtoLiteUtils$MessageMarshaller@6fe65953, responseMarshaller=com.alibaba.nacos.shaded.io.grpc.protobuf.lite.ProtoLiteUtils$MessageMarshaller@49558b21, schemaDescriptor=com.alibaba.nacos.api.grpc.auto.RequestGrpc$RequestMethodDescriptorSupplier@3941daf9}}}}]]
	at com.alibaba.nacos.shaded.com.google.common.util.concurrent.AbstractFuture.get(AbstractFuture.java:535) ~[nacos-client-3.1.1.jar:na]
	at com.alibaba.nacos.common.remote.client.grpc.GrpcClient.serverCheck(GrpcClient.java:234) ~[nacos-client-3.1.1.jar:na]
	at com.alibaba.nacos.common.remote.client.grpc.GrpcClient.connectToServer(GrpcClient.java:346) ~[nacos-client-3.1.1.jar:na]
	at com.alibaba.nacos.common.remote.client.RpcClient.reconnect(RpcClient.java:504) ~[nacos-client-3.1.1.jar:na]
	at com.alibaba.nacos.common.remote.client.RpcClient.lambda$start$1(RpcClient.java:330) ~[nacos-client-3.1.1.jar:na]
	at java.base/java.util.concurrent.Executors$RunnableAdapter.call(Executors.java:545) ~[na:na]
	at java.base/java.util.concurrent.FutureTask.run(FutureTask.java:330) ~[na:na]
	at java.base/java.util.concurrent.ScheduledThreadPoolExecutor$ScheduledFutureTask.run(ScheduledThreadPoolExecutor.java:309) ~[na:na]
	at java.base/java.util.concurrent.ThreadPoolExecutor.runWorker(ThreadPoolExecutor.java:1090) ~[na:na]
	at java.base/java.util.concurrent.ThreadPoolExecutor$Worker.run(ThreadPoolExecutor.java:614) ~[na:na]
	at java.base/java.lang.Thread.run(Thread.java:1516) ~[na:na]
2026-08-02 02:00:18.820 [com.alibaba.nacos.client.remote.worker.1] [none] INFO  c.a.n.c.r.client.grpc.GrpcClient - grpc client connection server: 129.204.152.168 ip, serverPort: 9848, grpcTslConfig: {"enableTls":false,"mutualAuthEnable":false,"trustAll":true}
2026-08-02 02:00:18.852 [com.alibaba.nacos.naming.failover.0] [none] DEBUG com.alibaba.nacos.client.naming - failover switch is not found, 00-00---000-VIPSRV_FAILOVER_SWITCH-000---00-00
2026-08-02 02:00:19.045 [com.alibaba.nacos.client.remote.worker.0] [none] ERROR c.a.n.c.r.client.grpc.GrpcClient - Server check fail, please check server 129.204.152.168, port 9848 is available, error ={}
java.util.concurrent.TimeoutException: Waited 3000 milliseconds (plus 1 milliseconds, 151500 nanoseconds delay) for com.alibaba.nacos.shaded.io.grpc.stub.ClientCalls$GrpcFuture@435c833d[status=PENDING, info=[GrpcFuture{clientCall=PendingCall{realCall=ClientCallImpl{method=MethodDescriptor{fullMethodName=Request/request, type=UNARY, idempotent=false, safe=false, sampledToLocalTracing=true, requestMarshaller=com.alibaba.nacos.shaded.io.grpc.protobuf.lite.ProtoLiteUtils$MessageMarshaller@6fe65953, responseMarshaller=com.alibaba.nacos.shaded.io.grpc.protobuf.lite.ProtoLiteUtils$MessageMarshaller@49558b21, schemaDescriptor=com.alibaba.nacos.api.grpc.auto.RequestGrpc$RequestMethodDescriptorSupplier@3941daf9}}}}]]
	at com.alibaba.nacos.shaded.com.google.common.util.concurrent.AbstractFuture.get(AbstractFuture.java:535) ~[nacos-client-3.1.1.jar:na]
	at com.alibaba.nacos.common.remote.client.grpc.GrpcClient.serverCheck(GrpcClient.java:234) ~[nacos-client-3.1.1.jar:na]
	at com.alibaba.nacos.common.remote.client.grpc.GrpcClient.connectToServer(GrpcClient.java:346) ~[nacos-client-3.1.1.jar:na]
	at com.alibaba.nacos.common.remote.client.RpcClient.reconnect(RpcClient.java:504) ~[nacos-client-3.1.1.jar:na]
	at com.alibaba.nacos.common.remote.client.RpcClient.lambda$start$1(RpcClient.java:330) ~[nacos-client-3.1.1.jar:na]
	at java.base/java.util.concurrent.Executors$RunnableAdapter.call(Executors.java:545) ~[na:na]
	at java.base/java.util.concurrent.FutureTask.run(FutureTask.java:330) ~[na:na]
	at java.base/java.util.concurrent.ScheduledThreadPoolExecutor$ScheduledFutureTask.run(ScheduledThreadPoolExecutor.java:309) ~[na:na]
	at java.base/java.util.concurrent.ThreadPoolExecutor.runWorker(ThreadPoolExecutor.java:1090) ~[na:na]
	at java.base/java.util.concurrent.ThreadPoolExecutor$Worker.run(ThreadPoolExecutor.java:614) ~[na:na]
	at java.base/java.lang.Thread.run(Thread.java:1516) ~[na:na]
2026-08-02 02:00:19.148 [com.alibaba.nacos.client.remote.worker.0] [none] INFO  c.a.n.c.r.client.grpc.GrpcClient - grpc client connection server: 129.204.152.168 ip, serverPort: 9848, grpcTslConfig: {"enableTls":false,"mutualAuthEnable":false,"trustAll":true}
2026-08-02 02:00:21.531 [com.alibaba.nacos.client.remote.worker.0] [none] ERROR c.a.n.c.r.client.grpc.GrpcClient - Server check fail, please check server 129.204.152.168, port 9848 is available, error ={}
java.util.concurrent.TimeoutException: Waited 3000 milliseconds (plus 1 milliseconds, 781900 nanoseconds delay) for com.alibaba.nacos.shaded.io.grpc.stub.ClientCalls$GrpcFuture@4068048a[status=PENDING, info=[GrpcFuture{clientCall=PendingCall{realCall=ClientCallImpl{method=MethodDescriptor{fullMethodName=Request/request, type=UNARY, idempotent=false, safe=false, sampledToLocalTracing=true, requestMarshaller=com.alibaba.nacos.shaded.io.grpc.protobuf.lite.ProtoLiteUtils$MessageMarshaller@6fe65953, responseMarshaller=com.alibaba.nacos.shaded.io.grpc.protobuf.lite.ProtoLiteUtils$MessageMarshaller@49558b21, schemaDescriptor=com.alibaba.nacos.api.grpc.auto.RequestGrpc$RequestMethodDescriptorSupplier@3941daf9}}}}]]
	at com.alibaba.nacos.shaded.com.google.common.util.concurrent.AbstractFuture.get(AbstractFuture.java:535) ~[nacos-client-3.1.1.jar:na]
	at com.alibaba.nacos.common.remote.client.grpc.GrpcClient.serverCheck(GrpcClient.java:234) ~[nacos-client-3.1.1.jar:na]
	at com.alibaba.nacos.common.remote.client.grpc.GrpcClient.connectToServer(GrpcClient.java:346) ~[nacos-client-3.1.1.jar:na]
	at com.alibaba.nacos.common.remote.client.RpcClient.reconnect(RpcClient.java:504) ~[nacos-client-3.1.1.jar:na]
	at com.alibaba.nacos.common.remote.client.RpcClient.lambda$start$1(RpcClient.java:330) ~[nacos-client-3.1.1.jar:na]
	at java.base/java.util.concurrent.Executors$RunnableAdapter.call(Executors.java:545) ~[na:na]
	at java.base/java.util.concurrent.FutureTask.run(FutureTask.java:330) ~[na:na]
	at java.base/java.util.concurrent.ScheduledThreadPoolExecutor$ScheduledFutureTask.run(ScheduledThreadPoolExecutor.java:309) ~[na:na]
	at java.base/java.util.concurrent.ThreadPoolExecutor.runWorker(ThreadPoolExecutor.java:1090) ~[na:na]
	at java.base/java.util.concurrent.ThreadPoolExecutor$Worker.run(ThreadPoolExecutor.java:614) ~[na:na]
	at java.base/java.lang.Thread.run(Thread.java:1516) ~[na:na]
2026-08-02 02:00:21.531 [com.alibaba.nacos.client.remote.worker.0] [none] INFO  c.alibaba.nacos.common.remote.client - [34e92d24-b89c-4567-ab43-8eb9dcd12c9a_config-0] Fail to connect server, after trying 1 times, last try server is {serverIp = '129.204.152.168', server main port = 8848}, error = unknown
2026-08-02 02:00:21.635 [com.alibaba.nacos.client.remote.worker.1] [none] ERROR c.a.n.c.r.client.grpc.GrpcClient - Server check fail, please check server 129.204.152.168, port 9848 is available, error ={}
java.util.concurrent.TimeoutException: Waited 3000 milliseconds (plus 475700 nanoseconds delay) for com.alibaba.nacos.shaded.io.grpc.stub.ClientCalls$GrpcFuture@4d85edd4[status=PENDING, info=[GrpcFuture{clientCall=PendingCall{realCall=ClientCallImpl{method=MethodDescriptor{fullMethodName=Request/request, type=UNARY, idempotent=false, safe=false, sampledToLocalTracing=true, requestMarshaller=com.alibaba.nacos.shaded.io.grpc.protobuf.lite.ProtoLiteUtils$MessageMarshaller@6fe65953, responseMarshaller=com.alibaba.nacos.shaded.io.grpc.protobuf.lite.ProtoLiteUtils$MessageMarshaller@49558b21, schemaDescriptor=com.alibaba.nacos.api.grpc.auto.RequestGrpc$RequestMethodDescriptorSupplier@3941daf9}}}}]]
	at com.alibaba.nacos.shaded.com.google.common.util.concurrent.AbstractFuture.get(AbstractFuture.java:535) ~[nacos-client-3.1.1.jar:na]
	at com.alibaba.nacos.common.remote.client.grpc.GrpcClient.serverCheck(GrpcClient.java:234) ~[nacos-client-3.1.1.jar:na]
	at com.alibaba.nacos.common.remote.client.grpc.GrpcClient.connectToServer(GrpcClient.java:346) ~[nacos-client-3.1.1.jar:na]
	at com.alibaba.nacos.common.remote.client.RpcClient.reconnect(RpcClient.java:504) ~[nacos-client-3.1.1.jar:na]
	at com.alibaba.nacos.common.remote.client.RpcClient.lambda$start$1(RpcClient.java:330) ~[nacos-client-3.1.1.jar:na]
	at java.base/java.util.concurrent.Executors$RunnableAdapter.call(Executors.java:545) ~[na:na]
	at java.base/java.util.concurrent.FutureTask.run(FutureTask.java:330) ~[na:na]
	at java.base/java.util.concurrent.ScheduledThreadPoolExecutor$ScheduledFutureTask.run(ScheduledThreadPoolExecutor.java:309) ~[na:na]
	at java.base/java.util.concurrent.ThreadPoolExecutor.runWorker(ThreadPoolExecutor.java:1090) ~[na:na]
	at java.base/java.util.concurrent.ThreadPoolExecutor$Worker.run(ThreadPoolExecutor.java:614) ~[na:na]
	at java.base/java.lang.Thread.run(Thread.java:1516) ~[na:na]
2026-08-02 02:00:21.635 [com.alibaba.nacos.client.remote.worker.1] [none] INFO  c.alibaba.nacos.common.remote.client - [6d1e68d9-ad5d-45e7-abd8-80a910efc20a] Fail to connect server, after trying 1 times, last try server is {serverIp = '129.204.152.168', server main port = 8848}, error = unknown
2026-08-02 02:00:21.734 [com.alibaba.nacos.client.remote.worker.0] [none] INFO  c.a.n.c.r.client.grpc.GrpcClient - grpc client connection server: 129.204.152.168 ip, serverPort: 9848, grpcTslConfig: {"enableTls":false,"mutualAuthEnable":false,"trustAll":true}
2026-08-02 02:00:21.820 [nacos.client.config.listener.task-0] [none] ERROR c.alibaba.nacos.common.remote.client - Send request fail, request = ConfigBatchListenRequest{headers={accessToken=eyJhbGciOiJIUzM4NCJ9.eyJzdWIiOiJuYWNvcyIsImV4cCI6MTc4NTYyNDY3Nn0.tnkmk_8d6V9D6P00cSbZqtVNyqI1GYk97Wszmf3XZOTTqVcRRp-hx_bXHc7bio6K, charset=UTF-8, Client-AppName=unknown, Client-RequestToken=f6c192243bfd6b069fce2925eeb68b7d, Client-RequestTS=1785607221716, exConfigInfo=true}, requestId='null'}, retryTimes = 0, errorMessage = Client not connected, current status:UNHEALTHY
2026-08-02 02:00:21.821 [nacos.client.config.listener.task-0] [none] ERROR c.alibaba.nacos.common.remote.client - Send request fail, request = ConfigBatchListenRequest{headers={accessToken=eyJhbGciOiJIUzM4NCJ9.eyJzdWIiOiJuYWNvcyIsImV4cCI6MTc4NTYyNDY3NX0.NYpQltFqiuqzBY_7HexcsfWdCXH1_83PEzz2lEiSkw3XHxPlw7aNY6zo2gv_ToB6, charset=UTF-8, Client-AppName=unknown, Client-RequestToken=f6c192243bfd6b069fce2925eeb68b7d, Client-RequestTS=1785607221716, exConfigInfo=true}, requestId='null'}, retryTimes = 0, errorMessage = Client not connected, current status:UNHEALTHY
2026-08-02 02:00:21.821 [com.alibaba.nacos.client.remote.worker.1] [none] ERROR c.a.n.c.r.client.grpc.GrpcClient - Server check fail, please check server 129.204.152.168, port 9848 is available, error ={}
java.util.concurrent.TimeoutException: Waited 3000 milliseconds (plus 346100 nanoseconds delay) for com.alibaba.nacos.shaded.io.grpc.stub.ClientCalls$GrpcFuture@65065de1[status=PENDING, info=[GrpcFuture{clientCall=PendingCall{realCall=ClientCallImpl{method=MethodDescriptor{fullMethodName=Request/request, type=UNARY, idempotent=false, safe=false, sampledToLocalTracing=true, requestMarshaller=com.alibaba.nacos.shaded.io.grpc.protobuf.lite.ProtoLiteUtils$MessageMarshaller@6fe65953, responseMarshaller=com.alibaba.nacos.shaded.io.grpc.protobuf.lite.ProtoLiteUtils$MessageMarshaller@49558b21, schemaDescriptor=com.alibaba.nacos.api.grpc.auto.RequestGrpc$RequestMethodDescriptorSupplier@3941daf9}}}}]]
	at com.alibaba.nacos.shaded.com.google.common.util.concurrent.AbstractFuture.get(AbstractFuture.java:535) ~[nacos-client-3.1.1.jar:na]
	at com.alibaba.nacos.common.remote.client.grpc.GrpcClient.serverCheck(GrpcClient.java:234) ~[nacos-client-3.1.1.jar:na]
	at com.alibaba.nacos.common.remote.client.grpc.GrpcClient.connectToServer(GrpcClient.java:346) ~[nacos-client-3.1.1.jar:na]
	at com.alibaba.nacos.common.remote.client.RpcClient.reconnect(RpcClient.java:504) ~[nacos-client-3.1.1.jar:na]
	at com.alibaba.nacos.common.remote.client.RpcClient.lambda$start$1(RpcClient.java:330) ~[nacos-client-3.1.1.jar:na]
	at java.base/java.util.concurrent.Executors$RunnableAdapter.call(Executors.java:545) ~[na:na]
	at java.base/java.util.concurrent.FutureTask.run(FutureTask.java:330) ~[na:na]
	at java.base/java.util.concurrent.ScheduledThreadPoolExecutor$ScheduledFutureTask.run(ScheduledThreadPoolExecutor.java:309) ~[na:na]
	at java.base/java.util.concurrent.ThreadPoolExecutor.runWorker(ThreadPoolExecutor.java:1090) ~[na:na]
	at java.base/java.util.concurrent.ThreadPoolExecutor$Worker.run(ThreadPoolExecutor.java:614) ~[na:na]
	at java.base/java.lang.Thread.run(Thread.java:1516) ~[na:na]
2026-08-02 02:00:21.822 [com.alibaba.nacos.client.remote.worker.1] [none] INFO  c.alibaba.nacos.common.remote.client - [d1cdffba-cc99-4efe-bbf1-a6a1910612ab_config-0] Fail to connect server, after trying 1 times, last try server is {serverIp = '129.204.152.168', server main port = 8848}, error = unknown
2026-08-02 02:00:21.836 [com.alibaba.nacos.client.remote.worker.1] [none] INFO  c.a.n.c.r.client.grpc.GrpcClient - grpc client connection server: 129.204.152.168 ip, serverPort: 9848, grpcTslConfig: {"enableTls":false,"mutualAuthEnable":false,"trustAll":true}
2026-08-02 02:00:21.921 [nacos.client.config.listener.task-0] [none] ERROR c.alibaba.nacos.common.remote.client - Send request fail, request = ConfigBatchListenRequest{headers={accessToken=eyJhbGciOiJIUzM4NCJ9.eyJzdWIiOiJuYWNvcyIsImV4cCI6MTc4NTYyNDY3Nn0.tnkmk_8d6V9D6P00cSbZqtVNyqI1GYk97Wszmf3XZOTTqVcRRp-hx_bXHc7bio6K, charset=UTF-8, Client-AppName=unknown, Client-RequestToken=f6c192243bfd6b069fce2925eeb68b7d, Client-RequestTS=1785607221716, exConfigInfo=true}, requestId='null'}, retryTimes = 1, errorMessage = Client not connected, current status:UNHEALTHY
2026-08-02 02:00:21.922 [nacos.client.config.listener.task-0] [none] ERROR c.alibaba.nacos.common.remote.client - Send request fail, request = ConfigBatchListenRequest{headers={accessToken=eyJhbGciOiJIUzM4NCJ9.eyJzdWIiOiJuYWNvcyIsImV4cCI6MTc4NTYyNDY3NX0.NYpQltFqiuqzBY_7HexcsfWdCXH1_83PEzz2lEiSkw3XHxPlw7aNY6zo2gv_ToB6, charset=UTF-8, Client-AppName=unknown, Client-RequestToken=f6c192243bfd6b069fce2925eeb68b7d, Client-RequestTS=1785607221716, exConfigInfo=true}, requestId='null'}, retryTimes = 1, errorMessage = Client not connected, current status:UNHEALTHY
2026-08-02 02:00:22.022 [nacos.client.config.listener.task-0] [none] ERROR c.alibaba.nacos.common.remote.client - Send request fail, request = ConfigBatchListenRequest{headers={accessToken=eyJhbGciOiJIUzM4NCJ9.eyJzdWIiOiJuYWNvcyIsImV4cCI6MTc4NTYyNDY3Nn0.tnkmk_8d6V9D6P00cSbZqtVNyqI1GYk97Wszmf3XZOTTqVcRRp-hx_bXHc7bio6K, charset=UTF-8, Client-AppName=unknown, Client-RequestToken=f6c192243bfd6b069fce2925eeb68b7d, Client-RequestTS=1785607221716, exConfigInfo=true}, requestId='null'}, retryTimes = 2, errorMessage = Client not connected, current status:UNHEALTHY
2026-08-02 02:00:22.023 [nacos.client.config.listener.task-0] [none] ERROR c.alibaba.nacos.common.remote.client - Send request fail, request = ConfigBatchListenRequest{headers={accessToken=eyJhbGciOiJIUzM4NCJ9.eyJzdWIiOiJuYWNvcyIsImV4cCI6MTc4NTYyNDY3NX0.NYpQltFqiuqzBY_7HexcsfWdCXH1_83PEzz2lEiSkw3XHxPlw7aNY6zo2gv_ToB6, charset=UTF-8, Client-AppName=unknown, Client-RequestToken=f6c192243bfd6b069fce2925eeb68b7d, Client-RequestTS=1785607221716, exConfigInfo=true}, requestId='null'}, retryTimes = 2, errorMessage = Client not connected, current status:UNHEALTHY
2026-08-02 02:00:22.023 [com.alibaba.nacos.client.remote.worker.1] [none] INFO  c.a.n.c.r.client.grpc.GrpcClient - grpc client connection server: 129.204.152.168 ip, serverPort: 9848, grpcTslConfig: {"enableTls":false,"mutualAuthEnable":false,"trustAll":true}
2026-08-02 02:00:22.122 [nacos.client.config.listener.task-0] [none] ERROR c.alibaba.nacos.common.remote.client - Send request fail, request = ConfigBatchListenRequest{headers={accessToken=eyJhbGciOiJIUzM4NCJ9.eyJzdWIiOiJuYWNvcyIsImV4cCI6MTc4NTYyNDY3Nn0.tnkmk_8d6V9D6P00cSbZqtVNyqI1GYk97Wszmf3XZOTTqVcRRp-hx_bXHc7bio6K, charset=UTF-8, Client-AppName=unknown, Client-RequestToken=f6c192243bfd6b069fce2925eeb68b7d, Client-RequestTS=1785607221716, exConfigInfo=true}, requestId='null'}, retryTimes = 3, errorMessage = Client not connected, current status:UNHEALTHY
2026-08-02 02:00:22.122 [nacos.client.config.listener.task-0] [none] ERROR c.a.n.c.config.impl.ClientWorker - Execute listen config change error 
ErrCode:-401, ErrMsg:Client not connected, current status:UNHEALTHY
	at com.alibaba.nacos.common.remote.client.RpcClient.request(RpcClient.java:647) ~[nacos-client-3.1.1.jar:na]
	at com.alibaba.nacos.common.remote.client.RpcClient.request(RpcClient.java:626) ~[nacos-client-3.1.1.jar:na]
	at com.alibaba.nacos.client.config.impl.ClientWorker$ConfigRpcTransportClient.requestProxy(ClientWorker.java:1317) ~[nacos-client-3.1.1.jar:na]
	at com.alibaba.nacos.client.config.impl.ClientWorker$ConfigRpcTransportClient.requestProxy(ClientWorker.java:1296) ~[nacos-client-3.1.1.jar:na]
	at com.alibaba.nacos.client.config.impl.ClientWorker$ConfigRpcTransportClient.lambda$checkListenCache$8(ClientWorker.java:1111) ~[nacos-client-3.1.1.jar:na]
	at java.base/java.util.concurrent.Executors$RunnableAdapter.call(Executors.java:545) ~[na:na]
	at java.base/java.util.concurrent.FutureTask.run(FutureTask.java:330) ~[na:na]
	at java.base/java.util.concurrent.ThreadPoolExecutor.runWorker(ThreadPoolExecutor.java:1090) ~[na:na]
	at java.base/java.util.concurrent.ThreadPoolExecutor$Worker.run(ThreadPoolExecutor.java:614) ~[na:na]
	at java.base/java.lang.Thread.run(Thread.java:1516) ~[na:na]
2026-08-02 02:00:22.123 [nacos.client.config.listener.task-0] [none] ERROR c.alibaba.nacos.common.remote.client - Send request fail, request = ConfigBatchListenRequest{headers={accessToken=eyJhbGciOiJIUzM4NCJ9.eyJzdWIiOiJuYWNvcyIsImV4cCI6MTc4NTYyNDY3NX0.NYpQltFqiuqzBY_7HexcsfWdCXH1_83PEzz2lEiSkw3XHxPlw7aNY6zo2gv_ToB6, charset=UTF-8, Client-AppName=unknown, Client-RequestToken=f6c192243bfd6b069fce2925eeb68b7d, Client-RequestTS=1785607221716, exConfigInfo=true}, requestId='null'}, retryTimes = 3, errorMessage = Client not connected, current status:UNHEALTHY
2026-08-02 02:00:22.123 [nacos.client.config.listener.task-0] [none] ERROR c.a.n.c.config.impl.ClientWorker - Execute listen config change error 
ErrCode:-401, ErrMsg:Client not connected, current status:UNHEALTHY
	at com.alibaba.nacos.common.remote.client.RpcClient.request(RpcClient.java:647) ~[nacos-client-3.1.1.jar:na]
	at com.alibaba.nacos.common.remote.client.RpcClient.request(RpcClient.java:626) ~[nacos-client-3.1.1.jar:na]
	at com.alibaba.nacos.client.config.impl.ClientWorker$ConfigRpcTransportClient.requestProxy(ClientWorker.java:1317) ~[nacos-client-3.1.1.jar:na]
	at com.alibaba.nacos.client.config.impl.ClientWorker$ConfigRpcTransportClient.requestProxy(ClientWorker.java:1296) ~[nacos-client-3.1.1.jar:na]
	at com.alibaba.nacos.client.config.impl.ClientWorker$ConfigRpcTransportClient.lambda$checkListenCache$8(ClientWorker.java:1111) ~[nacos-client-3.1.1.jar:na]
	at java.base/java.util.concurrent.Executors$RunnableAdapter.call(Executors.java:545) ~[na:na]
	at java.base/java.util.concurrent.FutureTask.run(FutureTask.java:330) ~[na:na]
	at java.base/java.util.concurrent.ThreadPoolExecutor.runWorker(ThreadPoolExecutor.java:1090) ~[na:na]
	at java.base/java.util.concurrent.ThreadPoolExecutor$Worker.run(ThreadPoolExecutor.java:614) ~[na:na]
	at java.base/java.lang.Thread.run(Thread.java:1516) ~[na:na]
2026-08-02 02:00:22.151 [com.alibaba.nacos.client.remote.worker.0] [none] ERROR c.a.n.c.r.client.grpc.GrpcClient - Server check fail, please check server 129.204.152.168, port 9848 is available, error ={}
java.util.concurrent.TimeoutException: Waited 3000 milliseconds (plus 2 milliseconds, 40100 nanoseconds delay) for com.alibaba.nacos.shaded.io.grpc.stub.ClientCalls$GrpcFuture@5b0009d0[status=PENDING, info=[GrpcFuture{clientCall=PendingCall{realCall=ClientCallImpl{method=MethodDescriptor{fullMethodName=Request/request, type=UNARY, idempotent=false, safe=false, sampledToLocalTracing=true, requestMarshaller=com.alibaba.nacos.shaded.io.grpc.protobuf.lite.ProtoLiteUtils$MessageMarshaller@6fe65953, responseMarshaller=com.alibaba.nacos.shaded.io.grpc.protobuf.lite.ProtoLiteUtils$MessageMarshaller@49558b21, schemaDescriptor=com.alibaba.nacos.api.grpc.auto.RequestGrpc$RequestMethodDescriptorSupplier@3941daf9}}}}]]
	at com.alibaba.nacos.shaded.com.google.common.util.concurrent.AbstractFuture.get(AbstractFuture.java:535) ~[nacos-client-3.1.1.jar:na]
	at com.alibaba.nacos.common.remote.client.grpc.GrpcClient.serverCheck(GrpcClient.java:234) ~[nacos-client-3.1.1.jar:na]
	at com.alibaba.nacos.common.remote.client.grpc.GrpcClient.connectToServer(GrpcClient.java:346) ~[nacos-client-3.1.1.jar:na]
	at com.alibaba.nacos.common.remote.client.RpcClient.reconnect(RpcClient.java:504) ~[nacos-client-3.1.1.jar:na]
	at com.alibaba.nacos.common.remote.client.RpcClient.lambda$start$1(RpcClient.java:330) ~[nacos-client-3.1.1.jar:na]
	at java.base/java.util.concurrent.Executors$RunnableAdapter.call(Executors.java:545) ~[na:na]
	at java.base/java.util.concurrent.FutureTask.run(FutureTask.java:330) ~[na:na]
	at java.base/java.util.concurrent.ScheduledThreadPoolExecutor$ScheduledFutureTask.run(ScheduledThreadPoolExecutor.java:309) ~[na:na]
	at java.base/java.util.concurrent.ThreadPoolExecutor.runWorker(ThreadPoolExecutor.java:1090) ~[na:na]
	at java.base/java.util.concurrent.ThreadPoolExecutor$Worker.run(ThreadPoolExecutor.java:614) ~[na:na]
	at java.base/java.lang.Thread.run(Thread.java:1516) ~[na:na]
2026-08-02 02:00:22.151 [com.alibaba.nacos.client.remote.worker.0] [none] INFO  c.alibaba.nacos.common.remote.client - [16c40082-ff3d-4d05-b22b-5148a98ebfe0_config-0] Fail to connect server, after trying 1 times, last try server is {serverIp = '129.204.152.168', server main port = 8848}, error = unknown
2026-08-02 02:00:22.353 [com.alibaba.nacos.client.remote.worker.0] [none] INFO  c.a.n.c.r.client.grpc.GrpcClient - grpc client connection server: 129.204.152.168 ip, serverPort: 9848, grpcTslConfig: {"enableTls":false,"mutualAuthEnable":false,"trustAll":true}
2026-08-02 02:00:23.853 [com.alibaba.nacos.naming.failover.0] [none] DEBUG com.alibaba.nacos.client.naming - failover switch is not found, 00-00---000-VIPSRV_FAILOVER_SWITCH-000---00-00
2026-08-02 02:00:24.735 [com.alibaba.nacos.client.remote.worker.0] [none] ERROR c.a.n.c.r.client.grpc.GrpcClient - Server check fail, please check server 129.204.152.168, port 9848 is available, error ={}
java.util.concurrent.TimeoutException: Waited 3000 milliseconds (plus 61500 nanoseconds delay) for com.alibaba.nacos.shaded.io.grpc.stub.ClientCalls$GrpcFuture@67167c47[status=PENDING, info=[GrpcFuture{clientCall=PendingCall{realCall=ClientCallImpl{method=MethodDescriptor{fullMethodName=Request/request, type=UNARY, idempotent=false, safe=false, sampledToLocalTracing=true, requestMarshaller=com.alibaba.nacos.shaded.io.grpc.protobuf.lite.ProtoLiteUtils$MessageMarshaller@6fe65953, responseMarshaller=com.alibaba.nacos.shaded.io.grpc.protobuf.lite.ProtoLiteUtils$MessageMarshaller@49558b21, schemaDescriptor=com.alibaba.nacos.api.grpc.auto.RequestGrpc$RequestMethodDescriptorSupplier@3941daf9}}}}]]
	at com.alibaba.nacos.shaded.com.google.common.util.concurrent.AbstractFuture.get(AbstractFuture.java:535) ~[nacos-client-3.1.1.jar:na]
	at com.alibaba.nacos.common.remote.client.grpc.GrpcClient.serverCheck(GrpcClient.java:234) ~[nacos-client-3.1.1.jar:na]
	at com.alibaba.nacos.common.remote.client.grpc.GrpcClient.connectToServer(GrpcClient.java:346) ~[nacos-client-3.1.1.jar:na]
	at com.alibaba.nacos.common.remote.client.RpcClient.reconnect(RpcClient.java:504) ~[nacos-client-3.1.1.jar:na]
	at com.alibaba.nacos.common.remote.client.RpcClient.lambda$start$1(RpcClient.java:330) ~[nacos-client-3.1.1.jar:na]
	at java.base/java.util.concurrent.Executors$RunnableAdapter.call(Executors.java:545) ~[na:na]
	at java.base/java.util.concurrent.FutureTask.run(FutureTask.java:330) ~[na:na]
	at java.base/java.util.concurrent.ScheduledThreadPoolExecutor$ScheduledFutureTask.run(ScheduledThreadPoolExecutor.java:309) ~[na:na]
	at java.base/java.util.concurrent.ThreadPoolExecutor.runWorker(ThreadPoolExecutor.java:1090) ~[na:na]
	at java.base/java.util.concurrent.ThreadPoolExecutor$Worker.run(ThreadPoolExecutor.java:614) ~[na:na]
	at java.base/java.lang.Thread.run(Thread.java:1516) ~[na:na]
2026-08-02 02:00:24.735 [com.alibaba.nacos.client.remote.worker.0] [none] INFO  c.alibaba.nacos.common.remote.client - [34e92d24-b89c-4567-ab43-8eb9dcd12c9a_config-0] Fail to connect server, after trying 2 times, last try server is {serverIp = '129.204.152.168', server main port = 8848}, error = unknown
2026-08-02 02:00:24.838 [com.alibaba.nacos.client.remote.worker.1] [none] ERROR c.a.n.c.r.client.grpc.GrpcClient - Server check fail, please check server 129.204.152.168, port 9848 is available, error ={}
java.util.concurrent.TimeoutException: Waited 3000 milliseconds (plus 559500 nanoseconds delay) for com.alibaba.nacos.shaded.io.grpc.stub.ClientCalls$GrpcFuture@280bcf6[status=PENDING, info=[GrpcFuture{clientCall=PendingCall{realCall=ClientCallImpl{method=MethodDescriptor{fullMethodName=Request/request, type=UNARY, idempotent=false, safe=false, sampledToLocalTracing=true, requestMarshaller=com.alibaba.nacos.shaded.io.grpc.protobuf.lite.ProtoLiteUtils$MessageMarshaller@6fe65953, responseMarshaller=com.alibaba.nacos.shaded.io.grpc.protobuf.lite.ProtoLiteUtils$MessageMarshaller@49558b21, schemaDescriptor=com.alibaba.nacos.api.grpc.auto.RequestGrpc$RequestMethodDescriptorSupplier@3941daf9}}}}]]
	at com.alibaba.nacos.shaded.com.google.common.util.concurrent.AbstractFuture.get(AbstractFuture.java:535) ~[nacos-client-3.1.1.jar:na]
	at com.alibaba.nacos.common.remote.client.grpc.GrpcClient.serverCheck(GrpcClient.java:234) ~[nacos-client-3.1.1.jar:na]
	at com.alibaba.nacos.common.remote.client.grpc.GrpcClient.connectToServer(GrpcClient.java:346) ~[nacos-client-3.1.1.jar:na]
	at com.alibaba.nacos.common.remote.client.RpcClient.reconnect(RpcClient.java:504) ~[nacos-client-3.1.1.jar:na]
	at com.alibaba.nacos.common.remote.client.RpcClient.lambda$start$1(RpcClient.java:330) ~[nacos-client-3.1.1.jar:na]
	at java.base/java.util.concurrent.Executors$RunnableAdapter.call(Executors.java:545) ~[na:na]
	at java.base/java.util.concurrent.FutureTask.run(FutureTask.java:330) ~[na:na]
	at java.base/java.util.concurrent.ScheduledThreadPoolExecutor$ScheduledFutureTask.run(ScheduledThreadPoolExecutor.java:309) ~[na:na]
	at java.base/java.util.concurrent.ThreadPoolExecutor.runWorker(ThreadPoolExecutor.java:1090) ~[na:na]
	at java.base/java.util.concurrent.ThreadPoolExecutor$Worker.run(ThreadPoolExecutor.java:614) ~[na:na]
	at java.base/java.lang.Thread.run(Thread.java:1516) ~[na:na]
2026-08-02 02:00:24.839 [com.alibaba.nacos.client.remote.worker.1] [none] INFO  c.alibaba.nacos.common.remote.client - [6d1e68d9-ad5d-45e7-abd8-80a910efc20a] Fail to connect server, after trying 2 times, last try server is {serverIp = '129.204.152.168', server main port = 8848}, error = unknown
2026-08-02 02:00:25.025 [com.alibaba.nacos.client.remote.worker.1] [none] ERROR c.a.n.c.r.client.grpc.GrpcClient - Server check fail, please check server 129.204.152.168, port 9848 is available, error ={}
java.util.concurrent.TimeoutException: Waited 3000 milliseconds (plus 1 milliseconds, 469000 nanoseconds delay) for com.alibaba.nacos.shaded.io.grpc.stub.ClientCalls$GrpcFuture@172b43be[status=PENDING, info=[GrpcFuture{clientCall=PendingCall{realCall=ClientCallImpl{method=MethodDescriptor{fullMethodName=Request/request, type=UNARY, idempotent=false, safe=false, sampledToLocalTracing=true, requestMarshaller=com.alibaba.nacos.shaded.io.grpc.protobuf.lite.ProtoLiteUtils$MessageMarshaller@6fe65953, responseMarshaller=com.alibaba.nacos.shaded.io.grpc.protobuf.lite.ProtoLiteUtils$MessageMarshaller@49558b21, schemaDescriptor=com.alibaba.nacos.api.grpc.auto.RequestGrpc$RequestMethodDescriptorSupplier@3941daf9}}}}]]
	at com.alibaba.nacos.shaded.com.google.common.util.concurrent.AbstractFuture.get(AbstractFuture.java:535) ~[nacos-client-3.1.1.jar:na]
	at com.alibaba.nacos.common.remote.client.grpc.GrpcClient.serverCheck(GrpcClient.java:234) ~[nacos-client-3.1.1.jar:na]
	at com.alibaba.nacos.common.remote.client.grpc.GrpcClient.connectToServer(GrpcClient.java:346) ~[nacos-client-3.1.1.jar:na]
	at com.alibaba.nacos.common.remote.client.RpcClient.reconnect(RpcClient.java:504) ~[nacos-client-3.1.1.jar:na]
	at com.alibaba.nacos.common.remote.client.RpcClient.lambda$start$1(RpcClient.java:330) ~[nacos-client-3.1.1.jar:na]
	at java.base/java.util.concurrent.Executors$RunnableAdapter.call(Executors.java:545) ~[na:na]
	at java.base/java.util.concurrent.FutureTask.run(FutureTask.java:330) ~[na:na]
	at java.base/java.util.concurrent.ScheduledThreadPoolExecutor$ScheduledFutureTask.run(ScheduledThreadPoolExecutor.java:309) ~[na:na]
	at java.base/java.util.concurrent.ThreadPoolExecutor.runWorker(ThreadPoolExecutor.java:1090) ~[na:na]
	at java.base/java.util.concurrent.ThreadPoolExecutor$Worker.run(ThreadPoolExecutor.java:614) ~[na:na]
	at java.base/java.lang.Thread.run(Thread.java:1516) ~[na:na]
2026-08-02 02:00:25.026 [com.alibaba.nacos.client.remote.worker.1] [none] INFO  c.alibaba.nacos.common.remote.client - [d1cdffba-cc99-4efe-bbf1-a6a1910612ab_config-0] Fail to connect server, after trying 2 times, last try server is {serverIp = '129.204.152.168', server main port = 8848}, error = unknown
2026-08-02 02:00:25.036 [com.alibaba.nacos.client.remote.worker.0] [none] INFO  c.a.n.c.r.client.grpc.GrpcClient - grpc client connection server: 129.204.152.168 ip, serverPort: 9848, grpcTslConfig: {"enableTls":false,"mutualAuthEnable":false,"trustAll":true}
2026-08-02 02:00:25.140 [com.alibaba.nacos.client.remote.worker.1] [none] INFO  c.a.n.c.r.client.grpc.GrpcClient - grpc client connection server: 129.204.152.168 ip, serverPort: 9848, grpcTslConfig: {"enableTls":false,"mutualAuthEnable":false,"trustAll":true}
2026-08-02 02:00:25.327 [com.alibaba.nacos.client.remote.worker.1] [none] INFO  c.a.n.c.r.client.grpc.GrpcClient - grpc client connection server: 129.204.152.168 ip, serverPort: 9848, grpcTslConfig: {"enableTls":false,"mutualAuthEnable":false,"trustAll":true}
2026-08-02 02:00:25.355 [com.alibaba.nacos.client.remote.worker.0] [none] ERROR c.a.n.c.r.client.grpc.GrpcClient - Server check fail, please check server 129.204.152.168, port 9848 is available, error ={}
java.util.concurrent.TimeoutException: Waited 3000 milliseconds (plus 722100 nanoseconds delay) for com.alibaba.nacos.shaded.io.grpc.stub.ClientCalls$GrpcFuture@1292cd12[status=PENDING, info=[GrpcFuture{clientCall=PendingCall{realCall=ClientCallImpl{method=MethodDescriptor{fullMethodName=Request/request, type=UNARY, idempotent=false, safe=false, sampledToLocalTracing=true, requestMarshaller=com.alibaba.nacos.shaded.io.grpc.protobuf.lite.ProtoLiteUtils$MessageMarshaller@6fe65953, responseMarshaller=com.alibaba.nacos.shaded.io.grpc.protobuf.lite.ProtoLiteUtils$MessageMarshaller@49558b21, schemaDescriptor=com.alibaba.nacos.api.grpc.auto.RequestGrpc$RequestMethodDescriptorSupplier@3941daf9}}}}]]
	at com.alibaba.nacos.shaded.com.google.common.util.concurrent.AbstractFuture.get(AbstractFuture.java:535) ~[nacos-client-3.1.1.jar:na]
	at com.alibaba.nacos.common.remote.client.grpc.GrpcClient.serverCheck(GrpcClient.java:234) ~[nacos-client-3.1.1.jar:na]
	at com.alibaba.nacos.common.remote.client.grpc.GrpcClient.connectToServer(GrpcClient.java:346) ~[nacos-client-3.1.1.jar:na]
	at com.alibaba.nacos.common.remote.client.RpcClient.reconnect(RpcClient.java:504) ~[nacos-client-3.1.1.jar:na]
	at com.alibaba.nacos.common.remote.client.RpcClient.lambda$start$1(RpcClient.java:330) ~[nacos-client-3.1.1.jar:na]
	at java.base/java.util.concurrent.Executors$RunnableAdapter.call(Executors.java:545) ~[na:na]
	at java.base/java.util.concurrent.FutureTask.run(FutureTask.java:330) ~[na:na]
	at java.base/java.util.concurrent.ScheduledThreadPoolExecutor$ScheduledFutureTask.run(ScheduledThreadPoolExecutor.java:309) ~[na:na]
	at java.base/java.util.concurrent.ThreadPoolExecutor.runWorker(ThreadPoolExecutor.java:1090) ~[na:na]
	at java.base/java.util.concurrent.ThreadPoolExecutor$Worker.run(ThreadPoolExecutor.java:614) ~[na:na]
	at java.base/java.lang.Thread.run(Thread.java:1516) ~[na:na]
2026-08-02 02:00:25.355 [com.alibaba.nacos.client.remote.worker.0] [none] INFO  c.alibaba.nacos.common.remote.client - [16c40082-ff3d-4d05-b22b-5148a98ebfe0_config-0] Fail to connect server, after trying 2 times, last try server is {serverIp = '129.204.152.168', server main port = 8848}, error = unknown
2026-08-02 02:00:25.656 [com.alibaba.nacos.client.remote.worker.0] [none] INFO  c.a.n.c.r.client.grpc.GrpcClient - grpc client connection server: 129.204.152.168 ip, serverPort: 9848, grpcTslConfig: {"enableTls":false,"mutualAuthEnable":false,"trustAll":true}
2026-08-02 02:00:28.038 [com.alibaba.nacos.client.remote.worker.0] [none] ERROR c.a.n.c.r.client.grpc.GrpcClient - Server check fail, please check server 129.204.152.168, port 9848 is available, error ={}
java.util.concurrent.TimeoutException: Waited 3000 milliseconds (plus 561400 nanoseconds delay) for com.alibaba.nacos.shaded.io.grpc.stub.ClientCalls$GrpcFuture@7e9003d4[status=PENDING, info=[GrpcFuture{clientCall=PendingCall{realCall=ClientCallImpl{method=MethodDescriptor{fullMethodName=Request/request, type=UNARY, idempotent=false, safe=false, sampledToLocalTracing=true, requestMarshaller=com.alibaba.nacos.shaded.io.grpc.protobuf.lite.ProtoLiteUtils$MessageMarshaller@6fe65953, responseMarshaller=com.alibaba.nacos.shaded.io.grpc.protobuf.lite.ProtoLiteUtils$MessageMarshaller@49558b21, schemaDescriptor=com.alibaba.nacos.api.grpc.auto.RequestGrpc$RequestMethodDescriptorSupplier@3941daf9}}}}]]
	at com.alibaba.nacos.shaded.com.google.common.util.concurrent.AbstractFuture.get(AbstractFuture.java:535) ~[nacos-client-3.1.1.jar:na]
	at com.alibaba.nacos.common.remote.client.grpc.GrpcClient.serverCheck(GrpcClient.java:234) ~[nacos-client-3.1.1.jar:na]
	at com.alibaba.nacos.common.remote.client.grpc.GrpcClient.connectToServer(GrpcClient.java:346) ~[nacos-client-3.1.1.jar:na]
	at com.alibaba.nacos.common.remote.client.RpcClient.reconnect(RpcClient.java:504) ~[nacos-client-3.1.1.jar:na]
	at com.alibaba.nacos.common.remote.client.RpcClient.lambda$start$1(RpcClient.java:330) ~[nacos-client-3.1.1.jar:na]
	at java.base/java.util.concurrent.Executors$RunnableAdapter.call(Executors.java:545) ~[na:na]
	at java.base/java.util.concurrent.FutureTask.run(FutureTask.java:330) ~[na:na]
	at java.base/java.util.concurrent.ScheduledThreadPoolExecutor$ScheduledFutureTask.run(ScheduledThreadPoolExecutor.java:309) ~[na:na]
	at java.base/java.util.concurrent.ThreadPoolExecutor.runWorker(ThreadPoolExecutor.java:1090) ~[na:na]
	at java.base/java.util.concurrent.ThreadPoolExecutor$Worker.run(ThreadPoolExecutor.java:614) ~[na:na]
	at java.base/java.lang.Thread.run(Thread.java:1516) ~[na:na]
2026-08-02 02:00:28.038 [com.alibaba.nacos.client.remote.worker.0] [none] INFO  c.alibaba.nacos.common.remote.client - [34e92d24-b89c-4567-ab43-8eb9dcd12c9a_config-0] Fail to connect server, after trying 3 times, last try server is {serverIp = '129.204.152.168', server main port = 8848}, error = unknown
2026-08-02 02:00:28.141 [com.alibaba.nacos.client.remote.worker.1] [none] ERROR c.a.n.c.r.client.grpc.GrpcClient - Server check fail, please check server 129.204.152.168, port 9848 is available, error ={}
java.util.concurrent.TimeoutException: Waited 3000 milliseconds (plus 38300 nanoseconds delay) for com.alibaba.nacos.shaded.io.grpc.stub.ClientCalls$GrpcFuture@71aa2d48[status=PENDING, info=[GrpcFuture{clientCall=PendingCall{realCall=ClientCallImpl{method=MethodDescriptor{fullMethodName=Request/request, type=UNARY, idempotent=false, safe=false, sampledToLocalTracing=true, requestMarshaller=com.alibaba.nacos.shaded.io.grpc.protobuf.lite.ProtoLiteUtils$MessageMarshaller@6fe65953, responseMarshaller=com.alibaba.nacos.shaded.io.grpc.protobuf.lite.ProtoLiteUtils$MessageMarshaller@49558b21, schemaDescriptor=com.alibaba.nacos.api.grpc.auto.RequestGrpc$RequestMethodDescriptorSupplier@3941daf9}}}}]]
	at com.alibaba.nacos.shaded.com.google.common.util.concurrent.AbstractFuture.get(AbstractFuture.java:535) ~[nacos-client-3.1.1.jar:na]
	at com.alibaba.nacos.common.remote.client.grpc.GrpcClient.serverCheck(GrpcClient.java:234) ~[nacos-client-3.1.1.jar:na]
	at com.alibaba.nacos.common.remote.client.grpc.GrpcClient.connectToServer(GrpcClient.java:346) ~[nacos-client-3.1.1.jar:na]
	at com.alibaba.nacos.common.remote.client.RpcClient.reconnect(RpcClient.java:504) ~[nacos-client-3.1.1.jar:na]
	at com.alibaba.nacos.common.remote.client.RpcClient.lambda$start$1(RpcClient.java:330) ~[nacos-client-3.1.1.jar:na]
	at java.base/java.util.concurrent.Executors$RunnableAdapter.call(Executors.java:545) ~[na:na]
	at java.base/java.util.concurrent.FutureTask.run(FutureTask.java:330) ~[na:na]
	at java.base/java.util.concurrent.ScheduledThreadPoolExecutor$ScheduledFutureTask.run(ScheduledThreadPoolExecutor.java:309) ~[na:na]
	at java.base/java.util.concurrent.ThreadPoolExecutor.runWorker(ThreadPoolExecutor.java:1090) ~[na:na]
	at java.base/java.util.concurrent.ThreadPoolExecutor$Worker.run(ThreadPoolExecutor.java:614) ~[na:na]
	at java.base/java.lang.Thread.run(Thread.java:1516) ~[na:na]
2026-08-02 02:00:28.141 [com.alibaba.nacos.client.remote.worker.1] [none] INFO  c.alibaba.nacos.common.remote.client - [6d1e68d9-ad5d-45e7-abd8-80a910efc20a] Fail to connect server, after trying 3 times, last try server is {serverIp = '129.204.152.168', server main port = 8848}, error = unknown
2026-08-02 02:00:28.328 [com.alibaba.nacos.client.remote.worker.1] [none] ERROR c.a.n.c.r.client.grpc.GrpcClient - Server check fail, please check server 129.204.152.168, port 9848 is available, error ={}
java.util.concurrent.TimeoutException: Waited 3000 milliseconds (plus 346900 nanoseconds delay) for com.alibaba.nacos.shaded.io.grpc.stub.ClientCalls$GrpcFuture@578aeed8[status=PENDING, info=[GrpcFuture{clientCall=PendingCall{realCall=ClientCallImpl{method=MethodDescriptor{fullMethodName=Request/request, type=UNARY, idempotent=false, safe=false, sampledToLocalTracing=true, requestMarshaller=com.alibaba.nacos.shaded.io.grpc.protobuf.lite.ProtoLiteUtils$MessageMarshaller@6fe65953, responseMarshaller=com.alibaba.nacos.shaded.io.grpc.protobuf.lite.ProtoLiteUtils$MessageMarshaller@49558b21, schemaDescriptor=com.alibaba.nacos.api.grpc.auto.RequestGrpc$RequestMethodDescriptorSupplier@3941daf9}}}}]]
	at com.alibaba.nacos.shaded.com.google.common.util.concurrent.AbstractFuture.get(AbstractFuture.java:535) ~[nacos-client-3.1.1.jar:na]
	at com.alibaba.nacos.common.remote.client.grpc.GrpcClient.serverCheck(GrpcClient.java:234) ~[nacos-client-3.1.1.jar:na]
	at com.alibaba.nacos.common.remote.client.grpc.GrpcClient.connectToServer(GrpcClient.java:346) ~[nacos-client-3.1.1.jar:na]
	at com.alibaba.nacos.common.remote.client.RpcClient.reconnect(RpcClient.java:504) ~[nacos-client-3.1.1.jar:na]
	at com.alibaba.nacos.common.remote.client.RpcClient.lambda$start$1(RpcClient.java:330) ~[nacos-client-3.1.1.jar:na]
	at java.base/java.util.concurrent.Executors$RunnableAdapter.call(Executors.java:545) ~[na:na]
	at java.base/java.util.concurrent.FutureTask.run(FutureTask.java:330) ~[na:na]
	at java.base/java.util.concurrent.ScheduledThreadPoolExecutor$ScheduledFutureTask.run(ScheduledThreadPoolExecutor.java:309) ~[na:na]
	at java.base/java.util.concurrent.ThreadPoolExecutor.runWorker(ThreadPoolExecutor.java:1090) ~[na:na]
	at java.base/java.util.concurrent.ThreadPoolExecutor$Worker.run(ThreadPoolExecutor.java:614) ~[na:na]
	at java.base/java.lang.Thread.run(Thread.java:1516) ~[na:na]
2026-08-02 02:00:28.329 [com.alibaba.nacos.client.remote.worker.1] [none] INFO  c.alibaba.nacos.common.remote.client - [d1cdffba-cc99-4efe-bbf1-a6a1910612ab_config-0] Fail to connect server, after trying 3 times, last try server is {serverIp = '129.204.152.168', server main port = 8848}, error = unknown
2026-08-02 02:00:28.440 [com.alibaba.nacos.client.remote.worker.0] [none] INFO  c.a.n.c.r.client.grpc.GrpcClient - grpc client connection server: 129.204.152.168 ip, serverPort: 9848, grpcTslConfig: {"enableTls":false,"mutualAuthEnable":false,"trustAll":true}
2026-08-02 02:00:28.542 [com.alibaba.nacos.client.remote.worker.1] [none] INFO  c.a.n.c.r.client.grpc.GrpcClient - grpc client connection server: 129.204.152.168 ip, serverPort: 9848, grpcTslConfig: {"enableTls":false,"mutualAuthEnable":false,"trustAll":true}
2026-08-02 02:00:28.658 [com.alibaba.nacos.client.remote.worker.0] [none] ERROR c.a.n.c.r.client.grpc.GrpcClient - Server check fail, please check server 129.204.152.168, port 9848 is available, error ={}
java.util.concurrent.TimeoutException: Waited 3000 milliseconds (plus 764600 nanoseconds delay) for com.alibaba.nacos.shaded.io.grpc.stub.ClientCalls$GrpcFuture@1dc6a75c[status=PENDING, info=[GrpcFuture{clientCall=PendingCall{realCall=ClientCallImpl{method=MethodDescriptor{fullMethodName=Request/request, type=UNARY, idempotent=false, safe=false, sampledToLocalTracing=true, requestMarshaller=com.alibaba.nacos.shaded.io.grpc.protobuf.lite.ProtoLiteUtils$MessageMarshaller@6fe65953, responseMarshaller=com.alibaba.nacos.shaded.io.grpc.protobuf.lite.ProtoLiteUtils$MessageMarshaller@49558b21, schemaDescriptor=com.alibaba.nacos.api.grpc.auto.RequestGrpc$RequestMethodDescriptorSupplier@3941daf9}}}}]]
	at com.alibaba.nacos.shaded.com.google.common.util.concurrent.AbstractFuture.get(AbstractFuture.java:535) ~[nacos-client-3.1.1.jar:na]
	at com.alibaba.nacos.common.remote.client.grpc.GrpcClient.serverCheck(GrpcClient.java:234) ~[nacos-client-3.1.1.jar:na]
	at com.alibaba.nacos.common.remote.client.grpc.GrpcClient.connectToServer(GrpcClient.java:346) ~[nacos-client-3.1.1.jar:na]
	at com.alibaba.nacos.common.remote.client.RpcClient.reconnect(RpcClient.java:504) ~[nacos-client-3.1.1.jar:na]
	at com.alibaba.nacos.common.remote.client.RpcClient.lambda$start$1(RpcClient.java:330) ~[nacos-client-3.1.1.jar:na]
	at java.base/java.util.concurrent.Executors$RunnableAdapter.call(Executors.java:545) ~[na:na]
	at java.base/java.util.concurrent.FutureTask.run(FutureTask.java:330) ~[na:na]
	at java.base/java.util.concurrent.ScheduledThreadPoolExecutor$ScheduledFutureTask.run(ScheduledThreadPoolExecutor.java:309) ~[na:na]
	at java.base/java.util.concurrent.ThreadPoolExecutor.runWorker(ThreadPoolExecutor.java:1090) ~[na:na]
	at java.base/java.util.concurrent.ThreadPoolExecutor$Worker.run(ThreadPoolExecutor.java:614) ~[na:na]
	at java.base/java.lang.Thread.run(Thread.java:1516) ~[na:na]
2026-08-02 02:00:28.658 [com.alibaba.nacos.client.remote.worker.0] [none] INFO  c.alibaba.nacos.common.remote.client - [16c40082-ff3d-4d05-b22b-5148a98ebfe0_config-0] Fail to connect server, after trying 3 times, last try server is {serverIp = '129.204.152.168', server main port = 8848}, error = unknown
2026-08-02 02:00:28.730 [com.alibaba.nacos.client.remote.worker.1] [none] INFO  c.a.n.c.r.client.grpc.GrpcClient - grpc client connection server: 129.204.152.168 ip, serverPort: 9848, grpcTslConfig: {"enableTls":false,"mutualAuthEnable":false,"trustAll":true}
2026-08-02 02:00:28.855 [com.alibaba.nacos.naming.failover.0] [none] DEBUG com.alibaba.nacos.client.naming - failover switch is not found, 00-00---000-VIPSRV_FAILOVER_SWITCH-000---00-00
2026-08-02 02:00:29.060 [com.alibaba.nacos.client.remote.worker.0] [none] INFO  c.a.n.c.r.client.grpc.GrpcClient - grpc client connection server: 129.204.152.168 ip, serverPort: 9848, grpcTslConfig: {"enableTls":false,"mutualAuthEnable":false,"trustAll":true}
2026-08-02 02:00:31.441 [com.alibaba.nacos.client.remote.worker.0] [none] ERROR c.a.n.c.r.client.grpc.GrpcClient - Server check fail, please check server 129.204.152.168, port 9848 is available, error ={}
java.util.concurrent.TimeoutException: Waited 3000 milliseconds (plus 58300 nanoseconds delay) for com.alibaba.nacos.shaded.io.grpc.stub.ClientCalls$GrpcFuture@ba455fa[status=PENDING, info=[GrpcFuture{clientCall=PendingCall{realCall=ClientCallImpl{method=MethodDescriptor{fullMethodName=Request/request, type=UNARY, idempotent=false, safe=false, sampledToLocalTracing=true, requestMarshaller=com.alibaba.nacos.shaded.io.grpc.protobuf.lite.ProtoLiteUtils$MessageMarshaller@6fe65953, responseMarshaller=com.alibaba.nacos.shaded.io.grpc.protobuf.lite.ProtoLiteUtils$MessageMarshaller@49558b21, schemaDescriptor=com.alibaba.nacos.api.grpc.auto.RequestGrpc$RequestMethodDescriptorSupplier@3941daf9}}}}]]
	at com.alibaba.nacos.shaded.com.google.common.util.concurrent.AbstractFuture.get(AbstractFuture.java:535) ~[nacos-client-3.1.1.jar:na]
	at com.alibaba.nacos.common.remote.client.grpc.GrpcClient.serverCheck(GrpcClient.java:234) ~[nacos-client-3.1.1.jar:na]
	at com.alibaba.nacos.common.remote.client.grpc.GrpcClient.connectToServer(GrpcClient.java:346) ~[nacos-client-3.1.1.jar:na]
	at com.alibaba.nacos.common.remote.client.RpcClient.reconnect(RpcClient.java:504) ~[nacos-client-3.1.1.jar:na]
	at com.alibaba.nacos.common.remote.client.RpcClient.lambda$start$1(RpcClient.java:330) ~[nacos-client-3.1.1.jar:na]
	at java.base/java.util.concurrent.Executors$RunnableAdapter.call(Executors.java:545) ~[na:na]
	at java.base/java.util.concurrent.FutureTask.run(FutureTask.java:330) ~[na:na]
	at java.base/java.util.concurrent.ScheduledThreadPoolExecutor$ScheduledFutureTask.run(ScheduledThreadPoolExecutor.java:309) ~[na:na]
	at java.base/java.util.concurrent.ThreadPoolExecutor.runWorker(ThreadPoolExecutor.java:1090) ~[na:na]
	at java.base/java.util.concurrent.ThreadPoolExecutor$Worker.run(ThreadPoolExecutor.java:614) ~[na:na]
	at java.base/java.lang.Thread.run(Thread.java:1516) ~[na:na]
2026-08-02 02:00:31.441 [com.alibaba.nacos.client.remote.worker.0] [none] INFO  c.alibaba.nacos.common.remote.client - [34e92d24-b89c-4567-ab43-8eb9dcd12c9a_config-0] Fail to connect server, after trying 4 times, last try server is {serverIp = '129.204.152.168', server main port = 8848}, error = unknown
2026-08-02 02:00:31.545 [com.alibaba.nacos.client.remote.worker.1] [none] ERROR c.a.n.c.r.client.grpc.GrpcClient - Server check fail, please check server 129.204.152.168, port 9848 is available, error ={}
java.util.concurrent.TimeoutException: Waited 3000 milliseconds (plus 1 milliseconds, 928700 nanoseconds delay) for com.alibaba.nacos.shaded.io.grpc.stub.ClientCalls$GrpcFuture@60e3dc04[status=PENDING, info=[GrpcFuture{clientCall=PendingCall{realCall=ClientCallImpl{method=MethodDescriptor{fullMethodName=Request/request, type=UNARY, idempotent=false, safe=false, sampledToLocalTracing=true, requestMarshaller=com.alibaba.nacos.shaded.io.grpc.protobuf.lite.ProtoLiteUtils$MessageMarshaller@6fe65953, responseMarshaller=com.alibaba.nacos.shaded.io.grpc.protobuf.lite.ProtoLiteUtils$MessageMarshaller@49558b21, schemaDescriptor=com.alibaba.nacos.api.grpc.auto.RequestGrpc$RequestMethodDescriptorSupplier@3941daf9}}}}]]
	at com.alibaba.nacos.shaded.com.google.common.util.concurrent.AbstractFuture.get(AbstractFuture.java:535) ~[nacos-client-3.1.1.jar:na]
	at com.alibaba.nacos.common.remote.client.grpc.GrpcClient.serverCheck(GrpcClient.java:234) ~[nacos-client-3.1.1.jar:na]
	at com.alibaba.nacos.common.remote.client.grpc.GrpcClient.connectToServer(GrpcClient.java:346) ~[nacos-client-3.1.1.jar:na]
	at com.alibaba.nacos.common.remote.client.RpcClient.reconnect(RpcClient.java:504) ~[nacos-client-3.1.1.jar:na]
	at com.alibaba.nacos.common.remote.client.RpcClient.lambda$start$1(RpcClient.java:330) ~[nacos-client-3.1.1.jar:na]
	at java.base/java.util.concurrent.Executors$RunnableAdapter.call(Executors.java:545) ~[na:na]
	at java.base/java.util.concurrent.FutureTask.run(FutureTask.java:330) ~[na:na]
	at java.base/java.util.concurrent.ScheduledThreadPoolExecutor$ScheduledFutureTask.run(ScheduledThreadPoolExecutor.java:309) ~[na:na]
	at java.base/java.util.concurrent.ThreadPoolExecutor.runWorker(ThreadPoolExecutor.java:1090) ~[na:na]
	at java.base/java.util.concurrent.ThreadPoolExecutor$Worker.run(ThreadPoolExecutor.java:614) ~[na:na]
	at java.base/java.lang.Thread.run(Thread.java:1516) ~[na:na]
2026-08-02 02:00:31.545 [com.alibaba.nacos.client.remote.worker.1] [none] INFO  c.alibaba.nacos.common.remote.client - [6d1e68d9-ad5d-45e7-abd8-80a910efc20a] Fail to connect server, after trying 4 times, last try server is {serverIp = '129.204.152.168', server main port = 8848}, error = unknown
2026-08-02 02:00:31.732 [com.alibaba.nacos.client.remote.worker.1] [none] ERROR c.a.n.c.r.client.grpc.GrpcClient - Server check fail, please check server 129.204.152.168, port 9848 is available, error ={}
java.util.concurrent.TimeoutException: Waited 3000 milliseconds (plus 819600 nanoseconds delay) for com.alibaba.nacos.shaded.io.grpc.stub.ClientCalls$GrpcFuture@6729509d[status=PENDING, info=[GrpcFuture{clientCall=PendingCall{realCall=ClientCallImpl{method=MethodDescriptor{fullMethodName=Request/request, type=UNARY, idempotent=false, safe=false, sampledToLocalTracing=true, requestMarshaller=com.alibaba.nacos.shaded.io.grpc.protobuf.lite.ProtoLiteUtils$MessageMarshaller@6fe65953, responseMarshaller=com.alibaba.nacos.shaded.io.grpc.protobuf.lite.ProtoLiteUtils$MessageMarshaller@49558b21, schemaDescriptor=com.alibaba.nacos.api.grpc.auto.RequestGrpc$RequestMethodDescriptorSupplier@3941daf9}}}}]]
	at com.alibaba.nacos.shaded.com.google.common.util.concurrent.AbstractFuture.get(AbstractFuture.java:535) ~[nacos-client-3.1.1.jar:na]
	at com.alibaba.nacos.common.remote.client.grpc.GrpcClient.serverCheck(GrpcClient.java:234) ~[nacos-client-3.1.1.jar:na]
	at com.alibaba.nacos.common.remote.client.grpc.GrpcClient.connectToServer(GrpcClient.java:346) ~[nacos-client-3.1.1.jar:na]
	at com.alibaba.nacos.common.remote.client.RpcClient.reconnect(RpcClient.java:504) ~[nacos-client-3.1.1.jar:na]
	at com.alibaba.nacos.common.remote.client.RpcClient.lambda$start$1(RpcClient.java:330) ~[nacos-client-3.1.1.jar:na]
	at java.base/java.util.concurrent.Executors$RunnableAdapter.call(Executors.java:545) ~[na:na]
	at java.base/java.util.concurrent.FutureTask.run(FutureTask.java:330) ~[na:na]
	at java.base/java.util.concurrent.ScheduledThreadPoolExecutor$ScheduledFutureTask.run(ScheduledThreadPoolExecutor.java:309) ~[na:na]
	at java.base/java.util.concurrent.ThreadPoolExecutor.runWorker(ThreadPoolExecutor.java:1090) ~[na:na]
	at java.base/java.util.concurrent.ThreadPoolExecutor$Worker.run(ThreadPoolExecutor.java:614) ~[na:na]
	at java.base/java.lang.Thread.run(Thread.java:1516) ~[na:na]
2026-08-02 02:00:31.732 [com.alibaba.nacos.client.remote.worker.1] [none] INFO  c.alibaba.nacos.common.remote.client - [d1cdffba-cc99-4efe-bbf1-a6a1910612ab_config-0] Fail to connect server, after trying 4 times, last try server is {serverIp = '129.204.152.168', server main port = 8848}, error = unknown
2026-08-02 02:00:31.943 [com.alibaba.nacos.client.remote.worker.0] [none] INFO  c.a.n.c.r.client.grpc.GrpcClient - grpc client connection server: 129.204.152.168 ip, serverPort: 9848, grpcTslConfig: {"enableTls":false,"mutualAuthEnable":false,"trustAll":true}
2026-08-02 02:00:32.047 [com.alibaba.nacos.client.remote.worker.1] [none] INFO  c.a.n.c.r.client.grpc.GrpcClient - grpc client connection server: 129.204.152.168 ip, serverPort: 9848, grpcTslConfig: {"enableTls":false,"mutualAuthEnable":false,"trustAll":true}
2026-08-02 02:00:32.062 [com.alibaba.nacos.client.remote.worker.0] [none] ERROR c.a.n.c.r.client.grpc.GrpcClient - Server check fail, please check server 129.204.152.168, port 9848 is available, error ={}
java.util.concurrent.TimeoutException: Waited 3000 milliseconds (plus 1 milliseconds, 645400 nanoseconds delay) for com.alibaba.nacos.shaded.io.grpc.stub.ClientCalls$GrpcFuture@498c1e55[status=PENDING, info=[GrpcFuture{clientCall=PendingCall{realCall=ClientCallImpl{method=MethodDescriptor{fullMethodName=Request/request, type=UNARY, idempotent=false, safe=false, sampledToLocalTracing=true, requestMarshaller=com.alibaba.nacos.shaded.io.grpc.protobuf.lite.ProtoLiteUtils$MessageMarshaller@6fe65953, responseMarshaller=com.alibaba.nacos.shaded.io.grpc.protobuf.lite.ProtoLiteUtils$MessageMarshaller@49558b21, schemaDescriptor=com.alibaba.nacos.api.grpc.auto.RequestGrpc$RequestMethodDescriptorSupplier@3941daf9}}}}]]
	at com.alibaba.nacos.shaded.com.google.common.util.concurrent.AbstractFuture.get(AbstractFuture.java:535) ~[nacos-client-3.1.1.jar:na]
	at com.alibaba.nacos.common.remote.client.grpc.GrpcClient.serverCheck(GrpcClient.java:234) ~[nacos-client-3.1.1.jar:na]
	at com.alibaba.nacos.common.remote.client.grpc.GrpcClient.connectToServer(GrpcClient.java:346) ~[nacos-client-3.1.1.jar:na]
	at com.alibaba.nacos.common.remote.client.RpcClient.reconnect(RpcClient.java:504) ~[nacos-client-3.1.1.jar:na]
	at com.alibaba.nacos.common.remote.client.RpcClient.lambda$start$1(RpcClient.java:330) ~[nacos-client-3.1.1.jar:na]
	at java.base/java.util.concurrent.Executors$RunnableAdapter.call(Executors.java:545) ~[na:na]
	at java.base/java.util.concurrent.FutureTask.run(FutureTask.java:330) ~[na:na]
	at java.base/java.util.concurrent.ScheduledThreadPoolExecutor$ScheduledFutureTask.run(ScheduledThreadPoolExecutor.java:309) ~[na:na]
	at java.base/java.util.concurrent.ThreadPoolExecutor.runWorker(ThreadPoolExecutor.java:1090) ~[na:na]
	at java.base/java.util.concurrent.ThreadPoolExecutor$Worker.run(ThreadPoolExecutor.java:614) ~[na:na]
	at java.base/java.lang.Thread.run(Thread.java:1516) ~[na:na]
2026-08-02 02:00:32.062 [com.alibaba.nacos.client.remote.worker.0] [none] INFO  c.alibaba.nacos.common.remote.client - [16c40082-ff3d-4d05-b22b-5148a98ebfe0_config-0] Fail to connect server, after trying 4 times, last try server is {serverIp = '129.204.152.168', server main port = 8848}, error = unknown
2026-08-02 02:00:32.235 [com.alibaba.nacos.client.remote.worker.1] [none] INFO  c.a.n.c.r.client.grpc.GrpcClient - grpc client connection server: 129.204.152.168 ip, serverPort: 9848, grpcTslConfig: {"enableTls":false,"mutualAuthEnable":false,"trustAll":true}
2026-08-02 02:00:32.565 [com.alibaba.nacos.client.remote.worker.0] [none] INFO  c.a.n.c.r.client.grpc.GrpcClient - grpc client connection server: 129.204.152.168 ip, serverPort: 9848, grpcTslConfig: {"enableTls":false,"mutualAuthEnable":false,"trustAll":true}
2026-08-02 02:00:33.855 [com.alibaba.nacos.naming.failover.0] [none] DEBUG com.alibaba.nacos.client.naming - failover switch is not found, 00-00---000-VIPSRV_FAILOVER_SWITCH-000---00-00
2026-08-02 02:00:34.946 [com.alibaba.nacos.client.remote.worker.0] [none] ERROR c.a.n.c.r.client.grpc.GrpcClient - Server check fail, please check server 129.204.152.168, port 9848 is available, error ={}
java.util.concurrent.TimeoutException: Waited 3000 milliseconds (plus 1 milliseconds, 366800 nanoseconds delay) for com.alibaba.nacos.shaded.io.grpc.stub.ClientCalls$GrpcFuture@68735bc8[status=PENDING, info=[GrpcFuture{clientCall=PendingCall{realCall=ClientCallImpl{method=MethodDescriptor{fullMethodName=Request/request, type=UNARY, idempotent=false, safe=false, sampledToLocalTracing=true, requestMarshaller=com.alibaba.nacos.shaded.io.grpc.protobuf.lite.ProtoLiteUtils$MessageMarshaller@6fe65953, responseMarshaller=com.alibaba.nacos.shaded.io.grpc.protobuf.lite.ProtoLiteUtils$MessageMarshaller@49558b21, schemaDescriptor=com.alibaba.nacos.api.grpc.auto.RequestGrpc$RequestMethodDescriptorSupplier@3941daf9}}}}]]
	at com.alibaba.nacos.shaded.com.google.common.util.concurrent.AbstractFuture.get(AbstractFuture.java:535) ~[nacos-client-3.1.1.jar:na]
	at com.alibaba.nacos.common.remote.client.grpc.GrpcClient.serverCheck(GrpcClient.java:234) ~[nacos-client-3.1.1.jar:na]
	at com.alibaba.nacos.common.remote.client.grpc.GrpcClient.connectToServer(GrpcClient.java:346) ~[nacos-client-3.1.1.jar:na]
	at com.alibaba.nacos.common.remote.client.RpcClient.reconnect(RpcClient.java:504) ~[nacos-client-3.1.1.jar:na]
	at com.alibaba.nacos.common.remote.client.RpcClient.lambda$start$1(RpcClient.java:330) ~[nacos-client-3.1.1.jar:na]
	at java.base/java.util.concurrent.Executors$RunnableAdapter.call(Executors.java:545) ~[na:na]
	at java.base/java.util.concurrent.FutureTask.run(FutureTask.java:330) ~[na:na]
	at java.base/java.util.concurrent.ScheduledThreadPoolExecutor$ScheduledFutureTask.run(ScheduledThreadPoolExecutor.java:309) ~[na:na]
	at java.base/java.util.concurrent.ThreadPoolExecutor.runWorker(ThreadPoolExecutor.java:1090) ~[na:na]
	at java.base/java.util.concurrent.ThreadPoolExecutor$Worker.run(ThreadPoolExecutor.java:614) ~[na:na]
	at java.base/java.lang.Thread.run(Thread.java:1516) ~[na:na]
2026-08-02 02:00:34.946 [com.alibaba.nacos.client.remote.worker.0] [none] INFO  c.alibaba.nacos.common.remote.client - [34e92d24-b89c-4567-ab43-8eb9dcd12c9a_config-0] Fail to connect server, after trying 5 times, last try server is {serverIp = '129.204.152.168', server main port = 8848}, error = unknown
2026-08-02 02:00:35.049 [com.alibaba.nacos.client.remote.worker.1] [none] ERROR c.a.n.c.r.client.grpc.GrpcClient - Server check fail, please check server 129.204.152.168, port 9848 is available, error ={}
java.util.concurrent.TimeoutException: Waited 3000 milliseconds (plus 427100 nanoseconds delay) for com.alibaba.nacos.shaded.io.grpc.stub.ClientCalls$GrpcFuture@57772d23[status=PENDING, info=[GrpcFuture{clientCall=PendingCall{realCall=ClientCallImpl{method=MethodDescriptor{fullMethodName=Request/request, type=UNARY, idempotent=false, safe=false, sampledToLocalTracing=true, requestMarshaller=com.alibaba.nacos.shaded.io.grpc.protobuf.lite.ProtoLiteUtils$MessageMarshaller@6fe65953, responseMarshaller=com.alibaba.nacos.shaded.io.grpc.protobuf.lite.ProtoLiteUtils$MessageMarshaller@49558b21, schemaDescriptor=com.alibaba.nacos.api.grpc.auto.RequestGrpc$RequestMethodDescriptorSupplier@3941daf9}}}}]]
	at com.alibaba.nacos.shaded.com.google.common.util.concurrent.AbstractFuture.get(AbstractFuture.java:535) ~[nacos-client-3.1.1.jar:na]
	at com.alibaba.nacos.common.remote.client.grpc.GrpcClient.serverCheck(GrpcClient.java:234) ~[nacos-client-3.1.1.jar:na]
	at com.alibaba.nacos.common.remote.client.grpc.GrpcClient.connectToServer(GrpcClient.java:346) ~[nacos-client-3.1.1.jar:na]
	at com.alibaba.nacos.common.remote.client.RpcClient.reconnect(RpcClient.java:504) ~[nacos-client-3.1.1.jar:na]
	at com.alibaba.nacos.common.remote.client.RpcClient.lambda$start$1(RpcClient.java:330) ~[nacos-client-3.1.1.jar:na]
	at java.base/java.util.concurrent.Executors$RunnableAdapter.call(Executors.java:545) ~[na:na]
	at java.base/java.util.concurrent.FutureTask.run(FutureTask.java:330) ~[na:na]
	at java.base/java.util.concurrent.ScheduledThreadPoolExecutor$ScheduledFutureTask.run(ScheduledThreadPoolExecutor.java:309) ~[na:na]
	at java.base/java.util.concurrent.ThreadPoolExecutor.runWorker(ThreadPoolExecutor.java:1090) ~[na:na]
	at java.base/java.util.concurrent.ThreadPoolExecutor$Worker.run(ThreadPoolExecutor.java:614) ~[na:na]
	at java.base/java.lang.Thread.run(Thread.java:1516) ~[na:na]
2026-08-02 02:00:35.049 [com.alibaba.nacos.client.remote.worker.1] [none] INFO  c.alibaba.nacos.common.remote.client - [6d1e68d9-ad5d-45e7-abd8-80a910efc20a] Fail to connect server, after trying 5 times, last try server is {serverIp = '129.204.152.168', server main port = 8848}, error = unknown
2026-08-02 02:00:35.236 [com.alibaba.nacos.client.remote.worker.1] [none] ERROR c.a.n.c.r.client.grpc.GrpcClient - Server check fail, please check server 129.204.152.168, port 9848 is available, error ={}
java.util.concurrent.TimeoutException: Waited 3000 milliseconds (plus 620700 nanoseconds delay) for com.alibaba.nacos.shaded.io.grpc.stub.ClientCalls$GrpcFuture@34a8d3f1[status=PENDING, info=[GrpcFuture{clientCall=PendingCall{realCall=ClientCallImpl{method=MethodDescriptor{fullMethodName=Request/request, type=UNARY, idempotent=false, safe=false, sampledToLocalTracing=true, requestMarshaller=com.alibaba.nacos.shaded.io.grpc.protobuf.lite.ProtoLiteUtils$MessageMarshaller@6fe65953, responseMarshaller=com.alibaba.nacos.shaded.io.grpc.protobuf.lite.ProtoLiteUtils$MessageMarshaller@49558b21, schemaDescriptor=com.alibaba.nacos.api.grpc.auto.RequestGrpc$RequestMethodDescriptorSupplier@3941daf9}}}}]]
	at com.alibaba.nacos.shaded.com.google.common.util.concurrent.AbstractFuture.get(AbstractFuture.java:535) ~[nacos-client-3.1.1.jar:na]
	at com.alibaba.nacos.common.remote.client.grpc.GrpcClient.serverCheck(GrpcClient.java:234) ~[nacos-client-3.1.1.jar:na]
	at com.alibaba.nacos.common.remote.client.grpc.GrpcClient.connectToServer(GrpcClient.java:346) ~[nacos-client-3.1.1.jar:na]
	at com.alibaba.nacos.common.remote.client.RpcClient.reconnect(RpcClient.java:504) ~[nacos-client-3.1.1.jar:na]
	at com.alibaba.nacos.common.remote.client.RpcClient.lambda$start$1(RpcClient.java:330) ~[nacos-client-3.1.1.jar:na]
	at java.base/java.util.concurrent.Executors$RunnableAdapter.call(Executors.java:545) ~[na:na]
	at java.base/java.util.concurrent.FutureTask.run(FutureTask.java:330) ~[na:na]
	at java.base/java.util.concurrent.ScheduledThreadPoolExecutor$ScheduledFutureTask.run(ScheduledThreadPoolExecutor.java:309) ~[na:na]
	at java.base/java.util.concurrent.ThreadPoolExecutor.runWorker(ThreadPoolExecutor.java:1090) ~[na:na]
	at java.base/java.util.concurrent.ThreadPoolExecutor$Worker.run(ThreadPoolExecutor.java:614) ~[na:na]
	at java.base/java.lang.Thread.run(Thread.java:1516) ~[na:na]
2026-08-02 02:00:35.237 [com.alibaba.nacos.client.remote.worker.1] [none] INFO  c.alibaba.nacos.common.remote.client - [d1cdffba-cc99-4efe-bbf1-a6a1910612ab_config-0] Fail to connect server, after trying 5 times, last try server is {serverIp = '129.204.152.168', server main port = 8848}, error = unknown
2026-08-02 02:00:35.547 [com.alibaba.nacos.client.remote.worker.0] [none] INFO  c.a.n.c.r.client.grpc.GrpcClient - grpc client connection server: 129.204.152.168 ip, serverPort: 9848, grpcTslConfig: {"enableTls":false,"mutualAuthEnable":false,"trustAll":true}
2026-08-02 02:00:35.570 [com.alibaba.nacos.client.remote.worker.0] [none] ERROR c.a.n.c.r.client.grpc.GrpcClient - Server check fail, please check server 129.204.152.168, port 9848 is available, error ={}
java.util.concurrent.TimeoutException: Waited 3000 milliseconds (plus 73500 nanoseconds delay) for com.alibaba.nacos.shaded.io.grpc.stub.ClientCalls$GrpcFuture@61a322f3[status=PENDING, info=[GrpcFuture{clientCall=ClientCallImpl{method=MethodDescriptor{fullMethodName=Request/request, type=UNARY, idempotent=false, safe=false, sampledToLocalTracing=true, requestMarshaller=com.alibaba.nacos.shaded.io.grpc.protobuf.lite.ProtoLiteUtils$MessageMarshaller@6fe65953, responseMarshaller=com.alibaba.nacos.shaded.io.grpc.protobuf.lite.ProtoLiteUtils$MessageMarshaller@49558b21, schemaDescriptor=com.alibaba.nacos.api.grpc.auto.RequestGrpc$RequestMethodDescriptorSupplier@3941daf9}}}]]
	at com.alibaba.nacos.shaded.com.google.common.util.concurrent.AbstractFuture.get(AbstractFuture.java:535) ~[nacos-client-3.1.1.jar:na]
	at com.alibaba.nacos.common.remote.client.grpc.GrpcClient.serverCheck(GrpcClient.java:234) ~[nacos-client-3.1.1.jar:na]
	at com.alibaba.nacos.common.remote.client.grpc.GrpcClient.connectToServer(GrpcClient.java:346) ~[nacos-client-3.1.1.jar:na]
	at com.alibaba.nacos.common.remote.client.RpcClient.reconnect(RpcClient.java:504) ~[nacos-client-3.1.1.jar:na]
	at com.alibaba.nacos.common.remote.client.RpcClient.lambda$start$1(RpcClient.java:330) ~[nacos-client-3.1.1.jar:na]
	at java.base/java.util.concurrent.Executors$RunnableAdapter.call(Executors.java:545) ~[na:na]
	at java.base/java.util.concurrent.FutureTask.run(FutureTask.java:330) ~[na:na]
	at java.base/java.util.concurrent.ScheduledThreadPoolExecutor$ScheduledFutureTask.run(ScheduledThreadPoolExecutor.java:309) ~[na:na]
	at java.base/java.util.concurrent.ThreadPoolExecutor.runWorker(ThreadPoolExecutor.java:1090) ~[na:na]
	at java.base/java.util.concurrent.ThreadPoolExecutor$Worker.run(ThreadPoolExecutor.java:614) ~[na:na]
	at java.base/java.lang.Thread.run(Thread.java:1516) ~[na:na]
2026-08-02 02:00:35.570 [com.alibaba.nacos.client.remote.worker.0] [none] INFO  c.alibaba.nacos.common.remote.client - [16c40082-ff3d-4d05-b22b-5148a98ebfe0_config-0] Fail to connect server, after trying 5 times, last try server is {serverIp = '129.204.152.168', server main port = 8848}, error = unknown
2026-08-02 02:00:35.651 [com.alibaba.nacos.client.remote.worker.1] [none] INFO  c.a.n.c.r.client.grpc.GrpcClient - grpc client connection server: 129.204.152.168 ip, serverPort: 9848, grpcTslConfig: {"enableTls":false,"mutualAuthEnable":false,"trustAll":true}
2026-08-02 02:00:35.838 [com.alibaba.nacos.client.remote.worker.1] [none] INFO  c.a.n.c.r.client.grpc.GrpcClient - grpc client connection server: 129.204.152.168 ip, serverPort: 9848, grpcTslConfig: {"enableTls":false,"mutualAuthEnable":false,"trustAll":true}
2026-08-02 02:00:36.171 [com.alibaba.nacos.client.remote.worker.0] [none] INFO  c.a.n.c.r.client.grpc.GrpcClient - grpc client connection server: 129.204.152.168 ip, serverPort: 9848, grpcTslConfig: {"enableTls":false,"mutualAuthEnable":false,"trustAll":true}
2026-08-02 02:00:38.548 [com.alibaba.nacos.client.remote.worker.0] [none] ERROR c.a.n.c.r.client.grpc.GrpcClient - Server check fail, please check server 129.204.152.168, port 9848 is available, error ={}
java.util.concurrent.TimeoutException: Waited 3000 milliseconds (plus 88800 nanoseconds delay) for com.alibaba.nacos.shaded.io.grpc.stub.ClientCalls$GrpcFuture@6297fb62[status=PENDING, info=[GrpcFuture{clientCall=PendingCall{realCall=ClientCallImpl{method=MethodDescriptor{fullMethodName=Request/request, type=UNARY, idempotent=false, safe=false, sampledToLocalTracing=true, requestMarshaller=com.alibaba.nacos.shaded.io.grpc.protobuf.lite.ProtoLiteUtils$MessageMarshaller@6fe65953, responseMarshaller=com.alibaba.nacos.shaded.io.grpc.protobuf.lite.ProtoLiteUtils$MessageMarshaller@49558b21, schemaDescriptor=com.alibaba.nacos.api.grpc.auto.RequestGrpc$RequestMethodDescriptorSupplier@3941daf9}}}}]]
	at com.alibaba.nacos.shaded.com.google.common.util.concurrent.AbstractFuture.get(AbstractFuture.java:535) ~[nacos-client-3.1.1.jar:na]
	at com.alibaba.nacos.common.remote.client.grpc.GrpcClient.serverCheck(GrpcClient.java:234) ~[nacos-client-3.1.1.jar:na]
	at com.alibaba.nacos.common.remote.client.grpc.GrpcClient.connectToServer(GrpcClient.java:346) ~[nacos-client-3.1.1.jar:na]
	at com.alibaba.nacos.common.remote.client.RpcClient.reconnect(RpcClient.java:504) ~[nacos-client-3.1.1.jar:na]
	at com.alibaba.nacos.common.remote.client.RpcClient.lambda$start$1(RpcClient.java:330) ~[nacos-client-3.1.1.jar:na]
	at java.base/java.util.concurrent.Executors$RunnableAdapter.call(Executors.java:545) ~[na:na]
	at java.base/java.util.concurrent.FutureTask.run(FutureTask.java:330) ~[na:na]
	at java.base/java.util.concurrent.ScheduledThreadPoolExecutor$ScheduledFutureTask.run(ScheduledThreadPoolExecutor.java:309) ~[na:na]
	at java.base/java.util.concurrent.ThreadPoolExecutor.runWorker(ThreadPoolExecutor.java:1090) ~[na:na]
	at java.base/java.util.concurrent.ThreadPoolExecutor$Worker.run(ThreadPoolExecutor.java:614) ~[na:na]
	at java.base/java.lang.Thread.run(Thread.java:1516) ~[na:na]
2026-08-02 02:00:38.548 [com.alibaba.nacos.client.remote.worker.0] [none] INFO  c.alibaba.nacos.common.remote.client - [34e92d24-b89c-4567-ab43-8eb9dcd12c9a_config-0] Fail to connect server, after trying 6 times, last try server is {serverIp = '129.204.152.168', server main port = 8848}, error = unknown
2026-08-02 02:00:38.655 [com.alibaba.nacos.client.remote.worker.1] [none] ERROR c.a.n.c.r.client.grpc.GrpcClient - Server check fail, please check server 129.204.152.168, port 9848 is available, error ={}
java.util.concurrent.TimeoutException: Waited 3000 milliseconds (plus 2 milliseconds, 742200 nanoseconds delay) for com.alibaba.nacos.shaded.io.grpc.stub.ClientCalls$GrpcFuture@54bce326[status=PENDING, info=[GrpcFuture{clientCall=PendingCall{realCall=ClientCallImpl{method=MethodDescriptor{fullMethodName=Request/request, type=UNARY, idempotent=false, safe=false, sampledToLocalTracing=true, requestMarshaller=com.alibaba.nacos.shaded.io.grpc.protobuf.lite.ProtoLiteUtils$MessageMarshaller@6fe65953, responseMarshaller=com.alibaba.nacos.shaded.io.grpc.protobuf.lite.ProtoLiteUtils$MessageMarshaller@49558b21, schemaDescriptor=com.alibaba.nacos.api.grpc.auto.RequestGrpc$RequestMethodDescriptorSupplier@3941daf9}}}}]]
	at com.alibaba.nacos.shaded.com.google.common.util.concurrent.AbstractFuture.get(AbstractFuture.java:535) ~[nacos-client-3.1.1.jar:na]
	at com.alibaba.nacos.common.remote.client.grpc.GrpcClient.serverCheck(GrpcClient.java:234) ~[nacos-client-3.1.1.jar:na]
	at com.alibaba.nacos.common.remote.client.grpc.GrpcClient.connectToServer(GrpcClient.java:346) ~[nacos-client-3.1.1.jar:na]
	at com.alibaba.nacos.common.remote.client.RpcClient.reconnect(RpcClient.java:504) ~[nacos-client-3.1.1.jar:na]
	at com.alibaba.nacos.common.remote.client.RpcClient.lambda$start$1(RpcClient.java:330) ~[nacos-client-3.1.1.jar:na]
	at java.base/java.util.concurrent.Executors$RunnableAdapter.call(Executors.java:545) ~[na:na]
	at java.base/java.util.concurrent.FutureTask.run(FutureTask.java:330) ~[na:na]
	at java.base/java.util.concurrent.ScheduledThreadPoolExecutor$ScheduledFutureTask.run(ScheduledThreadPoolExecutor.java:309) ~[na:na]
	at java.base/java.util.concurrent.ThreadPoolExecutor.runWorker(ThreadPoolExecutor.java:1090) ~[na:na]
	at java.base/java.util.concurrent.ThreadPoolExecutor$Worker.run(ThreadPoolExecutor.java:614) ~[na:na]
	at java.base/java.lang.Thread.run(Thread.java:1516) ~[na:na]
2026-08-02 02:00:38.656 [com.alibaba.nacos.client.remote.worker.1] [none] INFO  c.alibaba.nacos.common.remote.client - [6d1e68d9-ad5d-45e7-abd8-80a910efc20a] Fail to connect server, after trying 6 times, last try server is {serverIp = '129.204.152.168', server main port = 8848}, error = unknown
2026-08-02 02:00:38.839 [com.alibaba.nacos.client.remote.worker.1] [none] ERROR c.a.n.c.r.client.grpc.GrpcClient - Server check fail, please check server 129.204.152.168, port 9848 is available, error ={}
java.util.concurrent.TimeoutException: Waited 3000 milliseconds (plus 78500 nanoseconds delay) for com.alibaba.nacos.shaded.io.grpc.stub.ClientCalls$GrpcFuture@16ade71b[status=PENDING, info=[GrpcFuture{clientCall=PendingCall{realCall=ClientCallImpl{method=MethodDescriptor{fullMethodName=Request/request, type=UNARY, idempotent=false, safe=false, sampledToLocalTracing=true, requestMarshaller=com.alibaba.nacos.shaded.io.grpc.protobuf.lite.ProtoLiteUtils$MessageMarshaller@6fe65953, responseMarshaller=com.alibaba.nacos.shaded.io.grpc.protobuf.lite.ProtoLiteUtils$MessageMarshaller@49558b21, schemaDescriptor=com.alibaba.nacos.api.grpc.auto.RequestGrpc$RequestMethodDescriptorSupplier@3941daf9}}}}]]
	at com.alibaba.nacos.shaded.com.google.common.util.concurrent.AbstractFuture.get(AbstractFuture.java:535) ~[nacos-client-3.1.1.jar:na]
	at com.alibaba.nacos.common.remote.client.grpc.GrpcClient.serverCheck(GrpcClient.java:234) ~[nacos-client-3.1.1.jar:na]
	at com.alibaba.nacos.common.remote.client.grpc.GrpcClient.connectToServer(GrpcClient.java:346) ~[nacos-client-3.1.1.jar:na]
	at com.alibaba.nacos.common.remote.client.RpcClient.reconnect(RpcClient.java:504) ~[nacos-client-3.1.1.jar:na]
	at com.alibaba.nacos.common.remote.client.RpcClient.lambda$start$1(RpcClient.java:330) ~[nacos-client-3.1.1.jar:na]
	at java.base/java.util.concurrent.Executors$RunnableAdapter.call(Executors.java:545) ~[na:na]
	at java.base/java.util.concurrent.FutureTask.run(FutureTask.java:330) ~[na:na]
	at java.base/java.util.concurrent.ScheduledThreadPoolExecutor$ScheduledFutureTask.run(ScheduledThreadPoolExecutor.java:309) ~[na:na]
	at java.base/java.util.concurrent.ThreadPoolExecutor.runWorker(ThreadPoolExecutor.java:1090) ~[na:na]
	at java.base/java.util.concurrent.ThreadPoolExecutor$Worker.run(ThreadPoolExecutor.java:614) ~[na:na]
	at java.base/java.lang.Thread.run(Thread.java:1516) ~[na:na]
2026-08-02 02:00:38.839 [com.alibaba.nacos.client.remote.worker.1] [none] INFO  c.alibaba.nacos.common.remote.client - [d1cdffba-cc99-4efe-bbf1-a6a1910612ab_config-0] Fail to connect server, after trying 6 times, last try server is {serverIp = '129.204.152.168', server main port = 8848}, error = unknown
2026-08-02 02:00:38.856 [com.alibaba.nacos.naming.failover.0] [none] DEBUG com.alibaba.nacos.client.naming - failover switch is not found, 00-00---000-VIPSRV_FAILOVER_SWITCH-000---00-00
2026-08-02 02:00:39.173 [com.alibaba.nacos.client.remote.worker.0] [none] ERROR c.a.n.c.r.client.grpc.GrpcClient - Server check fail, please check server 129.204.152.168, port 9848 is available, error ={}
java.util.concurrent.TimeoutException: Waited 3000 milliseconds (plus 1 milliseconds, 632300 nanoseconds delay) for com.alibaba.nacos.shaded.io.grpc.stub.ClientCalls$GrpcFuture@3635a108[status=PENDING, info=[GrpcFuture{clientCall=PendingCall{realCall=ClientCallImpl{method=MethodDescriptor{fullMethodName=Request/request, type=UNARY, idempotent=false, safe=false, sampledToLocalTracing=true, requestMarshaller=com.alibaba.nacos.shaded.io.grpc.protobuf.lite.ProtoLiteUtils$MessageMarshaller@6fe65953, responseMarshaller=com.alibaba.nacos.shaded.io.grpc.protobuf.lite.ProtoLiteUtils$MessageMarshaller@49558b21, schemaDescriptor=com.alibaba.nacos.api.grpc.auto.RequestGrpc$RequestMethodDescriptorSupplier@3941daf9}}}}]]
	at com.alibaba.nacos.shaded.com.google.common.util.concurrent.AbstractFuture.get(AbstractFuture.java:535) ~[nacos-client-3.1.1.jar:na]
	at com.alibaba.nacos.common.remote.client.grpc.GrpcClient.serverCheck(GrpcClient.java:234) ~[nacos-client-3.1.1.jar:na]
	at com.alibaba.nacos.common.remote.client.grpc.GrpcClient.connectToServer(GrpcClient.java:346) ~[nacos-client-3.1.1.jar:na]
	at com.alibaba.nacos.common.remote.client.RpcClient.reconnect(RpcClient.java:504) ~[nacos-client-3.1.1.jar:na]
	at com.alibaba.nacos.common.remote.client.RpcClient.lambda$start$1(RpcClient.java:330) ~[nacos-client-3.1.1.jar:na]
	at java.base/java.util.concurrent.Executors$RunnableAdapter.call(Executors.java:545) ~[na:na]
	at java.base/java.util.concurrent.FutureTask.run(FutureTask.java:330) ~[na:na]
	at java.base/java.util.concurrent.ScheduledThreadPoolExecutor$ScheduledFutureTask.run(ScheduledThreadPoolExecutor.java:309) ~[na:na]
	at java.base/java.util.concurrent.ThreadPoolExecutor.runWorker(ThreadPoolExecutor.java:1090) ~[na:na]
	at java.base/java.util.concurrent.ThreadPoolExecutor$Worker.run(ThreadPoolExecutor.java:614) ~[na:na]
	at java.base/java.lang.Thread.run(Thread.java:1516) ~[na:na]
2026-08-02 02:00:39.173 [com.alibaba.nacos.client.remote.worker.0] [none] INFO  c.alibaba.nacos.common.remote.client - [16c40082-ff3d-4d05-b22b-5148a98ebfe0_config-0] Fail to connect server, after trying 6 times, last try server is {serverIp = '129.204.152.168', server main port = 8848}, error = unknown
2026-08-02 02:00:39.251 [com.alibaba.nacos.client.remote.worker.0] [none] INFO  c.a.n.c.r.client.grpc.GrpcClient - grpc client connection server: 129.204.152.168 ip, serverPort: 9848, grpcTslConfig: {"enableTls":false,"mutualAuthEnable":false,"trustAll":true}
2026-08-02 02:00:39.357 [com.alibaba.nacos.client.remote.worker.1] [none] INFO  c.a.n.c.r.client.grpc.GrpcClient - grpc client connection server: 129.204.152.168 ip, serverPort: 9848, grpcTslConfig: {"enableTls":false,"mutualAuthEnable":false,"trustAll":true}
2026-08-02 02:00:39.541 [com.alibaba.nacos.client.remote.worker.1] [none] INFO  c.a.n.c.r.client.grpc.GrpcClient - grpc client connection server: 129.204.152.168 ip, serverPort: 9848, grpcTslConfig: {"enableTls":false,"mutualAuthEnable":false,"trustAll":true}
2026-08-02 02:00:39.875 [com.alibaba.nacos.client.remote.worker.0] [none] INFO  c.a.n.c.r.client.grpc.GrpcClient - grpc client connection server: 129.204.152.168 ip, serverPort: 9848, grpcTslConfig: {"enableTls":false,"mutualAuthEnable":false,"trustAll":true}
2026-08-02 02:00:42.253 [com.alibaba.nacos.client.remote.worker.0] [none] ERROR c.a.n.c.r.client.grpc.GrpcClient - Server check fail, please check server 129.204.152.168, port 9848 is available, error ={}
java.util.concurrent.TimeoutException: Waited 3000 milliseconds (plus 1 milliseconds, 669700 nanoseconds delay) for com.alibaba.nacos.shaded.io.grpc.stub.ClientCalls$GrpcFuture@84f0313[status=PENDING, info=[GrpcFuture{clientCall=PendingCall{realCall=ClientCallImpl{method=MethodDescriptor{fullMethodName=Request/request, type=UNARY, idempotent=false, safe=false, sampledToLocalTracing=true, requestMarshaller=com.alibaba.nacos.shaded.io.grpc.protobuf.lite.ProtoLiteUtils$MessageMarshaller@6fe65953, responseMarshaller=com.alibaba.nacos.shaded.io.grpc.protobuf.lite.ProtoLiteUtils$MessageMarshaller@49558b21, schemaDescriptor=com.alibaba.nacos.api.grpc.auto.RequestGrpc$RequestMethodDescriptorSupplier@3941daf9}}}}]]
	at com.alibaba.nacos.shaded.com.google.common.util.concurrent.AbstractFuture.get(AbstractFuture.java:535) ~[nacos-client-3.1.1.jar:na]
	at com.alibaba.nacos.common.remote.client.grpc.GrpcClient.serverCheck(GrpcClient.java:234) ~[nacos-client-3.1.1.jar:na]
	at com.alibaba.nacos.common.remote.client.grpc.GrpcClient.connectToServer(GrpcClient.java:346) ~[nacos-client-3.1.1.jar:na]
	at com.alibaba.nacos.common.remote.client.RpcClient.reconnect(RpcClient.java:504) ~[nacos-client-3.1.1.jar:na]
	at com.alibaba.nacos.common.remote.client.RpcClient.lambda$start$1(RpcClient.java:330) ~[nacos-client-3.1.1.jar:na]
	at java.base/java.util.concurrent.Executors$RunnableAdapter.call(Executors.java:545) ~[na:na]
	at java.base/java.util.concurrent.FutureTask.run(FutureTask.java:330) ~[na:na]
	at java.base/java.util.concurrent.ScheduledThreadPoolExecutor$ScheduledFutureTask.run(ScheduledThreadPoolExecutor.java:309) ~[na:na]
	at java.base/java.util.concurrent.ThreadPoolExecutor.runWorker(ThreadPoolExecutor.java:1090) ~[na:na]
	at java.base/java.util.concurrent.ThreadPoolExecutor$Worker.run(ThreadPoolExecutor.java:614) ~[na:na]
	at java.base/java.lang.Thread.run(Thread.java:1516) ~[na:na]
2026-08-02 02:00:42.253 [com.alibaba.nacos.client.remote.worker.0] [none] INFO  c.alibaba.nacos.common.remote.client - [34e92d24-b89c-4567-ab43-8eb9dcd12c9a_config-0] Fail to connect server, after trying 7 times, last try server is {serverIp = '129.204.152.168', server main port = 8848}, error = unknown
2026-08-02 02:00:42.359 [com.alibaba.nacos.client.remote.worker.1] [none] ERROR c.a.n.c.r.client.grpc.GrpcClient - Server check fail, please check server 129.204.152.168, port 9848 is available, error ={}
java.util.concurrent.TimeoutException: Waited 3000 milliseconds (plus 779900 nanoseconds delay) for com.alibaba.nacos.shaded.io.grpc.stub.ClientCalls$GrpcFuture@59fe3d1e[status=PENDING, info=[GrpcFuture{clientCall=PendingCall{realCall=ClientCallImpl{method=MethodDescriptor{fullMethodName=Request/request, type=UNARY, idempotent=false, safe=false, sampledToLocalTracing=true, requestMarshaller=com.alibaba.nacos.shaded.io.grpc.protobuf.lite.ProtoLiteUtils$MessageMarshaller@6fe65953, responseMarshaller=com.alibaba.nacos.shaded.io.grpc.protobuf.lite.ProtoLiteUtils$MessageMarshaller@49558b21, schemaDescriptor=com.alibaba.nacos.api.grpc.auto.RequestGrpc$RequestMethodDescriptorSupplier@3941daf9}}}}]]
	at com.alibaba.nacos.shaded.com.google.common.util.concurrent.AbstractFuture.get(AbstractFuture.java:535) ~[nacos-client-3.1.1.jar:na]
	at com.alibaba.nacos.common.remote.client.grpc.GrpcClient.serverCheck(GrpcClient.java:234) ~[nacos-client-3.1.1.jar:na]
	at com.alibaba.nacos.common.remote.client.grpc.GrpcClient.connectToServer(GrpcClient.java:346) ~[nacos-client-3.1.1.jar:na]
	at com.alibaba.nacos.common.remote.client.RpcClient.reconnect(RpcClient.java:504) ~[nacos-client-3.1.1.jar:na]
	at com.alibaba.nacos.common.remote.client.RpcClient.lambda$start$1(RpcClient.java:330) ~[nacos-client-3.1.1.jar:na]
	at java.base/java.util.concurrent.Executors$RunnableAdapter.call(Executors.java:545) ~[na:na]
	at java.base/java.util.concurrent.FutureTask.run(FutureTask.java:330) ~[na:na]
	at java.base/java.util.concurrent.ScheduledThreadPoolExecutor$ScheduledFutureTask.run(ScheduledThreadPoolExecutor.java:309) ~[na:na]
	at java.base/java.util.concurrent.ThreadPoolExecutor.runWorker(ThreadPoolExecutor.java:1090) ~[na:na]
	at java.base/java.util.concurrent.ThreadPoolExecutor$Worker.run(ThreadPoolExecutor.java:614) ~[na:na]
	at java.base/java.lang.Thread.run(Thread.java:1516) ~[na:na]
2026-08-02 02:00:42.359 [com.alibaba.nacos.client.remote.worker.1] [none] INFO  c.alibaba.nacos.common.remote.client - [6d1e68d9-ad5d-45e7-abd8-80a910efc20a] Fail to connect server, after trying 7 times, last try server is {serverIp = '129.204.152.168', server main port = 8848}, error = unknown
2026-08-02 02:00:42.543 [com.alibaba.nacos.client.remote.worker.1] [none] ERROR c.a.n.c.r.client.grpc.GrpcClient - Server check fail, please check server 129.204.152.168, port 9848 is available, error ={}
java.util.concurrent.TimeoutException: Waited 3000 milliseconds (plus 214000 nanoseconds delay) for com.alibaba.nacos.shaded.io.grpc.stub.ClientCalls$GrpcFuture@c4598a0[status=PENDING, info=[GrpcFuture{clientCall=PendingCall{realCall=ClientCallImpl{method=MethodDescriptor{fullMethodName=Request/request, type=UNARY, idempotent=false, safe=false, sampledToLocalTracing=true, requestMarshaller=com.alibaba.nacos.shaded.io.grpc.protobuf.lite.ProtoLiteUtils$MessageMarshaller@6fe65953, responseMarshaller=com.alibaba.nacos.shaded.io.grpc.protobuf.lite.ProtoLiteUtils$MessageMarshaller@49558b21, schemaDescriptor=com.alibaba.nacos.api.grpc.auto.RequestGrpc$RequestMethodDescriptorSupplier@3941daf9}}}}]]
	at com.alibaba.nacos.shaded.com.google.common.util.concurrent.AbstractFuture.get(AbstractFuture.java:535) ~[nacos-client-3.1.1.jar:na]
	at com.alibaba.nacos.common.remote.client.grpc.GrpcClient.serverCheck(GrpcClient.java:234) ~[nacos-client-3.1.1.jar:na]
	at com.alibaba.nacos.common.remote.client.grpc.GrpcClient.connectToServer(GrpcClient.java:346) ~[nacos-client-3.1.1.jar:na]
	at com.alibaba.nacos.common.remote.client.RpcClient.reconnect(RpcClient.java:504) ~[nacos-client-3.1.1.jar:na]
	at com.alibaba.nacos.common.remote.client.RpcClient.lambda$start$1(RpcClient.java:330) ~[nacos-client-3.1.1.jar:na]
	at java.base/java.util.concurrent.Executors$RunnableAdapter.call(Executors.java:545) ~[na:na]
	at java.base/java.util.concurrent.FutureTask.run(FutureTask.java:330) ~[na:na]
	at java.base/java.util.concurrent.ScheduledThreadPoolExecutor$ScheduledFutureTask.run(ScheduledThreadPoolExecutor.java:309) ~[na:na]
	at java.base/java.util.concurrent.ThreadPoolExecutor.runWorker(ThreadPoolExecutor.java:1090) ~[na:na]
	at java.base/java.util.concurrent.ThreadPoolExecutor$Worker.run(ThreadPoolExecutor.java:614) ~[na:na]
	at java.base/java.lang.Thread.run(Thread.java:1516) ~[na:na]
2026-08-02 02:00:42.543 [com.alibaba.nacos.client.remote.worker.1] [none] INFO  c.alibaba.nacos.common.remote.client - [d1cdffba-cc99-4efe-bbf1-a6a1910612ab_config-0] Fail to connect server, after trying 7 times, last try server is {serverIp = '129.204.152.168', server main port = 8848}, error = unknown
2026-08-02 02:00:42.876 [com.alibaba.nacos.client.remote.worker.0] [none] ERROR c.a.n.c.r.client.grpc.GrpcClient - Server check fail, please check server 129.204.152.168, port 9848 is available, error ={}
java.util.concurrent.TimeoutException: Waited 3000 milliseconds (plus 204300 nanoseconds delay) for com.alibaba.nacos.shaded.io.grpc.stub.ClientCalls$GrpcFuture@473f5ab6[status=PENDING, info=[GrpcFuture{clientCall=PendingCall{realCall=ClientCallImpl{method=MethodDescriptor{fullMethodName=Request/request, type=UNARY, idempotent=false, safe=false, sampledToLocalTracing=true, requestMarshaller=com.alibaba.nacos.shaded.io.grpc.protobuf.lite.ProtoLiteUtils$MessageMarshaller@6fe65953, responseMarshaller=com.alibaba.nacos.shaded.io.grpc.protobuf.lite.ProtoLiteUtils$MessageMarshaller@49558b21, schemaDescriptor=com.alibaba.nacos.api.grpc.auto.RequestGrpc$RequestMethodDescriptorSupplier@3941daf9}}}}]]
	at com.alibaba.nacos.shaded.com.google.common.util.concurrent.AbstractFuture.get(AbstractFuture.java:535) ~[nacos-client-3.1.1.jar:na]
	at com.alibaba.nacos.common.remote.client.grpc.GrpcClient.serverCheck(GrpcClient.java:234) ~[nacos-client-3.1.1.jar:na]
	at com.alibaba.nacos.common.remote.client.grpc.GrpcClient.connectToServer(GrpcClient.java:346) ~[nacos-client-3.1.1.jar:na]
	at com.alibaba.nacos.common.remote.client.RpcClient.reconnect(RpcClient.java:504) ~[nacos-client-3.1.1.jar:na]
	at com.alibaba.nacos.common.remote.client.RpcClient.lambda$start$1(RpcClient.java:330) ~[nacos-client-3.1.1.jar:na]
	at java.base/java.util.concurrent.Executors$RunnableAdapter.call(Executors.java:545) ~[na:na]
	at java.base/java.util.concurrent.FutureTask.run(FutureTask.java:330) ~[na:na]
	at java.base/java.util.concurrent.ScheduledThreadPoolExecutor$ScheduledFutureTask.run(ScheduledThreadPoolExecutor.java:309) ~[na:na]
	at java.base/java.util.concurrent.ThreadPoolExecutor.runWorker(ThreadPoolExecutor.java:1090) ~[na:na]
	at java.base/java.util.concurrent.ThreadPoolExecutor$Worker.run(ThreadPoolExecutor.java:614) ~[na:na]
	at java.base/java.lang.Thread.run(Thread.java:1516) ~[na:na]
2026-08-02 02:00:42.877 [com.alibaba.nacos.client.remote.worker.0] [none] INFO  c.alibaba.nacos.common.remote.client - [16c40082-ff3d-4d05-b22b-5148a98ebfe0_config-0] Fail to connect server, after trying 7 times, last try server is {serverIp = '129.204.152.168', server main port = 8848}, error = unknown
2026-08-02 02:00:43.055 [com.alibaba.nacos.client.remote.worker.0] [none] INFO  c.a.n.c.r.client.grpc.GrpcClient - grpc client connection server: 129.204.152.168 ip, serverPort: 9848, grpcTslConfig: {"enableTls":false,"mutualAuthEnable":false,"trustAll":true}
2026-08-02 02:00:43.160 [com.alibaba.nacos.client.remote.worker.1] [none] INFO  c.a.n.c.r.client.grpc.GrpcClient - grpc client connection server: 129.204.152.168 ip, serverPort: 9848, grpcTslConfig: {"enableTls":false,"mutualAuthEnable":false,"trustAll":true}
2026-08-02 02:00:43.343 [com.alibaba.nacos.client.remote.worker.1] [none] INFO  c.a.n.c.r.client.grpc.GrpcClient - grpc client connection server: 129.204.152.168 ip, serverPort: 9848, grpcTslConfig: {"enableTls":false,"mutualAuthEnable":false,"trustAll":true}
2026-08-02 02:00:43.678 [com.alibaba.nacos.client.remote.worker.0] [none] INFO  c.a.n.c.r.client.grpc.GrpcClient - grpc client connection server: 129.204.152.168 ip, serverPort: 9848, grpcTslConfig: {"enableTls":false,"mutualAuthEnable":false,"trustAll":true}
2026-08-02 02:00:43.857 [com.alibaba.nacos.naming.failover.0] [none] DEBUG com.alibaba.nacos.client.naming - failover switch is not found, 00-00---000-VIPSRV_FAILOVER_SWITCH-000---00-00
2026-08-02 02:00:46.057 [com.alibaba.nacos.client.remote.worker.0] [none] ERROR c.a.n.c.r.client.grpc.GrpcClient - Server check fail, please check server 129.204.152.168, port 9848 is available, error ={}
java.util.concurrent.TimeoutException: Waited 3000 milliseconds (plus 777100 nanoseconds delay) for com.alibaba.nacos.shaded.io.grpc.stub.ClientCalls$GrpcFuture@f359e03[status=PENDING, info=[GrpcFuture{clientCall=PendingCall{realCall=ClientCallImpl{method=MethodDescriptor{fullMethodName=Request/request, type=UNARY, idempotent=false, safe=false, sampledToLocalTracing=true, requestMarshaller=com.alibaba.nacos.shaded.io.grpc.protobuf.lite.ProtoLiteUtils$MessageMarshaller@6fe65953, responseMarshaller=com.alibaba.nacos.shaded.io.grpc.protobuf.lite.ProtoLiteUtils$MessageMarshaller@49558b21, schemaDescriptor=com.alibaba.nacos.api.grpc.auto.RequestGrpc$RequestMethodDescriptorSupplier@3941daf9}}}}]]
	at com.alibaba.nacos.shaded.com.google.common.util.concurrent.AbstractFuture.get(AbstractFuture.java:535) ~[nacos-client-3.1.1.jar:na]
	at com.alibaba.nacos.common.remote.client.grpc.GrpcClient.serverCheck(GrpcClient.java:234) ~[nacos-client-3.1.1.jar:na]
	at com.alibaba.nacos.common.remote.client.grpc.GrpcClient.connectToServer(GrpcClient.java:346) ~[nacos-client-3.1.1.jar:na]
	at com.alibaba.nacos.common.remote.client.RpcClient.reconnect(RpcClient.java:504) ~[nacos-client-3.1.1.jar:na]
	at com.alibaba.nacos.common.remote.client.RpcClient.lambda$start$1(RpcClient.java:330) ~[nacos-client-3.1.1.jar:na]
	at java.base/java.util.concurrent.Executors$RunnableAdapter.call(Executors.java:545) ~[na:na]
	at java.base/java.util.concurrent.FutureTask.run(FutureTask.java:330) ~[na:na]
	at java.base/java.util.concurrent.ScheduledThreadPoolExecutor$ScheduledFutureTask.run(ScheduledThreadPoolExecutor.java:309) ~[na:na]
	at java.base/java.util.concurrent.ThreadPoolExecutor.runWorker(ThreadPoolExecutor.java:1090) ~[na:na]
	at java.base/java.util.concurrent.ThreadPoolExecutor$Worker.run(ThreadPoolExecutor.java:614) ~[na:na]
	at java.base/java.lang.Thread.run(Thread.java:1516) ~[na:na]
2026-08-02 02:00:46.057 [com.alibaba.nacos.client.remote.worker.0] [none] INFO  c.alibaba.nacos.common.remote.client - [34e92d24-b89c-4567-ab43-8eb9dcd12c9a_config-0] Fail to connect server, after trying 8 times, last try server is {serverIp = '129.204.152.168', server main port = 8848}, error = unknown
2026-08-02 02:00:46.162 [com.alibaba.nacos.client.remote.worker.1] [none] ERROR c.a.n.c.r.client.grpc.GrpcClient - Server check fail, please check server 129.204.152.168, port 9848 is available, error ={}
java.util.concurrent.TimeoutException: Waited 3000 milliseconds (plus 684000 nanoseconds delay) for com.alibaba.nacos.shaded.io.grpc.stub.ClientCalls$GrpcFuture@10e3ba90[status=PENDING, info=[GrpcFuture{clientCall=PendingCall{realCall=ClientCallImpl{method=MethodDescriptor{fullMethodName=Request/request, type=UNARY, idempotent=false, safe=false, sampledToLocalTracing=true, requestMarshaller=com.alibaba.nacos.shaded.io.grpc.protobuf.lite.ProtoLiteUtils$MessageMarshaller@6fe65953, responseMarshaller=com.alibaba.nacos.shaded.io.grpc.protobuf.lite.ProtoLiteUtils$MessageMarshaller@49558b21, schemaDescriptor=com.alibaba.nacos.api.grpc.auto.RequestGrpc$RequestMethodDescriptorSupplier@3941daf9}}}}]]
	at com.alibaba.nacos.shaded.com.google.common.util.concurrent.AbstractFuture.get(AbstractFuture.java:535) ~[nacos-client-3.1.1.jar:na]
	at com.alibaba.nacos.common.remote.client.grpc.GrpcClient.serverCheck(GrpcClient.java:234) ~[nacos-client-3.1.1.jar:na]
	at com.alibaba.nacos.common.remote.client.grpc.GrpcClient.connectToServer(GrpcClient.java:346) ~[nacos-client-3.1.1.jar:na]
	at com.alibaba.nacos.common.remote.client.RpcClient.reconnect(RpcClient.java:504) ~[nacos-client-3.1.1.jar:na]
	at com.alibaba.nacos.common.remote.client.RpcClient.lambda$start$1(RpcClient.java:330) ~[nacos-client-3.1.1.jar:na]
	at java.base/java.util.concurrent.Executors$RunnableAdapter.call(Executors.java:545) ~[na:na]
	at java.base/java.util.concurrent.FutureTask.run(FutureTask.java:330) ~[na:na]
	at java.base/java.util.concurrent.ScheduledThreadPoolExecutor$ScheduledFutureTask.run(ScheduledThreadPoolExecutor.java:309) ~[na:na]
	at java.base/java.util.concurrent.ThreadPoolExecutor.runWorker(ThreadPoolExecutor.java:1090) ~[na:na]
	at java.base/java.util.concurrent.ThreadPoolExecutor$Worker.run(ThreadPoolExecutor.java:614) ~[na:na]
	at java.base/java.lang.Thread.run(Thread.java:1516) ~[na:na]
2026-08-02 02:00:46.162 [com.alibaba.nacos.client.remote.worker.1] [none] INFO  c.alibaba.nacos.common.remote.client - [6d1e68d9-ad5d-45e7-abd8-80a910efc20a] Fail to connect server, after trying 8 times, last try server is {serverIp = '129.204.152.168', server main port = 8848}, error = unknown
2026-08-02 02:00:46.345 [com.alibaba.nacos.client.remote.worker.1] [none] ERROR c.a.n.c.r.client.grpc.GrpcClient - Server check fail, please check server 129.204.152.168, port 9848 is available, error ={}
java.util.concurrent.TimeoutException: Waited 3000 milliseconds (plus 529800 nanoseconds delay) for com.alibaba.nacos.shaded.io.grpc.stub.ClientCalls$GrpcFuture@df968fa[status=PENDING, info=[GrpcFuture{clientCall=PendingCall{realCall=ClientCallImpl{method=MethodDescriptor{fullMethodName=Request/request, type=UNARY, idempotent=false, safe=false, sampledToLocalTracing=true, requestMarshaller=com.alibaba.nacos.shaded.io.grpc.protobuf.lite.ProtoLiteUtils$MessageMarshaller@6fe65953, responseMarshaller=com.alibaba.nacos.shaded.io.grpc.protobuf.lite.ProtoLiteUtils$MessageMarshaller@49558b21, schemaDescriptor=com.alibaba.nacos.api.grpc.auto.RequestGrpc$RequestMethodDescriptorSupplier@3941daf9}}}}]]
	at com.alibaba.nacos.shaded.com.google.common.util.concurrent.AbstractFuture.get(AbstractFuture.java:535) ~[nacos-client-3.1.1.jar:na]
	at com.alibaba.nacos.common.remote.client.grpc.GrpcClient.serverCheck(GrpcClient.java:234) ~[nacos-client-3.1.1.jar:na]
	at com.alibaba.nacos.common.remote.client.grpc.GrpcClient.connectToServer(GrpcClient.java:346) ~[nacos-client-3.1.1.jar:na]
	at com.alibaba.nacos.common.remote.client.RpcClient.reconnect(RpcClient.java:504) ~[nacos-client-3.1.1.jar:na]
	at com.alibaba.nacos.common.remote.client.RpcClient.lambda$start$1(RpcClient.java:330) ~[nacos-client-3.1.1.jar:na]
	at java.base/java.util.concurrent.Executors$RunnableAdapter.call(Executors.java:545) ~[na:na]
	at java.base/java.util.concurrent.FutureTask.run(FutureTask.java:330) ~[na:na]
	at java.base/java.util.concurrent.ScheduledThreadPoolExecutor$ScheduledFutureTask.run(ScheduledThreadPoolExecutor.java:309) ~[na:na]
	at java.base/java.util.concurrent.ThreadPoolExecutor.runWorker(ThreadPoolExecutor.java:1090) ~[na:na]
	at java.base/java.util.concurrent.ThreadPoolExecutor$Worker.run(ThreadPoolExecutor.java:614) ~[na:na]
	at java.base/java.lang.Thread.run(Thread.java:1516) ~[na:na]
2026-08-02 02:00:46.345 [com.alibaba.nacos.client.remote.worker.1] [none] INFO  c.alibaba.nacos.common.remote.client - [d1cdffba-cc99-4efe-bbf1-a6a1910612ab_config-0] Fail to connect server, after trying 8 times, last try server is {serverIp = '129.204.152.168', server main port = 8848}, error = unknown
2026-08-02 02:00:46.449 [nacos-grpc-client-executor-129.204.152.168-3] [none] INFO  c.alibaba.nacos.common.remote.client - [d1cdffba-cc99-4efe-bbf1-a6a1910612ab_config-0] Receive server push request, request = ClientDetectionRequest, requestId = 309
2026-08-02 02:00:46.449 [nacos-grpc-client-executor-129.204.152.168-3] [none] INFO  c.alibaba.nacos.common.remote.client - [d1cdffba-cc99-4efe-bbf1-a6a1910612ab_config-0] Ack server push request, request = ClientDetectionRequest, requestId = 309
2026-08-02 02:00:46.455 [nacos-grpc-client-executor-129.204.152.168-9] [none] INFO  c.alibaba.nacos.common.remote.client - [16c40082-ff3d-4d05-b22b-5148a98ebfe0_config-0] Receive server push request, request = ClientDetectionRequest, requestId = 334
2026-08-02 02:00:46.455 [nacos-grpc-client-executor-129.204.152.168-9] [none] INFO  c.alibaba.nacos.common.remote.client - [16c40082-ff3d-4d05-b22b-5148a98ebfe0_config-0] Ack server push request, request = ClientDetectionRequest, requestId = 334
2026-08-02 02:00:46.486 [nacos-grpc-client-executor-129.204.152.168-14] [none] INFO  c.alibaba.nacos.common.remote.client - [6d1e68d9-ad5d-45e7-abd8-80a910efc20a] Receive server push request, request = ClientDetectionRequest, requestId = 280
2026-08-02 02:00:46.487 [nacos-grpc-client-executor-129.204.152.168-14] [none] INFO  c.alibaba.nacos.common.remote.client - [6d1e68d9-ad5d-45e7-abd8-80a910efc20a] Ack server push request, request = ClientDetectionRequest, requestId = 280
2026-08-02 02:00:46.498 [nacos-grpc-client-executor-129.204.152.168-9] [none] INFO  c.alibaba.nacos.common.remote.client - [34e92d24-b89c-4567-ab43-8eb9dcd12c9a_config-0] Receive server push request, request = ClientDetectionRequest, requestId = 308
2026-08-02 02:00:46.498 [nacos-grpc-client-executor-129.204.152.168-9] [none] INFO  c.alibaba.nacos.common.remote.client - [34e92d24-b89c-4567-ab43-8eb9dcd12c9a_config-0] Ack server push request, request = ClientDetectionRequest, requestId = 308
2026-08-02 02:00:46.684 [com.alibaba.nacos.client.remote.worker.0] [none] INFO  c.alibaba.nacos.common.remote.client - [16c40082-ff3d-4d05-b22b-5148a98ebfe0_config-0] Success to connect a server [129.204.152.168:8848], connectionId = 1785607246976_172.18.0.1_44162
2026-08-02 02:00:46.684 [com.alibaba.nacos.client.remote.worker.0] [none] INFO  c.alibaba.nacos.common.remote.client - [16c40082-ff3d-4d05-b22b-5148a98ebfe0_config-0] Abandon prev connection, server is 129.204.152.168:8848, connectionId is 1785606994500_172.18.0.1_47170
2026-08-02 02:00:46.685 [com.alibaba.nacos.client.remote.worker.0] [none] INFO  c.alibaba.nacos.common.remote.client - Close current connection 1785606994500_172.18.0.1_47170
2026-08-02 02:00:46.686 [com.alibaba.nacos.client.remote.worker.1] [none] INFO  c.alibaba.nacos.common.remote.client - [16c40082-ff3d-4d05-b22b-5148a98ebfe0_config-0] Notify disconnected event to listeners
2026-08-02 02:00:46.686 [com.alibaba.nacos.client.remote.worker.1] [none] INFO  c.a.n.c.config.impl.ClientWorker - [16c40082-ff3d-4d05-b22b-5148a98ebfe0_config-0] DisConnected,reset listen context
2026-08-02 02:00:46.686 [com.alibaba.nacos.client.remote.worker.1] [none] INFO  c.a.n.c.config.impl.ClientWorker - [16c40082-ff3d-4d05-b22b-5148a98ebfe0_config-0] DisConnected,reset  fuzzy watch consistence status
2026-08-02 02:00:46.686 [com.alibaba.nacos.client.remote.worker.1] [none] INFO  c.alibaba.nacos.common.remote.client - [16c40082-ff3d-4d05-b22b-5148a98ebfe0_config-0] Notify connected event to listeners.
2026-08-02 02:00:46.686 [com.alibaba.nacos.client.remote.worker.1] [none] INFO  c.a.n.c.config.impl.ClientWorker - [16c40082-ff3d-4d05-b22b-5148a98ebfe0_config-0] Connected,notify listen context...
2026-08-02 02:00:46.686 [com.alibaba.nacos.client.remote.worker.1] [none] INFO  c.a.n.c.config.impl.ClientWorker - [16c40082-ff3d-4d05-b22b-5148a98ebfe0_config-0] Connected,notify fuzzy listen context...
2026-08-02 02:00:46.686 [nacos-grpc-client-executor-129.204.152.168-9] [none] WARN  c.a.n.c.r.client.grpc.GrpcClient - [1785606994500_172.18.0.1_47170]Ignore error event,isRunning:true,isAbandon=true
2026-08-02 02:00:46.959 [com.alibaba.nacos.client.remote.worker.0] [none] INFO  c.a.n.c.r.client.grpc.GrpcClient - grpc client connection server: 129.204.152.168 ip, serverPort: 9848, grpcTslConfig: {"enableTls":false,"mutualAuthEnable":false,"trustAll":true}
2026-08-02 02:00:47.062 [com.alibaba.nacos.client.remote.worker.0] [none] INFO  c.alibaba.nacos.common.remote.client - [34e92d24-b89c-4567-ab43-8eb9dcd12c9a_config-0] Success to connect a server [129.204.152.168:8848], connectionId = 1785607247393_172.18.0.1_44306
2026-08-02 02:00:47.062 [com.alibaba.nacos.client.remote.worker.0] [none] INFO  c.alibaba.nacos.common.remote.client - [34e92d24-b89c-4567-ab43-8eb9dcd12c9a_config-0] Abandon prev connection, server is 129.204.152.168:8848, connectionId is 1785606994483_172.18.0.1_47148
2026-08-02 02:00:47.062 [com.alibaba.nacos.client.remote.worker.0] [none] INFO  c.alibaba.nacos.common.remote.client - Close current connection 1785606994483_172.18.0.1_47148
2026-08-02 02:00:47.062 [com.alibaba.nacos.client.remote.worker.1] [none] INFO  c.alibaba.nacos.common.remote.client - [34e92d24-b89c-4567-ab43-8eb9dcd12c9a_config-0] Notify disconnected event to listeners
2026-08-02 02:00:47.062 [com.alibaba.nacos.client.remote.worker.1] [none] INFO  c.a.n.c.config.impl.ClientWorker - [34e92d24-b89c-4567-ab43-8eb9dcd12c9a_config-0] DisConnected,reset listen context
2026-08-02 02:00:47.062 [com.alibaba.nacos.client.remote.worker.1] [none] INFO  c.a.n.c.config.impl.ClientWorker - [34e92d24-b89c-4567-ab43-8eb9dcd12c9a_config-0] DisConnected,reset  fuzzy watch consistence status
2026-08-02 02:00:47.062 [nacos-grpc-client-executor-129.204.152.168-9] [none] WARN  c.a.n.c.r.client.grpc.GrpcClient - [1785606994483_172.18.0.1_47148]Ignore error event,isRunning:true,isAbandon=true
2026-08-02 02:00:47.062 [com.alibaba.nacos.client.remote.worker.1] [none] INFO  c.alibaba.nacos.common.remote.client - [34e92d24-b89c-4567-ab43-8eb9dcd12c9a_config-0] Notify connected event to listeners.
2026-08-02 02:00:47.062 [com.alibaba.nacos.client.remote.worker.1] [none] INFO  c.a.n.c.config.impl.ClientWorker - [34e92d24-b89c-4567-ab43-8eb9dcd12c9a_config-0] Connected,notify listen context...
2026-08-02 02:00:47.062 [com.alibaba.nacos.client.remote.worker.1] [none] INFO  c.a.n.c.config.impl.ClientWorker - [34e92d24-b89c-4567-ab43-8eb9dcd12c9a_config-0] Connected,notify fuzzy listen context...
2026-08-02 02:00:47.065 [com.alibaba.nacos.client.remote.worker.1] [none] INFO  c.a.n.c.r.client.grpc.GrpcClient - grpc client connection server: 129.204.152.168 ip, serverPort: 9848, grpcTslConfig: {"enableTls":false,"mutualAuthEnable":false,"trustAll":true}
2026-08-02 02:00:47.203 [com.alibaba.nacos.client.remote.worker.1] [none] INFO  c.alibaba.nacos.common.remote.client - [6d1e68d9-ad5d-45e7-abd8-80a910efc20a] Success to connect a server [129.204.152.168:8848], connectionId = 1785607247503_172.18.0.1_44382
2026-08-02 02:00:47.203 [com.alibaba.nacos.client.remote.worker.1] [none] INFO  c.alibaba.nacos.common.remote.client - [6d1e68d9-ad5d-45e7-abd8-80a910efc20a] Abandon prev connection, server is 129.204.152.168:8848, connectionId is 1785606994348_172.18.0.1_46970
2026-08-02 02:00:47.203 [com.alibaba.nacos.client.remote.worker.1] [none] INFO  c.alibaba.nacos.common.remote.client - Close current connection 1785606994348_172.18.0.1_46970
2026-08-02 02:00:47.205 [com.alibaba.nacos.client.remote.worker.0] [none] INFO  c.alibaba.nacos.common.remote.client - [6d1e68d9-ad5d-45e7-abd8-80a910efc20a] Notify disconnected event to listeners
2026-08-02 02:00:47.205 [com.alibaba.nacos.client.remote.worker.0] [none] WARN  com.alibaba.nacos.client.naming - Grpc connection disconnect, mark to redo
2026-08-02 02:00:47.205 [com.alibaba.nacos.client.remote.worker.0] [none] WARN  com.alibaba.nacos.client.naming - mark to redo completed
2026-08-02 02:00:47.205 [com.alibaba.nacos.client.remote.worker.0] [none] INFO  c.alibaba.nacos.common.remote.client - [6d1e68d9-ad5d-45e7-abd8-80a910efc20a] Notify connected event to listeners.
2026-08-02 02:00:47.205 [com.alibaba.nacos.client.remote.worker.0] [none] INFO  com.alibaba.nacos.client.naming - Grpc connection connect
2026-08-02 02:00:47.206 [nacos-grpc-client-executor-129.204.152.168-15] [none] WARN  c.a.n.c.r.client.grpc.GrpcClient - [1785606994348_172.18.0.1_46970]Ignore error event,isRunning:true,isAbandon=true
2026-08-02 02:00:47.246 [com.alibaba.nacos.client.remote.worker.1] [none] INFO  c.a.n.c.r.client.grpc.GrpcClient - grpc client connection server: 129.204.152.168 ip, serverPort: 9848, grpcTslConfig: {"enableTls":false,"mutualAuthEnable":false,"trustAll":true}
2026-08-02 02:00:47.383 [com.alibaba.nacos.client.remote.worker.1] [none] INFO  c.alibaba.nacos.common.remote.client - [d1cdffba-cc99-4efe-bbf1-a6a1910612ab_config-0] Success to connect a server [129.204.152.168:8848], connectionId = 1785607247689_172.18.0.1_44572
2026-08-02 02:00:47.383 [com.alibaba.nacos.client.remote.worker.1] [none] INFO  c.alibaba.nacos.common.remote.client - [d1cdffba-cc99-4efe-bbf1-a6a1910612ab_config-0] Abandon prev connection, server is 129.204.152.168:8848, connectionId is 1785606994532_172.18.0.1_47208
2026-08-02 02:00:47.383 [com.alibaba.nacos.client.remote.worker.1] [none] INFO  c.alibaba.nacos.common.remote.client - Close current connection 1785606994532_172.18.0.1_47208
2026-08-02 02:00:47.383 [com.alibaba.nacos.client.remote.worker.0] [none] INFO  c.alibaba.nacos.common.remote.client - [d1cdffba-cc99-4efe-bbf1-a6a1910612ab_config-0] Notify disconnected event to listeners
2026-08-02 02:00:47.385 [com.alibaba.nacos.client.remote.worker.0] [none] INFO  c.a.n.c.config.impl.ClientWorker - [d1cdffba-cc99-4efe-bbf1-a6a1910612ab_config-0] DisConnected,reset listen context
2026-08-02 02:00:47.385 [com.alibaba.nacos.client.remote.worker.0] [none] INFO  c.a.n.c.config.impl.ClientWorker - [d1cdffba-cc99-4efe-bbf1-a6a1910612ab_config-0] DisConnected,reset  fuzzy watch consistence status
2026-08-02 02:00:47.385 [com.alibaba.nacos.client.remote.worker.0] [none] INFO  c.alibaba.nacos.common.remote.client - [d1cdffba-cc99-4efe-bbf1-a6a1910612ab_config-0] Notify connected event to listeners.
2026-08-02 02:00:47.385 [com.alibaba.nacos.client.remote.worker.0] [none] INFO  c.a.n.c.config.impl.ClientWorker - [d1cdffba-cc99-4efe-bbf1-a6a1910612ab_config-0] Connected,notify listen context...
2026-08-02 02:00:47.385 [com.alibaba.nacos.client.remote.worker.0] [none] INFO  c.a.n.c.config.impl.ClientWorker - [d1cdffba-cc99-4efe-bbf1-a6a1910612ab_config-0] Connected,notify fuzzy listen context...
2026-08-02 02:00:47.385 [nacos-grpc-client-executor-129.204.152.168-2] [none] WARN  c.a.n.c.r.client.grpc.GrpcClient - [1785606994532_172.18.0.1_47208]Ignore error event,isRunning:true,isAbandon=true
2026-08-02 02:00:48.857 [com.alibaba.nacos.naming.failover.0] [none] DEBUG com.alibaba.nacos.client.naming - failover switch is not found, 00-00---000-VIPSRV_FAILOVER_SWITCH-000---00-00
2026-08-02 02:00:49.256 [com.alibaba.nacos.client.naming.grpc.redo.0] [none] INFO  com.alibaba.nacos.client.naming - Redo instance operation REGISTER for DEFAULT_GROUP@@mall-auth
2026-08-02 02:00:53.858 [com.alibaba.nacos.naming.failover.0] [none] DEBUG com.alibaba.nacos.client.naming - failover switch is not found, 00-00---000-VIPSRV_FAILOVER_SWITCH-000---00-00
2026-08-02 02:00:58.858 [com.alibaba.nacos.naming.failover.0] [none] DEBUG com.alibaba.nacos.client.naming - failover switch is not found, 00-00---000-VIPSRV_FAILOVER_SWITCH-000---00-00
2026-08-02 02:01:03.860 [com.alibaba.nacos.naming.failover.0] [none] DEBUG com.alibaba.nacos.client.naming - failover switch is not found, 00-00---000-VIPSRV_FAILOVER_SWITCH-000---00-00
2026-08-02 02:01:08.862 [com.alibaba.nacos.naming.failover.0] [none] DEBUG com.alibaba.nacos.client.naming - failover switch is not found, 00-00---000-VIPSRV_FAILOVER_SWITCH-000---00-00
2026-08-02 02:01:13.865 [com.alibaba.nacos.naming.failover.0] [none] DEBUG com.alibaba.nacos.client.naming - failover switch is not found, 00-00---000-VIPSRV_FAILOVER_SWITCH-000---00-00
2026-08-02 02:01:18.867 [com.alibaba.nacos.naming.failover.0] [none] DEBUG com.alibaba.nacos.client.naming - failover switch is not found, 00-00---000-VIPSRV_FAILOVER_SWITCH-000---00-00
2026-08-02 02:01:23.867 [com.alibaba.nacos.naming.failover.0] [none] DEBUG com.alibaba.nacos.client.naming - failover switch is not found, 00-00---000-VIPSRV_FAILOVER_SWITCH-000---00-00
2026-08-02 02:01:28.868 [com.alibaba.nacos.naming.failover.0] [none] DEBUG com.alibaba.nacos.client.naming - failover switch is not found, 00-00---000-VIPSRV_FAILOVER_SWITCH-000---00-00
2026-08-02 02:01:33.870 [com.alibaba.nacos.naming.failover.0] [none] DEBUG com.alibaba.nacos.client.naming - failover switch is not found, 00-00---000-VIPSRV_FAILOVER_SWITCH-000---00-00
2026-08-02 02:01:38.871 [com.alibaba.nacos.naming.failover.0] [none] DEBUG com.alibaba.nacos.client.naming - failover switch is not found, 00-00---000-VIPSRV_FAILOVER_SWITCH-000---00-00
2026-08-02 02:01:43.871 [com.alibaba.nacos.naming.failover.0] [none] DEBUG com.alibaba.nacos.client.naming - failover switch is not found, 00-00---000-VIPSRV_FAILOVER_SWITCH-000---00-00
2026-08-02 02:01:48.872 [com.alibaba.nacos.naming.failover.0] [none] DEBUG com.alibaba.nacos.client.naming - failover switch is not found, 00-00---000-VIPSRV_FAILOVER_SWITCH-000---00-00
2026-08-02 02:01:53.874 [com.alibaba.nacos.naming.failover.0] [none] DEBUG com.alibaba.nacos.client.naming - failover switch is not found, 00-00---000-VIPSRV_FAILOVER_SWITCH-000---00-00
2026-08-02 02:01:58.875 [com.alibaba.nacos.naming.failover.0] [none] DEBUG com.alibaba.nacos.client.naming - failover switch is not found, 00-00---000-VIPSRV_FAILOVER_SWITCH-000---00-00
2026-08-02 02:02:03.875 [com.alibaba.nacos.naming.failover.0] [none] DEBUG com.alibaba.nacos.client.naming - failover switch is not found, 00-00---000-VIPSRV_FAILOVER_SWITCH-000---00-00
2026-08-02 02:02:08.876 [com.alibaba.nacos.naming.failover.0] [none] DEBUG com.alibaba.nacos.client.naming - failover switch is not found, 00-00---000-VIPSRV_FAILOVER_SWITCH-000---00-00
2026-08-02 02:02:13.877 [com.alibaba.nacos.naming.failover.0] [none] DEBUG com.alibaba.nacos.client.naming - failover switch is not found, 00-00---000-VIPSRV_FAILOVER_SWITCH-000---00-00
2026-08-02 02:02:18.879 [com.alibaba.nacos.naming.failover.0] [none] DEBUG com.alibaba.nacos.client.naming - failover switch is not found, 00-00---000-VIPSRV_FAILOVER_SWITCH-000---00-00
2026-08-02 02:02:23.880 [com.alibaba.nacos.naming.failover.0] [none] DEBUG com.alibaba.nacos.client.naming - failover switch is not found, 00-00---000-VIPSRV_FAILOVER_SWITCH-000---00-00
2026-08-02 02:02:28.882 [com.alibaba.nacos.naming.failover.0] [none] DEBUG com.alibaba.nacos.client.naming - failover switch is not found, 00-00---000-VIPSRV_FAILOVER_SWITCH-000---00-00
2026-08-02 02:02:33.884 [com.alibaba.nacos.naming.failover.0] [none] DEBUG com.alibaba.nacos.client.naming - failover switch is not found, 00-00---000-VIPSRV_FAILOVER_SWITCH-000---00-00
2026-08-02 02:02:38.885 [com.alibaba.nacos.naming.failover.0] [none] DEBUG com.alibaba.nacos.client.naming - failover switch is not found, 00-00---000-VIPSRV_FAILOVER_SWITCH-000---00-00
2026-08-02 02:02:43.887 [com.alibaba.nacos.naming.failover.0] [none] DEBUG com.alibaba.nacos.client.naming - failover switch is not found, 00-00---000-VIPSRV_FAILOVER_SWITCH-000---00-00
2026-08-02 02:02:48.888 [com.alibaba.nacos.naming.failover.0] [none] DEBUG com.alibaba.nacos.client.naming - failover switch is not found, 00-00---000-VIPSRV_FAILOVER_SWITCH-000---00-00
2026-08-02 02:02:53.889 [com.alibaba.nacos.naming.failover.0] [none] DEBUG com.alibaba.nacos.client.naming - failover switch is not found, 00-00---000-VIPSRV_FAILOVER_SWITCH-000---00-00
2026-08-02 02:02:58.890 [com.alibaba.nacos.naming.failover.0] [none] DEBUG com.alibaba.nacos.client.naming - failover switch is not found, 00-00---000-VIPSRV_FAILOVER_SWITCH-000---00-00
2026-08-02 02:03:03.890 [com.alibaba.nacos.naming.failover.0] [none] DEBUG com.alibaba.nacos.client.naming - failover switch is not found, 00-00---000-VIPSRV_FAILOVER_SWITCH-000---00-00
2026-08-02 02:03:08.893 [com.alibaba.nacos.naming.failover.0] [none] DEBUG com.alibaba.nacos.client.naming - failover switch is not found, 00-00---000-VIPSRV_FAILOVER_SWITCH-000---00-00
2026-08-02 02:03:13.894 [com.alibaba.nacos.naming.failover.0] [none] DEBUG com.alibaba.nacos.client.naming - failover switch is not found, 00-00---000-VIPSRV_FAILOVER_SWITCH-000---00-00
2026-08-02 02:03:18.895 [com.alibaba.nacos.naming.failover.0] [none] DEBUG com.alibaba.nacos.client.naming - failover switch is not found, 00-00---000-VIPSRV_FAILOVER_SWITCH-000---00-00
2026-08-02 02:03:23.896 [com.alibaba.nacos.naming.failover.0] [none] DEBUG com.alibaba.nacos.client.naming - failover switch is not found, 00-00---000-VIPSRV_FAILOVER_SWITCH-000---00-00
2026-08-02 02:03:28.898 [com.alibaba.nacos.naming.failover.0] [none] DEBUG com.alibaba.nacos.client.naming - failover switch is not found, 00-00---000-VIPSRV_FAILOVER_SWITCH-000---00-00
2026-08-02 02:03:33.900 [com.alibaba.nacos.naming.failover.0] [none] DEBUG com.alibaba.nacos.client.naming - failover switch is not found, 00-00---000-VIPSRV_FAILOVER_SWITCH-000---00-00
2026-08-02 02:03:38.902 [com.alibaba.nacos.naming.failover.0] [none] DEBUG com.alibaba.nacos.client.naming - failover switch is not found, 00-00---000-VIPSRV_FAILOVER_SWITCH-000---00-00
2026-08-02 02:03:43.903 [com.alibaba.nacos.naming.failover.0] [none] DEBUG com.alibaba.nacos.client.naming - failover switch is not found, 00-00---000-VIPSRV_FAILOVER_SWITCH-000---00-00
2026-08-02 02:03:48.527 [com.alibaba.nacos.client.remote.worker.1] [none] INFO  c.alibaba.nacos.common.remote.client - [d1cdffba-cc99-4efe-bbf1-a6a1910612ab_config-0] Server healthy check fail, currentConnection = 1785607247689_172.18.0.1_44572
2026-08-02 02:03:48.527 [com.alibaba.nacos.client.remote.worker.1] [none] INFO  c.alibaba.nacos.common.remote.client - [d1cdffba-cc99-4efe-bbf1-a6a1910612ab_config-0] Try to reconnect to a new server, server is  not appointed, will choose a random server.
2026-08-02 02:03:48.527 [com.alibaba.nacos.client.remote.worker.1] [none] INFO  c.a.n.c.r.client.grpc.GrpcClient - grpc client connection server: 129.204.152.168 ip, serverPort: 9848, grpcTslConfig: {"enableTls":false,"mutualAuthEnable":false,"trustAll":true}
2026-08-02 02:03:48.905 [com.alibaba.nacos.naming.failover.0] [none] DEBUG com.alibaba.nacos.client.naming - failover switch is not found, 00-00---000-VIPSRV_FAILOVER_SWITCH-000---00-00
2026-08-02 02:03:49.143 [com.alibaba.nacos.client.remote.worker.1] [none] INFO  c.alibaba.nacos.common.remote.client - [6d1e68d9-ad5d-45e7-abd8-80a910efc20a] Server healthy check fail, currentConnection = 1785607247503_172.18.0.1_44382
2026-08-02 02:03:49.143 [com.alibaba.nacos.client.remote.worker.1] [none] INFO  c.alibaba.nacos.common.remote.client - [6d1e68d9-ad5d-45e7-abd8-80a910efc20a] Try to reconnect to a new server, server is  not appointed, will choose a random server.
2026-08-02 02:03:49.143 [com.alibaba.nacos.client.remote.worker.1] [none] INFO  c.a.n.c.r.client.grpc.GrpcClient - grpc client connection server: 129.204.152.168 ip, serverPort: 9848, grpcTslConfig: {"enableTls":false,"mutualAuthEnable":false,"trustAll":true}
2026-08-02 02:03:49.305 [com.alibaba.nacos.client.remote.worker.0] [none] INFO  c.alibaba.nacos.common.remote.client - [16c40082-ff3d-4d05-b22b-5148a98ebfe0_config-0] Server healthy check fail, currentConnection = 1785607246976_172.18.0.1_44162
2026-08-02 02:03:49.305 [com.alibaba.nacos.client.remote.worker.0] [none] INFO  c.alibaba.nacos.common.remote.client - [16c40082-ff3d-4d05-b22b-5148a98ebfe0_config-0] Try to reconnect to a new server, server is  not appointed, will choose a random server.
2026-08-02 02:03:49.305 [com.alibaba.nacos.client.remote.worker.0] [none] INFO  c.a.n.c.r.client.grpc.GrpcClient - grpc client connection server: 129.204.152.168 ip, serverPort: 9848, grpcTslConfig: {"enableTls":false,"mutualAuthEnable":false,"trustAll":true}
2026-08-02 02:03:49.667 [com.alibaba.nacos.client.remote.worker.0] [none] INFO  c.alibaba.nacos.common.remote.client - [34e92d24-b89c-4567-ab43-8eb9dcd12c9a_config-0] Server healthy check fail, currentConnection = 1785607247393_172.18.0.1_44306
2026-08-02 02:03:49.667 [com.alibaba.nacos.client.remote.worker.0] [none] INFO  c.alibaba.nacos.common.remote.client - [34e92d24-b89c-4567-ab43-8eb9dcd12c9a_config-0] Try to reconnect to a new server, server is  not appointed, will choose a random server.
2026-08-02 02:03:49.667 [com.alibaba.nacos.client.remote.worker.0] [none] INFO  c.a.n.c.r.client.grpc.GrpcClient - grpc client connection server: 129.204.152.168 ip, serverPort: 9848, grpcTslConfig: {"enableTls":false,"mutualAuthEnable":false,"trustAll":true}
2026-08-02 02:03:50.780 [com.alibaba.nacos.client.remote.worker.0] [none] INFO  c.alibaba.nacos.common.remote.client - [16c40082-ff3d-4d05-b22b-5148a98ebfe0_config-0] Success to connect a server [129.204.152.168:8848], connectionId = 1785607431034_172.18.0.1_44138
2026-08-02 02:03:50.781 [com.alibaba.nacos.client.remote.worker.0] [none] INFO  c.alibaba.nacos.common.remote.client - [16c40082-ff3d-4d05-b22b-5148a98ebfe0_config-0] Abandon prev connection, server is 129.204.152.168:8848, connectionId is 1785607246976_172.18.0.1_44162
2026-08-02 02:03:50.781 [com.alibaba.nacos.client.remote.worker.0] [none] INFO  c.alibaba.nacos.common.remote.client - Close current connection 1785607246976_172.18.0.1_44162
2026-08-02 02:03:50.782 [nacos-grpc-client-executor-129.204.152.168-10] [none] WARN  c.a.n.c.r.client.grpc.GrpcClient - [1785607246976_172.18.0.1_44162]Ignore error event,isRunning:false,isAbandon=true
2026-08-02 02:03:50.845 [com.alibaba.nacos.client.remote.worker.1] [none] INFO  c.alibaba.nacos.common.remote.client - [d1cdffba-cc99-4efe-bbf1-a6a1910612ab_config-0] Success to connect a server [129.204.152.168:8848], connectionId = 1785607431048_172.18.0.1_43944
2026-08-02 02:03:50.845 [com.alibaba.nacos.client.remote.worker.1] [none] INFO  c.alibaba.nacos.common.remote.client - [d1cdffba-cc99-4efe-bbf1-a6a1910612ab_config-0] Abandon prev connection, server is 129.204.152.168:8848, connectionId is 1785607247689_172.18.0.1_44572
2026-08-02 02:03:50.845 [com.alibaba.nacos.client.remote.worker.1] [none] INFO  c.alibaba.nacos.common.remote.client - Close current connection 1785607247689_172.18.0.1_44572
2026-08-02 02:03:50.845 [com.alibaba.nacos.client.remote.worker.0] [none] INFO  c.alibaba.nacos.common.remote.client - [d1cdffba-cc99-4efe-bbf1-a6a1910612ab_config-0] Notify disconnected event to listeners
2026-08-02 02:03:50.846 [com.alibaba.nacos.client.remote.worker.0] [none] INFO  c.a.n.c.config.impl.ClientWorker - [d1cdffba-cc99-4efe-bbf1-a6a1910612ab_config-0] DisConnected,reset listen context
2026-08-02 02:03:50.846 [com.alibaba.nacos.client.remote.worker.0] [none] INFO  c.a.n.c.config.impl.ClientWorker - [d1cdffba-cc99-4efe-bbf1-a6a1910612ab_config-0] DisConnected,reset  fuzzy watch consistence status
2026-08-02 02:03:50.846 [com.alibaba.nacos.client.remote.worker.0] [none] INFO  c.alibaba.nacos.common.remote.client - [d1cdffba-cc99-4efe-bbf1-a6a1910612ab_config-0] Notify connected event to listeners.
2026-08-02 02:03:50.846 [com.alibaba.nacos.client.remote.worker.0] [none] INFO  c.a.n.c.config.impl.ClientWorker - [d1cdffba-cc99-4efe-bbf1-a6a1910612ab_config-0] Connected,notify listen context...
2026-08-02 02:03:50.846 [com.alibaba.nacos.client.remote.worker.0] [none] INFO  c.a.n.c.config.impl.ClientWorker - [d1cdffba-cc99-4efe-bbf1-a6a1910612ab_config-0] Connected,notify fuzzy listen context...
2026-08-02 02:03:50.830 [com.alibaba.nacos.client.remote.worker.1] [none] INFO  c.alibaba.nacos.common.remote.client - [16c40082-ff3d-4d05-b22b-5148a98ebfe0_config-0] Notify disconnected event to listeners
2026-08-02 02:03:50.846 [nacos-grpc-client-executor-129.204.152.168-3] [none] WARN  c.a.n.c.r.client.grpc.GrpcClient - [1785607247689_172.18.0.1_44572]Ignore error event,isRunning:true,isAbandon=true
2026-08-02 02:03:50.846 [com.alibaba.nacos.client.remote.worker.1] [none] INFO  c.a.n.c.config.impl.ClientWorker - [16c40082-ff3d-4d05-b22b-5148a98ebfe0_config-0] DisConnected,reset listen context
2026-08-02 02:03:50.846 [com.alibaba.nacos.client.remote.worker.1] [none] INFO  c.a.n.c.config.impl.ClientWorker - [16c40082-ff3d-4d05-b22b-5148a98ebfe0_config-0] DisConnected,reset  fuzzy watch consistence status
2026-08-02 02:03:50.846 [com.alibaba.nacos.client.remote.worker.1] [none] INFO  c.alibaba.nacos.common.remote.client - [16c40082-ff3d-4d05-b22b-5148a98ebfe0_config-0] Notify connected event to listeners.
2026-08-02 02:03:50.846 [com.alibaba.nacos.client.remote.worker.1] [none] INFO  c.a.n.c.config.impl.ClientWorker - [16c40082-ff3d-4d05-b22b-5148a98ebfe0_config-0] Connected,notify listen context...
2026-08-02 02:03:50.846 [com.alibaba.nacos.client.remote.worker.1] [none] INFO  c.a.n.c.config.impl.ClientWorker - [16c40082-ff3d-4d05-b22b-5148a98ebfe0_config-0] Connected,notify fuzzy listen context...
2026-08-02 02:03:50.847 [com.alibaba.nacos.client.remote.worker.0] [none] INFO  c.alibaba.nacos.common.remote.client - [34e92d24-b89c-4567-ab43-8eb9dcd12c9a_config-0] Success to connect a server [129.204.152.168:8848], connectionId = 1785607431035_172.18.0.1_44166
2026-08-02 02:03:50.847 [com.alibaba.nacos.client.remote.worker.0] [none] INFO  c.alibaba.nacos.common.remote.client - [34e92d24-b89c-4567-ab43-8eb9dcd12c9a_config-0] Abandon prev connection, server is 129.204.152.168:8848, connectionId is 1785607247393_172.18.0.1_44306
2026-08-02 02:03:50.847 [com.alibaba.nacos.client.remote.worker.0] [none] INFO  c.alibaba.nacos.common.remote.client - Close current connection 1785607247393_172.18.0.1_44306
2026-08-02 02:03:50.847 [com.alibaba.nacos.client.remote.worker.1] [none] INFO  c.alibaba.nacos.common.remote.client - [34e92d24-b89c-4567-ab43-8eb9dcd12c9a_config-0] Notify disconnected event to listeners
2026-08-02 02:03:50.848 [nacos-grpc-client-executor-129.204.152.168-4] [none] WARN  c.a.n.c.r.client.grpc.GrpcClient - [1785607247393_172.18.0.1_44306]Ignore error event,isRunning:true,isAbandon=true
2026-08-02 02:03:50.848 [com.alibaba.nacos.client.remote.worker.1] [none] INFO  c.alibaba.nacos.common.remote.client - [6d1e68d9-ad5d-45e7-abd8-80a910efc20a] Success to connect a server [129.204.152.168:8848], connectionId = 1785607431034_172.18.0.1_43992
2026-08-02 02:03:50.853 [com.alibaba.nacos.client.remote.worker.1] [none] INFO  c.alibaba.nacos.common.remote.client - [6d1e68d9-ad5d-45e7-abd8-80a910efc20a] Abandon prev connection, server is 129.204.152.168:8848, connectionId is 1785607247503_172.18.0.1_44382
2026-08-02 02:03:50.853 [com.alibaba.nacos.client.remote.worker.1] [none] INFO  c.alibaba.nacos.common.remote.client - Close current connection 1785607247503_172.18.0.1_44382
2026-08-02 02:03:50.848 [com.alibaba.nacos.client.remote.worker.1] [none] INFO  c.a.n.c.config.impl.ClientWorker - [34e92d24-b89c-4567-ab43-8eb9dcd12c9a_config-0] DisConnected,reset listen context
2026-08-02 02:03:50.865 [com.alibaba.nacos.client.remote.worker.1] [none] INFO  c.a.n.c.config.impl.ClientWorker - [34e92d24-b89c-4567-ab43-8eb9dcd12c9a_config-0] DisConnected,reset  fuzzy watch consistence status
2026-08-02 02:03:50.865 [com.alibaba.nacos.client.remote.worker.1] [none] INFO  c.alibaba.nacos.common.remote.client - [34e92d24-b89c-4567-ab43-8eb9dcd12c9a_config-0] Notify connected event to listeners.
2026-08-02 02:03:50.865 [com.alibaba.nacos.client.remote.worker.1] [none] INFO  c.a.n.c.config.impl.ClientWorker - [34e92d24-b89c-4567-ab43-8eb9dcd12c9a_config-0] Connected,notify listen context...
2026-08-02 02:03:50.866 [com.alibaba.nacos.client.remote.worker.0] [none] INFO  c.alibaba.nacos.common.remote.client - [6d1e68d9-ad5d-45e7-abd8-80a910efc20a] Notify disconnected event to listeners
2026-08-02 02:03:50.867 [com.alibaba.nacos.client.remote.worker.0] [none] WARN  com.alibaba.nacos.client.naming - Grpc connection disconnect, mark to redo
2026-08-02 02:03:50.865 [com.alibaba.nacos.client.remote.worker.1] [none] INFO  c.a.n.c.config.impl.ClientWorker - [34e92d24-b89c-4567-ab43-8eb9dcd12c9a_config-0] Connected,notify fuzzy listen context...
2026-08-02 02:03:50.868 [com.alibaba.nacos.client.remote.worker.0] [none] WARN  com.alibaba.nacos.client.naming - mark to redo completed
2026-08-02 02:03:50.868 [com.alibaba.nacos.client.remote.worker.0] [none] INFO  c.alibaba.nacos.common.remote.client - [6d1e68d9-ad5d-45e7-abd8-80a910efc20a] Notify connected event to listeners.
2026-08-02 02:03:50.868 [com.alibaba.nacos.client.remote.worker.0] [none] INFO  com.alibaba.nacos.client.naming - Grpc connection connect
2026-08-02 02:03:50.873 [nacos-grpc-client-executor-129.204.152.168-14] [none] WARN  c.a.n.c.r.client.grpc.GrpcClient - [1785607247503_172.18.0.1_44382]Ignore error event,isRunning:true,isAbandon=true
2026-08-02 02:03:52.342 [com.alibaba.nacos.client.naming.grpc.redo.0] [none] INFO  com.alibaba.nacos.client.naming - Redo instance operation REGISTER for DEFAULT_GROUP@@mall-auth
2026-08-02 02:03:53.906 [com.alibaba.nacos.naming.failover.0] [none] DEBUG com.alibaba.nacos.client.naming - failover switch is not found, 00-00---000-VIPSRV_FAILOVER_SWITCH-000---00-00
2026-08-02 02:03:58.907 [com.alibaba.nacos.naming.failover.0] [none] DEBUG com.alibaba.nacos.client.naming - failover switch is not found, 00-00---000-VIPSRV_FAILOVER_SWITCH-000---00-00
2026-08-02 02:04:03.908 [com.alibaba.nacos.naming.failover.0] [none] DEBUG com.alibaba.nacos.client.naming - failover switch is not found, 00-00---000-VIPSRV_FAILOVER_SWITCH-000---00-00
2026-08-02 02:04:08.909 [com.alibaba.nacos.naming.failover.0] [none] DEBUG com.alibaba.nacos.client.naming - failover switch is not found, 00-00---000-VIPSRV_FAILOVER_SWITCH-000---00-00
2026-08-02 02:04:13.910 [com.alibaba.nacos.naming.failover.0] [none] DEBUG com.alibaba.nacos.client.naming - failover switch is not found, 00-00---000-VIPSRV_FAILOVER_SWITCH-000---00-00
2026-08-02 02:04:18.912 [com.alibaba.nacos.naming.failover.0] [none] DEBUG com.alibaba.nacos.client.naming - failover switch is not found, 00-00---000-VIPSRV_FAILOVER_SWITCH-000---00-00
2026-08-02 02:04:23.912 [com.alibaba.nacos.naming.failover.0] [none] DEBUG com.alibaba.nacos.client.naming - failover switch is not found, 00-00---000-VIPSRV_FAILOVER_SWITCH-000---00-00
2026-08-02 02:04:28.915 [com.alibaba.nacos.naming.failover.0] [none] DEBUG com.alibaba.nacos.client.naming - failover switch is not found, 00-00---000-VIPSRV_FAILOVER_SWITCH-000---00-00
2026-08-02 02:04:33.916 [com.alibaba.nacos.naming.failover.0] [none] DEBUG com.alibaba.nacos.client.naming - failover switch is not found, 00-00---000-VIPSRV_FAILOVER_SWITCH-000---00-00
2026-08-02 02:04:38.917 [com.alibaba.nacos.naming.failover.0] [none] DEBUG com.alibaba.nacos.client.naming - failover switch is not found, 00-00---000-VIPSRV_FAILOVER_SWITCH-000---00-00
2026-08-02 02:04:43.918 [com.alibaba.nacos.naming.failover.0] [none] DEBUG com.alibaba.nacos.client.naming - failover switch is not found, 00-00---000-VIPSRV_FAILOVER_SWITCH-000---00-00
2026-08-02 02:04:48.919 [com.alibaba.nacos.naming.failover.0] [none] DEBUG com.alibaba.nacos.client.naming - failover switch is not found, 00-00---000-VIPSRV_FAILOVER_SWITCH-000---00-00
2026-08-02 02:04:53.920 [com.alibaba.nacos.naming.failover.0] [none] DEBUG com.alibaba.nacos.client.naming - failover switch is not found, 00-00---000-VIPSRV_FAILOVER_SWITCH-000---00-00
2026-08-02 02:04:58.922 [com.alibaba.nacos.naming.failover.0] [none] DEBUG com.alibaba.nacos.client.naming - failover switch is not found, 00-00---000-VIPSRV_FAILOVER_SWITCH-000---00-00
2026-08-02 02:05:03.923 [com.alibaba.nacos.naming.failover.0] [none] DEBUG com.alibaba.nacos.client.naming - failover switch is not found, 00-00---000-VIPSRV_FAILOVER_SWITCH-000---00-00
2026-08-02 02:05:08.925 [com.alibaba.nacos.naming.failover.0] [none] DEBUG com.alibaba.nacos.client.naming - failover switch is not found, 00-00---000-VIPSRV_FAILOVER_SWITCH-000---00-00
2026-08-02 02:05:13.926 [com.alibaba.nacos.naming.failover.0] [none] DEBUG com.alibaba.nacos.client.naming - failover switch is not found, 00-00---000-VIPSRV_FAILOVER_SWITCH-000---00-00
2026-08-02 02:05:18.926 [com.alibaba.nacos.naming.failover.0] [none] DEBUG com.alibaba.nacos.client.naming - failover switch is not found, 00-00---000-VIPSRV_FAILOVER_SWITCH-000---00-00
2026-08-02 02:05:23.928 [com.alibaba.nacos.naming.failover.0] [none] DEBUG com.alibaba.nacos.client.naming - failover switch is not found, 00-00---000-VIPSRV_FAILOVER_SWITCH-000---00-00
2026-08-02 02:05:28.929 [com.alibaba.nacos.naming.failover.0] [none] DEBUG com.alibaba.nacos.client.naming - failover switch is not found, 00-00---000-VIPSRV_FAILOVER_SWITCH-000---00-00
2026-08-02 02:05:33.930 [com.alibaba.nacos.naming.failover.0] [none] DEBUG com.alibaba.nacos.client.naming - failover switch is not found, 00-00---000-VIPSRV_FAILOVER_SWITCH-000---00-00
2026-08-02 02:05:38.931 [com.alibaba.nacos.naming.failover.0] [none] DEBUG com.alibaba.nacos.client.naming - failover switch is not found, 00-00---000-VIPSRV_FAILOVER_SWITCH-000---00-00
2026-08-02 02:05:43.939 [com.alibaba.nacos.naming.failover.0] [none] DEBUG com.alibaba.nacos.client.naming - failover switch is not found, 00-00---000-VIPSRV_FAILOVER_SWITCH-000---00-00
2026-08-02 02:05:48.941 [com.alibaba.nacos.naming.failover.0] [none] DEBUG com.alibaba.nacos.client.naming - failover switch is not found, 00-00---000-VIPSRV_FAILOVER_SWITCH-000---00-00
2026-08-02 02:05:53.942 [com.alibaba.nacos.naming.failover.0] [none] DEBUG com.alibaba.nacos.client.naming - failover switch is not found, 00-00---000-VIPSRV_FAILOVER_SWITCH-000---00-00
2026-08-02 02:05:58.943 [com.alibaba.nacos.naming.failover.0] [none] DEBUG com.alibaba.nacos.client.naming - failover switch is not found, 00-00---000-VIPSRV_FAILOVER_SWITCH-000---00-00
2026-08-02 02:06:03.943 [com.alibaba.nacos.naming.failover.0] [none] DEBUG com.alibaba.nacos.client.naming - failover switch is not found, 00-00---000-VIPSRV_FAILOVER_SWITCH-000---00-00
2026-08-02 02:06:08.944 [com.alibaba.nacos.naming.failover.0] [none] DEBUG com.alibaba.nacos.client.naming - failover switch is not found, 00-00---000-VIPSRV_FAILOVER_SWITCH-000---00-00
2026-08-02 02:06:13.945 [com.alibaba.nacos.naming.failover.0] [none] DEBUG com.alibaba.nacos.client.naming - failover switch is not found, 00-00---000-VIPSRV_FAILOVER_SWITCH-000---00-00
2026-08-02 02:06:18.946 [com.alibaba.nacos.naming.failover.0] [none] DEBUG com.alibaba.nacos.client.naming - failover switch is not found, 00-00---000-VIPSRV_FAILOVER_SWITCH-000---00-00
2026-08-02 02:06:23.946 [com.alibaba.nacos.naming.failover.0] [none] DEBUG com.alibaba.nacos.client.naming - failover switch is not found, 00-00---000-VIPSRV_FAILOVER_SWITCH-000---00-00
2026-08-02 02:06:28.947 [com.alibaba.nacos.naming.failover.0] [none] DEBUG com.alibaba.nacos.client.naming - failover switch is not found, 00-00---000-VIPSRV_FAILOVER_SWITCH-000---00-00
2026-08-02 02:06:33.949 [com.alibaba.nacos.naming.failover.0] [none] DEBUG com.alibaba.nacos.client.naming - failover switch is not found, 00-00---000-VIPSRV_FAILOVER_SWITCH-000---00-00
2026-08-02 02:06:38.950 [com.alibaba.nacos.naming.failover.0] [none] DEBUG com.alibaba.nacos.client.naming - failover switch is not found, 00-00---000-VIPSRV_FAILOVER_SWITCH-000---00-00
2026-08-02 02:06:43.951 [com.alibaba.nacos.naming.failover.0] [none] DEBUG com.alibaba.nacos.client.naming - failover switch is not found, 00-00---000-VIPSRV_FAILOVER_SWITCH-000---00-00
2026-08-02 02:06:48.952 [com.alibaba.nacos.naming.failover.0] [none] DEBUG com.alibaba.nacos.client.naming - failover switch is not found, 00-00---000-VIPSRV_FAILOVER_SWITCH-000---00-00
2026-08-02 02:06:53.953 [com.alibaba.nacos.naming.failover.0] [none] DEBUG com.alibaba.nacos.client.naming - failover switch is not found, 00-00---000-VIPSRV_FAILOVER_SWITCH-000---00-00
2026-08-02 02:06:58.955 [com.alibaba.nacos.naming.failover.0] [none] DEBUG com.alibaba.nacos.client.naming - failover switch is not found, 00-00---000-VIPSRV_FAILOVER_SWITCH-000---00-00
2026-08-02 02:07:03.956 [com.alibaba.nacos.naming.failover.0] [none] DEBUG com.alibaba.nacos.client.naming - failover switch is not found, 00-00---000-VIPSRV_FAILOVER_SWITCH-000---00-00
2026-08-02 02:07:08.957 [com.alibaba.nacos.naming.failover.0] [none] DEBUG com.alibaba.nacos.client.naming - failover switch is not found, 00-00---000-VIPSRV_FAILOVER_SWITCH-000---00-00
2026-08-02 02:07:13.959 [com.alibaba.nacos.naming.failover.0] [none] DEBUG com.alibaba.nacos.client.naming - failover switch is not found, 00-00---000-VIPSRV_FAILOVER_SWITCH-000---00-00
2026-08-02 02:07:18.961 [com.alibaba.nacos.naming.failover.0] [none] DEBUG com.alibaba.nacos.client.naming - failover switch is not found, 00-00---000-VIPSRV_FAILOVER_SWITCH-000---00-00
2026-08-02 02:07:23.963 [com.alibaba.nacos.naming.failover.0] [none] DEBUG com.alibaba.nacos.client.naming - failover switch is not found, 00-00---000-VIPSRV_FAILOVER_SWITCH-000---00-00
2026-08-02 02:07:28.965 [com.alibaba.nacos.naming.failover.0] [none] DEBUG com.alibaba.nacos.client.naming - failover switch is not found, 00-00---000-VIPSRV_FAILOVER_SWITCH-000---00-00
2026-08-02 02:07:33.966 [com.alibaba.nacos.naming.failover.0] [none] DEBUG com.alibaba.nacos.client.naming - failover switch is not found, 00-00---000-VIPSRV_FAILOVER_SWITCH-000---00-00
2026-08-02 02:07:38.966 [com.alibaba.nacos.naming.failover.0] [none] DEBUG com.alibaba.nacos.client.naming - failover switch is not found, 00-00---000-VIPSRV_FAILOVER_SWITCH-000---00-00
2026-08-02 02:07:43.967 [com.alibaba.nacos.naming.failover.0] [none] DEBUG com.alibaba.nacos.client.naming - failover switch is not found, 00-00---000-VIPSRV_FAILOVER_SWITCH-000---00-00
2026-08-02 02:07:48.968 [com.alibaba.nacos.naming.failover.0] [none] DEBUG com.alibaba.nacos.client.naming - failover switch is not found, 00-00---000-VIPSRV_FAILOVER_SWITCH-000---00-00
2026-08-02 02:07:53.969 [com.alibaba.nacos.naming.failover.0] [none] DEBUG com.alibaba.nacos.client.naming - failover switch is not found, 00-00---000-VIPSRV_FAILOVER_SWITCH-000---00-00
2026-08-02 02:07:58.970 [com.alibaba.nacos.naming.failover.0] [none] DEBUG com.alibaba.nacos.client.naming - failover switch is not found, 00-00---000-VIPSRV_FAILOVER_SWITCH-000---00-00
2026-08-02 02:08:03.971 [com.alibaba.nacos.naming.failover.0] [none] DEBUG com.alibaba.nacos.client.naming - failover switch is not found, 00-00---000-VIPSRV_FAILOVER_SWITCH-000---00-00
2026-08-02 02:08:08.972 [com.alibaba.nacos.naming.failover.0] [none] DEBUG com.alibaba.nacos.client.naming - failover switch is not found, 00-00---000-VIPSRV_FAILOVER_SWITCH-000---00-00
2026-08-02 02:08:13.973 [com.alibaba.nacos.naming.failover.0] [none] DEBUG com.alibaba.nacos.client.naming - failover switch is not found, 00-00---000-VIPSRV_FAILOVER_SWITCH-000---00-00
2026-08-02 02:08:18.975 [com.alibaba.nacos.naming.failover.0] [none] DEBUG com.alibaba.nacos.client.naming - failover switch is not found, 00-00---000-VIPSRV_FAILOVER_SWITCH-000---00-00
2026-08-02 02:08:23.975 [com.alibaba.nacos.naming.failover.0] [none] DEBUG com.alibaba.nacos.client.naming - failover switch is not found, 00-00---000-VIPSRV_FAILOVER_SWITCH-000---00-00
2026-08-02 02:08:28.976 [com.alibaba.nacos.naming.failover.0] [none] DEBUG com.alibaba.nacos.client.naming - failover switch is not found, 00-00---000-VIPSRV_FAILOVER_SWITCH-000---00-00
2026-08-02 02:08:33.977 [com.alibaba.nacos.naming.failover.0] [none] DEBUG com.alibaba.nacos.client.naming - failover switch is not found, 00-00---000-VIPSRV_FAILOVER_SWITCH-000---00-00
2026-08-02 02:08:36.071 [com.alibaba.nacos.client.remote.worker.1] [none] INFO  c.alibaba.nacos.common.remote.client - [6d1e68d9-ad5d-45e7-abd8-80a910efc20a] Server healthy check fail, currentConnection = 1785607431034_172.18.0.1_43992
2026-08-02 02:08:36.071 [com.alibaba.nacos.client.remote.worker.1] [none] INFO  c.alibaba.nacos.common.remote.client - [6d1e68d9-ad5d-45e7-abd8-80a910efc20a] Try to reconnect to a new server, server is  not appointed, will choose a random server.
2026-08-02 02:08:36.071 [com.alibaba.nacos.client.remote.worker.1] [none] INFO  c.a.n.c.r.client.grpc.GrpcClient - grpc client connection server: 129.204.152.168 ip, serverPort: 9848, grpcTslConfig: {"enableTls":false,"mutualAuthEnable":false,"trustAll":true}
2026-08-02 02:08:36.083 [com.alibaba.nacos.client.remote.worker.1] [none] INFO  c.alibaba.nacos.common.remote.client - [d1cdffba-cc99-4efe-bbf1-a6a1910612ab_config-0] Server healthy check fail, currentConnection = 1785607431048_172.18.0.1_43944
2026-08-02 02:08:36.083 [com.alibaba.nacos.client.remote.worker.1] [none] INFO  c.alibaba.nacos.common.remote.client - [d1cdffba-cc99-4efe-bbf1-a6a1910612ab_config-0] Try to reconnect to a new server, server is  not appointed, will choose a random server.
2026-08-02 02:08:36.083 [com.alibaba.nacos.client.remote.worker.1] [none] INFO  c.a.n.c.r.client.grpc.GrpcClient - grpc client connection server: 129.204.152.168 ip, serverPort: 9848, grpcTslConfig: {"enableTls":false,"mutualAuthEnable":false,"trustAll":true}
2026-08-02 02:08:36.121 [com.alibaba.nacos.client.remote.worker.0] [none] INFO  c.alibaba.nacos.common.remote.client - [16c40082-ff3d-4d05-b22b-5148a98ebfe0_config-0] Server healthy check fail, currentConnection = 1785607431034_172.18.0.1_44138
2026-08-02 02:08:36.121 [com.alibaba.nacos.client.remote.worker.0] [none] INFO  c.alibaba.nacos.common.remote.client - [16c40082-ff3d-4d05-b22b-5148a98ebfe0_config-0] Try to reconnect to a new server, server is  not appointed, will choose a random server.
2026-08-02 02:08:36.121 [com.alibaba.nacos.client.remote.worker.0] [none] INFO  c.a.n.c.r.client.grpc.GrpcClient - grpc client connection server: 129.204.152.168 ip, serverPort: 9848, grpcTslConfig: {"enableTls":false,"mutualAuthEnable":false,"trustAll":true}
2026-08-02 02:08:36.369 [com.alibaba.nacos.client.remote.worker.0] [none] INFO  c.alibaba.nacos.common.remote.client - [34e92d24-b89c-4567-ab43-8eb9dcd12c9a_config-0] Server healthy check fail, currentConnection = 1785607431035_172.18.0.1_44166
2026-08-02 02:08:36.369 [com.alibaba.nacos.client.remote.worker.0] [none] INFO  c.alibaba.nacos.common.remote.client - [34e92d24-b89c-4567-ab43-8eb9dcd12c9a_config-0] Try to reconnect to a new server, server is  not appointed, will choose a random server.
2026-08-02 02:08:36.369 [com.alibaba.nacos.client.remote.worker.0] [none] INFO  c.a.n.c.r.client.grpc.GrpcClient - grpc client connection server: 129.204.152.168 ip, serverPort: 9848, grpcTslConfig: {"enableTls":false,"mutualAuthEnable":false,"trustAll":true}
2026-08-02 02:08:38.979 [com.alibaba.nacos.naming.failover.0] [none] DEBUG com.alibaba.nacos.client.naming - failover switch is not found, 00-00---000-VIPSRV_FAILOVER_SWITCH-000---00-00
2026-08-02 02:08:39.075 [com.alibaba.nacos.client.remote.worker.1] [none] ERROR c.a.n.c.r.client.grpc.GrpcClient - Server check fail, please check server 129.204.152.168, port 9848 is available, error ={}
java.util.concurrent.TimeoutException: Waited 3000 milliseconds (plus 2 milliseconds, 436500 nanoseconds delay) for com.alibaba.nacos.shaded.io.grpc.stub.ClientCalls$GrpcFuture@7247afde[status=PENDING, info=[GrpcFuture{clientCall=PendingCall{realCall=ClientCallImpl{method=MethodDescriptor{fullMethodName=Request/request, type=UNARY, idempotent=false, safe=false, sampledToLocalTracing=true, requestMarshaller=com.alibaba.nacos.shaded.io.grpc.protobuf.lite.ProtoLiteUtils$MessageMarshaller@6fe65953, responseMarshaller=com.alibaba.nacos.shaded.io.grpc.protobuf.lite.ProtoLiteUtils$MessageMarshaller@49558b21, schemaDescriptor=com.alibaba.nacos.api.grpc.auto.RequestGrpc$RequestMethodDescriptorSupplier@3941daf9}}}}]]
	at com.alibaba.nacos.shaded.com.google.common.util.concurrent.AbstractFuture.get(AbstractFuture.java:535) ~[nacos-client-3.1.1.jar:na]
	at com.alibaba.nacos.common.remote.client.grpc.GrpcClient.serverCheck(GrpcClient.java:234) ~[nacos-client-3.1.1.jar:na]
	at com.alibaba.nacos.common.remote.client.grpc.GrpcClient.connectToServer(GrpcClient.java:346) ~[nacos-client-3.1.1.jar:na]
	at com.alibaba.nacos.common.remote.client.RpcClient.reconnect(RpcClient.java:504) ~[nacos-client-3.1.1.jar:na]
	at com.alibaba.nacos.common.remote.client.RpcClient.lambda$start$1(RpcClient.java:330) ~[nacos-client-3.1.1.jar:na]
	at java.base/java.util.concurrent.Executors$RunnableAdapter.call(Executors.java:545) ~[na:na]
	at java.base/java.util.concurrent.FutureTask.run(FutureTask.java:330) ~[na:na]
	at java.base/java.util.concurrent.ScheduledThreadPoolExecutor$ScheduledFutureTask.run(ScheduledThreadPoolExecutor.java:309) ~[na:na]
	at java.base/java.util.concurrent.ThreadPoolExecutor.runWorker(ThreadPoolExecutor.java:1090) ~[na:na]
	at java.base/java.util.concurrent.ThreadPoolExecutor$Worker.run(ThreadPoolExecutor.java:614) ~[na:na]
	at java.base/java.lang.Thread.run(Thread.java:1516) ~[na:na]
2026-08-02 02:08:39.085 [com.alibaba.nacos.client.remote.worker.1] [none] ERROR c.a.n.c.r.client.grpc.GrpcClient - Server check fail, please check server 129.204.152.168, port 9848 is available, error ={}
java.util.concurrent.TimeoutException: Waited 3000 milliseconds (plus 171900 nanoseconds delay) for com.alibaba.nacos.shaded.io.grpc.stub.ClientCalls$GrpcFuture@32f9dec1[status=PENDING, info=[GrpcFuture{clientCall=PendingCall{realCall=ClientCallImpl{method=MethodDescriptor{fullMethodName=Request/request, type=UNARY, idempotent=false, safe=false, sampledToLocalTracing=true, requestMarshaller=com.alibaba.nacos.shaded.io.grpc.protobuf.lite.ProtoLiteUtils$MessageMarshaller@6fe65953, responseMarshaller=com.alibaba.nacos.shaded.io.grpc.protobuf.lite.ProtoLiteUtils$MessageMarshaller@49558b21, schemaDescriptor=com.alibaba.nacos.api.grpc.auto.RequestGrpc$RequestMethodDescriptorSupplier@3941daf9}}}}]]
	at com.alibaba.nacos.shaded.com.google.common.util.concurrent.AbstractFuture.get(AbstractFuture.java:535) ~[nacos-client-3.1.1.jar:na]
	at com.alibaba.nacos.common.remote.client.grpc.GrpcClient.serverCheck(GrpcClient.java:234) ~[nacos-client-3.1.1.jar:na]
	at com.alibaba.nacos.common.remote.client.grpc.GrpcClient.connectToServer(GrpcClient.java:346) ~[nacos-client-3.1.1.jar:na]
	at com.alibaba.nacos.common.remote.client.RpcClient.reconnect(RpcClient.java:504) ~[nacos-client-3.1.1.jar:na]
	at com.alibaba.nacos.common.remote.client.RpcClient.lambda$start$1(RpcClient.java:330) ~[nacos-client-3.1.1.jar:na]
	at java.base/java.util.concurrent.Executors$RunnableAdapter.call(Executors.java:545) ~[na:na]
	at java.base/java.util.concurrent.FutureTask.run(FutureTask.java:330) ~[na:na]
	at java.base/java.util.concurrent.ScheduledThreadPoolExecutor$ScheduledFutureTask.run(ScheduledThreadPoolExecutor.java:309) ~[na:na]
	at java.base/java.util.concurrent.ThreadPoolExecutor.runWorker(ThreadPoolExecutor.java:1090) ~[na:na]
	at java.base/java.util.concurrent.ThreadPoolExecutor$Worker.run(ThreadPoolExecutor.java:614) ~[na:na]
	at java.base/java.lang.Thread.run(Thread.java:1516) ~[na:na]
2026-08-02 02:08:39.123 [com.alibaba.nacos.client.remote.worker.0] [none] ERROR c.a.n.c.r.client.grpc.GrpcClient - Server check fail, please check server 129.204.152.168, port 9848 is available, error ={}
java.util.concurrent.TimeoutException: Waited 3000 milliseconds (plus 1 milliseconds, 242500 nanoseconds delay) for com.alibaba.nacos.shaded.io.grpc.stub.ClientCalls$GrpcFuture@49291a14[status=PENDING, info=[GrpcFuture{clientCall=PendingCall{realCall=ClientCallImpl{method=MethodDescriptor{fullMethodName=Request/request, type=UNARY, idempotent=false, safe=false, sampledToLocalTracing=true, requestMarshaller=com.alibaba.nacos.shaded.io.grpc.protobuf.lite.ProtoLiteUtils$MessageMarshaller@6fe65953, responseMarshaller=com.alibaba.nacos.shaded.io.grpc.protobuf.lite.ProtoLiteUtils$MessageMarshaller@49558b21, schemaDescriptor=com.alibaba.nacos.api.grpc.auto.RequestGrpc$RequestMethodDescriptorSupplier@3941daf9}}}}]]
	at com.alibaba.nacos.shaded.com.google.common.util.concurrent.AbstractFuture.get(AbstractFuture.java:535) ~[nacos-client-3.1.1.jar:na]
	at com.alibaba.nacos.common.remote.client.grpc.GrpcClient.serverCheck(GrpcClient.java:234) ~[nacos-client-3.1.1.jar:na]
	at com.alibaba.nacos.common.remote.client.grpc.GrpcClient.connectToServer(GrpcClient.java:346) ~[nacos-client-3.1.1.jar:na]
	at com.alibaba.nacos.common.remote.client.RpcClient.reconnect(RpcClient.java:504) ~[nacos-client-3.1.1.jar:na]
	at com.alibaba.nacos.common.remote.client.RpcClient.lambda$start$1(RpcClient.java:330) ~[nacos-client-3.1.1.jar:na]
	at java.base/java.util.concurrent.Executors$RunnableAdapter.call(Executors.java:545) ~[na:na]
	at java.base/java.util.concurrent.FutureTask.run(FutureTask.java:330) ~[na:na]
	at java.base/java.util.concurrent.ScheduledThreadPoolExecutor$ScheduledFutureTask.run(ScheduledThreadPoolExecutor.java:309) ~[na:na]
	at java.base/java.util.concurrent.ThreadPoolExecutor.runWorker(ThreadPoolExecutor.java:1090) ~[na:na]
	at java.base/java.util.concurrent.ThreadPoolExecutor$Worker.run(ThreadPoolExecutor.java:614) ~[na:na]
	at java.base/java.lang.Thread.run(Thread.java:1516) ~[na:na]
2026-08-02 02:08:39.176 [com.alibaba.nacos.client.remote.worker.1] [none] INFO  c.a.n.c.r.client.grpc.GrpcClient - grpc client connection server: 129.204.152.168 ip, serverPort: 9848, grpcTslConfig: {"enableTls":false,"mutualAuthEnable":false,"trustAll":true}
2026-08-02 02:08:39.186 [com.alibaba.nacos.client.remote.worker.1] [none] INFO  c.a.n.c.r.client.grpc.GrpcClient - grpc client connection server: 129.204.152.168 ip, serverPort: 9848, grpcTslConfig: {"enableTls":false,"mutualAuthEnable":false,"trustAll":true}
2026-08-02 02:08:39.224 [com.alibaba.nacos.client.remote.worker.0] [none] INFO  c.a.n.c.r.client.grpc.GrpcClient - grpc client connection server: 129.204.152.168 ip, serverPort: 9848, grpcTslConfig: {"enableTls":false,"mutualAuthEnable":false,"trustAll":true}
2026-08-02 02:08:39.371 [com.alibaba.nacos.client.remote.worker.0] [none] ERROR c.a.n.c.r.client.grpc.GrpcClient - Server check fail, please check server 129.204.152.168, port 9848 is available, error ={}
java.util.concurrent.TimeoutException: Waited 3000 milliseconds (plus 1 milliseconds, 292500 nanoseconds delay) for com.alibaba.nacos.shaded.io.grpc.stub.ClientCalls$GrpcFuture@3f13dc1f[status=PENDING, info=[GrpcFuture{clientCall=PendingCall{realCall=ClientCallImpl{method=MethodDescriptor{fullMethodName=Request/request, type=UNARY, idempotent=false, safe=false, sampledToLocalTracing=true, requestMarshaller=com.alibaba.nacos.shaded.io.grpc.protobuf.lite.ProtoLiteUtils$MessageMarshaller@6fe65953, responseMarshaller=com.alibaba.nacos.shaded.io.grpc.protobuf.lite.ProtoLiteUtils$MessageMarshaller@49558b21, schemaDescriptor=com.alibaba.nacos.api.grpc.auto.RequestGrpc$RequestMethodDescriptorSupplier@3941daf9}}}}]]
	at com.alibaba.nacos.shaded.com.google.common.util.concurrent.AbstractFuture.get(AbstractFuture.java:535) ~[nacos-client-3.1.1.jar:na]
	at com.alibaba.nacos.common.remote.client.grpc.GrpcClient.serverCheck(GrpcClient.java:234) ~[nacos-client-3.1.1.jar:na]
	at com.alibaba.nacos.common.remote.client.grpc.GrpcClient.connectToServer(GrpcClient.java:346) ~[nacos-client-3.1.1.jar:na]
	at com.alibaba.nacos.common.remote.client.RpcClient.reconnect(RpcClient.java:504) ~[nacos-client-3.1.1.jar:na]
	at com.alibaba.nacos.common.remote.client.RpcClient.lambda$start$1(RpcClient.java:330) ~[nacos-client-3.1.1.jar:na]
	at java.base/java.util.concurrent.Executors$RunnableAdapter.call(Executors.java:545) ~[na:na]
	at java.base/java.util.concurrent.FutureTask.run(FutureTask.java:330) ~[na:na]
	at java.base/java.util.concurrent.ScheduledThreadPoolExecutor$ScheduledFutureTask.run(ScheduledThreadPoolExecutor.java:309) ~[na:na]
	at java.base/java.util.concurrent.ThreadPoolExecutor.runWorker(ThreadPoolExecutor.java:1090) ~[na:na]
	at java.base/java.util.concurrent.ThreadPoolExecutor$Worker.run(ThreadPoolExecutor.java:614) ~[na:na]
	at java.base/java.lang.Thread.run(Thread.java:1516) ~[na:na]
2026-08-02 02:08:39.474 [com.alibaba.nacos.client.remote.worker.0] [none] INFO  c.a.n.c.r.client.grpc.GrpcClient - grpc client connection server: 129.204.152.168 ip, serverPort: 9848, grpcTslConfig: {"enableTls":false,"mutualAuthEnable":false,"trustAll":true}
2026-08-02 02:08:42.177 [com.alibaba.nacos.client.remote.worker.1] [none] ERROR c.a.n.c.r.client.grpc.GrpcClient - Server check fail, please check server 129.204.152.168, port 9848 is available, error ={}
java.util.concurrent.TimeoutException: Waited 3000 milliseconds (plus 57600 nanoseconds delay) for com.alibaba.nacos.shaded.io.grpc.stub.ClientCalls$GrpcFuture@319212de[status=PENDING, info=[GrpcFuture{clientCall=PendingCall{realCall=ClientCallImpl{method=MethodDescriptor{fullMethodName=Request/request, type=UNARY, idempotent=false, safe=false, sampledToLocalTracing=true, requestMarshaller=com.alibaba.nacos.shaded.io.grpc.protobuf.lite.ProtoLiteUtils$MessageMarshaller@6fe65953, responseMarshaller=com.alibaba.nacos.shaded.io.grpc.protobuf.lite.ProtoLiteUtils$MessageMarshaller@49558b21, schemaDescriptor=com.alibaba.nacos.api.grpc.auto.RequestGrpc$RequestMethodDescriptorSupplier@3941daf9}}}}]]
	at com.alibaba.nacos.shaded.com.google.common.util.concurrent.AbstractFuture.get(AbstractFuture.java:535) ~[nacos-client-3.1.1.jar:na]
	at com.alibaba.nacos.common.remote.client.grpc.GrpcClient.serverCheck(GrpcClient.java:234) ~[nacos-client-3.1.1.jar:na]
	at com.alibaba.nacos.common.remote.client.grpc.GrpcClient.connectToServer(GrpcClient.java:346) ~[nacos-client-3.1.1.jar:na]
	at com.alibaba.nacos.common.remote.client.RpcClient.reconnect(RpcClient.java:504) ~[nacos-client-3.1.1.jar:na]
	at com.alibaba.nacos.common.remote.client.RpcClient.lambda$start$1(RpcClient.java:330) ~[nacos-client-3.1.1.jar:na]
	at java.base/java.util.concurrent.Executors$RunnableAdapter.call(Executors.java:545) ~[na:na]
	at java.base/java.util.concurrent.FutureTask.run(FutureTask.java:330) ~[na:na]
	at java.base/java.util.concurrent.ScheduledThreadPoolExecutor$ScheduledFutureTask.run(ScheduledThreadPoolExecutor.java:309) ~[na:na]
	at java.base/java.util.concurrent.ThreadPoolExecutor.runWorker(ThreadPoolExecutor.java:1090) ~[na:na]
	at java.base/java.util.concurrent.ThreadPoolExecutor$Worker.run(ThreadPoolExecutor.java:614) ~[na:na]
	at java.base/java.lang.Thread.run(Thread.java:1516) ~[na:na]
2026-08-02 02:08:42.177 [com.alibaba.nacos.client.remote.worker.1] [none] INFO  c.alibaba.nacos.common.remote.client - [6d1e68d9-ad5d-45e7-abd8-80a910efc20a] Fail to connect server, after trying 1 times, last try server is {serverIp = '129.204.152.168', server main port = 8848}, error = unknown
2026-08-02 02:08:42.188 [com.alibaba.nacos.client.remote.worker.1] [none] ERROR c.a.n.c.r.client.grpc.GrpcClient - Server check fail, please check server 129.204.152.168, port 9848 is available, error ={}
java.util.concurrent.TimeoutException: Waited 3000 milliseconds (plus 805000 nanoseconds delay) for com.alibaba.nacos.shaded.io.grpc.stub.ClientCalls$GrpcFuture@7c8ff996[status=PENDING, info=[GrpcFuture{clientCall=PendingCall{realCall=ClientCallImpl{method=MethodDescriptor{fullMethodName=Request/request, type=UNARY, idempotent=false, safe=false, sampledToLocalTracing=true, requestMarshaller=com.alibaba.nacos.shaded.io.grpc.protobuf.lite.ProtoLiteUtils$MessageMarshaller@6fe65953, responseMarshaller=com.alibaba.nacos.shaded.io.grpc.protobuf.lite.ProtoLiteUtils$MessageMarshaller@49558b21, schemaDescriptor=com.alibaba.nacos.api.grpc.auto.RequestGrpc$RequestMethodDescriptorSupplier@3941daf9}}}}]]
	at com.alibaba.nacos.shaded.com.google.common.util.concurrent.AbstractFuture.get(AbstractFuture.java:535) ~[nacos-client-3.1.1.jar:na]
	at com.alibaba.nacos.common.remote.client.grpc.GrpcClient.serverCheck(GrpcClient.java:234) ~[nacos-client-3.1.1.jar:na]
	at com.alibaba.nacos.common.remote.client.grpc.GrpcClient.connectToServer(GrpcClient.java:346) ~[nacos-client-3.1.1.jar:na]
	at com.alibaba.nacos.common.remote.client.RpcClient.reconnect(RpcClient.java:504) ~[nacos-client-3.1.1.jar:na]
	at com.alibaba.nacos.common.remote.client.RpcClient.lambda$start$1(RpcClient.java:330) ~[nacos-client-3.1.1.jar:na]
	at java.base/java.util.concurrent.Executors$RunnableAdapter.call(Executors.java:545) ~[na:na]
	at java.base/java.util.concurrent.FutureTask.run(FutureTask.java:330) ~[na:na]
	at java.base/java.util.concurrent.ScheduledThreadPoolExecutor$ScheduledFutureTask.run(ScheduledThreadPoolExecutor.java:309) ~[na:na]
	at java.base/java.util.concurrent.ThreadPoolExecutor.runWorker(ThreadPoolExecutor.java:1090) ~[na:na]
	at java.base/java.util.concurrent.ThreadPoolExecutor$Worker.run(ThreadPoolExecutor.java:614) ~[na:na]
	at java.base/java.lang.Thread.run(Thread.java:1516) ~[na:na]
2026-08-02 02:08:42.189 [com.alibaba.nacos.client.remote.worker.1] [none] INFO  c.alibaba.nacos.common.remote.client - [d1cdffba-cc99-4efe-bbf1-a6a1910612ab_config-0] Fail to connect server, after trying 1 times, last try server is {serverIp = '129.204.152.168', server main port = 8848}, error = unknown
2026-08-02 02:08:42.225 [com.alibaba.nacos.client.remote.worker.0] [none] ERROR c.a.n.c.r.client.grpc.GrpcClient - Server check fail, please check server 129.204.152.168, port 9848 is available, error ={}
java.util.concurrent.TimeoutException: Waited 3000 milliseconds (plus 227000 nanoseconds delay) for com.alibaba.nacos.shaded.io.grpc.stub.ClientCalls$GrpcFuture@2301d627[status=PENDING, info=[GrpcFuture{clientCall=PendingCall{realCall=ClientCallImpl{method=MethodDescriptor{fullMethodName=Request/request, type=UNARY, idempotent=false, safe=false, sampledToLocalTracing=true, requestMarshaller=com.alibaba.nacos.shaded.io.grpc.protobuf.lite.ProtoLiteUtils$MessageMarshaller@6fe65953, responseMarshaller=com.alibaba.nacos.shaded.io.grpc.protobuf.lite.ProtoLiteUtils$MessageMarshaller@49558b21, schemaDescriptor=com.alibaba.nacos.api.grpc.auto.RequestGrpc$RequestMethodDescriptorSupplier@3941daf9}}}}]]
	at com.alibaba.nacos.shaded.com.google.common.util.concurrent.AbstractFuture.get(AbstractFuture.java:535) ~[nacos-client-3.1.1.jar:na]
	at com.alibaba.nacos.common.remote.client.grpc.GrpcClient.serverCheck(GrpcClient.java:234) ~[nacos-client-3.1.1.jar:na]
	at com.alibaba.nacos.common.remote.client.grpc.GrpcClient.connectToServer(GrpcClient.java:346) ~[nacos-client-3.1.1.jar:na]
	at com.alibaba.nacos.common.remote.client.RpcClient.reconnect(RpcClient.java:504) ~[nacos-client-3.1.1.jar:na]
	at com.alibaba.nacos.common.remote.client.RpcClient.lambda$start$1(RpcClient.java:330) ~[nacos-client-3.1.1.jar:na]
	at java.base/java.util.concurrent.Executors$RunnableAdapter.call(Executors.java:545) ~[na:na]
	at java.base/java.util.concurrent.FutureTask.run(FutureTask.java:330) ~[na:na]
	at java.base/java.util.concurrent.ScheduledThreadPoolExecutor$ScheduledFutureTask.run(ScheduledThreadPoolExecutor.java:309) ~[na:na]
	at java.base/java.util.concurrent.ThreadPoolExecutor.runWorker(ThreadPoolExecutor.java:1090) ~[na:na]
	at java.base/java.util.concurrent.ThreadPoolExecutor$Worker.run(ThreadPoolExecutor.java:614) ~[na:na]
	at java.base/java.lang.Thread.run(Thread.java:1516) ~[na:na]
2026-08-02 02:08:42.225 [com.alibaba.nacos.client.remote.worker.0] [none] INFO  c.alibaba.nacos.common.remote.client - [16c40082-ff3d-4d05-b22b-5148a98ebfe0_config-0] Fail to connect server, after trying 1 times, last try server is {serverIp = '129.204.152.168', server main port = 8848}, error = unknown
2026-08-02 02:08:42.378 [com.alibaba.nacos.client.remote.worker.1] [none] INFO  c.a.n.c.r.client.grpc.GrpcClient - grpc client connection server: 129.204.152.168 ip, serverPort: 9848, grpcTslConfig: {"enableTls":false,"mutualAuthEnable":false,"trustAll":true}
2026-08-02 02:08:42.389 [com.alibaba.nacos.client.remote.worker.1] [none] INFO  c.a.n.c.r.client.grpc.GrpcClient - grpc client connection server: 129.204.152.168 ip, serverPort: 9848, grpcTslConfig: {"enableTls":false,"mutualAuthEnable":false,"trustAll":true}
2026-08-02 02:08:42.426 [com.alibaba.nacos.client.remote.worker.0] [none] INFO  c.a.n.c.r.client.grpc.GrpcClient - grpc client connection server: 129.204.152.168 ip, serverPort: 9848, grpcTslConfig: {"enableTls":false,"mutualAuthEnable":false,"trustAll":true}
2026-08-02 02:08:42.475 [com.alibaba.nacos.client.remote.worker.0] [none] ERROR c.a.n.c.r.client.grpc.GrpcClient - Server check fail, please check server 129.204.152.168, port 9848 is available, error ={}
java.util.concurrent.TimeoutException: Waited 3000 milliseconds (plus 300800 nanoseconds delay) for com.alibaba.nacos.shaded.io.grpc.stub.ClientCalls$GrpcFuture@514b5ae0[status=PENDING, info=[GrpcFuture{clientCall=PendingCall{realCall=ClientCallImpl{method=MethodDescriptor{fullMethodName=Request/request, type=UNARY, idempotent=false, safe=false, sampledToLocalTracing=true, requestMarshaller=com.alibaba.nacos.shaded.io.grpc.protobuf.lite.ProtoLiteUtils$MessageMarshaller@6fe65953, responseMarshaller=com.alibaba.nacos.shaded.io.grpc.protobuf.lite.ProtoLiteUtils$MessageMarshaller@49558b21, schemaDescriptor=com.alibaba.nacos.api.grpc.auto.RequestGrpc$RequestMethodDescriptorSupplier@3941daf9}}}}]]
	at com.alibaba.nacos.shaded.com.google.common.util.concurrent.AbstractFuture.get(AbstractFuture.java:535) ~[nacos-client-3.1.1.jar:na]
	at com.alibaba.nacos.common.remote.client.grpc.GrpcClient.serverCheck(GrpcClient.java:234) ~[nacos-client-3.1.1.jar:na]
	at com.alibaba.nacos.common.remote.client.grpc.GrpcClient.connectToServer(GrpcClient.java:346) ~[nacos-client-3.1.1.jar:na]
	at com.alibaba.nacos.common.remote.client.RpcClient.reconnect(RpcClient.java:504) ~[nacos-client-3.1.1.jar:na]
	at com.alibaba.nacos.common.remote.client.RpcClient.lambda$start$1(RpcClient.java:330) ~[nacos-client-3.1.1.jar:na]
	at java.base/java.util.concurrent.Executors$RunnableAdapter.call(Executors.java:545) ~[na:na]
	at java.base/java.util.concurrent.FutureTask.run(FutureTask.java:330) ~[na:na]
	at java.base/java.util.concurrent.ScheduledThreadPoolExecutor$ScheduledFutureTask.run(ScheduledThreadPoolExecutor.java:309) ~[na:na]
	at java.base/java.util.concurrent.ThreadPoolExecutor.runWorker(ThreadPoolExecutor.java:1090) ~[na:na]
	at java.base/java.util.concurrent.ThreadPoolExecutor$Worker.run(ThreadPoolExecutor.java:614) ~[na:na]
	at java.base/java.lang.Thread.run(Thread.java:1516) ~[na:na]
2026-08-02 02:08:42.475 [com.alibaba.nacos.client.remote.worker.0] [none] INFO  c.alibaba.nacos.common.remote.client - [34e92d24-b89c-4567-ab43-8eb9dcd12c9a_config-0] Fail to connect server, after trying 1 times, last try server is {serverIp = '129.204.152.168', server main port = 8848}, error = unknown
2026-08-02 02:08:42.677 [com.alibaba.nacos.client.remote.worker.0] [none] INFO  c.a.n.c.r.client.grpc.GrpcClient - grpc client connection server: 129.204.152.168 ip, serverPort: 9848, grpcTslConfig: {"enableTls":false,"mutualAuthEnable":false,"trustAll":true}
2026-08-02 02:08:43.980 [com.alibaba.nacos.naming.failover.0] [none] DEBUG com.alibaba.nacos.client.naming - failover switch is not found, 00-00---000-VIPSRV_FAILOVER_SWITCH-000---00-00
2026-08-02 02:08:45.380 [com.alibaba.nacos.client.remote.worker.1] [none] ERROR c.a.n.c.r.client.grpc.GrpcClient - Server check fail, please check server 129.204.152.168, port 9848 is available, error ={}
java.util.concurrent.TimeoutException: Waited 3000 milliseconds (plus 412800 nanoseconds delay) for com.alibaba.nacos.shaded.io.grpc.stub.ClientCalls$GrpcFuture@6de4b4e5[status=PENDING, info=[GrpcFuture{clientCall=PendingCall{realCall=ClientCallImpl{method=MethodDescriptor{fullMethodName=Request/request, type=UNARY, idempotent=false, safe=false, sampledToLocalTracing=true, requestMarshaller=com.alibaba.nacos.shaded.io.grpc.protobuf.lite.ProtoLiteUtils$MessageMarshaller@6fe65953, responseMarshaller=com.alibaba.nacos.shaded.io.grpc.protobuf.lite.ProtoLiteUtils$MessageMarshaller@49558b21, schemaDescriptor=com.alibaba.nacos.api.grpc.auto.RequestGrpc$RequestMethodDescriptorSupplier@3941daf9}}}}]]
	at com.alibaba.nacos.shaded.com.google.common.util.concurrent.AbstractFuture.get(AbstractFuture.java:535) ~[nacos-client-3.1.1.jar:na]
	at com.alibaba.nacos.common.remote.client.grpc.GrpcClient.serverCheck(GrpcClient.java:234) ~[nacos-client-3.1.1.jar:na]
	at com.alibaba.nacos.common.remote.client.grpc.GrpcClient.connectToServer(GrpcClient.java:346) ~[nacos-client-3.1.1.jar:na]
	at com.alibaba.nacos.common.remote.client.RpcClient.reconnect(RpcClient.java:504) ~[nacos-client-3.1.1.jar:na]
	at com.alibaba.nacos.common.remote.client.RpcClient.lambda$start$1(RpcClient.java:330) ~[nacos-client-3.1.1.jar:na]
	at java.base/java.util.concurrent.Executors$RunnableAdapter.call(Executors.java:545) ~[na:na]
	at java.base/java.util.concurrent.FutureTask.run(FutureTask.java:330) ~[na:na]
	at java.base/java.util.concurrent.ScheduledThreadPoolExecutor$ScheduledFutureTask.run(ScheduledThreadPoolExecutor.java:309) ~[na:na]
	at java.base/java.util.concurrent.ThreadPoolExecutor.runWorker(ThreadPoolExecutor.java:1090) ~[na:na]
	at java.base/java.util.concurrent.ThreadPoolExecutor$Worker.run(ThreadPoolExecutor.java:614) ~[na:na]
	at java.base/java.lang.Thread.run(Thread.java:1516) ~[na:na]
2026-08-02 02:08:45.380 [com.alibaba.nacos.client.remote.worker.1] [none] INFO  c.alibaba.nacos.common.remote.client - [6d1e68d9-ad5d-45e7-abd8-80a910efc20a] Fail to connect server, after trying 2 times, last try server is {serverIp = '129.204.152.168', server main port = 8848}, error = unknown
2026-08-02 02:08:45.391 [com.alibaba.nacos.client.remote.worker.1] [none] ERROR c.a.n.c.r.client.grpc.GrpcClient - Server check fail, please check server 129.204.152.168, port 9848 is available, error ={}
java.util.concurrent.TimeoutException: Waited 3000 milliseconds (plus 442700 nanoseconds delay) for com.alibaba.nacos.shaded.io.grpc.stub.ClientCalls$GrpcFuture@3749a094[status=PENDING, info=[GrpcFuture{clientCall=PendingCall{realCall=ClientCallImpl{method=MethodDescriptor{fullMethodName=Request/request, type=UNARY, idempotent=false, safe=false, sampledToLocalTracing=true, requestMarshaller=com.alibaba.nacos.shaded.io.grpc.protobuf.lite.ProtoLiteUtils$MessageMarshaller@6fe65953, responseMarshaller=com.alibaba.nacos.shaded.io.grpc.protobuf.lite.ProtoLiteUtils$MessageMarshaller@49558b21, schemaDescriptor=com.alibaba.nacos.api.grpc.auto.RequestGrpc$RequestMethodDescriptorSupplier@3941daf9}}}}]]
	at com.alibaba.nacos.shaded.com.google.common.util.concurrent.AbstractFuture.get(AbstractFuture.java:535) ~[nacos-client-3.1.1.jar:na]
	at com.alibaba.nacos.common.remote.client.grpc.GrpcClient.serverCheck(GrpcClient.java:234) ~[nacos-client-3.1.1.jar:na]
	at com.alibaba.nacos.common.remote.client.grpc.GrpcClient.connectToServer(GrpcClient.java:346) ~[nacos-client-3.1.1.jar:na]
	at com.alibaba.nacos.common.remote.client.RpcClient.reconnect(RpcClient.java:504) ~[nacos-client-3.1.1.jar:na]
	at com.alibaba.nacos.common.remote.client.RpcClient.lambda$start$1(RpcClient.java:330) ~[nacos-client-3.1.1.jar:na]
	at java.base/java.util.concurrent.Executors$RunnableAdapter.call(Executors.java:545) ~[na:na]
	at java.base/java.util.concurrent.FutureTask.run(FutureTask.java:330) ~[na:na]
	at java.base/java.util.concurrent.ScheduledThreadPoolExecutor$ScheduledFutureTask.run(ScheduledThreadPoolExecutor.java:309) ~[na:na]
	at java.base/java.util.concurrent.ThreadPoolExecutor.runWorker(ThreadPoolExecutor.java:1090) ~[na:na]
	at java.base/java.util.concurrent.ThreadPoolExecutor$Worker.run(ThreadPoolExecutor.java:614) ~[na:na]
	at java.base/java.lang.Thread.run(Thread.java:1516) ~[na:na]
2026-08-02 02:08:45.391 [com.alibaba.nacos.client.remote.worker.1] [none] INFO  c.alibaba.nacos.common.remote.client - [d1cdffba-cc99-4efe-bbf1-a6a1910612ab_config-0] Fail to connect server, after trying 2 times, last try server is {serverIp = '129.204.152.168', server main port = 8848}, error = unknown
2026-08-02 02:08:45.427 [com.alibaba.nacos.client.remote.worker.0] [none] ERROR c.a.n.c.r.client.grpc.GrpcClient - Server check fail, please check server 129.204.152.168, port 9848 is available, error ={}
java.util.concurrent.TimeoutException: Waited 3000 milliseconds (plus 252800 nanoseconds delay) for com.alibaba.nacos.shaded.io.grpc.stub.ClientCalls$GrpcFuture@52cfeb12[status=PENDING, info=[GrpcFuture{clientCall=PendingCall{realCall=ClientCallImpl{method=MethodDescriptor{fullMethodName=Request/request, type=UNARY, idempotent=false, safe=false, sampledToLocalTracing=true, requestMarshaller=com.alibaba.nacos.shaded.io.grpc.protobuf.lite.ProtoLiteUtils$MessageMarshaller@6fe65953, responseMarshaller=com.alibaba.nacos.shaded.io.grpc.protobuf.lite.ProtoLiteUtils$MessageMarshaller@49558b21, schemaDescriptor=com.alibaba.nacos.api.grpc.auto.RequestGrpc$RequestMethodDescriptorSupplier@3941daf9}}}}]]
	at com.alibaba.nacos.shaded.com.google.common.util.concurrent.AbstractFuture.get(AbstractFuture.java:535) ~[nacos-client-3.1.1.jar:na]
	at com.alibaba.nacos.common.remote.client.grpc.GrpcClient.serverCheck(GrpcClient.java:234) ~[nacos-client-3.1.1.jar:na]
	at com.alibaba.nacos.common.remote.client.grpc.GrpcClient.connectToServer(GrpcClient.java:346) ~[nacos-client-3.1.1.jar:na]
	at com.alibaba.nacos.common.remote.client.RpcClient.reconnect(RpcClient.java:504) ~[nacos-client-3.1.1.jar:na]
	at com.alibaba.nacos.common.remote.client.RpcClient.lambda$start$1(RpcClient.java:330) ~[nacos-client-3.1.1.jar:na]
	at java.base/java.util.concurrent.Executors$RunnableAdapter.call(Executors.java:545) ~[na:na]
	at java.base/java.util.concurrent.FutureTask.run(FutureTask.java:330) ~[na:na]
	at java.base/java.util.concurrent.ScheduledThreadPoolExecutor$ScheduledFutureTask.run(ScheduledThreadPoolExecutor.java:309) ~[na:na]
	at java.base/java.util.concurrent.ThreadPoolExecutor.runWorker(ThreadPoolExecutor.java:1090) ~[na:na]
	at java.base/java.util.concurrent.ThreadPoolExecutor$Worker.run(ThreadPoolExecutor.java:614) ~[na:na]
	at java.base/java.lang.Thread.run(Thread.java:1516) ~[na:na]
2026-08-02 02:08:45.427 [com.alibaba.nacos.client.remote.worker.0] [none] INFO  c.alibaba.nacos.common.remote.client - [16c40082-ff3d-4d05-b22b-5148a98ebfe0_config-0] Fail to connect server, after trying 2 times, last try server is {serverIp = '129.204.152.168', server main port = 8848}, error = unknown
2026-08-02 02:08:45.678 [com.alibaba.nacos.client.remote.worker.0] [none] ERROR c.a.n.c.r.client.grpc.GrpcClient - Server check fail, please check server 129.204.152.168, port 9848 is available, error ={}
java.util.concurrent.TimeoutException: Waited 3000 milliseconds (plus 483500 nanoseconds delay) for com.alibaba.nacos.shaded.io.grpc.stub.ClientCalls$GrpcFuture@6ae6e3fa[status=PENDING, info=[GrpcFuture{clientCall=PendingCall{realCall=ClientCallImpl{method=MethodDescriptor{fullMethodName=Request/request, type=UNARY, idempotent=false, safe=false, sampledToLocalTracing=true, requestMarshaller=com.alibaba.nacos.shaded.io.grpc.protobuf.lite.ProtoLiteUtils$MessageMarshaller@6fe65953, responseMarshaller=com.alibaba.nacos.shaded.io.grpc.protobuf.lite.ProtoLiteUtils$MessageMarshaller@49558b21, schemaDescriptor=com.alibaba.nacos.api.grpc.auto.RequestGrpc$RequestMethodDescriptorSupplier@3941daf9}}}}]]
	at com.alibaba.nacos.shaded.com.google.common.util.concurrent.AbstractFuture.get(AbstractFuture.java:535) ~[nacos-client-3.1.1.jar:na]
	at com.alibaba.nacos.common.remote.client.grpc.GrpcClient.serverCheck(GrpcClient.java:234) ~[nacos-client-3.1.1.jar:na]
	at com.alibaba.nacos.common.remote.client.grpc.GrpcClient.connectToServer(GrpcClient.java:346) ~[nacos-client-3.1.1.jar:na]
	at com.alibaba.nacos.common.remote.client.RpcClient.reconnect(RpcClient.java:504) ~[nacos-client-3.1.1.jar:na]
	at com.alibaba.nacos.common.remote.client.RpcClient.lambda$start$1(RpcClient.java:330) ~[nacos-client-3.1.1.jar:na]
	at java.base/java.util.concurrent.Executors$RunnableAdapter.call(Executors.java:545) ~[na:na]
	at java.base/java.util.concurrent.FutureTask.run(FutureTask.java:330) ~[na:na]
	at java.base/java.util.concurrent.ScheduledThreadPoolExecutor$ScheduledFutureTask.run(ScheduledThreadPoolExecutor.java:309) ~[na:na]
	at java.base/java.util.concurrent.ThreadPoolExecutor.runWorker(ThreadPoolExecutor.java:1090) ~[na:na]
	at java.base/java.util.concurrent.ThreadPoolExecutor$Worker.run(ThreadPoolExecutor.java:614) ~[na:na]
	at java.base/java.lang.Thread.run(Thread.java:1516) ~[na:na]
2026-08-02 02:08:45.678 [com.alibaba.nacos.client.remote.worker.0] [none] INFO  c.alibaba.nacos.common.remote.client - [34e92d24-b89c-4567-ab43-8eb9dcd12c9a_config-0] Fail to connect server, after trying 2 times, last try server is {serverIp = '129.204.152.168', server main port = 8848}, error = unknown
2026-08-02 02:08:45.681 [com.alibaba.nacos.client.remote.worker.1] [none] INFO  c.a.n.c.r.client.grpc.GrpcClient - grpc client connection server: 129.204.152.168 ip, serverPort: 9848, grpcTslConfig: {"enableTls":false,"mutualAuthEnable":false,"trustAll":true}
2026-08-02 02:08:45.693 [com.alibaba.nacos.client.remote.worker.1] [none] INFO  c.a.n.c.r.client.grpc.GrpcClient - grpc client connection server: 129.204.152.168 ip, serverPort: 9848, grpcTslConfig: {"enableTls":false,"mutualAuthEnable":false,"trustAll":true}
2026-08-02 02:08:45.729 [com.alibaba.nacos.client.remote.worker.0] [none] INFO  c.a.n.c.r.client.grpc.GrpcClient - grpc client connection server: 129.204.152.168 ip, serverPort: 9848, grpcTslConfig: {"enableTls":false,"mutualAuthEnable":false,"trustAll":true}
2026-08-02 02:08:45.979 [com.alibaba.nacos.client.remote.worker.0] [none] INFO  c.a.n.c.r.client.grpc.GrpcClient - grpc client connection server: 129.204.152.168 ip, serverPort: 9848, grpcTslConfig: {"enableTls":false,"mutualAuthEnable":false,"trustAll":true}
2026-08-02 02:08:46.305 [nacos-grpc-client-executor-129.204.152.168-2] [none] INFO  c.alibaba.nacos.common.remote.client - [d1cdffba-cc99-4efe-bbf1-a6a1910612ab_config-0] Receive server push request, request = ClientDetectionRequest, requestId = 338
2026-08-02 02:08:46.305 [nacos-grpc-client-executor-129.204.152.168-2] [none] INFO  c.alibaba.nacos.common.remote.client - [d1cdffba-cc99-4efe-bbf1-a6a1910612ab_config-0] Ack server push request, request = ClientDetectionRequest, requestId = 338
2026-08-02 02:08:46.306 [nacos-grpc-client-executor-129.204.152.168-5] [none] INFO  c.alibaba.nacos.common.remote.client - [6d1e68d9-ad5d-45e7-abd8-80a910efc20a] Receive server push request, request = ClientDetectionRequest, requestId = 369
2026-08-02 02:08:46.306 [nacos-grpc-client-executor-129.204.152.168-5] [none] INFO  c.alibaba.nacos.common.remote.client - [6d1e68d9-ad5d-45e7-abd8-80a910efc20a] Ack server push request, request = ClientDetectionRequest, requestId = 369
2026-08-02 02:08:46.306 [nacos-grpc-client-executor-129.204.152.168-14] [none] INFO  c.alibaba.nacos.common.remote.client - [34e92d24-b89c-4567-ab43-8eb9dcd12c9a_config-0] Receive server push request, request = ClientDetectionRequest, requestId = 391
2026-08-02 02:08:46.306 [nacos-grpc-client-executor-129.204.152.168-14] [none] INFO  c.alibaba.nacos.common.remote.client - [34e92d24-b89c-4567-ab43-8eb9dcd12c9a_config-0] Ack server push request, request = ClientDetectionRequest, requestId = 391
2026-08-02 02:08:46.310 [nacos-grpc-client-executor-129.204.152.168-7] [none] INFO  c.alibaba.nacos.common.remote.client - [16c40082-ff3d-4d05-b22b-5148a98ebfe0_config-0] Receive server push request, request = ClientDetectionRequest, requestId = 342
2026-08-02 02:08:46.310 [nacos-grpc-client-executor-129.204.152.168-7] [none] INFO  c.alibaba.nacos.common.remote.client - [16c40082-ff3d-4d05-b22b-5148a98ebfe0_config-0] Ack server push request, request = ClientDetectionRequest, requestId = 342
2026-08-02 02:08:46.470 [com.alibaba.nacos.client.remote.worker.1] [none] INFO  c.alibaba.nacos.common.remote.client - [6d1e68d9-ad5d-45e7-abd8-80a910efc20a] Success to connect a server [129.204.152.168:8848], connectionId = 1785607726777_172.18.0.1_37900
2026-08-02 02:08:46.470 [com.alibaba.nacos.client.remote.worker.1] [none] INFO  c.alibaba.nacos.common.remote.client - [6d1e68d9-ad5d-45e7-abd8-80a910efc20a] Abandon prev connection, server is 129.204.152.168:8848, connectionId is 1785607431034_172.18.0.1_43992
2026-08-02 02:08:46.470 [com.alibaba.nacos.client.remote.worker.1] [none] INFO  c.alibaba.nacos.common.remote.client - Close current connection 1785607431034_172.18.0.1_43992
2026-08-02 02:08:46.470 [com.alibaba.nacos.client.remote.worker.0] [none] INFO  c.alibaba.nacos.common.remote.client - [16c40082-ff3d-4d05-b22b-5148a98ebfe0_config-0] Success to connect a server [129.204.152.168:8848], connectionId = 1785607726779_172.18.0.1_37740
2026-08-02 02:08:46.470 [com.alibaba.nacos.client.remote.worker.0] [none] INFO  c.alibaba.nacos.common.remote.client - [16c40082-ff3d-4d05-b22b-5148a98ebfe0_config-0] Abandon prev connection, server is 129.204.152.168:8848, connectionId is 1785607431034_172.18.0.1_44138
2026-08-02 02:08:46.470 [com.alibaba.nacos.client.remote.worker.0] [none] INFO  c.alibaba.nacos.common.remote.client - Close current connection 1785607431034_172.18.0.1_44138
2026-08-02 02:08:46.471 [nacos-grpc-client-executor-129.204.152.168-8] [none] WARN  c.a.n.c.r.client.grpc.GrpcClient - [1785607431034_172.18.0.1_44138]Ignore error event,isRunning:true,isAbandon=true
2026-08-02 02:08:46.472 [com.alibaba.nacos.client.remote.worker.0] [none] INFO  c.alibaba.nacos.common.remote.client - [6d1e68d9-ad5d-45e7-abd8-80a910efc20a] Notify disconnected event to listeners
2026-08-02 02:08:46.472 [nacos-grpc-client-executor-129.204.152.168-2] [none] WARN  c.a.n.c.r.client.grpc.GrpcClient - [1785607431034_172.18.0.1_43992]Ignore error event,isRunning:true,isAbandon=true
2026-08-02 02:08:46.472 [com.alibaba.nacos.client.remote.worker.0] [none] WARN  com.alibaba.nacos.client.naming - Grpc connection disconnect, mark to redo
2026-08-02 02:08:46.473 [com.alibaba.nacos.client.remote.worker.0] [none] WARN  com.alibaba.nacos.client.naming - mark to redo completed
2026-08-02 02:08:46.473 [com.alibaba.nacos.client.remote.worker.0] [none] INFO  c.alibaba.nacos.common.remote.client - [6d1e68d9-ad5d-45e7-abd8-80a910efc20a] Notify connected event to listeners.
2026-08-02 02:08:46.473 [com.alibaba.nacos.client.remote.worker.0] [none] INFO  com.alibaba.nacos.client.naming - Grpc connection connect
2026-08-02 02:08:46.473 [com.alibaba.nacos.client.remote.worker.1] [none] INFO  c.alibaba.nacos.common.remote.client - [16c40082-ff3d-4d05-b22b-5148a98ebfe0_config-0] Notify disconnected event to listeners
2026-08-02 02:08:46.473 [com.alibaba.nacos.client.remote.worker.1] [none] INFO  c.a.n.c.config.impl.ClientWorker - [16c40082-ff3d-4d05-b22b-5148a98ebfe0_config-0] DisConnected,reset listen context
2026-08-02 02:08:46.473 [com.alibaba.nacos.client.remote.worker.1] [none] INFO  c.a.n.c.config.impl.ClientWorker - [16c40082-ff3d-4d05-b22b-5148a98ebfe0_config-0] DisConnected,reset  fuzzy watch consistence status
2026-08-02 02:08:46.473 [com.alibaba.nacos.client.remote.worker.1] [none] INFO  c.alibaba.nacos.common.remote.client - [16c40082-ff3d-4d05-b22b-5148a98ebfe0_config-0] Notify connected event to listeners.
2026-08-02 02:08:46.473 [com.alibaba.nacos.client.remote.worker.1] [none] INFO  c.a.n.c.config.impl.ClientWorker - [16c40082-ff3d-4d05-b22b-5148a98ebfe0_config-0] Connected,notify listen context...
2026-08-02 02:08:46.473 [com.alibaba.nacos.client.remote.worker.1] [none] INFO  c.a.n.c.config.impl.ClientWorker - [16c40082-ff3d-4d05-b22b-5148a98ebfe0_config-0] Connected,notify fuzzy listen context...
2026-08-02 02:08:46.485 [com.alibaba.nacos.client.remote.worker.1] [none] INFO  c.alibaba.nacos.common.remote.client - [d1cdffba-cc99-4efe-bbf1-a6a1910612ab_config-0] Success to connect a server [129.204.152.168:8848], connectionId = 1785607726780_172.18.0.1_37838
2026-08-02 02:08:46.485 [com.alibaba.nacos.client.remote.worker.1] [none] INFO  c.alibaba.nacos.common.remote.client - [d1cdffba-cc99-4efe-bbf1-a6a1910612ab_config-0] Abandon prev connection, server is 129.204.152.168:8848, connectionId is 1785607431048_172.18.0.1_43944
2026-08-02 02:08:46.485 [com.alibaba.nacos.client.remote.worker.1] [none] INFO  c.alibaba.nacos.common.remote.client - Close current connection 1785607431048_172.18.0.1_43944
2026-08-02 02:08:46.485 [com.alibaba.nacos.client.remote.worker.0] [none] INFO  c.alibaba.nacos.common.remote.client - [d1cdffba-cc99-4efe-bbf1-a6a1910612ab_config-0] Notify disconnected event to listeners
2026-08-02 02:08:46.485 [com.alibaba.nacos.client.remote.worker.0] [none] INFO  c.a.n.c.config.impl.ClientWorker - [d1cdffba-cc99-4efe-bbf1-a6a1910612ab_config-0] DisConnected,reset listen context
2026-08-02 02:08:46.485 [com.alibaba.nacos.client.remote.worker.0] [none] INFO  c.a.n.c.config.impl.ClientWorker - [d1cdffba-cc99-4efe-bbf1-a6a1910612ab_config-0] DisConnected,reset  fuzzy watch consistence status
2026-08-02 02:08:46.485 [com.alibaba.nacos.client.remote.worker.0] [none] INFO  c.alibaba.nacos.common.remote.client - [d1cdffba-cc99-4efe-bbf1-a6a1910612ab_config-0] Notify connected event to listeners.
2026-08-02 02:08:46.486 [com.alibaba.nacos.client.remote.worker.0] [none] INFO  c.a.n.c.config.impl.ClientWorker - [d1cdffba-cc99-4efe-bbf1-a6a1910612ab_config-0] Connected,notify listen context...
2026-08-02 02:08:46.486 [com.alibaba.nacos.client.remote.worker.0] [none] INFO  c.a.n.c.config.impl.ClientWorker - [d1cdffba-cc99-4efe-bbf1-a6a1910612ab_config-0] Connected,notify fuzzy listen context...
2026-08-02 02:08:46.486 [nacos-grpc-client-executor-129.204.152.168-3] [none] WARN  c.a.n.c.r.client.grpc.GrpcClient - [1785607431048_172.18.0.1_43944]Ignore error event,isRunning:true,isAbandon=true
2026-08-02 02:08:46.494 [com.alibaba.nacos.client.remote.worker.0] [none] INFO  c.alibaba.nacos.common.remote.client - [34e92d24-b89c-4567-ab43-8eb9dcd12c9a_config-0] Success to connect a server [129.204.152.168:8848], connectionId = 1785607726775_172.18.0.1_38324
2026-08-02 02:08:46.494 [com.alibaba.nacos.client.remote.worker.0] [none] INFO  c.alibaba.nacos.common.remote.client - [34e92d24-b89c-4567-ab43-8eb9dcd12c9a_config-0] Abandon prev connection, server is 129.204.152.168:8848, connectionId is 1785607431035_172.18.0.1_44166
2026-08-02 02:08:46.494 [com.alibaba.nacos.client.remote.worker.0] [none] INFO  c.alibaba.nacos.common.remote.client - Close current connection 1785607431035_172.18.0.1_44166
2026-08-02 02:08:46.495 [com.alibaba.nacos.client.remote.worker.1] [none] INFO  c.alibaba.nacos.common.remote.client - [34e92d24-b89c-4567-ab43-8eb9dcd12c9a_config-0] Notify disconnected event to listeners
2026-08-02 02:08:46.495 [com.alibaba.nacos.client.remote.worker.1] [none] INFO  c.a.n.c.config.impl.ClientWorker - [34e92d24-b89c-4567-ab43-8eb9dcd12c9a_config-0] DisConnected,reset listen context
2026-08-02 02:08:46.495 [com.alibaba.nacos.client.remote.worker.1] [none] INFO  c.a.n.c.config.impl.ClientWorker - [34e92d24-b89c-4567-ab43-8eb9dcd12c9a_config-0] DisConnected,reset  fuzzy watch consistence status
2026-08-02 02:08:46.495 [com.alibaba.nacos.client.remote.worker.1] [none] INFO  c.alibaba.nacos.common.remote.client - [34e92d24-b89c-4567-ab43-8eb9dcd12c9a_config-0] Notify connected event to listeners.
2026-08-02 02:08:46.495 [com.alibaba.nacos.client.remote.worker.1] [none] INFO  c.a.n.c.config.impl.ClientWorker - [34e92d24-b89c-4567-ab43-8eb9dcd12c9a_config-0] Connected,notify listen context...
2026-08-02 02:08:46.495 [com.alibaba.nacos.client.remote.worker.1] [none] INFO  c.a.n.c.config.impl.ClientWorker - [34e92d24-b89c-4567-ab43-8eb9dcd12c9a_config-0] Connected,notify fuzzy listen context...
2026-08-02 02:08:46.496 [nacos-grpc-client-executor-129.204.152.168-5] [none] WARN  c.a.n.c.r.client.grpc.GrpcClient - [1785607431035_172.18.0.1_44166]Ignore error event,isRunning:true,isAbandon=true
2026-08-02 02:08:48.981 [com.alibaba.nacos.naming.failover.0] [none] DEBUG com.alibaba.nacos.client.naming - failover switch is not found, 00-00---000-VIPSRV_FAILOVER_SWITCH-000---00-00
2026-08-02 02:08:49.460 [com.alibaba.nacos.client.naming.grpc.redo.0] [none] INFO  com.alibaba.nacos.client.naming - Redo instance operation REGISTER for DEFAULT_GROUP@@mall-auth
2026-08-02 02:08:53.982 [com.alibaba.nacos.naming.failover.0] [none] DEBUG com.alibaba.nacos.client.naming - failover switch is not found, 00-00---000-VIPSRV_FAILOVER_SWITCH-000---00-00
2026-08-02 02:08:58.983 [com.alibaba.nacos.naming.failover.0] [none] DEBUG com.alibaba.nacos.client.naming - failover switch is not found, 00-00---000-VIPSRV_FAILOVER_SWITCH-000---00-00
2026-08-02 02:09:03.985 [com.alibaba.nacos.naming.failover.0] [none] DEBUG com.alibaba.nacos.client.naming - failover switch is not found, 00-00---000-VIPSRV_FAILOVER_SWITCH-000---00-00
2026-08-02 02:09:08.985 [com.alibaba.nacos.naming.failover.0] [none] DEBUG com.alibaba.nacos.client.naming - failover switch is not found, 00-00---000-VIPSRV_FAILOVER_SWITCH-000---00-00
2026-08-02 02:09:13.986 [com.alibaba.nacos.naming.failover.0] [none] DEBUG com.alibaba.nacos.client.naming - failover switch is not found, 00-00---000-VIPSRV_FAILOVER_SWITCH-000---00-00
2026-08-02 02:09:18.988 [com.alibaba.nacos.naming.failover.0] [none] DEBUG com.alibaba.nacos.client.naming - failover switch is not found, 00-00---000-VIPSRV_FAILOVER_SWITCH-000---00-00
2026-08-02 02:09:23.989 [com.alibaba.nacos.naming.failover.0] [none] DEBUG com.alibaba.nacos.client.naming - failover switch is not found, 00-00---000-VIPSRV_FAILOVER_SWITCH-000---00-00
2026-08-02 02:09:28.990 [com.alibaba.nacos.naming.failover.0] [none] DEBUG com.alibaba.nacos.client.naming - failover switch is not found, 00-00---000-VIPSRV_FAILOVER_SWITCH-000---00-00
2026-08-02 02:09:33.990 [com.alibaba.nacos.naming.failover.0] [none] DEBUG com.alibaba.nacos.client.naming - failover switch is not found, 00-00---000-VIPSRV_FAILOVER_SWITCH-000---00-00
2026-08-02 02:09:38.992 [com.alibaba.nacos.naming.failover.0] [none] DEBUG com.alibaba.nacos.client.naming - failover switch is not found, 00-00---000-VIPSRV_FAILOVER_SWITCH-000---00-00
2026-08-02 02:09:43.999 [com.alibaba.nacos.naming.failover.0] [none] DEBUG com.alibaba.nacos.client.naming - failover switch is not found, 00-00---000-VIPSRV_FAILOVER_SWITCH-000---00-00
2026-08-02 02:09:49.000 [com.alibaba.nacos.naming.failover.0] [none] DEBUG com.alibaba.nacos.client.naming - failover switch is not found, 00-00---000-VIPSRV_FAILOVER_SWITCH-000---00-00
2026-08-02 02:09:54.000 [com.alibaba.nacos.naming.failover.0] [none] DEBUG com.alibaba.nacos.client.naming - failover switch is not found, 00-00---000-VIPSRV_FAILOVER_SWITCH-000---00-00
2026-08-02 02:09:59.001 [com.alibaba.nacos.naming.failover.0] [none] DEBUG com.alibaba.nacos.client.naming - failover switch is not found, 00-00---000-VIPSRV_FAILOVER_SWITCH-000---00-00
2026-08-02 02:10:04.003 [com.alibaba.nacos.naming.failover.0] [none] DEBUG com.alibaba.nacos.client.naming - failover switch is not found, 00-00---000-VIPSRV_FAILOVER_SWITCH-000---00-00
2026-08-02 02:10:09.005 [com.alibaba.nacos.naming.failover.0] [none] DEBUG com.alibaba.nacos.client.naming - failover switch is not found, 00-00---000-VIPSRV_FAILOVER_SWITCH-000---00-00
2026-08-02 02:10:14.006 [com.alibaba.nacos.naming.failover.0] [none] DEBUG com.alibaba.nacos.client.naming - failover switch is not found, 00-00---000-VIPSRV_FAILOVER_SWITCH-000---00-00
2026-08-02 02:10:19.007 [com.alibaba.nacos.naming.failover.0] [none] DEBUG com.alibaba.nacos.client.naming - failover switch is not found, 00-00---000-VIPSRV_FAILOVER_SWITCH-000---00-00
2026-08-02 02:10:24.007 [com.alibaba.nacos.naming.failover.0] [none] DEBUG com.alibaba.nacos.client.naming - failover switch is not found, 00-00---000-VIPSRV_FAILOVER_SWITCH-000---00-00
2026-08-02 02:10:29.009 [com.alibaba.nacos.naming.failover.0] [none] DEBUG com.alibaba.nacos.client.naming - failover switch is not found, 00-00---000-VIPSRV_FAILOVER_SWITCH-000---00-00
2026-08-02 02:10:34.010 [com.alibaba.nacos.naming.failover.0] [none] DEBUG com.alibaba.nacos.client.naming - failover switch is not found, 00-00---000-VIPSRV_FAILOVER_SWITCH-000---00-00
2026-08-02 02:10:39.011 [com.alibaba.nacos.naming.failover.0] [none] DEBUG com.alibaba.nacos.client.naming - failover switch is not found, 00-00---000-VIPSRV_FAILOVER_SWITCH-000---00-00
2026-08-02 02:10:44.013 [com.alibaba.nacos.naming.failover.0] [none] DEBUG com.alibaba.nacos.client.naming - failover switch is not found, 00-00---000-VIPSRV_FAILOVER_SWITCH-000---00-00
2026-08-02 02:10:49.014 [com.alibaba.nacos.naming.failover.0] [none] DEBUG com.alibaba.nacos.client.naming - failover switch is not found, 00-00---000-VIPSRV_FAILOVER_SWITCH-000---00-00
2026-08-02 02:10:54.014 [com.alibaba.nacos.naming.failover.0] [none] DEBUG com.alibaba.nacos.client.naming - failover switch is not found, 00-00---000-VIPSRV_FAILOVER_SWITCH-000---00-00
2026-08-02 02:10:59.016 [com.alibaba.nacos.naming.failover.0] [none] DEBUG com.alibaba.nacos.client.naming - failover switch is not found, 00-00---000-VIPSRV_FAILOVER_SWITCH-000---00-00
2026-08-02 02:11:04.017 [com.alibaba.nacos.naming.failover.0] [none] DEBUG com.alibaba.nacos.client.naming - failover switch is not found, 00-00---000-VIPSRV_FAILOVER_SWITCH-000---00-00
2026-08-02 02:11:09.017 [com.alibaba.nacos.naming.failover.0] [none] DEBUG com.alibaba.nacos.client.naming - failover switch is not found, 00-00---000-VIPSRV_FAILOVER_SWITCH-000---00-00
2026-08-02 02:11:14.019 [com.alibaba.nacos.naming.failover.0] [none] DEBUG com.alibaba.nacos.client.naming - failover switch is not found, 00-00---000-VIPSRV_FAILOVER_SWITCH-000---00-00
2026-08-02 02:11:19.021 [com.alibaba.nacos.naming.failover.0] [none] DEBUG com.alibaba.nacos.client.naming - failover switch is not found, 00-00---000-VIPSRV_FAILOVER_SWITCH-000---00-00
2026-08-02 02:11:24.022 [com.alibaba.nacos.naming.failover.0] [none] DEBUG com.alibaba.nacos.client.naming - failover switch is not found, 00-00---000-VIPSRV_FAILOVER_SWITCH-000---00-00
2026-08-02 02:11:29.023 [com.alibaba.nacos.naming.failover.0] [none] DEBUG com.alibaba.nacos.client.naming - failover switch is not found, 00-00---000-VIPSRV_FAILOVER_SWITCH-000---00-00
2026-08-02 02:11:34.025 [com.alibaba.nacos.naming.failover.0] [none] DEBUG com.alibaba.nacos.client.naming - failover switch is not found, 00-00---000-VIPSRV_FAILOVER_SWITCH-000---00-00
2026-08-02 02:11:39.026 [com.alibaba.nacos.naming.failover.0] [none] DEBUG com.alibaba.nacos.client.naming - failover switch is not found, 00-00---000-VIPSRV_FAILOVER_SWITCH-000---00-00
2026-08-02 02:11:44.029 [com.alibaba.nacos.naming.failover.0] [none] DEBUG com.alibaba.nacos.client.naming - failover switch is not found, 00-00---000-VIPSRV_FAILOVER_SWITCH-000---00-00
2026-08-02 02:11:49.031 [com.alibaba.nacos.naming.failover.0] [none] DEBUG com.alibaba.nacos.client.naming - failover switch is not found, 00-00---000-VIPSRV_FAILOVER_SWITCH-000---00-00
2026-08-02 02:11:54.034 [com.alibaba.nacos.naming.failover.0] [none] DEBUG com.alibaba.nacos.client.naming - failover switch is not found, 00-00---000-VIPSRV_FAILOVER_SWITCH-000---00-00
2026-08-02 02:11:59.037 [com.alibaba.nacos.naming.failover.0] [none] DEBUG com.alibaba.nacos.client.naming - failover switch is not found, 00-00---000-VIPSRV_FAILOVER_SWITCH-000---00-00
2026-08-02 02:12:04.039 [com.alibaba.nacos.naming.failover.0] [none] DEBUG com.alibaba.nacos.client.naming - failover switch is not found, 00-00---000-VIPSRV_FAILOVER_SWITCH-000---00-00
2026-08-02 02:12:09.048 [com.alibaba.nacos.naming.failover.0] [none] DEBUG com.alibaba.nacos.client.naming - failover switch is not found, 00-00---000-VIPSRV_FAILOVER_SWITCH-000---00-00
2026-08-02 02:12:14.049 [com.alibaba.nacos.naming.failover.0] [none] DEBUG com.alibaba.nacos.client.naming - failover switch is not found, 00-00---000-VIPSRV_FAILOVER_SWITCH-000---00-00
2026-08-02 02:12:19.051 [com.alibaba.nacos.naming.failover.0] [none] DEBUG com.alibaba.nacos.client.naming - failover switch is not found, 00-00---000-VIPSRV_FAILOVER_SWITCH-000---00-00
2026-08-02 02:12:24.052 [com.alibaba.nacos.naming.failover.0] [none] DEBUG com.alibaba.nacos.client.naming - failover switch is not found, 00-00---000-VIPSRV_FAILOVER_SWITCH-000---00-00
2026-08-02 02:12:29.053 [com.alibaba.nacos.naming.failover.0] [none] DEBUG com.alibaba.nacos.client.naming - failover switch is not found, 00-00---000-VIPSRV_FAILOVER_SWITCH-000---00-00
2026-08-02 02:12:34.054 [com.alibaba.nacos.naming.failover.0] [none] DEBUG com.alibaba.nacos.client.naming - failover switch is not found, 00-00---000-VIPSRV_FAILOVER_SWITCH-000---00-00
2026-08-02 02:12:39.054 [com.alibaba.nacos.naming.failover.0] [none] DEBUG com.alibaba.nacos.client.naming - failover switch is not found, 00-00---000-VIPSRV_FAILOVER_SWITCH-000---00-00
2026-08-02 02:12:44.055 [com.alibaba.nacos.naming.failover.0] [none] DEBUG com.alibaba.nacos.client.naming - failover switch is not found, 00-00---000-VIPSRV_FAILOVER_SWITCH-000---00-00
2026-08-02 02:12:49.057 [com.alibaba.nacos.naming.failover.0] [none] DEBUG com.alibaba.nacos.client.naming - failover switch is not found, 00-00---000-VIPSRV_FAILOVER_SWITCH-000---00-00
2026-08-02 02:12:54.059 [com.alibaba.nacos.naming.failover.0] [none] DEBUG com.alibaba.nacos.client.naming - failover switch is not found, 00-00---000-VIPSRV_FAILOVER_SWITCH-000---00-00
2026-08-02 02:12:59.062 [com.alibaba.nacos.naming.failover.0] [none] DEBUG com.alibaba.nacos.client.naming - failover switch is not found, 00-00---000-VIPSRV_FAILOVER_SWITCH-000---00-00
2026-08-02 02:13:04.063 [com.alibaba.nacos.naming.failover.0] [none] DEBUG com.alibaba.nacos.client.naming - failover switch is not found, 00-00---000-VIPSRV_FAILOVER_SWITCH-000---00-00
2026-08-02 02:13:09.274 [com.alibaba.nacos.naming.failover.0] [none] DEBUG com.alibaba.nacos.client.naming - failover switch is not found, 00-00---000-VIPSRV_FAILOVER_SWITCH-000---00-00
2026-08-02 02:13:14.276 [com.alibaba.nacos.naming.failover.0] [none] DEBUG com.alibaba.nacos.client.naming - failover switch is not found, 00-00---000-VIPSRV_FAILOVER_SWITCH-000---00-00
2026-08-02 02:13:19.278 [com.alibaba.nacos.naming.failover.0] [none] DEBUG com.alibaba.nacos.client.naming - failover switch is not found, 00-00---000-VIPSRV_FAILOVER_SWITCH-000---00-00
2026-08-02 02:13:24.279 [com.alibaba.nacos.naming.failover.0] [none] DEBUG com.alibaba.nacos.client.naming - failover switch is not found, 00-00---000-VIPSRV_FAILOVER_SWITCH-000---00-00
2026-08-02 02:13:29.280 [com.alibaba.nacos.naming.failover.0] [none] DEBUG com.alibaba.nacos.client.naming - failover switch is not found, 00-00---000-VIPSRV_FAILOVER_SWITCH-000---00-00
2026-08-02 02:13:34.282 [com.alibaba.nacos.naming.failover.0] [none] DEBUG com.alibaba.nacos.client.naming - failover switch is not found, 00-00---000-VIPSRV_FAILOVER_SWITCH-000---00-00
2026-08-02 02:13:39.283 [com.alibaba.nacos.naming.failover.0] [none] DEBUG com.alibaba.nacos.client.naming - failover switch is not found, 00-00---000-VIPSRV_FAILOVER_SWITCH-000---00-00
2026-08-02 02:13:44.284 [com.alibaba.nacos.naming.failover.0] [none] DEBUG com.alibaba.nacos.client.naming - failover switch is not found, 00-00---000-VIPSRV_FAILOVER_SWITCH-000---00-00
2026-08-02 02:13:47.347 [Thread-17] [none] INFO  c.a.n.c.http.HttpClientBeanHolder - [HttpClientBeanHolder] Start destroying common HttpClient
2026-08-02 02:13:47.348 [Thread-11] [none] INFO  c.a.n.c.executor.ThreadPoolManager - [ThreadPoolManager] Start destroying ThreadPool
2026-08-02 02:13:47.348 [Thread-19] [none] INFO  c.a.nacos.common.notify.NotifyCenter - [NotifyCenter] Start destroying Publisher
2026-08-02 02:13:47.358 [Thread-11] [none] INFO  c.a.n.c.executor.ThreadPoolManager - [ThreadPoolManager] Completed destruction of ThreadPool
2026-08-02 02:13:47.359 [Thread-19] [none] INFO  c.a.nacos.common.notify.NotifyCenter - [NotifyCenter] Completed destruction of Publisher
2026-08-02 02:13:47.381 [Thread-17] [none] INFO  c.a.n.c.http.HttpClientBeanHolder - [HttpClientBeanHolder] Completed destruction of HttpClient
2026-08-02 02:13:47.441 [SpringApplicationShutdownHook] [none] INFO  c.a.c.n.r.NacosServiceRegistry - De-registering from Nacos Server now...
2026-08-02 02:13:47.443 [SpringApplicationShutdownHook] [none] INFO  com.alibaba.nacos.client.naming - [DEREGISTER-SERVICE] public deregistering service mall-auth with instance: Instance{instanceId='null', ip='192.168.1.59', port=9001, weight=1.0, healthy=true, enabled=true, ephemeral=true, clusterName='', serviceName='null', metadata={}}
2026-08-02 02:13:47.485 [SpringApplicationShutdownHook] [none] INFO  c.a.c.n.r.NacosServiceRegistry - De-registration finished.
2026-08-02 02:13:47.489 [SpringApplicationShutdownHook] [none] INFO  com.alibaba.nacos.client.naming - com.alibaba.nacos.client.naming.cache.ServiceInfoHolder do shutdown begin
2026-08-02 02:13:47.489 [SpringApplicationShutdownHook] [none] INFO  com.alibaba.nacos.client.naming - com.alibaba.nacos.client.naming.backups.FailoverReactor do shutdown begin
2026-08-02 02:13:47.489 [SpringApplicationShutdownHook] [none] INFO  com.alibaba.nacos.client.naming - com.alibaba.nacos.client.naming.backups.FailoverReactor do shutdown stop
2026-08-02 02:13:47.489 [SpringApplicationShutdownHook] [none] INFO  com.alibaba.nacos.client.naming - com.alibaba.nacos.client.naming.cache.ServiceInfoHolder do shutdown stop
2026-08-02 02:13:47.489 [SpringApplicationShutdownHook] [none] INFO  com.alibaba.nacos.client.naming - com.alibaba.nacos.client.naming.remote.NamingClientProxyDelegate do shutdown begin
2026-08-02 02:13:47.490 [SpringApplicationShutdownHook] [none] INFO  com.alibaba.nacos.client.naming - com.alibaba.nacos.client.naming.core.ServiceInfoUpdateService do shutdown begin
2026-08-02 02:13:47.490 [SpringApplicationShutdownHook] [none] INFO  com.alibaba.nacos.client.naming - com.alibaba.nacos.client.naming.core.ServiceInfoUpdateService do shutdown stop
2026-08-02 02:13:47.490 [SpringApplicationShutdownHook] [none] INFO  c.a.n.c.a.AbstractServerListManager - com.alibaba.nacos.client.naming.core.NamingServerListManager do shutdown begin
2026-08-02 02:13:47.490 [SpringApplicationShutdownHook] [none] INFO  c.a.n.c.a.AbstractServerListManager - com.alibaba.nacos.client.naming.core.NamingServerListManager do shutdown stop
2026-08-02 02:13:47.490 [SpringApplicationShutdownHook] [none] INFO  com.alibaba.nacos.client.naming - com.alibaba.nacos.client.naming.remote.http.NamingHttpClientProxy do shutdown begin
2026-08-02 02:13:47.490 [SpringApplicationShutdownHook] [none] INFO  com.alibaba.nacos.client.naming - [NamingHttpClientManager] Start destroying NacosRestTemplate
2026-08-02 02:13:47.491 [SpringApplicationShutdownHook] [none] INFO  com.alibaba.nacos.client.naming - [NamingHttpClientManager] Completed destruction of NacosRestTemplate
2026-08-02 02:13:47.491 [SpringApplicationShutdownHook] [none] INFO  com.alibaba.nacos.client.naming - com.alibaba.nacos.client.naming.remote.http.NamingHttpClientProxy do shutdown stop
2026-08-02 02:13:47.491 [SpringApplicationShutdownHook] [none] INFO  com.alibaba.nacos.client.naming - Shutdown naming grpc client proxy for  uuid->6d1e68d9-ad5d-45e7-abd8-80a910efc20a
2026-08-02 02:13:47.491 [SpringApplicationShutdownHook] [none] INFO  com.alibaba.nacos.client.naming - Shutdown grpc redo service executor java.util.concurrent.ScheduledThreadPoolExecutor@5b54c401[Running, pool size = 1, active threads = 0, queued tasks = 1, completed tasks = 449]
2026-08-02 02:13:47.491 [SpringApplicationShutdownHook] [none] INFO  c.alibaba.nacos.common.remote.client - Shutdown rpc client, set status to shutdown
2026-08-02 02:13:47.491 [SpringApplicationShutdownHook] [none] INFO  c.alibaba.nacos.common.remote.client - Shutdown client event executor java.util.concurrent.ScheduledThreadPoolExecutor@21f68ce8[Running, pool size = 2, active threads = 2, queued tasks = 0, completed tasks = 0]
2026-08-02 02:13:47.491 [SpringApplicationShutdownHook] [none] INFO  c.alibaba.nacos.common.remote.client - Close current connection 1785607726777_172.18.0.1_37900
2026-08-02 02:13:47.492 [SpringApplicationShutdownHook] [none] INFO  c.a.n.c.r.client.grpc.GrpcClient - Shutdown grpc executor java.util.concurrent.ThreadPoolExecutor@1980276d[Running, pool size = 16, active threads = 0, queued tasks = 0, completed tasks = 734]
2026-08-02 02:13:47.492 [nacos-grpc-client-executor-129.204.152.168-3] [none] WARN  c.a.n.c.r.client.grpc.GrpcClient - [1785607726777_172.18.0.1_37900]Ignore error event,isRunning:false,isAbandon=false
2026-08-02 02:13:47.492 [SpringApplicationShutdownHook] [none] INFO  com.alibaba.nacos.client.naming - shutdown and remove naming rpc client  for uuid ->6d1e68d9-ad5d-45e7-abd8-80a910efc20a
2026-08-02 02:13:47.494 [SpringApplicationShutdownHook] [none] INFO  c.a.n.c.a.r.i.CredentialWatcher - [null] CredentialWatcher is stopped
2026-08-02 02:13:47.494 [SpringApplicationShutdownHook] [none] INFO  c.a.n.c.a.r.i.CredentialService - [null] CredentialService is freed
2026-08-02 02:13:47.494 [SpringApplicationShutdownHook] [none] INFO  com.alibaba.nacos.client.naming - com.alibaba.nacos.client.naming.remote.NamingClientProxyDelegate do shutdown stop
2026-08-02 02:13:48.175 [com.alibaba.nacos.client.login-executor.0] [none] INFO  c.a.n.c.a.r.i.CredentialWatcher - null No credential found
2026-08-02 02:13:57.549 [SpringApplicationShutdownHook] [none] INFO  c.a.c.n.r.NacosGracefulShutdownDelegate - Nacos client graceful shutdown has been executed successfully. Graceful shutdown wait time is 10000
2026-08-02 02:13:57.660 [SpringApplicationShutdownHook] [none] INFO  o.s.boot.tomcat.GracefulShutdown - Commencing graceful shutdown. Waiting for active requests to complete
2026-08-02 02:13:57.680 [tomcat-shutdown] [none] INFO  o.s.boot.tomcat.GracefulShutdown - Graceful shutdown complete
2026-08-02 02:14:31.909 [main] [none] INFO  com.cloudmart.auth.AuthApplication - Starting AuthApplication using Java 26.0.1 with PID 14640 (D:\Ide\IdeaProjects\CloudMart\mall-auth\target\classes started by Administrator in D:\Ide\IdeaProjects\CloudMart)
2026-08-02 02:14:31.910 [main] [none] INFO  com.cloudmart.auth.AuthApplication - No active profile set, falling back to 1 default profile: "default"
2026-08-02 02:14:32.017 [main] [none] INFO  c.a.c.n.c.NacosConfigDataLoader - [Nacos Config] Load config[dataId=shared-logging.yml, group=DEFAULT_GROUP] success
2026-08-02 02:14:32.017 [main] [none] WARN  c.a.c.n.c.NacosConfigDataLoader - [Nacos Config] config[dataId=mall-auth.yml, group=DEFAULT_GROUP] is empty
2026-08-02 02:14:34.299 [main] [none] INFO  o.s.d.r.c.RepositoryConfigurationDelegate - Multiple Spring Data modules found, entering strict repository configuration mode
2026-08-02 02:14:34.312 [main] [none] INFO  o.s.d.r.c.RepositoryConfigurationDelegate - Bootstrapping Spring Data Redis repositories in DEFAULT mode.
2026-08-02 02:14:34.467 [main] [none] INFO  o.s.d.r.c.RepositoryConfigurationDelegate - Finished Spring Data repository scanning in 56 ms. Found 0 Redis repository interfaces.
2026-08-02 02:14:35.623 [main] [none] INFO  o.s.cloud.context.scope.GenericScope - BeanFactory id=903b98d1-70d8-336f-bb69-3827bb14bf22
2026-08-02 02:14:36.992 [main] [none] INFO  o.s.boot.tomcat.TomcatWebServer - Tomcat initialized with port 9001 (http)
2026-08-02 02:14:37.045 [main] [none] INFO  o.a.catalina.core.StandardService - Starting service [Tomcat]
2026-08-02 02:14:37.045 [main] [none] INFO  o.a.catalina.core.StandardEngine - Starting Servlet engine: [Apache Tomcat/11.0.21]
2026-08-02 02:14:37.215 [main] [none] INFO  o.s.b.w.c.s.WebApplicationContextInitializer - Root WebApplicationContext: initialization completed in 5193 ms
2026-08-02 02:14:37.655 [main] [none] DEBUG o.s.c.o.FeignClientFactoryBean - Creating a FeignClientFactoryBean.
2026-08-02 02:14:38.136 [main] [none] INFO  o.s.c.o.FeignClientFactoryBean - For 'mall-admin' URL not provided. Will try picking an instance via load-balancing.
2026-08-02 02:14:38.374 [main] [none] DEBUG o.s.c.o.FeignClientFactoryBean - Creating a FeignClientFactoryBean.
2026-08-02 02:14:38.403 [main] [none] INFO  o.s.c.o.FeignClientFactoryBean - For 'mall-admin' URL not provided. Will try picking an instance via load-balancing.
2026-08-02 02:14:40.683 [main] [none] DEBUG o.s.c.o.FeignClientFactoryBean - Creating a FeignClientFactoryBean.
2026-08-02 02:14:40.705 [main] [none] INFO  o.s.c.o.FeignClientFactoryBean - For 'mall-user' URL not provided. Will try picking an instance via load-balancing.
2026-08-02 02:14:41.225 [main] [none] INFO  c.a.c.s.SentinelWebMvcConfigurer - [Sentinel Starter] register SentinelWebInterceptor with urlPatterns: [/**].
2026-08-02 02:14:42.545 [main] [none] WARN  o.s.c.l.c.LoadBalancerCacheAutoConfiguration$LoadBalancerCaffeineWarnLogger - Spring Cloud LoadBalancer is currently working with the default cache. While this cache implementation is useful for development and tests, it's recommended to use Caffeine cache in production.You can switch to using Caffeine cache, by adding it and org.springframework.cache.caffeine.CaffeineCacheManager to the classpath.
2026-08-02 02:14:42.563 [main] [none] INFO  o.s.b.a.e.web.EndpointLinksResolver - Exposing 4 endpoints beneath base path '/actuator'
2026-08-02 02:14:42.814 [main] [none] INFO  c.a.n.c.config.NacosConfigService - Nacos client key init properties: 
	serverAddr=129.204.152.168:8848
	username=nacos
	password=n***s

2026-08-02 02:14:42.816 [main] [none] INFO  c.a.n.c.a.AbstractServerListManager - Load and match ServerListProvider com.alibaba.nacos.client.address.EndpointServerListProvider, match result: false
2026-08-02 02:14:42.816 [main] [none] INFO  c.a.n.c.a.AbstractServerListManager - Load and match ServerListProvider com.alibaba.nacos.client.address.PropertiesListProvider, match result: true
2026-08-02 02:14:42.816 [main] [none] INFO  c.a.n.c.a.AbstractServerListManager - Will use com.alibaba.nacos.client.address.PropertiesListProvider as ServerListProvider
2026-08-02 02:14:42.817 [main] [none] INFO  com.alibaba.nacos.common.labels - DefaultLabelsCollectorManager get labels.....
2026-08-02 02:14:42.817 [main] [none] INFO  com.alibaba.nacos.common.labels - Process LabelsCollector with [name:defaultNacosLabelsCollector]
2026-08-02 02:14:42.817 [main] [none] INFO  com.alibaba.nacos.common.labels - default nacos collect properties raw labels: null
2026-08-02 02:14:42.817 [main] [none] INFO  com.alibaba.nacos.common.labels - default nacos collect properties labels: {}
2026-08-02 02:14:42.817 [main] [none] INFO  com.alibaba.nacos.common.labels - default nacos collect jvm raw labels: null
2026-08-02 02:14:42.817 [main] [none] INFO  com.alibaba.nacos.common.labels - default nacos collect jvm labels: {}
2026-08-02 02:14:42.818 [main] [none] INFO  com.alibaba.nacos.common.labels - default nacos collect env raw labels: null
2026-08-02 02:14:42.818 [main] [none] INFO  com.alibaba.nacos.common.labels - default nacos collect env labels: {}
2026-08-02 02:14:42.818 [main] [none] INFO  com.alibaba.nacos.common.labels - DefaultLabelsCollectorManager get labels finished,labels :{}
2026-08-02 02:14:42.818 [main] [none] INFO  c.a.n.p.a.s.c.ClientAuthPluginManager - [ClientAuthPluginManager] Load ClientAuthService com.alibaba.nacos.client.auth.impl.NacosClientAuthServiceImpl success.
2026-08-02 02:14:42.818 [main] [none] INFO  c.a.n.p.a.s.c.ClientAuthPluginManager - [ClientAuthPluginManager] Load ClientAuthService com.alibaba.nacos.client.auth.ram.RamClientAuthServiceImpl success.
2026-08-02 02:14:42.818 [main] [none] DEBUG c.a.n.c.c.i.ConfigHttpClientManager - HTTP method: POST, url: http://129.204.152.168:8848/nacos/v3/auth/user/login?username=nacos, body: {password=nacos}
2026-08-02 02:14:42.819 [main] [none] DEBUG c.a.n.c.c.i.ConfigHttpClientManager - Execute via interceptors :[com.alibaba.nacos.client.config.impl.ConfigHttpClientManager$LimiterHttpClientRequestInterceptor@4612995a]
2026-08-02 02:14:42.924 [main] [none] INFO  c.a.n.client.config.impl.CacheData - config listener notify warn timeout millis use default 60000 millis 
2026-08-02 02:14:42.924 [main] [none] INFO  c.a.n.client.config.impl.CacheData - nacos.cache.data.init.snapshot = true 
2026-08-02 02:14:42.925 [main] [none] INFO  c.a.n.c.config.impl.ClientWorker - [Config-fixed-public-129.204.152.168_8848] [subscribe] mall-auth-degrade-rules+SENTINEL_GROUP+public
2026-08-02 02:14:42.947 [main] [none] INFO  c.a.n.client.config.impl.CacheData - [Config-fixed-public-129.204.152.168_8848] [add-listener] ok, tenant=public, dataId=mall-auth-degrade-rules, group=SENTINEL_GROUP, cnt=1
2026-08-02 02:14:42.947 [main] [none] INFO  c.alibaba.nacos.common.remote.client - [RpcClientFactory] create a new rpc client of c363b82d-3d43-456f-a3c3-f1f9a05f8c8a_config-0
2026-08-02 02:14:42.947 [main] [none] INFO  c.alibaba.nacos.common.remote.client - [c363b82d-3d43-456f-a3c3-f1f9a05f8c8a_config-0] Register server push request handler:com.alibaba.nacos.client.config.impl.ClientWorker$ConfigRpcTransportClient$$Lambda/0x000000002b80c780
2026-08-02 02:14:42.947 [main] [none] INFO  c.alibaba.nacos.common.remote.client - [c363b82d-3d43-456f-a3c3-f1f9a05f8c8a_config-0] Register server push request handler:com.alibaba.nacos.client.config.impl.ClientWorker$ConfigRpcTransportClient$$Lambda/0x000000002b80ccb0
2026-08-02 02:14:42.947 [main] [none] INFO  c.alibaba.nacos.common.remote.client - [c363b82d-3d43-456f-a3c3-f1f9a05f8c8a_config-0] Register server push request handler:com.alibaba.nacos.client.config.impl.ClientFuzzyWatchNotifyRequestHandler
2026-08-02 02:14:42.947 [main] [none] INFO  c.alibaba.nacos.common.remote.client - [c363b82d-3d43-456f-a3c3-f1f9a05f8c8a_config-0] Registry connection listener to current client:com.alibaba.nacos.client.config.impl.ClientWorker$ConfigRpcTransportClient$1
2026-08-02 02:14:42.947 [main] [none] INFO  c.alibaba.nacos.common.remote.client - [c363b82d-3d43-456f-a3c3-f1f9a05f8c8a_config-0] RpcClient init, ServerListFactory = com.alibaba.nacos.client.config.impl.ClientWorker$ConfigRpcTransportClient$2
2026-08-02 02:14:42.948 [main] [none] INFO  c.alibaba.nacos.common.remote.client - [c363b82d-3d43-456f-a3c3-f1f9a05f8c8a_config-0] Try to connect to server on start up, server: {serverIp = '129.204.152.168', server main port = 8848}
2026-08-02 02:14:42.948 [main] [none] INFO  c.a.n.c.r.client.grpc.GrpcClient - grpc client connection server: 129.204.152.168 ip, serverPort: 9848, grpcTslConfig: {"enableTls":false,"mutualAuthEnable":false,"trustAll":true}
2026-08-02 02:14:43.071 [main] [none] INFO  c.alibaba.nacos.common.remote.client - [c363b82d-3d43-456f-a3c3-f1f9a05f8c8a_config-0] Success to connect to server [129.204.152.168:8848] on start up, connectionId = 1785608083471_172.18.0.1_39122
2026-08-02 02:14:43.071 [main] [none] INFO  c.alibaba.nacos.common.remote.client - [c363b82d-3d43-456f-a3c3-f1f9a05f8c8a_config-0] Register server push request handler:com.alibaba.nacos.common.remote.client.RpcClient$ConnectResetRequestHandler
2026-08-02 02:14:43.071 [com.alibaba.nacos.client.remote.worker.0] [none] INFO  c.alibaba.nacos.common.remote.client - [c363b82d-3d43-456f-a3c3-f1f9a05f8c8a_config-0] Notify connected event to listeners.
2026-08-02 02:14:43.071 [main] [none] INFO  c.alibaba.nacos.common.remote.client - [c363b82d-3d43-456f-a3c3-f1f9a05f8c8a_config-0] Register server push request handler:com.alibaba.nacos.common.remote.client.RpcClient$$Lambda/0x000000002b9cdb48
2026-08-02 02:14:43.071 [com.alibaba.nacos.client.remote.worker.0] [none] INFO  c.a.n.c.config.impl.ClientWorker - [c363b82d-3d43-456f-a3c3-f1f9a05f8c8a_config-0] Connected,notify listen context...
2026-08-02 02:14:43.071 [com.alibaba.nacos.client.remote.worker.0] [none] INFO  c.a.n.c.config.impl.ClientWorker - [c363b82d-3d43-456f-a3c3-f1f9a05f8c8a_config-0] Connected,notify fuzzy listen context...
2026-08-02 02:14:43.104 [main] [none] INFO  c.a.c.s.d.c.SentinelConverter - converter can not convert rules because source is empty
2026-08-02 02:14:43.112 [main] [none] INFO  c.a.n.c.config.NacosConfigService - Nacos client key init properties: 
	serverAddr=129.204.152.168:8848
	username=nacos
	password=n***s

2026-08-02 02:14:43.113 [main] [none] INFO  c.a.n.c.a.AbstractServerListManager - Load and match ServerListProvider com.alibaba.nacos.client.address.EndpointServerListProvider, match result: false
2026-08-02 02:14:43.113 [main] [none] INFO  c.a.n.c.a.AbstractServerListManager - Load and match ServerListProvider com.alibaba.nacos.client.address.PropertiesListProvider, match result: true
2026-08-02 02:14:43.113 [main] [none] INFO  c.a.n.c.a.AbstractServerListManager - Will use com.alibaba.nacos.client.address.PropertiesListProvider as ServerListProvider
2026-08-02 02:14:43.114 [main] [none] INFO  com.alibaba.nacos.common.labels - DefaultLabelsCollectorManager get labels.....
2026-08-02 02:14:43.114 [main] [none] INFO  com.alibaba.nacos.common.labels - Process LabelsCollector with [name:defaultNacosLabelsCollector]
2026-08-02 02:14:43.114 [main] [none] INFO  com.alibaba.nacos.common.labels - default nacos collect properties raw labels: null
2026-08-02 02:14:43.114 [main] [none] INFO  com.alibaba.nacos.common.labels - default nacos collect properties labels: {}
2026-08-02 02:14:43.114 [main] [none] INFO  com.alibaba.nacos.common.labels - default nacos collect jvm raw labels: null
2026-08-02 02:14:43.114 [main] [none] INFO  com.alibaba.nacos.common.labels - default nacos collect jvm labels: {}
2026-08-02 02:14:43.114 [main] [none] INFO  com.alibaba.nacos.common.labels - default nacos collect env raw labels: null
2026-08-02 02:14:43.114 [main] [none] INFO  com.alibaba.nacos.common.labels - default nacos collect env labels: {}
2026-08-02 02:14:43.115 [main] [none] INFO  com.alibaba.nacos.common.labels - DefaultLabelsCollectorManager get labels finished,labels :{}
2026-08-02 02:14:43.115 [main] [none] INFO  c.a.n.p.a.s.c.ClientAuthPluginManager - [ClientAuthPluginManager] Load ClientAuthService com.alibaba.nacos.client.auth.impl.NacosClientAuthServiceImpl success.
2026-08-02 02:14:43.115 [main] [none] INFO  c.a.n.p.a.s.c.ClientAuthPluginManager - [ClientAuthPluginManager] Load ClientAuthService com.alibaba.nacos.client.auth.ram.RamClientAuthServiceImpl success.
2026-08-02 02:14:43.115 [main] [none] DEBUG c.a.n.c.c.i.ConfigHttpClientManager - HTTP method: POST, url: http://129.204.152.168:8848/nacos/v3/auth/user/login?username=nacos, body: {password=nacos}
2026-08-02 02:14:43.115 [main] [none] DEBUG c.a.n.c.c.i.ConfigHttpClientManager - Execute via interceptors :[com.alibaba.nacos.client.config.impl.ConfigHttpClientManager$LimiterHttpClientRequestInterceptor@4612995a]
2026-08-02 02:14:43.210 [main] [none] INFO  c.a.n.c.config.impl.ClientWorker - [Config-fixed-public-129.204.152.168_8848] [subscribe] mall-auth-flow-rules+SENTINEL_GROUP+public
2026-08-02 02:14:43.210 [main] [none] INFO  c.a.n.client.config.impl.CacheData - [Config-fixed-public-129.204.152.168_8848] [add-listener] ok, tenant=public, dataId=mall-auth-flow-rules, group=SENTINEL_GROUP, cnt=1
2026-08-02 02:14:43.210 [main] [none] INFO  c.alibaba.nacos.common.remote.client - [RpcClientFactory] create a new rpc client of 82c1111a-6136-4edf-bf3d-5ce1973be371_config-0
2026-08-02 02:14:43.210 [main] [none] INFO  c.alibaba.nacos.common.remote.client - [82c1111a-6136-4edf-bf3d-5ce1973be371_config-0] Register server push request handler:com.alibaba.nacos.client.config.impl.ClientWorker$ConfigRpcTransportClient$$Lambda/0x000000002b80c780
2026-08-02 02:14:43.211 [main] [none] INFO  c.alibaba.nacos.common.remote.client - [82c1111a-6136-4edf-bf3d-5ce1973be371_config-0] Register server push request handler:com.alibaba.nacos.client.config.impl.ClientWorker$ConfigRpcTransportClient$$Lambda/0x000000002b80ccb0
2026-08-02 02:14:43.211 [main] [none] INFO  c.alibaba.nacos.common.remote.client - [82c1111a-6136-4edf-bf3d-5ce1973be371_config-0] Register server push request handler:com.alibaba.nacos.client.config.impl.ClientFuzzyWatchNotifyRequestHandler
2026-08-02 02:14:43.211 [main] [none] INFO  c.alibaba.nacos.common.remote.client - [82c1111a-6136-4edf-bf3d-5ce1973be371_config-0] Registry connection listener to current client:com.alibaba.nacos.client.config.impl.ClientWorker$ConfigRpcTransportClient$1
2026-08-02 02:14:43.211 [main] [none] INFO  c.alibaba.nacos.common.remote.client - [82c1111a-6136-4edf-bf3d-5ce1973be371_config-0] RpcClient init, ServerListFactory = com.alibaba.nacos.client.config.impl.ClientWorker$ConfigRpcTransportClient$2
2026-08-02 02:14:43.211 [main] [none] INFO  c.alibaba.nacos.common.remote.client - [82c1111a-6136-4edf-bf3d-5ce1973be371_config-0] Try to connect to server on start up, server: {serverIp = '129.204.152.168', server main port = 8848}
2026-08-02 02:14:43.211 [main] [none] INFO  c.a.n.c.r.client.grpc.GrpcClient - grpc client connection server: 129.204.152.168 ip, serverPort: 9848, grpcTslConfig: {"enableTls":false,"mutualAuthEnable":false,"trustAll":true}
2026-08-02 02:14:43.367 [main] [none] INFO  c.alibaba.nacos.common.remote.client - [82c1111a-6136-4edf-bf3d-5ce1973be371_config-0] Success to connect to server [129.204.152.168:8848] on start up, connectionId = 1785608083736_172.18.0.1_39148
2026-08-02 02:14:43.368 [main] [none] INFO  c.alibaba.nacos.common.remote.client - [82c1111a-6136-4edf-bf3d-5ce1973be371_config-0] Register server push request handler:com.alibaba.nacos.common.remote.client.RpcClient$ConnectResetRequestHandler
2026-08-02 02:14:43.368 [main] [none] INFO  c.alibaba.nacos.common.remote.client - [82c1111a-6136-4edf-bf3d-5ce1973be371_config-0] Register server push request handler:com.alibaba.nacos.common.remote.client.RpcClient$$Lambda/0x000000002b9cdb48
2026-08-02 02:14:43.368 [com.alibaba.nacos.client.remote.worker.0] [none] INFO  c.alibaba.nacos.common.remote.client - [82c1111a-6136-4edf-bf3d-5ce1973be371_config-0] Notify connected event to listeners.
2026-08-02 02:14:43.368 [com.alibaba.nacos.client.remote.worker.0] [none] INFO  c.a.n.c.config.impl.ClientWorker - [82c1111a-6136-4edf-bf3d-5ce1973be371_config-0] Connected,notify listen context...
2026-08-02 02:14:43.368 [com.alibaba.nacos.client.remote.worker.0] [none] INFO  c.a.n.c.config.impl.ClientWorker - [82c1111a-6136-4edf-bf3d-5ce1973be371_config-0] Connected,notify fuzzy listen context...
2026-08-02 02:14:43.405 [main] [none] INFO  c.a.c.s.d.c.SentinelConverter - converter can not convert rules because source is empty
2026-08-02 02:14:43.484 [main] [none] INFO  o.s.boot.tomcat.TomcatWebServer - Tomcat started on port 9001 (http) with context path '/'
2026-08-02 02:14:43.491 [main] [none] INFO  com.alibaba.nacos.client.naming - Nacos client key init properties: 
	serverAddr=129.204.152.168:8848
	username=nacos
	password=n***s

2026-08-02 02:14:43.492 [main] [none] INFO  com.alibaba.nacos.client.naming - initializer namespace from ans.namespace attribute : null
2026-08-02 02:14:43.492 [main] [none] INFO  com.alibaba.nacos.client.naming - initializer namespace from ALIBABA_ALIWARE_NAMESPACE attribute :null
2026-08-02 02:14:43.492 [main] [none] INFO  com.alibaba.nacos.client.naming - initializer namespace from namespace attribute :null
2026-08-02 02:14:43.502 [main] [none] INFO  com.alibaba.nacos.client.naming - FailoverDataSource type is class com.alibaba.nacos.client.naming.backups.datasource.DiskFailoverDataSource
2026-08-02 02:14:43.503 [com.alibaba.nacos.naming.failover.0] [none] DEBUG com.alibaba.nacos.client.naming - failover switch is not found, 00-00---000-VIPSRV_FAILOVER_SWITCH-000---00-00
2026-08-02 02:14:43.509 [main] [none] INFO  c.a.n.c.a.AbstractServerListManager - Load and match ServerListProvider com.alibaba.nacos.client.address.EndpointServerListProvider, match result: false
2026-08-02 02:14:43.509 [main] [none] INFO  c.a.n.c.a.AbstractServerListManager - Load and match ServerListProvider com.alibaba.nacos.client.address.PropertiesListProvider, match result: true
2026-08-02 02:14:43.509 [main] [none] INFO  c.a.n.c.a.AbstractServerListManager - Will use com.alibaba.nacos.client.address.PropertiesListProvider as ServerListProvider
2026-08-02 02:14:43.511 [main] [none] INFO  c.a.n.p.a.s.c.ClientAuthPluginManager - [ClientAuthPluginManager] Load ClientAuthService com.alibaba.nacos.client.auth.impl.NacosClientAuthServiceImpl success.
2026-08-02 02:14:43.511 [main] [none] INFO  c.a.n.p.a.s.c.ClientAuthPluginManager - [ClientAuthPluginManager] Load ClientAuthService com.alibaba.nacos.client.auth.ram.RamClientAuthServiceImpl success.
2026-08-02 02:14:43.511 [main] [none] DEBUG com.alibaba.nacos.client.naming - HTTP method: POST, url: http://129.204.152.168:8848/nacos/v3/auth/user/login?username=nacos, body: {password=nacos}
2026-08-02 02:14:43.618 [main] [none] INFO  c.alibaba.nacos.common.remote.client - [RpcClientFactory] create a new rpc client of 642ae51d-9894-4f38-b51f-d7b522ff38e3
2026-08-02 02:14:43.622 [main] [none] INFO  com.alibaba.nacos.client.naming - Create naming rpc client for uuid->642ae51d-9894-4f38-b51f-d7b522ff38e3
2026-08-02 02:14:43.623 [main] [none] INFO  c.alibaba.nacos.common.remote.client - [642ae51d-9894-4f38-b51f-d7b522ff38e3] RpcClient init, ServerListFactory = com.alibaba.nacos.client.naming.core.NamingServerListManager
2026-08-02 02:14:43.623 [main] [none] INFO  c.alibaba.nacos.common.remote.client - [642ae51d-9894-4f38-b51f-d7b522ff38e3] Registry connection listener to current client:com.alibaba.nacos.client.naming.remote.gprc.redo.NamingGrpcRedoService
2026-08-02 02:14:43.624 [main] [none] INFO  c.alibaba.nacos.common.remote.client - [642ae51d-9894-4f38-b51f-d7b522ff38e3] Register server push request handler:com.alibaba.nacos.client.naming.remote.gprc.NamingPushRequestHandler
2026-08-02 02:14:43.626 [main] [none] INFO  c.alibaba.nacos.common.remote.client - [642ae51d-9894-4f38-b51f-d7b522ff38e3] Register server push request handler:com.alibaba.nacos.client.naming.remote.gprc.NamingFuzzyWatchNotifyRequestHandler
2026-08-02 02:14:43.627 [main] [none] INFO  c.alibaba.nacos.common.remote.client - [642ae51d-9894-4f38-b51f-d7b522ff38e3] Try to connect to server on start up, server: {serverIp = '129.204.152.168', server main port = 8848}
2026-08-02 02:14:43.627 [main] [none] INFO  c.a.n.c.r.client.grpc.GrpcClient - grpc client connection server: 129.204.152.168 ip, serverPort: 9848, grpcTslConfig: {"enableTls":false,"mutualAuthEnable":false,"trustAll":true}
2026-08-02 02:14:43.755 [main] [none] INFO  c.alibaba.nacos.common.remote.client - [642ae51d-9894-4f38-b51f-d7b522ff38e3] Success to connect to server [129.204.152.168:8848] on start up, connectionId = 1785608084152_172.18.0.1_39150
2026-08-02 02:14:43.755 [main] [none] INFO  c.alibaba.nacos.common.remote.client - [642ae51d-9894-4f38-b51f-d7b522ff38e3] Register server push request handler:com.alibaba.nacos.common.remote.client.RpcClient$ConnectResetRequestHandler
2026-08-02 02:14:43.755 [main] [none] INFO  c.alibaba.nacos.common.remote.client - [642ae51d-9894-4f38-b51f-d7b522ff38e3] Register server push request handler:com.alibaba.nacos.common.remote.client.RpcClient$$Lambda/0x000000002b9cdb48
2026-08-02 02:14:43.755 [com.alibaba.nacos.client.remote.worker.0] [none] INFO  c.alibaba.nacos.common.remote.client - [642ae51d-9894-4f38-b51f-d7b522ff38e3] Notify connected event to listeners.
2026-08-02 02:14:43.755 [com.alibaba.nacos.client.remote.worker.0] [none] INFO  com.alibaba.nacos.client.naming - Grpc connection connect
2026-08-02 02:14:43.757 [main] [none] INFO  com.alibaba.nacos.client.naming - [REGISTER-SERVICE] public registering service mall-auth with instance Instance{instanceId='null', ip='192.168.1.59', port=9001, weight=1.0, healthy=true, enabled=true, ephemeral=true, clusterName='', serviceName='null', metadata={IPv6=null, preserved.register.source=SPRING_CLOUD}}
2026-08-02 02:14:43.811 [main] [none] INFO  c.a.c.n.r.NacosServiceRegistry - nacos registry, DEFAULT_GROUP mall-auth 192.168.1.59:9001 register finished
2026-08-02 02:14:43.838 [main] [none] INFO  com.cloudmart.auth.AuthApplication - Started AuthApplication in 17.584 seconds (process running for 23.091)
2026-08-02 02:14:43.849 [main] [none] INFO  c.a.n.c.config.impl.ClientWorker - [Config-fixed-public-129.204.152.168_8848] [subscribe] mall-auth.yml+DEFAULT_GROUP+public
2026-08-02 02:14:43.849 [main] [none] INFO  c.a.n.client.config.impl.CacheData - [Config-fixed-public-129.204.152.168_8848] [add-listener] ok, tenant=public, dataId=mall-auth.yml, group=DEFAULT_GROUP, cnt=1
2026-08-02 02:14:43.849 [main] [none] INFO  c.a.c.n.r.NacosContextRefresher - [Nacos Config] Listening config: dataId=mall-auth.yml, group=DEFAULT_GROUP
2026-08-02 02:14:43.851 [main] [none] INFO  c.a.n.c.config.impl.ClientWorker - [Config-fixed-public-129.204.152.168_8848] [subscribe] shared-logging.yml+DEFAULT_GROUP+public
2026-08-02 02:14:43.851 [main] [none] INFO  c.a.n.client.config.impl.CacheData - [Config-fixed-public-129.204.152.168_8848] [add-listener] ok, tenant=public, dataId=shared-logging.yml, group=DEFAULT_GROUP, cnt=1
2026-08-02 02:14:43.851 [main] [none] INFO  c.a.c.n.r.NacosContextRefresher - [Nacos Config] Listening config: dataId=shared-logging.yml, group=DEFAULT_GROUP
2026-08-02 02:14:44.019 [RMI TCP Connection(4)-192.168.1.59] [none] INFO  c.a.c.s.e.SentinelHealthIndicator - Find sentinel dashboard server list: [Endpoint{protocol=HTTP, host='129.204.152.168, port=8088}]
2026-08-02 02:14:44.023 [RMI TCP Connection(3)-192.168.1.59] [none] INFO  o.a.c.c.C.[Tomcat].[localhost].[/] - Initializing Spring DispatcherServlet 'dispatcherServlet'
2026-08-02 02:14:44.023 [RMI TCP Connection(3)-192.168.1.59] [none] INFO  o.s.web.servlet.DispatcherServlet - Initializing Servlet 'dispatcherServlet'
2026-08-02 02:14:44.026 [RMI TCP Connection(3)-192.168.1.59] [none] INFO  o.s.web.servlet.DispatcherServlet - Completed initialization in 3 ms
2026-08-02 02:14:44.718 [RMI TCP Connection(4)-192.168.1.59] [none] WARN  c.a.c.s.e.SentinelHealthIndicator - Sentinel dashboard heartbeat message can't be sent to the dashboard servers [Endpoint{protocol=HTTP, host='129.204.152.168, port=8088}] one of them can't be connected
2026-08-02 02:14:44.763 [RMI TCP Connection(4)-192.168.1.59] [none] INFO  c.a.c.s.d.c.SentinelConverter - converter can not convert rules because source is empty
2026-08-02 02:14:44.805 [RMI TCP Connection(4)-192.168.1.59] [none] INFO  c.a.c.s.d.c.SentinelConverter - converter can not convert rules because source is empty
2026-08-02 02:14:48.505 [com.alibaba.nacos.naming.failover.0] [none] DEBUG com.alibaba.nacos.client.naming - failover switch is not found, 00-00---000-VIPSRV_FAILOVER_SWITCH-000---00-00
2026-08-02 02:14:53.506 [com.alibaba.nacos.naming.failover.0] [none] DEBUG com.alibaba.nacos.client.naming - failover switch is not found, 00-00---000-VIPSRV_FAILOVER_SWITCH-000---00-00
2026-08-02 02:14:58.508 [com.alibaba.nacos.naming.failover.0] [none] DEBUG com.alibaba.nacos.client.naming - failover switch is not found, 00-00---000-VIPSRV_FAILOVER_SWITCH-000---00-00
2026-08-02 02:15:03.508 [com.alibaba.nacos.naming.failover.0] [none] DEBUG com.alibaba.nacos.client.naming - failover switch is not found, 00-00---000-VIPSRV_FAILOVER_SWITCH-000---00-00
2026-08-02 02:15:08.509 [com.alibaba.nacos.naming.failover.0] [none] DEBUG com.alibaba.nacos.client.naming - failover switch is not found, 00-00---000-VIPSRV_FAILOVER_SWITCH-000---00-00
2026-08-02 02:15:13.511 [com.alibaba.nacos.naming.failover.0] [none] DEBUG com.alibaba.nacos.client.naming - failover switch is not found, 00-00---000-VIPSRV_FAILOVER_SWITCH-000---00-00
2026-08-02 02:15:18.512 [com.alibaba.nacos.naming.failover.0] [none] DEBUG com.alibaba.nacos.client.naming - failover switch is not found, 00-00---000-VIPSRV_FAILOVER_SWITCH-000---00-00
2026-08-02 02:15:23.590 [com.alibaba.nacos.naming.failover.0] [none] DEBUG com.alibaba.nacos.client.naming - failover switch is not found, 00-00---000-VIPSRV_FAILOVER_SWITCH-000---00-00
2026-08-02 02:15:25.518 [com.alibaba.nacos.client.remote.worker.1] [none] INFO  c.alibaba.nacos.common.remote.client - [642ae51d-9894-4f38-b51f-d7b522ff38e3] Server healthy check fail, currentConnection = 1785608084152_172.18.0.1_39150
2026-08-02 02:15:25.522 [com.alibaba.nacos.client.remote.worker.1] [none] INFO  c.alibaba.nacos.common.remote.client - [642ae51d-9894-4f38-b51f-d7b522ff38e3] Try to reconnect to a new server, server is  not appointed, will choose a random server.
2026-08-02 02:15:25.523 [com.alibaba.nacos.client.remote.worker.1] [none] INFO  c.a.n.c.r.client.grpc.GrpcClient - grpc client connection server: 129.204.152.168 ip, serverPort: 9848, grpcTslConfig: {"enableTls":false,"mutualAuthEnable":false,"trustAll":true}
2026-08-02 02:15:25.553 [com.alibaba.nacos.client.remote.worker.1] [none] INFO  c.alibaba.nacos.common.remote.client - [2993a1d1-fa0a-4b5a-9688-1e26534e268a_config-0] Server healthy check fail, currentConnection = 1785608070853_172.18.0.1_50278
2026-08-02 02:15:25.553 [com.alibaba.nacos.client.remote.worker.1] [none] INFO  c.alibaba.nacos.common.remote.client - [2993a1d1-fa0a-4b5a-9688-1e26534e268a_config-0] Try to reconnect to a new server, server is  not appointed, will choose a random server.
2026-08-02 02:15:25.554 [com.alibaba.nacos.client.remote.worker.1] [none] INFO  c.a.n.c.r.client.grpc.GrpcClient - grpc client connection server: 129.204.152.168 ip, serverPort: 9848, grpcTslConfig: {"enableTls":false,"mutualAuthEnable":false,"trustAll":true}
2026-08-02 02:15:25.635 [com.alibaba.nacos.client.remote.worker.1] [none] INFO  c.alibaba.nacos.common.remote.client - [c363b82d-3d43-456f-a3c3-f1f9a05f8c8a_config-0] Server healthy check fail, currentConnection = 1785608083471_172.18.0.1_39122
2026-08-02 02:15:25.636 [com.alibaba.nacos.client.remote.worker.1] [none] INFO  c.alibaba.nacos.common.remote.client - [c363b82d-3d43-456f-a3c3-f1f9a05f8c8a_config-0] Try to reconnect to a new server, server is  not appointed, will choose a random server.
2026-08-02 02:15:25.637 [com.alibaba.nacos.client.remote.worker.1] [none] INFO  c.a.n.c.r.client.grpc.GrpcClient - grpc client connection server: 129.204.152.168 ip, serverPort: 9848, grpcTslConfig: {"enableTls":false,"mutualAuthEnable":false,"trustAll":true}
2026-08-02 02:15:26.603 [com.alibaba.nacos.client.remote.worker.1] [none] INFO  c.alibaba.nacos.common.remote.client - [82c1111a-6136-4edf-bf3d-5ce1973be371_config-0] Server healthy check fail, currentConnection = 1785608083736_172.18.0.1_39148
2026-08-02 02:15:26.603 [com.alibaba.nacos.client.remote.worker.1] [none] INFO  c.alibaba.nacos.common.remote.client - [82c1111a-6136-4edf-bf3d-5ce1973be371_config-0] Try to reconnect to a new server, server is  not appointed, will choose a random server.
2026-08-02 02:15:26.603 [com.alibaba.nacos.client.remote.worker.1] [none] INFO  c.a.n.c.r.client.grpc.GrpcClient - grpc client connection server: 129.204.152.168 ip, serverPort: 9848, grpcTslConfig: {"enableTls":false,"mutualAuthEnable":false,"trustAll":true}
2026-08-02 02:15:28.526 [com.alibaba.nacos.client.remote.worker.1] [none] ERROR c.a.n.c.r.client.grpc.GrpcClient - Server check fail, please check server 129.204.152.168, port 9848 is available, error ={}
java.util.concurrent.TimeoutException: Waited 3000 milliseconds (plus 1 milliseconds, 64500 nanoseconds delay) for com.alibaba.nacos.shaded.io.grpc.stub.ClientCalls$GrpcFuture@5c6eebf7[status=PENDING, info=[GrpcFuture{clientCall=PendingCall{realCall=ClientCallImpl{method=MethodDescriptor{fullMethodName=Request/request, type=UNARY, idempotent=false, safe=false, sampledToLocalTracing=true, requestMarshaller=com.alibaba.nacos.shaded.io.grpc.protobuf.lite.ProtoLiteUtils$MessageMarshaller@1d932eca, responseMarshaller=com.alibaba.nacos.shaded.io.grpc.protobuf.lite.ProtoLiteUtils$MessageMarshaller@4caa5e02, schemaDescriptor=com.alibaba.nacos.api.grpc.auto.RequestGrpc$RequestMethodDescriptorSupplier@4cda7fe4}}}}]]
	at com.alibaba.nacos.shaded.com.google.common.util.concurrent.AbstractFuture.get(AbstractFuture.java:535) ~[nacos-client-3.1.1.jar:na]
	at com.alibaba.nacos.common.remote.client.grpc.GrpcClient.serverCheck(GrpcClient.java:234) ~[nacos-client-3.1.1.jar:na]
	at com.alibaba.nacos.common.remote.client.grpc.GrpcClient.connectToServer(GrpcClient.java:346) ~[nacos-client-3.1.1.jar:na]
	at com.alibaba.nacos.common.remote.client.RpcClient.reconnect(RpcClient.java:504) ~[nacos-client-3.1.1.jar:na]
	at com.alibaba.nacos.common.remote.client.RpcClient.lambda$start$1(RpcClient.java:330) ~[nacos-client-3.1.1.jar:na]
	at java.base/java.util.concurrent.Executors$RunnableAdapter.call(Executors.java:545) ~[na:na]
	at java.base/java.util.concurrent.FutureTask.run(FutureTask.java:330) ~[na:na]
	at java.base/java.util.concurrent.ScheduledThreadPoolExecutor$ScheduledFutureTask.run(ScheduledThreadPoolExecutor.java:309) ~[na:na]
	at java.base/java.util.concurrent.ThreadPoolExecutor.runWorker(ThreadPoolExecutor.java:1090) ~[na:na]
	at java.base/java.util.concurrent.ThreadPoolExecutor$Worker.run(ThreadPoolExecutor.java:614) ~[na:na]
	at java.base/java.lang.Thread.run(Thread.java:1516) ~[na:na]
2026-08-02 02:15:28.557 [com.alibaba.nacos.client.remote.worker.1] [none] ERROR c.a.n.c.r.client.grpc.GrpcClient - Server check fail, please check server 129.204.152.168, port 9848 is available, error ={}
java.util.concurrent.TimeoutException: Waited 3000 milliseconds (plus 1 milliseconds, 227300 nanoseconds delay) for com.alibaba.nacos.shaded.io.grpc.stub.ClientCalls$GrpcFuture@63cc5069[status=PENDING, info=[GrpcFuture{clientCall=PendingCall{realCall=ClientCallImpl{method=MethodDescriptor{fullMethodName=Request/request, type=UNARY, idempotent=false, safe=false, sampledToLocalTracing=true, requestMarshaller=com.alibaba.nacos.shaded.io.grpc.protobuf.lite.ProtoLiteUtils$MessageMarshaller@1d932eca, responseMarshaller=com.alibaba.nacos.shaded.io.grpc.protobuf.lite.ProtoLiteUtils$MessageMarshaller@4caa5e02, schemaDescriptor=com.alibaba.nacos.api.grpc.auto.RequestGrpc$RequestMethodDescriptorSupplier@4cda7fe4}}}}]]
	at com.alibaba.nacos.shaded.com.google.common.util.concurrent.AbstractFuture.get(AbstractFuture.java:535) ~[nacos-client-3.1.1.jar:na]
	at com.alibaba.nacos.common.remote.client.grpc.GrpcClient.serverCheck(GrpcClient.java:234) ~[nacos-client-3.1.1.jar:na]
	at com.alibaba.nacos.common.remote.client.grpc.GrpcClient.connectToServer(GrpcClient.java:346) ~[nacos-client-3.1.1.jar:na]
	at com.alibaba.nacos.common.remote.client.RpcClient.reconnect(RpcClient.java:504) ~[nacos-client-3.1.1.jar:na]
	at com.alibaba.nacos.common.remote.client.RpcClient.lambda$start$1(RpcClient.java:330) ~[nacos-client-3.1.1.jar:na]
	at java.base/java.util.concurrent.Executors$RunnableAdapter.call(Executors.java:545) ~[na:na]
	at java.base/java.util.concurrent.FutureTask.run(FutureTask.java:330) ~[na:na]
	at java.base/java.util.concurrent.ScheduledThreadPoolExecutor$ScheduledFutureTask.run(ScheduledThreadPoolExecutor.java:309) ~[na:na]
	at java.base/java.util.concurrent.ThreadPoolExecutor.runWorker(ThreadPoolExecutor.java:1090) ~[na:na]
	at java.base/java.util.concurrent.ThreadPoolExecutor$Worker.run(ThreadPoolExecutor.java:614) ~[na:na]
	at java.base/java.lang.Thread.run(Thread.java:1516) ~[na:na]
2026-08-02 02:15:28.594 [com.alibaba.nacos.naming.failover.0] [none] DEBUG com.alibaba.nacos.client.naming - failover switch is not found, 00-00---000-VIPSRV_FAILOVER_SWITCH-000---00-00
2026-08-02 02:15:28.641 [com.alibaba.nacos.client.remote.worker.1] [none] ERROR c.a.n.c.r.client.grpc.GrpcClient - Server check fail, please check server 129.204.152.168, port 9848 is available, error ={}
java.util.concurrent.TimeoutException: Waited 3000 milliseconds (plus 1 milliseconds, 866800 nanoseconds delay) for com.alibaba.nacos.shaded.io.grpc.stub.ClientCalls$GrpcFuture@3998faf[status=PENDING, info=[GrpcFuture{clientCall=PendingCall{realCall=ClientCallImpl{method=MethodDescriptor{fullMethodName=Request/request, type=UNARY, idempotent=false, safe=false, sampledToLocalTracing=true, requestMarshaller=com.alibaba.nacos.shaded.io.grpc.protobuf.lite.ProtoLiteUtils$MessageMarshaller@1d932eca, responseMarshaller=com.alibaba.nacos.shaded.io.grpc.protobuf.lite.ProtoLiteUtils$MessageMarshaller@4caa5e02, schemaDescriptor=com.alibaba.nacos.api.grpc.auto.RequestGrpc$RequestMethodDescriptorSupplier@4cda7fe4}}}}]]
	at com.alibaba.nacos.shaded.com.google.common.util.concurrent.AbstractFuture.get(AbstractFuture.java:535) ~[nacos-client-3.1.1.jar:na]
	at com.alibaba.nacos.common.remote.client.grpc.GrpcClient.serverCheck(GrpcClient.java:234) ~[nacos-client-3.1.1.jar:na]
	at com.alibaba.nacos.common.remote.client.grpc.GrpcClient.connectToServer(GrpcClient.java:346) ~[nacos-client-3.1.1.jar:na]
	at com.alibaba.nacos.common.remote.client.RpcClient.reconnect(RpcClient.java:504) ~[nacos-client-3.1.1.jar:na]
	at com.alibaba.nacos.common.remote.client.RpcClient.lambda$start$1(RpcClient.java:330) ~[nacos-client-3.1.1.jar:na]
	at java.base/java.util.concurrent.Executors$RunnableAdapter.call(Executors.java:545) ~[na:na]
	at java.base/java.util.concurrent.FutureTask.run(FutureTask.java:330) ~[na:na]
	at java.base/java.util.concurrent.ScheduledThreadPoolExecutor$ScheduledFutureTask.run(ScheduledThreadPoolExecutor.java:309) ~[na:na]
	at java.base/java.util.concurrent.ThreadPoolExecutor.runWorker(ThreadPoolExecutor.java:1090) ~[na:na]
	at java.base/java.util.concurrent.ThreadPoolExecutor$Worker.run(ThreadPoolExecutor.java:614) ~[na:na]
	at java.base/java.lang.Thread.run(Thread.java:1516) ~[na:na]
2026-08-02 02:15:28.667 [com.alibaba.nacos.client.remote.worker.1] [none] INFO  c.a.n.c.r.client.grpc.GrpcClient - grpc client connection server: 129.204.152.168 ip, serverPort: 9848, grpcTslConfig: {"enableTls":false,"mutualAuthEnable":false,"trustAll":true}
2026-08-02 02:15:28.670 [com.alibaba.nacos.client.remote.worker.1] [none] INFO  c.a.n.c.r.client.grpc.GrpcClient - grpc client connection server: 129.204.152.168 ip, serverPort: 9848, grpcTslConfig: {"enableTls":false,"mutualAuthEnable":false,"trustAll":true}
2026-08-02 02:15:28.745 [com.alibaba.nacos.client.remote.worker.1] [none] INFO  c.a.n.c.r.client.grpc.GrpcClient - grpc client connection server: 129.204.152.168 ip, serverPort: 9848, grpcTslConfig: {"enableTls":false,"mutualAuthEnable":false,"trustAll":true}
2026-08-02 02:15:29.610 [com.alibaba.nacos.client.remote.worker.1] [none] ERROR c.a.n.c.r.client.grpc.GrpcClient - Server check fail, please check server 129.204.152.168, port 9848 is available, error ={}
java.util.concurrent.TimeoutException: Waited 3000 milliseconds (plus 1 milliseconds, 827200 nanoseconds delay) for com.alibaba.nacos.shaded.io.grpc.stub.ClientCalls$GrpcFuture@700cd7c8[status=PENDING, info=[GrpcFuture{clientCall=PendingCall{realCall=ClientCallImpl{method=MethodDescriptor{fullMethodName=Request/request, type=UNARY, idempotent=false, safe=false, sampledToLocalTracing=true, requestMarshaller=com.alibaba.nacos.shaded.io.grpc.protobuf.lite.ProtoLiteUtils$MessageMarshaller@1d932eca, responseMarshaller=com.alibaba.nacos.shaded.io.grpc.protobuf.lite.ProtoLiteUtils$MessageMarshaller@4caa5e02, schemaDescriptor=com.alibaba.nacos.api.grpc.auto.RequestGrpc$RequestMethodDescriptorSupplier@4cda7fe4}}}}]]
	at com.alibaba.nacos.shaded.com.google.common.util.concurrent.AbstractFuture.get(AbstractFuture.java:535) ~[nacos-client-3.1.1.jar:na]
	at com.alibaba.nacos.common.remote.client.grpc.GrpcClient.serverCheck(GrpcClient.java:234) ~[nacos-client-3.1.1.jar:na]
	at com.alibaba.nacos.common.remote.client.grpc.GrpcClient.connectToServer(GrpcClient.java:346) ~[nacos-client-3.1.1.jar:na]
	at com.alibaba.nacos.common.remote.client.RpcClient.reconnect(RpcClient.java:504) ~[nacos-client-3.1.1.jar:na]
	at com.alibaba.nacos.common.remote.client.RpcClient.lambda$start$1(RpcClient.java:330) ~[nacos-client-3.1.1.jar:na]
	at java.base/java.util.concurrent.Executors$RunnableAdapter.call(Executors.java:545) ~[na:na]
	at java.base/java.util.concurrent.FutureTask.run(FutureTask.java:330) ~[na:na]
	at java.base/java.util.concurrent.ScheduledThreadPoolExecutor$ScheduledFutureTask.run(ScheduledThreadPoolExecutor.java:309) ~[na:na]
	at java.base/java.util.concurrent.ThreadPoolExecutor.runWorker(ThreadPoolExecutor.java:1090) ~[na:na]
	at java.base/java.util.concurrent.ThreadPoolExecutor$Worker.run(ThreadPoolExecutor.java:614) ~[na:na]
	at java.base/java.lang.Thread.run(Thread.java:1516) ~[na:na]
2026-08-02 02:15:29.724 [com.alibaba.nacos.client.remote.worker.1] [none] INFO  c.a.n.c.r.client.grpc.GrpcClient - grpc client connection server: 129.204.152.168 ip, serverPort: 9848, grpcTslConfig: {"enableTls":false,"mutualAuthEnable":false,"trustAll":true}
2026-08-02 02:15:31.677 [com.alibaba.nacos.client.remote.worker.1] [none] ERROR c.a.n.c.r.client.grpc.GrpcClient - Server check fail, please check server 129.204.152.168, port 9848 is available, error ={}
java.util.concurrent.TimeoutException: Waited 3000 milliseconds (plus 122000 nanoseconds delay) for com.alibaba.nacos.shaded.io.grpc.stub.ClientCalls$GrpcFuture@6fb3e11f[status=PENDING, info=[GrpcFuture{clientCall=PendingCall{realCall=ClientCallImpl{method=MethodDescriptor{fullMethodName=Request/request, type=UNARY, idempotent=false, safe=false, sampledToLocalTracing=true, requestMarshaller=com.alibaba.nacos.shaded.io.grpc.protobuf.lite.ProtoLiteUtils$MessageMarshaller@1d932eca, responseMarshaller=com.alibaba.nacos.shaded.io.grpc.protobuf.lite.ProtoLiteUtils$MessageMarshaller@4caa5e02, schemaDescriptor=com.alibaba.nacos.api.grpc.auto.RequestGrpc$RequestMethodDescriptorSupplier@4cda7fe4}}}}]]
	at com.alibaba.nacos.shaded.com.google.common.util.concurrent.AbstractFuture.get(AbstractFuture.java:535) ~[nacos-client-3.1.1.jar:na]
	at com.alibaba.nacos.common.remote.client.grpc.GrpcClient.serverCheck(GrpcClient.java:234) ~[nacos-client-3.1.1.jar:na]
	at com.alibaba.nacos.common.remote.client.grpc.GrpcClient.connectToServer(GrpcClient.java:346) ~[nacos-client-3.1.1.jar:na]
	at com.alibaba.nacos.common.remote.client.RpcClient.reconnect(RpcClient.java:504) ~[nacos-client-3.1.1.jar:na]
	at com.alibaba.nacos.common.remote.client.RpcClient.lambda$start$1(RpcClient.java:330) ~[nacos-client-3.1.1.jar:na]
	at java.base/java.util.concurrent.Executors$RunnableAdapter.call(Executors.java:545) ~[na:na]
	at java.base/java.util.concurrent.FutureTask.run(FutureTask.java:330) ~[na:na]
	at java.base/java.util.concurrent.ScheduledThreadPoolExecutor$ScheduledFutureTask.run(ScheduledThreadPoolExecutor.java:309) ~[na:na]
	at java.base/java.util.concurrent.ThreadPoolExecutor.runWorker(ThreadPoolExecutor.java:1090) ~[na:na]
	at java.base/java.util.concurrent.ThreadPoolExecutor$Worker.run(ThreadPoolExecutor.java:614) ~[na:na]
	at java.base/java.lang.Thread.run(Thread.java:1516) ~[na:na]
2026-08-02 02:15:31.679 [com.alibaba.nacos.client.remote.worker.1] [none] INFO  c.alibaba.nacos.common.remote.client - [2993a1d1-fa0a-4b5a-9688-1e26534e268a_config-0] Fail to connect server, after trying 1 times, last try server is {serverIp = '129.204.152.168', server main port = 8848}, error = unknown
2026-08-02 02:15:31.675 [com.alibaba.nacos.client.remote.worker.1] [none] ERROR c.a.n.c.r.client.grpc.GrpcClient - Server check fail, please check server 129.204.152.168, port 9848 is available, error ={}
java.util.concurrent.TimeoutException: Waited 3000 milliseconds (plus 2 milliseconds, 222800 nanoseconds delay) for com.alibaba.nacos.shaded.io.grpc.stub.ClientCalls$GrpcFuture@4f0b948e[status=PENDING, info=[GrpcFuture{clientCall=PendingCall{realCall=ClientCallImpl{method=MethodDescriptor{fullMethodName=Request/request, type=UNARY, idempotent=false, safe=false, sampledToLocalTracing=true, requestMarshaller=com.alibaba.nacos.shaded.io.grpc.protobuf.lite.ProtoLiteUtils$MessageMarshaller@1d932eca, responseMarshaller=com.alibaba.nacos.shaded.io.grpc.protobuf.lite.ProtoLiteUtils$MessageMarshaller@4caa5e02, schemaDescriptor=com.alibaba.nacos.api.grpc.auto.RequestGrpc$RequestMethodDescriptorSupplier@4cda7fe4}}}}]]
	at com.alibaba.nacos.shaded.com.google.common.util.concurrent.AbstractFuture.get(AbstractFuture.java:535) ~[nacos-client-3.1.1.jar:na]
	at com.alibaba.nacos.common.remote.client.grpc.GrpcClient.serverCheck(GrpcClient.java:234) ~[nacos-client-3.1.1.jar:na]
	at com.alibaba.nacos.common.remote.client.grpc.GrpcClient.connectToServer(GrpcClient.java:346) ~[nacos-client-3.1.1.jar:na]
	at com.alibaba.nacos.common.remote.client.RpcClient.reconnect(RpcClient.java:504) ~[nacos-client-3.1.1.jar:na]
	at com.alibaba.nacos.common.remote.client.RpcClient.lambda$start$1(RpcClient.java:330) ~[nacos-client-3.1.1.jar:na]
	at java.base/java.util.concurrent.Executors$RunnableAdapter.call(Executors.java:545) ~[na:na]
	at java.base/java.util.concurrent.FutureTask.run(FutureTask.java:330) ~[na:na]
	at java.base/java.util.concurrent.ScheduledThreadPoolExecutor$ScheduledFutureTask.run(ScheduledThreadPoolExecutor.java:309) ~[na:na]
	at java.base/java.util.concurrent.ThreadPoolExecutor.runWorker(ThreadPoolExecutor.java:1090) ~[na:na]
	at java.base/java.util.concurrent.ThreadPoolExecutor$Worker.run(ThreadPoolExecutor.java:614) ~[na:na]
	at java.base/java.lang.Thread.run(Thread.java:1516) ~[na:na]
2026-08-02 02:15:31.681 [com.alibaba.nacos.client.remote.worker.1] [none] INFO  c.alibaba.nacos.common.remote.client - [642ae51d-9894-4f38-b51f-d7b522ff38e3] Fail to connect server, after trying 1 times, last try server is {serverIp = '129.204.152.168', server main port = 8848}, error = unknown
2026-08-02 02:15:31.773 [com.alibaba.nacos.client.remote.worker.1] [none] ERROR c.a.n.c.r.client.grpc.GrpcClient - Server check fail, please check server 129.204.152.168, port 9848 is available, error ={}
java.util.concurrent.TimeoutException: Waited 3000 milliseconds (plus 24 milliseconds, 296200 nanoseconds delay) for com.alibaba.nacos.shaded.io.grpc.stub.ClientCalls$GrpcFuture@ab6cbf9[status=PENDING, info=[GrpcFuture{clientCall=PendingCall{realCall=ClientCallImpl{method=MethodDescriptor{fullMethodName=Request/request, type=UNARY, idempotent=false, safe=false, sampledToLocalTracing=true, requestMarshaller=com.alibaba.nacos.shaded.io.grpc.protobuf.lite.ProtoLiteUtils$MessageMarshaller@1d932eca, responseMarshaller=com.alibaba.nacos.shaded.io.grpc.protobuf.lite.ProtoLiteUtils$MessageMarshaller@4caa5e02, schemaDescriptor=com.alibaba.nacos.api.grpc.auto.RequestGrpc$RequestMethodDescriptorSupplier@4cda7fe4}}}}]]
	at com.alibaba.nacos.shaded.com.google.common.util.concurrent.AbstractFuture.get(AbstractFuture.java:535) ~[nacos-client-3.1.1.jar:na]
	at com.alibaba.nacos.common.remote.client.grpc.GrpcClient.serverCheck(GrpcClient.java:234) ~[nacos-client-3.1.1.jar:na]
	at com.alibaba.nacos.common.remote.client.grpc.GrpcClient.connectToServer(GrpcClient.java:346) ~[nacos-client-3.1.1.jar:na]
	at com.alibaba.nacos.common.remote.client.RpcClient.reconnect(RpcClient.java:504) ~[nacos-client-3.1.1.jar:na]
	at com.alibaba.nacos.common.remote.client.RpcClient.lambda$start$1(RpcClient.java:330) ~[nacos-client-3.1.1.jar:na]
	at java.base/java.util.concurrent.Executors$RunnableAdapter.call(Executors.java:545) ~[na:na]
	at java.base/java.util.concurrent.FutureTask.run(FutureTask.java:330) ~[na:na]
	at java.base/java.util.concurrent.ScheduledThreadPoolExecutor$ScheduledFutureTask.run(ScheduledThreadPoolExecutor.java:309) ~[na:na]
	at java.base/java.util.concurrent.ThreadPoolExecutor.runWorker(ThreadPoolExecutor.java:1090) ~[na:na]
	at java.base/java.util.concurrent.ThreadPoolExecutor$Worker.run(ThreadPoolExecutor.java:614) ~[na:na]
	at java.base/java.lang.Thread.run(Thread.java:1516) ~[na:na]
2026-08-02 02:15:31.775 [com.alibaba.nacos.client.remote.worker.1] [none] INFO  c.alibaba.nacos.common.remote.client - [c363b82d-3d43-456f-a3c3-f1f9a05f8c8a_config-0] Fail to connect server, after trying 1 times, last try server is {serverIp = '129.204.152.168', server main port = 8848}, error = unknown
2026-08-02 02:15:31.892 [com.alibaba.nacos.client.remote.worker.1] [none] INFO  c.a.n.c.r.client.grpc.GrpcClient - grpc client connection server: 129.204.152.168 ip, serverPort: 9848, grpcTslConfig: {"enableTls":false,"mutualAuthEnable":false,"trustAll":true}
2026-08-02 02:15:31.906 [com.alibaba.nacos.client.remote.worker.1] [none] INFO  c.a.n.c.r.client.grpc.GrpcClient - grpc client connection server: 129.204.152.168 ip, serverPort: 9848, grpcTslConfig: {"enableTls":false,"mutualAuthEnable":false,"trustAll":true}
2026-08-02 02:15:32.016 [com.alibaba.nacos.client.remote.worker.1] [none] INFO  c.a.n.c.r.client.grpc.GrpcClient - grpc client connection server: 129.204.152.168 ip, serverPort: 9848, grpcTslConfig: {"enableTls":false,"mutualAuthEnable":false,"trustAll":true}
2026-08-02 02:15:32.730 [com.alibaba.nacos.client.remote.worker.1] [none] ERROR c.a.n.c.r.client.grpc.GrpcClient - Server check fail, please check server 129.204.152.168, port 9848 is available, error ={}
java.util.concurrent.TimeoutException: Waited 3000 milliseconds (plus 3 milliseconds, 550200 nanoseconds delay) for com.alibaba.nacos.shaded.io.grpc.stub.ClientCalls$GrpcFuture@3a2e71ab[status=PENDING, info=[GrpcFuture{clientCall=PendingCall{realCall=ClientCallImpl{method=MethodDescriptor{fullMethodName=Request/request, type=UNARY, idempotent=false, safe=false, sampledToLocalTracing=true, requestMarshaller=com.alibaba.nacos.shaded.io.grpc.protobuf.lite.ProtoLiteUtils$MessageMarshaller@1d932eca, responseMarshaller=com.alibaba.nacos.shaded.io.grpc.protobuf.lite.ProtoLiteUtils$MessageMarshaller@4caa5e02, schemaDescriptor=com.alibaba.nacos.api.grpc.auto.RequestGrpc$RequestMethodDescriptorSupplier@4cda7fe4}}}}]]
	at com.alibaba.nacos.shaded.com.google.common.util.concurrent.AbstractFuture.get(AbstractFuture.java:535) ~[nacos-client-3.1.1.jar:na]
	at com.alibaba.nacos.common.remote.client.grpc.GrpcClient.serverCheck(GrpcClient.java:234) ~[nacos-client-3.1.1.jar:na]
	at com.alibaba.nacos.common.remote.client.grpc.GrpcClient.connectToServer(GrpcClient.java:346) ~[nacos-client-3.1.1.jar:na]
	at com.alibaba.nacos.common.remote.client.RpcClient.reconnect(RpcClient.java:504) ~[nacos-client-3.1.1.jar:na]
	at com.alibaba.nacos.common.remote.client.RpcClient.lambda$start$1(RpcClient.java:330) ~[nacos-client-3.1.1.jar:na]
	at java.base/java.util.concurrent.Executors$RunnableAdapter.call(Executors.java:545) ~[na:na]
	at java.base/java.util.concurrent.FutureTask.run(FutureTask.java:330) ~[na:na]
	at java.base/java.util.concurrent.ScheduledThreadPoolExecutor$ScheduledFutureTask.run(ScheduledThreadPoolExecutor.java:309) ~[na:na]
	at java.base/java.util.concurrent.ThreadPoolExecutor.runWorker(ThreadPoolExecutor.java:1090) ~[na:na]
	at java.base/java.util.concurrent.ThreadPoolExecutor$Worker.run(ThreadPoolExecutor.java:614) ~[na:na]
	at java.base/java.lang.Thread.run(Thread.java:1516) ~[na:na]
2026-08-02 02:15:32.731 [com.alibaba.nacos.client.remote.worker.1] [none] INFO  c.alibaba.nacos.common.remote.client - [82c1111a-6136-4edf-bf3d-5ce1973be371_config-0] Fail to connect server, after trying 1 times, last try server is {serverIp = '129.204.152.168', server main port = 8848}, error = unknown
2026-08-02 02:15:32.933 [com.alibaba.nacos.client.remote.worker.1] [none] INFO  c.a.n.c.r.client.grpc.GrpcClient - grpc client connection server: 129.204.152.168 ip, serverPort: 9848, grpcTslConfig: {"enableTls":false,"mutualAuthEnable":false,"trustAll":true}
2026-08-02 02:15:33.595 [com.alibaba.nacos.naming.failover.0] [none] DEBUG com.alibaba.nacos.client.naming - failover switch is not found, 00-00---000-VIPSRV_FAILOVER_SWITCH-000---00-00
2026-08-02 02:15:34.895 [com.alibaba.nacos.client.remote.worker.1] [none] ERROR c.a.n.c.r.client.grpc.GrpcClient - Server check fail, please check server 129.204.152.168, port 9848 is available, error ={}
java.util.concurrent.TimeoutException: Waited 3000 milliseconds (plus 1 milliseconds, 530300 nanoseconds delay) for com.alibaba.nacos.shaded.io.grpc.stub.ClientCalls$GrpcFuture@26c4b0b[status=PENDING, info=[GrpcFuture{clientCall=PendingCall{realCall=ClientCallImpl{method=MethodDescriptor{fullMethodName=Request/request, type=UNARY, idempotent=false, safe=false, sampledToLocalTracing=true, requestMarshaller=com.alibaba.nacos.shaded.io.grpc.protobuf.lite.ProtoLiteUtils$MessageMarshaller@1d932eca, responseMarshaller=com.alibaba.nacos.shaded.io.grpc.protobuf.lite.ProtoLiteUtils$MessageMarshaller@4caa5e02, schemaDescriptor=com.alibaba.nacos.api.grpc.auto.RequestGrpc$RequestMethodDescriptorSupplier@4cda7fe4}}}}]]
	at com.alibaba.nacos.shaded.com.google.common.util.concurrent.AbstractFuture.get(AbstractFuture.java:535) ~[nacos-client-3.1.1.jar:na]
	at com.alibaba.nacos.common.remote.client.grpc.GrpcClient.serverCheck(GrpcClient.java:234) ~[nacos-client-3.1.1.jar:na]
	at com.alibaba.nacos.common.remote.client.grpc.GrpcClient.connectToServer(GrpcClient.java:346) ~[nacos-client-3.1.1.jar:na]
	at com.alibaba.nacos.common.remote.client.RpcClient.reconnect(RpcClient.java:504) ~[nacos-client-3.1.1.jar:na]
	at com.alibaba.nacos.common.remote.client.RpcClient.lambda$start$1(RpcClient.java:330) ~[nacos-client-3.1.1.jar:na]
	at java.base/java.util.concurrent.Executors$RunnableAdapter.call(Executors.java:545) ~[na:na]
	at java.base/java.util.concurrent.FutureTask.run(FutureTask.java:330) ~[na:na]
	at java.base/java.util.concurrent.ScheduledThreadPoolExecutor$ScheduledFutureTask.run(ScheduledThreadPoolExecutor.java:309) ~[na:na]
	at java.base/java.util.concurrent.ThreadPoolExecutor.runWorker(ThreadPoolExecutor.java:1090) ~[na:na]
	at java.base/java.util.concurrent.ThreadPoolExecutor$Worker.run(ThreadPoolExecutor.java:614) ~[na:na]
	at java.base/java.lang.Thread.run(Thread.java:1516) ~[na:na]
2026-08-02 02:15:34.900 [com.alibaba.nacos.client.remote.worker.1] [none] INFO  c.alibaba.nacos.common.remote.client - [2993a1d1-fa0a-4b5a-9688-1e26534e268a_config-0] Fail to connect server, after trying 2 times, last try server is {serverIp = '129.204.152.168', server main port = 8848}, error = unknown
2026-08-02 02:15:34.909 [com.alibaba.nacos.client.remote.worker.1] [none] ERROR c.a.n.c.r.client.grpc.GrpcClient - Server check fail, please check server 129.204.152.168, port 9848 is available, error ={}
java.util.concurrent.TimeoutException: Waited 3000 milliseconds (plus 440600 nanoseconds delay) for com.alibaba.nacos.shaded.io.grpc.stub.ClientCalls$GrpcFuture@2ccd76a5[status=PENDING, info=[GrpcFuture{clientCall=PendingCall{realCall=ClientCallImpl{method=MethodDescriptor{fullMethodName=Request/request, type=UNARY, idempotent=false, safe=false, sampledToLocalTracing=true, requestMarshaller=com.alibaba.nacos.shaded.io.grpc.protobuf.lite.ProtoLiteUtils$MessageMarshaller@1d932eca, responseMarshaller=com.alibaba.nacos.shaded.io.grpc.protobuf.lite.ProtoLiteUtils$MessageMarshaller@4caa5e02, schemaDescriptor=com.alibaba.nacos.api.grpc.auto.RequestGrpc$RequestMethodDescriptorSupplier@4cda7fe4}}}}]]
	at com.alibaba.nacos.shaded.com.google.common.util.concurrent.AbstractFuture.get(AbstractFuture.java:535) ~[nacos-client-3.1.1.jar:na]
	at com.alibaba.nacos.common.remote.client.grpc.GrpcClient.serverCheck(GrpcClient.java:234) ~[nacos-client-3.1.1.jar:na]
	at com.alibaba.nacos.common.remote.client.grpc.GrpcClient.connectToServer(GrpcClient.java:346) ~[nacos-client-3.1.1.jar:na]
	at com.alibaba.nacos.common.remote.client.RpcClient.reconnect(RpcClient.java:504) ~[nacos-client-3.1.1.jar:na]
	at com.alibaba.nacos.common.remote.client.RpcClient.lambda$start$1(RpcClient.java:330) ~[nacos-client-3.1.1.jar:na]
	at java.base/java.util.concurrent.Executors$RunnableAdapter.call(Executors.java:545) ~[na:na]
	at java.base/java.util.concurrent.FutureTask.run(FutureTask.java:330) ~[na:na]
	at java.base/java.util.concurrent.ScheduledThreadPoolExecutor$ScheduledFutureTask.run(ScheduledThreadPoolExecutor.java:309) ~[na:na]
	at java.base/java.util.concurrent.ThreadPoolExecutor.runWorker(ThreadPoolExecutor.java:1090) ~[na:na]
	at java.base/java.util.concurrent.ThreadPoolExecutor$Worker.run(ThreadPoolExecutor.java:614) ~[na:na]
	at java.base/java.lang.Thread.run(Thread.java:1516) ~[na:na]
2026-08-02 02:15:34.910 [com.alibaba.nacos.client.remote.worker.1] [none] INFO  c.alibaba.nacos.common.remote.client - [642ae51d-9894-4f38-b51f-d7b522ff38e3] Fail to connect server, after trying 2 times, last try server is {serverIp = '129.204.152.168', server main port = 8848}, error = unknown
2026-08-02 02:15:35.029 [com.alibaba.nacos.client.remote.worker.1] [none] ERROR c.a.n.c.r.client.grpc.GrpcClient - Server check fail, please check server 129.204.152.168, port 9848 is available, error ={}
java.util.concurrent.TimeoutException: Waited 3000 milliseconds (plus 10 milliseconds, 391000 nanoseconds delay) for com.alibaba.nacos.shaded.io.grpc.stub.ClientCalls$GrpcFuture@5747c1ea[status=PENDING, info=[GrpcFuture{clientCall=PendingCall{realCall=ClientCallImpl{method=MethodDescriptor{fullMethodName=Request/request, type=UNARY, idempotent=false, safe=false, sampledToLocalTracing=true, requestMarshaller=com.alibaba.nacos.shaded.io.grpc.protobuf.lite.ProtoLiteUtils$MessageMarshaller@1d932eca, responseMarshaller=com.alibaba.nacos.shaded.io.grpc.protobuf.lite.ProtoLiteUtils$MessageMarshaller@4caa5e02, schemaDescriptor=com.alibaba.nacos.api.grpc.auto.RequestGrpc$RequestMethodDescriptorSupplier@4cda7fe4}}}}]]
	at com.alibaba.nacos.shaded.com.google.common.util.concurrent.AbstractFuture.get(AbstractFuture.java:535) ~[nacos-client-3.1.1.jar:na]
	at com.alibaba.nacos.common.remote.client.grpc.GrpcClient.serverCheck(GrpcClient.java:234) ~[nacos-client-3.1.1.jar:na]
	at com.alibaba.nacos.common.remote.client.grpc.GrpcClient.connectToServer(GrpcClient.java:346) ~[nacos-client-3.1.1.jar:na]
	at com.alibaba.nacos.common.remote.client.RpcClient.reconnect(RpcClient.java:504) ~[nacos-client-3.1.1.jar:na]
	at com.alibaba.nacos.common.remote.client.RpcClient.lambda$start$1(RpcClient.java:330) ~[nacos-client-3.1.1.jar:na]
	at java.base/java.util.concurrent.Executors$RunnableAdapter.call(Executors.java:545) ~[na:na]
	at java.base/java.util.concurrent.FutureTask.run(FutureTask.java:330) ~[na:na]
	at java.base/java.util.concurrent.ScheduledThreadPoolExecutor$ScheduledFutureTask.run(ScheduledThreadPoolExecutor.java:309) ~[na:na]
	at java.base/java.util.concurrent.ThreadPoolExecutor.runWorker(ThreadPoolExecutor.java:1090) ~[na:na]
	at java.base/java.util.concurrent.ThreadPoolExecutor$Worker.run(ThreadPoolExecutor.java:614) ~[na:na]
	at java.base/java.lang.Thread.run(Thread.java:1516) ~[na:na]
2026-08-02 02:15:35.030 [com.alibaba.nacos.client.remote.worker.1] [none] INFO  c.alibaba.nacos.common.remote.client - [c363b82d-3d43-456f-a3c3-f1f9a05f8c8a_config-0] Fail to connect server, after trying 2 times, last try server is {serverIp = '129.204.152.168', server main port = 8848}, error = unknown
2026-08-02 02:15:35.204 [com.alibaba.nacos.client.remote.worker.1] [none] INFO  c.a.n.c.r.client.grpc.GrpcClient - grpc client connection server: 129.204.152.168 ip, serverPort: 9848, grpcTslConfig: {"enableTls":false,"mutualAuthEnable":false,"trustAll":true}
2026-08-02 02:15:35.226 [com.alibaba.nacos.client.remote.worker.1] [none] INFO  c.a.n.c.r.client.grpc.GrpcClient - grpc client connection server: 129.204.152.168 ip, serverPort: 9848, grpcTslConfig: {"enableTls":false,"mutualAuthEnable":false,"trustAll":true}
2026-08-02 02:15:35.332 [com.alibaba.nacos.client.remote.worker.1] [none] INFO  c.a.n.c.r.client.grpc.GrpcClient - grpc client connection server: 129.204.152.168 ip, serverPort: 9848, grpcTslConfig: {"enableTls":false,"mutualAuthEnable":false,"trustAll":true}
2026-08-02 02:15:36.028 [com.alibaba.nacos.client.remote.worker.1] [none] ERROR c.a.n.c.r.client.grpc.GrpcClient - Server check fail, please check server 129.204.152.168, port 9848 is available, error ={}
java.util.concurrent.TimeoutException: Waited 3000 milliseconds (plus 91 milliseconds, 222000 nanoseconds delay) for com.alibaba.nacos.shaded.io.grpc.stub.ClientCalls$GrpcFuture@118b5b5a[status=PENDING, info=[GrpcFuture{clientCall=ClientCallImpl{method=MethodDescriptor{fullMethodName=Request/request, type=UNARY, idempotent=false, safe=false, sampledToLocalTracing=true, requestMarshaller=com.alibaba.nacos.shaded.io.grpc.protobuf.lite.ProtoLiteUtils$MessageMarshaller@1d932eca, responseMarshaller=com.alibaba.nacos.shaded.io.grpc.protobuf.lite.ProtoLiteUtils$MessageMarshaller@4caa5e02, schemaDescriptor=com.alibaba.nacos.api.grpc.auto.RequestGrpc$RequestMethodDescriptorSupplier@4cda7fe4}}}]]
	at com.alibaba.nacos.shaded.com.google.common.util.concurrent.AbstractFuture.get(AbstractFuture.java:535) ~[nacos-client-3.1.1.jar:na]
	at com.alibaba.nacos.common.remote.client.grpc.GrpcClient.serverCheck(GrpcClient.java:234) ~[nacos-client-3.1.1.jar:na]
	at com.alibaba.nacos.common.remote.client.grpc.GrpcClient.connectToServer(GrpcClient.java:346) ~[nacos-client-3.1.1.jar:na]
	at com.alibaba.nacos.common.remote.client.RpcClient.reconnect(RpcClient.java:504) ~[nacos-client-3.1.1.jar:na]
	at com.alibaba.nacos.common.remote.client.RpcClient.lambda$start$1(RpcClient.java:330) ~[nacos-client-3.1.1.jar:na]
	at java.base/java.util.concurrent.Executors$RunnableAdapter.call(Executors.java:545) ~[na:na]
	at java.base/java.util.concurrent.FutureTask.run(FutureTask.java:330) ~[na:na]
	at java.base/java.util.concurrent.ScheduledThreadPoolExecutor$ScheduledFutureTask.run(ScheduledThreadPoolExecutor.java:309) ~[na:na]
	at java.base/java.util.concurrent.ThreadPoolExecutor.runWorker(ThreadPoolExecutor.java:1090) ~[na:na]
	at java.base/java.util.concurrent.ThreadPoolExecutor$Worker.run(ThreadPoolExecutor.java:614) ~[na:na]
	at java.base/java.lang.Thread.run(Thread.java:1516) ~[na:na]
2026-08-02 02:15:36.030 [com.alibaba.nacos.client.remote.worker.1] [none] INFO  c.alibaba.nacos.common.remote.client - [82c1111a-6136-4edf-bf3d-5ce1973be371_config-0] Fail to connect server, after trying 2 times, last try server is {serverIp = '129.204.152.168', server main port = 8848}, error = unknown
2026-08-02 02:15:36.332 [com.alibaba.nacos.client.remote.worker.1] [none] INFO  c.a.n.c.r.client.grpc.GrpcClient - grpc client connection server: 129.204.152.168 ip, serverPort: 9848, grpcTslConfig: {"enableTls":false,"mutualAuthEnable":false,"trustAll":true}
2026-08-02 02:15:38.214 [com.alibaba.nacos.client.remote.worker.1] [none] ERROR c.a.n.c.r.client.grpc.GrpcClient - Server check fail, please check server 129.204.152.168, port 9848 is available, error ={}
java.util.concurrent.TimeoutException: Waited 3000 milliseconds (plus 2 milliseconds, 560400 nanoseconds delay) for com.alibaba.nacos.shaded.io.grpc.stub.ClientCalls$GrpcFuture@3abbf591[status=PENDING, info=[GrpcFuture{clientCall=PendingCall{realCall=ClientCallImpl{method=MethodDescriptor{fullMethodName=Request/request, type=UNARY, idempotent=false, safe=false, sampledToLocalTracing=true, requestMarshaller=com.alibaba.nacos.shaded.io.grpc.protobuf.lite.ProtoLiteUtils$MessageMarshaller@1d932eca, responseMarshaller=com.alibaba.nacos.shaded.io.grpc.protobuf.lite.ProtoLiteUtils$MessageMarshaller@4caa5e02, schemaDescriptor=com.alibaba.nacos.api.grpc.auto.RequestGrpc$RequestMethodDescriptorSupplier@4cda7fe4}}}}]]
	at com.alibaba.nacos.shaded.com.google.common.util.concurrent.AbstractFuture.get(AbstractFuture.java:535) ~[nacos-client-3.1.1.jar:na]
	at com.alibaba.nacos.common.remote.client.grpc.GrpcClient.serverCheck(GrpcClient.java:234) ~[nacos-client-3.1.1.jar:na]
	at com.alibaba.nacos.common.remote.client.grpc.GrpcClient.connectToServer(GrpcClient.java:346) ~[nacos-client-3.1.1.jar:na]
	at com.alibaba.nacos.common.remote.client.RpcClient.reconnect(RpcClient.java:504) ~[nacos-client-3.1.1.jar:na]
	at com.alibaba.nacos.common.remote.client.RpcClient.lambda$start$1(RpcClient.java:330) ~[nacos-client-3.1.1.jar:na]
	at java.base/java.util.concurrent.Executors$RunnableAdapter.call(Executors.java:545) ~[na:na]
	at java.base/java.util.concurrent.FutureTask.run(FutureTask.java:330) ~[na:na]
	at java.base/java.util.concurrent.ScheduledThreadPoolExecutor$ScheduledFutureTask.run(ScheduledThreadPoolExecutor.java:309) ~[na:na]
	at java.base/java.util.concurrent.ThreadPoolExecutor.runWorker(ThreadPoolExecutor.java:1090) ~[na:na]
	at java.base/java.util.concurrent.ThreadPoolExecutor$Worker.run(ThreadPoolExecutor.java:614) ~[na:na]
	at java.base/java.lang.Thread.run(Thread.java:1516) ~[na:na]
2026-08-02 02:15:38.215 [com.alibaba.nacos.client.remote.worker.1] [none] INFO  c.alibaba.nacos.common.remote.client - [2993a1d1-fa0a-4b5a-9688-1e26534e268a_config-0] Fail to connect server, after trying 3 times, last try server is {serverIp = '129.204.152.168', server main port = 8848}, error = unknown
2026-08-02 02:15:38.233 [com.alibaba.nacos.client.remote.worker.1] [none] ERROR c.a.n.c.r.client.grpc.GrpcClient - Server check fail, please check server 129.204.152.168, port 9848 is available, error ={}
java.util.concurrent.TimeoutException: Waited 3000 milliseconds (plus 1 milliseconds, 371200 nanoseconds delay) for com.alibaba.nacos.shaded.io.grpc.stub.ClientCalls$GrpcFuture@20bae39f[status=PENDING, info=[GrpcFuture{clientCall=ClientCallImpl{method=MethodDescriptor{fullMethodName=Request/request, type=UNARY, idempotent=false, safe=false, sampledToLocalTracing=true, requestMarshaller=com.alibaba.nacos.shaded.io.grpc.protobuf.lite.ProtoLiteUtils$MessageMarshaller@1d932eca, responseMarshaller=com.alibaba.nacos.shaded.io.grpc.protobuf.lite.ProtoLiteUtils$MessageMarshaller@4caa5e02, schemaDescriptor=com.alibaba.nacos.api.grpc.auto.RequestGrpc$RequestMethodDescriptorSupplier@4cda7fe4}}}]]
	at com.alibaba.nacos.shaded.com.google.common.util.concurrent.AbstractFuture.get(AbstractFuture.java:535) ~[nacos-client-3.1.1.jar:na]
	at com.alibaba.nacos.common.remote.client.grpc.GrpcClient.serverCheck(GrpcClient.java:234) ~[nacos-client-3.1.1.jar:na]
	at com.alibaba.nacos.common.remote.client.grpc.GrpcClient.connectToServer(GrpcClient.java:346) ~[nacos-client-3.1.1.jar:na]
	at com.alibaba.nacos.common.remote.client.RpcClient.reconnect(RpcClient.java:504) ~[nacos-client-3.1.1.jar:na]
	at com.alibaba.nacos.common.remote.client.RpcClient.lambda$start$1(RpcClient.java:330) ~[nacos-client-3.1.1.jar:na]
	at java.base/java.util.concurrent.Executors$RunnableAdapter.call(Executors.java:545) ~[na:na]
	at java.base/java.util.concurrent.FutureTask.run(FutureTask.java:330) ~[na:na]
	at java.base/java.util.concurrent.ScheduledThreadPoolExecutor$ScheduledFutureTask.run(ScheduledThreadPoolExecutor.java:309) ~[na:na]
	at java.base/java.util.concurrent.ThreadPoolExecutor.runWorker(ThreadPoolExecutor.java:1090) ~[na:na]
	at java.base/java.util.concurrent.ThreadPoolExecutor$Worker.run(ThreadPoolExecutor.java:614) ~[na:na]
	at java.base/java.lang.Thread.run(Thread.java:1516) ~[na:na]
2026-08-02 02:15:38.235 [com.alibaba.nacos.client.remote.worker.1] [none] INFO  c.alibaba.nacos.common.remote.client - [642ae51d-9894-4f38-b51f-d7b522ff38e3] Fail to connect server, after trying 3 times, last try server is {serverIp = '129.204.152.168', server main port = 8848}, error = unknown
2026-08-02 02:15:38.344 [com.alibaba.nacos.client.remote.worker.1] [none] ERROR c.a.n.c.r.client.grpc.GrpcClient - Server check fail, please check server 129.204.152.168, port 9848 is available, error ={}
java.util.concurrent.TimeoutException: Waited 3000 milliseconds (plus 1 milliseconds, 333300 nanoseconds delay) for com.alibaba.nacos.shaded.io.grpc.stub.ClientCalls$GrpcFuture@54486bb8[status=PENDING, info=[GrpcFuture{clientCall=PendingCall{realCall=ClientCallImpl{method=MethodDescriptor{fullMethodName=Request/request, type=UNARY, idempotent=false, safe=false, sampledToLocalTracing=true, requestMarshaller=com.alibaba.nacos.shaded.io.grpc.protobuf.lite.ProtoLiteUtils$MessageMarshaller@1d932eca, responseMarshaller=com.alibaba.nacos.shaded.io.grpc.protobuf.lite.ProtoLiteUtils$MessageMarshaller@4caa5e02, schemaDescriptor=com.alibaba.nacos.api.grpc.auto.RequestGrpc$RequestMethodDescriptorSupplier@4cda7fe4}}}}]]
	at com.alibaba.nacos.shaded.com.google.common.util.concurrent.AbstractFuture.get(AbstractFuture.java:535) ~[nacos-client-3.1.1.jar:na]
	at com.alibaba.nacos.common.remote.client.grpc.GrpcClient.serverCheck(GrpcClient.java:234) ~[nacos-client-3.1.1.jar:na]
	at com.alibaba.nacos.common.remote.client.grpc.GrpcClient.connectToServer(GrpcClient.java:346) ~[nacos-client-3.1.1.jar:na]
	at com.alibaba.nacos.common.remote.client.RpcClient.reconnect(RpcClient.java:504) ~[nacos-client-3.1.1.jar:na]
	at com.alibaba.nacos.common.remote.client.RpcClient.lambda$start$1(RpcClient.java:330) ~[nacos-client-3.1.1.jar:na]
	at java.base/java.util.concurrent.Executors$RunnableAdapter.call(Executors.java:545) ~[na:na]
	at java.base/java.util.concurrent.FutureTask.run(FutureTask.java:330) ~[na:na]
	at java.base/java.util.concurrent.ScheduledThreadPoolExecutor$ScheduledFutureTask.run(ScheduledThreadPoolExecutor.java:309) ~[na:na]
	at java.base/java.util.concurrent.ThreadPoolExecutor.runWorker(ThreadPoolExecutor.java:1090) ~[na:na]
	at java.base/java.util.concurrent.ThreadPoolExecutor$Worker.run(ThreadPoolExecutor.java:614) ~[na:na]
	at java.base/java.lang.Thread.run(Thread.java:1516) ~[na:na]
2026-08-02 02:15:38.345 [com.alibaba.nacos.client.remote.worker.1] [none] INFO  c.alibaba.nacos.common.remote.client - [c363b82d-3d43-456f-a3c3-f1f9a05f8c8a_config-0] Fail to connect server, after trying 3 times, last try server is {serverIp = '129.204.152.168', server main port = 8848}, error = unknown
2026-08-02 02:15:38.596 [com.alibaba.nacos.naming.failover.0] [none] DEBUG com.alibaba.nacos.client.naming - failover switch is not found, 00-00---000-VIPSRV_FAILOVER_SWITCH-000---00-00
2026-08-02 02:15:38.619 [com.alibaba.nacos.client.remote.worker.1] [none] INFO  c.a.n.c.r.client.grpc.GrpcClient - grpc client connection server: 129.204.152.168 ip, serverPort: 9848, grpcTslConfig: {"enableTls":false,"mutualAuthEnable":false,"trustAll":true}
2026-08-02 02:15:38.636 [com.alibaba.nacos.client.remote.worker.1] [none] INFO  c.a.n.c.r.client.grpc.GrpcClient - grpc client connection server: 129.204.152.168 ip, serverPort: 9848, grpcTslConfig: {"enableTls":false,"mutualAuthEnable":false,"trustAll":true}
2026-08-02 02:15:38.747 [com.alibaba.nacos.client.remote.worker.1] [none] INFO  c.a.n.c.r.client.grpc.GrpcClient - grpc client connection server: 129.204.152.168 ip, serverPort: 9848, grpcTslConfig: {"enableTls":false,"mutualAuthEnable":false,"trustAll":true}
2026-08-02 02:15:39.343 [com.alibaba.nacos.client.remote.worker.1] [none] ERROR c.a.n.c.r.client.grpc.GrpcClient - Server check fail, please check server 129.204.152.168, port 9848 is available, error ={}
java.util.concurrent.TimeoutException: Waited 3000 milliseconds (plus 3 milliseconds, 174300 nanoseconds delay) for com.alibaba.nacos.shaded.io.grpc.stub.ClientCalls$GrpcFuture@18cec485[status=PENDING, info=[GrpcFuture{clientCall=ClientCallImpl{method=MethodDescriptor{fullMethodName=Request/request, type=UNARY, idempotent=false, safe=false, sampledToLocalTracing=true, requestMarshaller=com.alibaba.nacos.shaded.io.grpc.protobuf.lite.ProtoLiteUtils$MessageMarshaller@1d932eca, responseMarshaller=com.alibaba.nacos.shaded.io.grpc.protobuf.lite.ProtoLiteUtils$MessageMarshaller@4caa5e02, schemaDescriptor=com.alibaba.nacos.api.grpc.auto.RequestGrpc$RequestMethodDescriptorSupplier@4cda7fe4}}}]]
	at com.alibaba.nacos.shaded.com.google.common.util.concurrent.AbstractFuture.get(AbstractFuture.java:535) ~[nacos-client-3.1.1.jar:na]
	at com.alibaba.nacos.common.remote.client.grpc.GrpcClient.serverCheck(GrpcClient.java:234) ~[nacos-client-3.1.1.jar:na]
	at com.alibaba.nacos.common.remote.client.grpc.GrpcClient.connectToServer(GrpcClient.java:346) ~[nacos-client-3.1.1.jar:na]
	at com.alibaba.nacos.common.remote.client.RpcClient.reconnect(RpcClient.java:504) ~[nacos-client-3.1.1.jar:na]
	at com.alibaba.nacos.common.remote.client.RpcClient.lambda$start$1(RpcClient.java:330) ~[nacos-client-3.1.1.jar:na]
	at java.base/java.util.concurrent.Executors$RunnableAdapter.call(Executors.java:545) ~[na:na]
	at java.base/java.util.concurrent.FutureTask.run(FutureTask.java:330) ~[na:na]
	at java.base/java.util.concurrent.ScheduledThreadPoolExecutor$ScheduledFutureTask.run(ScheduledThreadPoolExecutor.java:309) ~[na:na]
	at java.base/java.util.concurrent.ThreadPoolExecutor.runWorker(ThreadPoolExecutor.java:1090) ~[na:na]
	at java.base/java.util.concurrent.ThreadPoolExecutor$Worker.run(ThreadPoolExecutor.java:614) ~[na:na]
	at java.base/java.lang.Thread.run(Thread.java:1516) ~[na:na]
2026-08-02 02:15:39.345 [com.alibaba.nacos.client.remote.worker.1] [none] INFO  c.alibaba.nacos.common.remote.client - [82c1111a-6136-4edf-bf3d-5ce1973be371_config-0] Fail to connect server, after trying 3 times, last try server is {serverIp = '129.204.152.168', server main port = 8848}, error = unknown
2026-08-02 02:15:39.746 [com.alibaba.nacos.client.remote.worker.1] [none] INFO  c.a.n.c.r.client.grpc.GrpcClient - grpc client connection server: 129.204.152.168 ip, serverPort: 9848, grpcTslConfig: {"enableTls":false,"mutualAuthEnable":false,"trustAll":true}
2026-08-02 02:15:41.622 [com.alibaba.nacos.client.remote.worker.1] [none] ERROR c.a.n.c.r.client.grpc.GrpcClient - Server check fail, please check server 129.204.152.168, port 9848 is available, error ={}
java.util.concurrent.TimeoutException: Waited 3000 milliseconds (plus 576500 nanoseconds delay) for com.alibaba.nacos.shaded.io.grpc.stub.ClientCalls$GrpcFuture@30218c66[status=PENDING, info=[GrpcFuture{clientCall=PendingCall{realCall=ClientCallImpl{method=MethodDescriptor{fullMethodName=Request/request, type=UNARY, idempotent=false, safe=false, sampledToLocalTracing=true, requestMarshaller=com.alibaba.nacos.shaded.io.grpc.protobuf.lite.ProtoLiteUtils$MessageMarshaller@1d932eca, responseMarshaller=com.alibaba.nacos.shaded.io.grpc.protobuf.lite.ProtoLiteUtils$MessageMarshaller@4caa5e02, schemaDescriptor=com.alibaba.nacos.api.grpc.auto.RequestGrpc$RequestMethodDescriptorSupplier@4cda7fe4}}}}]]
	at com.alibaba.nacos.shaded.com.google.common.util.concurrent.AbstractFuture.get(AbstractFuture.java:535) ~[nacos-client-3.1.1.jar:na]
	at com.alibaba.nacos.common.remote.client.grpc.GrpcClient.serverCheck(GrpcClient.java:234) ~[nacos-client-3.1.1.jar:na]
	at com.alibaba.nacos.common.remote.client.grpc.GrpcClient.connectToServer(GrpcClient.java:346) ~[nacos-client-3.1.1.jar:na]
	at com.alibaba.nacos.common.remote.client.RpcClient.reconnect(RpcClient.java:504) ~[nacos-client-3.1.1.jar:na]
	at com.alibaba.nacos.common.remote.client.RpcClient.lambda$start$1(RpcClient.java:330) ~[nacos-client-3.1.1.jar:na]
	at java.base/java.util.concurrent.Executors$RunnableAdapter.call(Executors.java:545) ~[na:na]
	at java.base/java.util.concurrent.FutureTask.run(FutureTask.java:330) ~[na:na]
	at java.base/java.util.concurrent.ScheduledThreadPoolExecutor$ScheduledFutureTask.run(ScheduledThreadPoolExecutor.java:309) ~[na:na]
	at java.base/java.util.concurrent.ThreadPoolExecutor.runWorker(ThreadPoolExecutor.java:1090) ~[na:na]
	at java.base/java.util.concurrent.ThreadPoolExecutor$Worker.run(ThreadPoolExecutor.java:614) ~[na:na]
	at java.base/java.lang.Thread.run(Thread.java:1516) ~[na:na]
2026-08-02 02:15:41.622 [com.alibaba.nacos.client.remote.worker.1] [none] INFO  c.alibaba.nacos.common.remote.client - [2993a1d1-fa0a-4b5a-9688-1e26534e268a_config-0] Fail to connect server, after trying 4 times, last try server is {serverIp = '129.204.152.168', server main port = 8848}, error = unknown
2026-08-02 02:15:41.638 [com.alibaba.nacos.client.remote.worker.1] [none] ERROR c.a.n.c.r.client.grpc.GrpcClient - Server check fail, please check server 129.204.152.168, port 9848 is available, error ={}
java.util.concurrent.TimeoutException: Waited 3000 milliseconds (plus 479500 nanoseconds delay) for com.alibaba.nacos.shaded.io.grpc.stub.ClientCalls$GrpcFuture@6a6cc04d[status=PENDING, info=[GrpcFuture{clientCall=PendingCall{realCall=ClientCallImpl{method=MethodDescriptor{fullMethodName=Request/request, type=UNARY, idempotent=false, safe=false, sampledToLocalTracing=true, requestMarshaller=com.alibaba.nacos.shaded.io.grpc.protobuf.lite.ProtoLiteUtils$MessageMarshaller@1d932eca, responseMarshaller=com.alibaba.nacos.shaded.io.grpc.protobuf.lite.ProtoLiteUtils$MessageMarshaller@4caa5e02, schemaDescriptor=com.alibaba.nacos.api.grpc.auto.RequestGrpc$RequestMethodDescriptorSupplier@4cda7fe4}}}}]]
	at com.alibaba.nacos.shaded.com.google.common.util.concurrent.AbstractFuture.get(AbstractFuture.java:535) ~[nacos-client-3.1.1.jar:na]
	at com.alibaba.nacos.common.remote.client.grpc.GrpcClient.serverCheck(GrpcClient.java:234) ~[nacos-client-3.1.1.jar:na]
	at com.alibaba.nacos.common.remote.client.grpc.GrpcClient.connectToServer(GrpcClient.java:346) ~[nacos-client-3.1.1.jar:na]
	at com.alibaba.nacos.common.remote.client.RpcClient.reconnect(RpcClient.java:504) ~[nacos-client-3.1.1.jar:na]
	at com.alibaba.nacos.common.remote.client.RpcClient.lambda$start$1(RpcClient.java:330) ~[nacos-client-3.1.1.jar:na]
	at java.base/java.util.concurrent.Executors$RunnableAdapter.call(Executors.java:545) ~[na:na]
	at java.base/java.util.concurrent.FutureTask.run(FutureTask.java:330) ~[na:na]
	at java.base/java.util.concurrent.ScheduledThreadPoolExecutor$ScheduledFutureTask.run(ScheduledThreadPoolExecutor.java:309) ~[na:na]
	at java.base/java.util.concurrent.ThreadPoolExecutor.runWorker(ThreadPoolExecutor.java:1090) ~[na:na]
	at java.base/java.util.concurrent.ThreadPoolExecutor$Worker.run(ThreadPoolExecutor.java:614) ~[na:na]
	at java.base/java.lang.Thread.run(Thread.java:1516) ~[na:na]
2026-08-02 02:15:41.638 [com.alibaba.nacos.client.remote.worker.1] [none] INFO  c.alibaba.nacos.common.remote.client - [642ae51d-9894-4f38-b51f-d7b522ff38e3] Fail to connect server, after trying 4 times, last try server is {serverIp = '129.204.152.168', server main port = 8848}, error = unknown
2026-08-02 02:15:41.751 [com.alibaba.nacos.client.remote.worker.1] [none] ERROR c.a.n.c.r.client.grpc.GrpcClient - Server check fail, please check server 129.204.152.168, port 9848 is available, error ={}
java.util.concurrent.TimeoutException: Waited 3000 milliseconds (plus 989100 nanoseconds delay) for com.alibaba.nacos.shaded.io.grpc.stub.ClientCalls$GrpcFuture@113de152[status=PENDING, info=[GrpcFuture{clientCall=PendingCall{realCall=ClientCallImpl{method=MethodDescriptor{fullMethodName=Request/request, type=UNARY, idempotent=false, safe=false, sampledToLocalTracing=true, requestMarshaller=com.alibaba.nacos.shaded.io.grpc.protobuf.lite.ProtoLiteUtils$MessageMarshaller@1d932eca, responseMarshaller=com.alibaba.nacos.shaded.io.grpc.protobuf.lite.ProtoLiteUtils$MessageMarshaller@4caa5e02, schemaDescriptor=com.alibaba.nacos.api.grpc.auto.RequestGrpc$RequestMethodDescriptorSupplier@4cda7fe4}}}}]]
	at com.alibaba.nacos.shaded.com.google.common.util.concurrent.AbstractFuture.get(AbstractFuture.java:535) ~[nacos-client-3.1.1.jar:na]
	at com.alibaba.nacos.common.remote.client.grpc.GrpcClient.serverCheck(GrpcClient.java:234) ~[nacos-client-3.1.1.jar:na]
	at com.alibaba.nacos.common.remote.client.grpc.GrpcClient.connectToServer(GrpcClient.java:346) ~[nacos-client-3.1.1.jar:na]
	at com.alibaba.nacos.common.remote.client.RpcClient.reconnect(RpcClient.java:504) ~[nacos-client-3.1.1.jar:na]
	at com.alibaba.nacos.common.remote.client.RpcClient.lambda$start$1(RpcClient.java:330) ~[nacos-client-3.1.1.jar:na]
	at java.base/java.util.concurrent.Executors$RunnableAdapter.call(Executors.java:545) ~[na:na]
	at java.base/java.util.concurrent.FutureTask.run(FutureTask.java:330) ~[na:na]
	at java.base/java.util.concurrent.ScheduledThreadPoolExecutor$ScheduledFutureTask.run(ScheduledThreadPoolExecutor.java:309) ~[na:na]
	at java.base/java.util.concurrent.ThreadPoolExecutor.runWorker(ThreadPoolExecutor.java:1090) ~[na:na]
	at java.base/java.util.concurrent.ThreadPoolExecutor$Worker.run(ThreadPoolExecutor.java:614) ~[na:na]
	at java.base/java.lang.Thread.run(Thread.java:1516) ~[na:na]
2026-08-02 02:15:41.751 [com.alibaba.nacos.client.remote.worker.1] [none] INFO  c.alibaba.nacos.common.remote.client - [c363b82d-3d43-456f-a3c3-f1f9a05f8c8a_config-0] Fail to connect server, after trying 4 times, last try server is {serverIp = '129.204.152.168', server main port = 8848}, error = unknown
2026-08-02 02:15:42.124 [com.alibaba.nacos.client.remote.worker.1] [none] INFO  c.a.n.c.r.client.grpc.GrpcClient - grpc client connection server: 129.204.152.168 ip, serverPort: 9848, grpcTslConfig: {"enableTls":false,"mutualAuthEnable":false,"trustAll":true}
2026-08-02 02:15:42.139 [com.alibaba.nacos.client.remote.worker.1] [none] INFO  c.a.n.c.r.client.grpc.GrpcClient - grpc client connection server: 129.204.152.168 ip, serverPort: 9848, grpcTslConfig: {"enableTls":false,"mutualAuthEnable":false,"trustAll":true}
2026-08-02 02:15:42.252 [com.alibaba.nacos.client.remote.worker.1] [none] INFO  c.a.n.c.r.client.grpc.GrpcClient - grpc client connection server: 129.204.152.168 ip, serverPort: 9848, grpcTslConfig: {"enableTls":false,"mutualAuthEnable":false,"trustAll":true}
2026-08-02 02:15:42.748 [com.alibaba.nacos.client.remote.worker.1] [none] ERROR c.a.n.c.r.client.grpc.GrpcClient - Server check fail, please check server 129.204.152.168, port 9848 is available, error ={}
java.util.concurrent.TimeoutException: Waited 3000 milliseconds (plus 1 milliseconds, 147600 nanoseconds delay) for com.alibaba.nacos.shaded.io.grpc.stub.ClientCalls$GrpcFuture@44a30aee[status=PENDING, info=[GrpcFuture{clientCall=PendingCall{realCall=ClientCallImpl{method=MethodDescriptor{fullMethodName=Request/request, type=UNARY, idempotent=false, safe=false, sampledToLocalTracing=true, requestMarshaller=com.alibaba.nacos.shaded.io.grpc.protobuf.lite.ProtoLiteUtils$MessageMarshaller@1d932eca, responseMarshaller=com.alibaba.nacos.shaded.io.grpc.protobuf.lite.ProtoLiteUtils$MessageMarshaller@4caa5e02, schemaDescriptor=com.alibaba.nacos.api.grpc.auto.RequestGrpc$RequestMethodDescriptorSupplier@4cda7fe4}}}}]]
	at com.alibaba.nacos.shaded.com.google.common.util.concurrent.AbstractFuture.get(AbstractFuture.java:535) ~[nacos-client-3.1.1.jar:na]
	at com.alibaba.nacos.common.remote.client.grpc.GrpcClient.serverCheck(GrpcClient.java:234) ~[nacos-client-3.1.1.jar:na]
	at com.alibaba.nacos.common.remote.client.grpc.GrpcClient.connectToServer(GrpcClient.java:346) ~[nacos-client-3.1.1.jar:na]
	at com.alibaba.nacos.common.remote.client.RpcClient.reconnect(RpcClient.java:504) ~[nacos-client-3.1.1.jar:na]
	at com.alibaba.nacos.common.remote.client.RpcClient.lambda$start$1(RpcClient.java:330) ~[nacos-client-3.1.1.jar:na]
	at java.base/java.util.concurrent.Executors$RunnableAdapter.call(Executors.java:545) ~[na:na]
	at java.base/java.util.concurrent.FutureTask.run(FutureTask.java:330) ~[na:na]
	at java.base/java.util.concurrent.ScheduledThreadPoolExecutor$ScheduledFutureTask.run(ScheduledThreadPoolExecutor.java:309) ~[na:na]
	at java.base/java.util.concurrent.ThreadPoolExecutor.runWorker(ThreadPoolExecutor.java:1090) ~[na:na]
	at java.base/java.util.concurrent.ThreadPoolExecutor$Worker.run(ThreadPoolExecutor.java:614) ~[na:na]
	at java.base/java.lang.Thread.run(Thread.java:1516) ~[na:na]
2026-08-02 02:15:42.749 [com.alibaba.nacos.client.remote.worker.1] [none] INFO  c.alibaba.nacos.common.remote.client - [82c1111a-6136-4edf-bf3d-5ce1973be371_config-0] Fail to connect server, after trying 4 times, last try server is {serverIp = '129.204.152.168', server main port = 8848}, error = unknown
2026-08-02 02:15:43.250 [com.alibaba.nacos.client.remote.worker.1] [none] INFO  c.a.n.c.r.client.grpc.GrpcClient - grpc client connection server: 129.204.152.168 ip, serverPort: 9848, grpcTslConfig: {"enableTls":false,"mutualAuthEnable":false,"trustAll":true}
2026-08-02 02:15:43.597 [com.alibaba.nacos.naming.failover.0] [none] DEBUG com.alibaba.nacos.client.naming - failover switch is not found, 00-00---000-VIPSRV_FAILOVER_SWITCH-000---00-00
2026-08-02 02:15:43.970 [nacos-grpc-client-executor-129.204.152.168-11] [none] INFO  c.alibaba.nacos.common.remote.client - [642ae51d-9894-4f38-b51f-d7b522ff38e3] Receive server push request, request = ClientDetectionRequest, requestId = 486
2026-08-02 02:15:43.970 [nacos-grpc-client-executor-129.204.152.168-11] [none] INFO  c.alibaba.nacos.common.remote.client - [642ae51d-9894-4f38-b51f-d7b522ff38e3] Ack server push request, request = ClientDetectionRequest, requestId = 486
2026-08-02 02:15:43.995 [nacos-grpc-client-executor-129.204.152.168-8] [none] INFO  c.alibaba.nacos.common.remote.client - [2993a1d1-fa0a-4b5a-9688-1e26534e268a_config-0] Receive server push request, request = ClientDetectionRequest, requestId = 463
2026-08-02 02:15:43.995 [nacos-grpc-client-executor-129.204.152.168-8] [none] INFO  c.alibaba.nacos.common.remote.client - [2993a1d1-fa0a-4b5a-9688-1e26534e268a_config-0] Ack server push request, request = ClientDetectionRequest, requestId = 463
2026-08-02 02:15:44.001 [nacos-grpc-client-executor-129.204.152.168-1] [none] INFO  c.alibaba.nacos.common.remote.client - [c363b82d-3d43-456f-a3c3-f1f9a05f8c8a_config-0] Receive server push request, request = ClientDetectionRequest, requestId = 465
2026-08-02 02:15:44.001 [nacos-grpc-client-executor-129.204.152.168-1] [none] INFO  c.alibaba.nacos.common.remote.client - [c363b82d-3d43-456f-a3c3-f1f9a05f8c8a_config-0] Ack server push request, request = ClientDetectionRequest, requestId = 465
2026-08-02 02:15:44.008 [nacos-grpc-client-executor-129.204.152.168-12] [none] INFO  c.alibaba.nacos.common.remote.client - [82c1111a-6136-4edf-bf3d-5ce1973be371_config-0] Receive server push request, request = ClientDetectionRequest, requestId = 459
2026-08-02 02:15:44.008 [nacos-grpc-client-executor-129.204.152.168-12] [none] INFO  c.alibaba.nacos.common.remote.client - [82c1111a-6136-4edf-bf3d-5ce1973be371_config-0] Ack server push request, request = ClientDetectionRequest, requestId = 459
2026-08-02 02:15:44.144 [com.alibaba.nacos.client.remote.worker.1] [none] INFO  c.alibaba.nacos.common.remote.client - [c363b82d-3d43-456f-a3c3-f1f9a05f8c8a_config-0] Success to connect a server [129.204.152.168:8848], connectionId = 1785608144476_172.18.0.1_51102
2026-08-02 02:15:44.144 [com.alibaba.nacos.client.remote.worker.1] [none] INFO  c.alibaba.nacos.common.remote.client - [c363b82d-3d43-456f-a3c3-f1f9a05f8c8a_config-0] Abandon prev connection, server is 129.204.152.168:8848, connectionId is 1785608083471_172.18.0.1_39122
2026-08-02 02:15:44.144 [com.alibaba.nacos.client.remote.worker.1] [none] INFO  c.alibaba.nacos.common.remote.client - Close current connection 1785608083471_172.18.0.1_39122
2026-08-02 02:15:44.145 [com.alibaba.nacos.client.remote.worker.0] [none] INFO  c.alibaba.nacos.common.remote.client - [c363b82d-3d43-456f-a3c3-f1f9a05f8c8a_config-0] Notify disconnected event to listeners
2026-08-02 02:15:44.145 [com.alibaba.nacos.client.remote.worker.0] [none] INFO  c.a.n.c.config.impl.ClientWorker - [c363b82d-3d43-456f-a3c3-f1f9a05f8c8a_config-0] DisConnected,reset listen context
2026-08-02 02:15:44.146 [com.alibaba.nacos.client.remote.worker.0] [none] INFO  c.a.n.c.config.impl.ClientWorker - [c363b82d-3d43-456f-a3c3-f1f9a05f8c8a_config-0] DisConnected,reset  fuzzy watch consistence status
2026-08-02 02:15:44.146 [com.alibaba.nacos.client.remote.worker.0] [none] INFO  c.alibaba.nacos.common.remote.client - [c363b82d-3d43-456f-a3c3-f1f9a05f8c8a_config-0] Notify connected event to listeners.
2026-08-02 02:15:44.146 [com.alibaba.nacos.client.remote.worker.0] [none] INFO  c.a.n.c.config.impl.ClientWorker - [c363b82d-3d43-456f-a3c3-f1f9a05f8c8a_config-0] Connected,notify listen context...
2026-08-02 02:15:44.146 [com.alibaba.nacos.client.remote.worker.0] [none] INFO  c.a.n.c.config.impl.ClientWorker - [c363b82d-3d43-456f-a3c3-f1f9a05f8c8a_config-0] Connected,notify fuzzy listen context...
2026-08-02 02:15:44.146 [nacos-grpc-client-executor-129.204.152.168-2] [none] WARN  c.a.n.c.r.client.grpc.GrpcClient - [1785608083471_172.18.0.1_39122]Ignore error event,isRunning:true,isAbandon=true
2026-08-02 02:15:44.165 [com.alibaba.nacos.client.remote.worker.1] [none] INFO  c.alibaba.nacos.common.remote.client - [642ae51d-9894-4f38-b51f-d7b522ff38e3] Success to connect a server [129.204.152.168:8848], connectionId = 1785608144475_172.18.0.1_51272
2026-08-02 02:15:44.166 [com.alibaba.nacos.client.remote.worker.1] [none] INFO  c.alibaba.nacos.common.remote.client - [642ae51d-9894-4f38-b51f-d7b522ff38e3] Abandon prev connection, server is 129.204.152.168:8848, connectionId is 1785608084152_172.18.0.1_39150
2026-08-02 02:15:44.166 [com.alibaba.nacos.client.remote.worker.1] [none] INFO  c.alibaba.nacos.common.remote.client - Close current connection 1785608084152_172.18.0.1_39150
2026-08-02 02:15:44.170 [com.alibaba.nacos.client.remote.worker.0] [none] INFO  c.alibaba.nacos.common.remote.client - [642ae51d-9894-4f38-b51f-d7b522ff38e3] Notify disconnected event to listeners
2026-08-02 02:15:44.170 [com.alibaba.nacos.client.remote.worker.0] [none] WARN  com.alibaba.nacos.client.naming - Grpc connection disconnect, mark to redo
2026-08-02 02:15:44.175 [com.alibaba.nacos.client.remote.worker.1] [none] INFO  c.alibaba.nacos.common.remote.client - [2993a1d1-fa0a-4b5a-9688-1e26534e268a_config-0] Success to connect a server [129.204.152.168:8848], connectionId = 1785608144474_172.18.0.1_51148
2026-08-02 02:15:44.175 [com.alibaba.nacos.client.remote.worker.1] [none] INFO  c.alibaba.nacos.common.remote.client - [2993a1d1-fa0a-4b5a-9688-1e26534e268a_config-0] Abandon prev connection, server is 129.204.152.168:8848, connectionId is 1785608070853_172.18.0.1_50278
2026-08-02 02:15:44.176 [com.alibaba.nacos.client.remote.worker.1] [none] INFO  c.alibaba.nacos.common.remote.client - Close current connection 1785608070853_172.18.0.1_50278
2026-08-02 02:15:44.179 [nacos-grpc-client-executor-129.204.152.168-10] [none] WARN  c.a.n.c.r.client.grpc.GrpcClient - [1785608084152_172.18.0.1_39150]Ignore error event,isRunning:true,isAbandon=true
2026-08-02 02:15:44.180 [com.alibaba.nacos.client.remote.worker.1] [none] INFO  c.alibaba.nacos.common.remote.client - [82c1111a-6136-4edf-bf3d-5ce1973be371_config-0] Success to connect a server [129.204.152.168:8848], connectionId = 1785608144475_172.18.0.1_51364
2026-08-02 02:15:44.180 [com.alibaba.nacos.client.remote.worker.1] [none] INFO  c.alibaba.nacos.common.remote.client - [82c1111a-6136-4edf-bf3d-5ce1973be371_config-0] Abandon prev connection, server is 129.204.152.168:8848, connectionId is 1785608083736_172.18.0.1_39148
2026-08-02 02:15:44.180 [com.alibaba.nacos.client.remote.worker.1] [none] INFO  c.alibaba.nacos.common.remote.client - Close current connection 1785608083736_172.18.0.1_39148
2026-08-02 02:15:44.180 [com.alibaba.nacos.client.remote.worker.0] [none] INFO  c.alibaba.nacos.common.remote.client - [82c1111a-6136-4edf-bf3d-5ce1973be371_config-0] Notify disconnected event to listeners
2026-08-02 02:15:44.181 [com.alibaba.nacos.client.remote.worker.0] [none] INFO  c.a.n.c.config.impl.ClientWorker - [82c1111a-6136-4edf-bf3d-5ce1973be371_config-0] DisConnected,reset listen context
2026-08-02 02:15:44.181 [com.alibaba.nacos.client.remote.worker.0] [none] INFO  c.a.n.c.config.impl.ClientWorker - [82c1111a-6136-4edf-bf3d-5ce1973be371_config-0] DisConnected,reset  fuzzy watch consistence status
2026-08-02 02:15:44.181 [com.alibaba.nacos.client.remote.worker.0] [none] INFO  c.alibaba.nacos.common.remote.client - [82c1111a-6136-4edf-bf3d-5ce1973be371_config-0] Notify connected event to listeners.
2026-08-02 02:15:44.181 [com.alibaba.nacos.client.remote.worker.0] [none] INFO  c.a.n.c.config.impl.ClientWorker - [82c1111a-6136-4edf-bf3d-5ce1973be371_config-0] Connected,notify listen context...
2026-08-02 02:15:44.181 [com.alibaba.nacos.client.remote.worker.0] [none] INFO  c.a.n.c.config.impl.ClientWorker - [82c1111a-6136-4edf-bf3d-5ce1973be371_config-0] Connected,notify fuzzy listen context...
2026-08-02 02:15:44.203 [nacos-grpc-client-executor-129.204.152.168-10] [none] WARN  c.a.n.c.r.client.grpc.GrpcClient - [1785608083736_172.18.0.1_39148]Ignore error event,isRunning:true,isAbandon=true
2026-08-02 02:15:44.199 [com.alibaba.nacos.client.remote.worker.0] [none] WARN  com.alibaba.nacos.client.naming - mark to redo completed
2026-08-02 02:15:44.207 [com.alibaba.nacos.client.remote.worker.0] [none] INFO  c.alibaba.nacos.common.remote.client - [642ae51d-9894-4f38-b51f-d7b522ff38e3] Notify connected event to listeners.
2026-08-02 02:15:44.208 [com.alibaba.nacos.client.remote.worker.0] [none] INFO  com.alibaba.nacos.client.naming - Grpc connection connect
2026-08-02 02:15:44.195 [com.alibaba.nacos.client.remote.worker.0] [none] INFO  c.alibaba.nacos.common.remote.client - [2993a1d1-fa0a-4b5a-9688-1e26534e268a_config-0] Notify disconnected event to listeners
2026-08-02 02:15:44.213 [com.alibaba.nacos.client.remote.worker.0] [none] INFO  c.a.n.c.config.impl.ClientWorker - [2993a1d1-fa0a-4b5a-9688-1e26534e268a_config-0] DisConnected,reset listen context
2026-08-02 02:15:44.254 [com.alibaba.nacos.client.remote.worker.0] [none] INFO  c.a.n.c.config.impl.ClientWorker - [2993a1d1-fa0a-4b5a-9688-1e26534e268a_config-0] DisConnected,reset  fuzzy watch consistence status
2026-08-02 02:15:44.267 [com.alibaba.nacos.client.remote.worker.0] [none] INFO  c.alibaba.nacos.common.remote.client - [2993a1d1-fa0a-4b5a-9688-1e26534e268a_config-0] Notify connected event to listeners.
2026-08-02 02:15:44.267 [com.alibaba.nacos.client.remote.worker.0] [none] INFO  c.a.n.c.config.impl.ClientWorker - [2993a1d1-fa0a-4b5a-9688-1e26534e268a_config-0] Connected,notify listen context...
2026-08-02 02:15:44.267 [com.alibaba.nacos.client.remote.worker.0] [none] INFO  c.a.n.c.config.impl.ClientWorker - [2993a1d1-fa0a-4b5a-9688-1e26534e268a_config-0] Connected,notify fuzzy listen context...
2026-08-02 02:15:44.195 [nacos-grpc-client-executor-129.204.152.168-7] [none] WARN  c.a.n.c.r.client.grpc.GrpcClient - [1785608070853_172.18.0.1_50278]Ignore error event,isRunning:true,isAbandon=true
2026-08-02 02:15:46.959 [com.alibaba.nacos.client.naming.grpc.redo.0] [none] INFO  com.alibaba.nacos.client.naming - Redo instance operation REGISTER for DEFAULT_GROUP@@mall-auth
2026-08-02 02:15:48.599 [com.alibaba.nacos.naming.failover.0] [none] DEBUG com.alibaba.nacos.client.naming - failover switch is not found, 00-00---000-VIPSRV_FAILOVER_SWITCH-000---00-00
2026-08-02 02:15:53.600 [com.alibaba.nacos.naming.failover.0] [none] DEBUG com.alibaba.nacos.client.naming - failover switch is not found, 00-00---000-VIPSRV_FAILOVER_SWITCH-000---00-00
2026-08-02 02:15:58.601 [com.alibaba.nacos.naming.failover.0] [none] DEBUG com.alibaba.nacos.client.naming - failover switch is not found, 00-00---000-VIPSRV_FAILOVER_SWITCH-000---00-00
2026-08-02 02:16:03.603 [com.alibaba.nacos.naming.failover.0] [none] DEBUG com.alibaba.nacos.client.naming - failover switch is not found, 00-00---000-VIPSRV_FAILOVER_SWITCH-000---00-00
2026-08-02 02:16:08.604 [com.alibaba.nacos.naming.failover.0] [none] DEBUG com.alibaba.nacos.client.naming - failover switch is not found, 00-00---000-VIPSRV_FAILOVER_SWITCH-000---00-00
2026-08-02 02:16:13.604 [com.alibaba.nacos.naming.failover.0] [none] DEBUG com.alibaba.nacos.client.naming - failover switch is not found, 00-00---000-VIPSRV_FAILOVER_SWITCH-000---00-00
2026-08-02 02:16:18.605 [com.alibaba.nacos.naming.failover.0] [none] DEBUG com.alibaba.nacos.client.naming - failover switch is not found, 00-00---000-VIPSRV_FAILOVER_SWITCH-000---00-00
2026-08-02 02:16:23.734 [com.alibaba.nacos.naming.failover.0] [none] DEBUG com.alibaba.nacos.client.naming - failover switch is not found, 00-00---000-VIPSRV_FAILOVER_SWITCH-000---00-00
2026-08-02 02:16:28.735 [com.alibaba.nacos.naming.failover.0] [none] DEBUG com.alibaba.nacos.client.naming - failover switch is not found, 00-00---000-VIPSRV_FAILOVER_SWITCH-000---00-00
2026-08-02 02:16:33.736 [com.alibaba.nacos.naming.failover.0] [none] DEBUG com.alibaba.nacos.client.naming - failover switch is not found, 00-00---000-VIPSRV_FAILOVER_SWITCH-000---00-00
2026-08-02 02:16:38.738 [com.alibaba.nacos.naming.failover.0] [none] DEBUG com.alibaba.nacos.client.naming - failover switch is not found, 00-00---000-VIPSRV_FAILOVER_SWITCH-000---00-00
2026-08-02 02:16:43.739 [com.alibaba.nacos.naming.failover.0] [none] DEBUG com.alibaba.nacos.client.naming - failover switch is not found, 00-00---000-VIPSRV_FAILOVER_SWITCH-000---00-00
2026-08-02 02:16:48.740 [com.alibaba.nacos.naming.failover.0] [none] DEBUG com.alibaba.nacos.client.naming - failover switch is not found, 00-00---000-VIPSRV_FAILOVER_SWITCH-000---00-00
2026-08-02 02:16:53.742 [com.alibaba.nacos.naming.failover.0] [none] DEBUG com.alibaba.nacos.client.naming - failover switch is not found, 00-00---000-VIPSRV_FAILOVER_SWITCH-000---00-00
2026-08-02 02:16:58.744 [com.alibaba.nacos.naming.failover.0] [none] DEBUG com.alibaba.nacos.client.naming - failover switch is not found, 00-00---000-VIPSRV_FAILOVER_SWITCH-000---00-00
2026-08-02 02:17:03.745 [com.alibaba.nacos.naming.failover.0] [none] DEBUG com.alibaba.nacos.client.naming - failover switch is not found, 00-00---000-VIPSRV_FAILOVER_SWITCH-000---00-00
2026-08-02 02:17:08.746 [com.alibaba.nacos.naming.failover.0] [none] DEBUG com.alibaba.nacos.client.naming - failover switch is not found, 00-00---000-VIPSRV_FAILOVER_SWITCH-000---00-00
2026-08-02 02:17:13.747 [com.alibaba.nacos.naming.failover.0] [none] DEBUG com.alibaba.nacos.client.naming - failover switch is not found, 00-00---000-VIPSRV_FAILOVER_SWITCH-000---00-00
2026-08-02 02:17:18.748 [com.alibaba.nacos.naming.failover.0] [none] DEBUG com.alibaba.nacos.client.naming - failover switch is not found, 00-00---000-VIPSRV_FAILOVER_SWITCH-000---00-00
2026-08-02 02:17:23.749 [com.alibaba.nacos.naming.failover.0] [none] DEBUG com.alibaba.nacos.client.naming - failover switch is not found, 00-00---000-VIPSRV_FAILOVER_SWITCH-000---00-00
2026-08-02 02:17:28.750 [com.alibaba.nacos.naming.failover.0] [none] DEBUG com.alibaba.nacos.client.naming - failover switch is not found, 00-00---000-VIPSRV_FAILOVER_SWITCH-000---00-00
2026-08-02 02:17:33.751 [com.alibaba.nacos.naming.failover.0] [none] DEBUG com.alibaba.nacos.client.naming - failover switch is not found, 00-00---000-VIPSRV_FAILOVER_SWITCH-000---00-00
2026-08-02 02:17:38.752 [com.alibaba.nacos.naming.failover.0] [none] DEBUG com.alibaba.nacos.client.naming - failover switch is not found, 00-00---000-VIPSRV_FAILOVER_SWITCH-000---00-00
2026-08-02 02:17:43.753 [com.alibaba.nacos.naming.failover.0] [none] DEBUG com.alibaba.nacos.client.naming - failover switch is not found, 00-00---000-VIPSRV_FAILOVER_SWITCH-000---00-00
2026-08-02 02:17:48.754 [com.alibaba.nacos.naming.failover.0] [none] DEBUG com.alibaba.nacos.client.naming - failover switch is not found, 00-00---000-VIPSRV_FAILOVER_SWITCH-000---00-00
2026-08-02 02:17:53.756 [com.alibaba.nacos.naming.failover.0] [none] DEBUG com.alibaba.nacos.client.naming - failover switch is not found, 00-00---000-VIPSRV_FAILOVER_SWITCH-000---00-00
2026-08-02 02:17:58.807 [com.alibaba.nacos.naming.failover.0] [none] DEBUG com.alibaba.nacos.client.naming - failover switch is not found, 00-00---000-VIPSRV_FAILOVER_SWITCH-000---00-00
2026-08-02 02:18:03.815 [com.alibaba.nacos.naming.failover.0] [none] DEBUG com.alibaba.nacos.client.naming - failover switch is not found, 00-00---000-VIPSRV_FAILOVER_SWITCH-000---00-00
2026-08-02 02:18:08.831 [com.alibaba.nacos.naming.failover.0] [none] DEBUG com.alibaba.nacos.client.naming - failover switch is not found, 00-00---000-VIPSRV_FAILOVER_SWITCH-000---00-00
2026-08-02 02:18:13.867 [com.alibaba.nacos.naming.failover.0] [none] DEBUG com.alibaba.nacos.client.naming - failover switch is not found, 00-00---000-VIPSRV_FAILOVER_SWITCH-000---00-00
2026-08-02 02:18:18.878 [com.alibaba.nacos.naming.failover.0] [none] DEBUG com.alibaba.nacos.client.naming - failover switch is not found, 00-00---000-VIPSRV_FAILOVER_SWITCH-000---00-00
2026-08-02 02:18:23.888 [com.alibaba.nacos.naming.failover.0] [none] DEBUG com.alibaba.nacos.client.naming - failover switch is not found, 00-00---000-VIPSRV_FAILOVER_SWITCH-000---00-00
2026-08-02 02:18:28.902 [com.alibaba.nacos.naming.failover.0] [none] DEBUG com.alibaba.nacos.client.naming - failover switch is not found, 00-00---000-VIPSRV_FAILOVER_SWITCH-000---00-00
2026-08-02 02:18:33.907 [com.alibaba.nacos.naming.failover.0] [none] DEBUG com.alibaba.nacos.client.naming - failover switch is not found, 00-00---000-VIPSRV_FAILOVER_SWITCH-000---00-00
2026-08-02 02:18:38.918 [com.alibaba.nacos.naming.failover.0] [none] DEBUG com.alibaba.nacos.client.naming - failover switch is not found, 00-00---000-VIPSRV_FAILOVER_SWITCH-000---00-00
2026-08-02 02:18:43.921 [com.alibaba.nacos.naming.failover.0] [none] DEBUG com.alibaba.nacos.client.naming - failover switch is not found, 00-00---000-VIPSRV_FAILOVER_SWITCH-000---00-00
2026-08-02 02:18:48.924 [com.alibaba.nacos.naming.failover.0] [none] DEBUG com.alibaba.nacos.client.naming - failover switch is not found, 00-00---000-VIPSRV_FAILOVER_SWITCH-000---00-00
2026-08-02 02:18:53.928 [com.alibaba.nacos.naming.failover.0] [none] DEBUG com.alibaba.nacos.client.naming - failover switch is not found, 00-00---000-VIPSRV_FAILOVER_SWITCH-000---00-00
2026-08-02 02:18:58.934 [com.alibaba.nacos.naming.failover.0] [none] DEBUG com.alibaba.nacos.client.naming - failover switch is not found, 00-00---000-VIPSRV_FAILOVER_SWITCH-000---00-00
2026-08-02 02:19:03.947 [com.alibaba.nacos.naming.failover.0] [none] DEBUG com.alibaba.nacos.client.naming - failover switch is not found, 00-00---000-VIPSRV_FAILOVER_SWITCH-000---00-00
2026-08-02 02:19:08.972 [com.alibaba.nacos.naming.failover.0] [none] DEBUG com.alibaba.nacos.client.naming - failover switch is not found, 00-00---000-VIPSRV_FAILOVER_SWITCH-000---00-00
2026-08-02 02:19:13.991 [com.alibaba.nacos.naming.failover.0] [none] DEBUG com.alibaba.nacos.client.naming - failover switch is not found, 00-00---000-VIPSRV_FAILOVER_SWITCH-000---00-00
2026-08-02 02:19:18.995 [com.alibaba.nacos.naming.failover.0] [none] DEBUG com.alibaba.nacos.client.naming - failover switch is not found, 00-00---000-VIPSRV_FAILOVER_SWITCH-000---00-00
2026-08-02 02:19:24.000 [com.alibaba.nacos.naming.failover.0] [none] DEBUG com.alibaba.nacos.client.naming - failover switch is not found, 00-00---000-VIPSRV_FAILOVER_SWITCH-000---00-00
2026-08-02 02:19:29.012 [com.alibaba.nacos.naming.failover.0] [none] DEBUG com.alibaba.nacos.client.naming - failover switch is not found, 00-00---000-VIPSRV_FAILOVER_SWITCH-000---00-00
2026-08-02 02:19:34.024 [com.alibaba.nacos.naming.failover.0] [none] DEBUG com.alibaba.nacos.client.naming - failover switch is not found, 00-00---000-VIPSRV_FAILOVER_SWITCH-000---00-00
2026-08-02 02:19:39.029 [com.alibaba.nacos.naming.failover.0] [none] DEBUG com.alibaba.nacos.client.naming - failover switch is not found, 00-00---000-VIPSRV_FAILOVER_SWITCH-000---00-00
2026-08-02 02:19:44.032 [com.alibaba.nacos.naming.failover.0] [none] DEBUG com.alibaba.nacos.client.naming - failover switch is not found, 00-00---000-VIPSRV_FAILOVER_SWITCH-000---00-00
2026-08-02 02:19:49.042 [com.alibaba.nacos.naming.failover.0] [none] DEBUG com.alibaba.nacos.client.naming - failover switch is not found, 00-00---000-VIPSRV_FAILOVER_SWITCH-000---00-00
2026-08-02 02:19:54.054 [com.alibaba.nacos.naming.failover.0] [none] DEBUG com.alibaba.nacos.client.naming - failover switch is not found, 00-00---000-VIPSRV_FAILOVER_SWITCH-000---00-00
2026-08-02 02:19:59.056 [com.alibaba.nacos.naming.failover.0] [none] DEBUG com.alibaba.nacos.client.naming - failover switch is not found, 00-00---000-VIPSRV_FAILOVER_SWITCH-000---00-00
2026-08-02 02:20:04.061 [com.alibaba.nacos.naming.failover.0] [none] DEBUG com.alibaba.nacos.client.naming - failover switch is not found, 00-00---000-VIPSRV_FAILOVER_SWITCH-000---00-00
2026-08-02 02:20:09.071 [com.alibaba.nacos.naming.failover.0] [none] DEBUG com.alibaba.nacos.client.naming - failover switch is not found, 00-00---000-VIPSRV_FAILOVER_SWITCH-000---00-00
2026-08-02 02:20:14.079 [com.alibaba.nacos.naming.failover.0] [none] DEBUG com.alibaba.nacos.client.naming - failover switch is not found, 00-00---000-VIPSRV_FAILOVER_SWITCH-000---00-00
2026-08-02 02:20:19.090 [com.alibaba.nacos.naming.failover.0] [none] DEBUG com.alibaba.nacos.client.naming - failover switch is not found, 00-00---000-VIPSRV_FAILOVER_SWITCH-000---00-00
2026-08-02 02:20:24.091 [com.alibaba.nacos.naming.failover.0] [none] DEBUG com.alibaba.nacos.client.naming - failover switch is not found, 00-00---000-VIPSRV_FAILOVER_SWITCH-000---00-00
2026-08-02 02:20:29.092 [com.alibaba.nacos.naming.failover.0] [none] DEBUG com.alibaba.nacos.client.naming - failover switch is not found, 00-00---000-VIPSRV_FAILOVER_SWITCH-000---00-00
2026-08-02 02:20:34.094 [com.alibaba.nacos.naming.failover.0] [none] DEBUG com.alibaba.nacos.client.naming - failover switch is not found, 00-00---000-VIPSRV_FAILOVER_SWITCH-000---00-00
2026-08-02 02:20:39.095 [com.alibaba.nacos.naming.failover.0] [none] DEBUG com.alibaba.nacos.client.naming - failover switch is not found, 00-00---000-VIPSRV_FAILOVER_SWITCH-000---00-00
2026-08-02 02:20:44.096 [com.alibaba.nacos.naming.failover.0] [none] DEBUG com.alibaba.nacos.client.naming - failover switch is not found, 00-00---000-VIPSRV_FAILOVER_SWITCH-000---00-00
2026-08-02 02:20:49.098 [com.alibaba.nacos.naming.failover.0] [none] DEBUG com.alibaba.nacos.client.naming - failover switch is not found, 00-00---000-VIPSRV_FAILOVER_SWITCH-000---00-00
2026-08-02 02:20:54.099 [com.alibaba.nacos.naming.failover.0] [none] DEBUG com.alibaba.nacos.client.naming - failover switch is not found, 00-00---000-VIPSRV_FAILOVER_SWITCH-000---00-00
2026-08-02 02:20:59.101 [com.alibaba.nacos.naming.failover.0] [none] DEBUG com.alibaba.nacos.client.naming - failover switch is not found, 00-00---000-VIPSRV_FAILOVER_SWITCH-000---00-00
2026-08-02 02:21:04.102 [com.alibaba.nacos.naming.failover.0] [none] DEBUG com.alibaba.nacos.client.naming - failover switch is not found, 00-00---000-VIPSRV_FAILOVER_SWITCH-000---00-00
2026-08-02 02:21:09.104 [com.alibaba.nacos.naming.failover.0] [none] DEBUG com.alibaba.nacos.client.naming - failover switch is not found, 00-00---000-VIPSRV_FAILOVER_SWITCH-000---00-00
2026-08-02 02:21:14.105 [com.alibaba.nacos.naming.failover.0] [none] DEBUG com.alibaba.nacos.client.naming - failover switch is not found, 00-00---000-VIPSRV_FAILOVER_SWITCH-000---00-00
2026-08-02 02:21:19.111 [com.alibaba.nacos.naming.failover.0] [none] DEBUG com.alibaba.nacos.client.naming - failover switch is not found, 00-00---000-VIPSRV_FAILOVER_SWITCH-000---00-00
2026-08-02 02:21:24.126 [com.alibaba.nacos.naming.failover.0] [none] DEBUG com.alibaba.nacos.client.naming - failover switch is not found, 00-00---000-VIPSRV_FAILOVER_SWITCH-000---00-00
2026-08-02 02:21:29.137 [com.alibaba.nacos.naming.failover.0] [none] DEBUG com.alibaba.nacos.client.naming - failover switch is not found, 00-00---000-VIPSRV_FAILOVER_SWITCH-000---00-00
2026-08-02 02:21:34.145 [com.alibaba.nacos.naming.failover.0] [none] DEBUG com.alibaba.nacos.client.naming - failover switch is not found, 00-00---000-VIPSRV_FAILOVER_SWITCH-000---00-00
2026-08-02 02:21:39.154 [com.alibaba.nacos.naming.failover.0] [none] DEBUG com.alibaba.nacos.client.naming - failover switch is not found, 00-00---000-VIPSRV_FAILOVER_SWITCH-000---00-00
2026-08-02 02:21:39.706 [Thread-11] [none] INFO  c.a.n.c.executor.ThreadPoolManager - [ThreadPoolManager] Start destroying ThreadPool
2026-08-02 02:21:39.706 [Thread-17] [none] INFO  c.a.n.c.http.HttpClientBeanHolder - [HttpClientBeanHolder] Start destroying common HttpClient
2026-08-02 02:21:39.707 [Thread-11] [none] INFO  c.a.n.c.executor.ThreadPoolManager - [ThreadPoolManager] Completed destruction of ThreadPool
2026-08-02 02:21:39.708 [Thread-19] [none] INFO  c.a.nacos.common.notify.NotifyCenter - [NotifyCenter] Start destroying Publisher
2026-08-02 02:21:39.711 [Thread-19] [none] INFO  c.a.nacos.common.notify.NotifyCenter - [NotifyCenter] Completed destruction of Publisher
2026-08-02 02:21:39.721 [Thread-17] [none] INFO  c.a.n.c.http.HttpClientBeanHolder - [HttpClientBeanHolder] Completed destruction of HttpClient
2026-08-02 02:21:39.769 [SpringApplicationShutdownHook] [none] INFO  c.a.c.n.r.NacosServiceRegistry - De-registering from Nacos Server now...
2026-08-02 02:21:39.770 [SpringApplicationShutdownHook] [none] INFO  com.alibaba.nacos.client.naming - [DEREGISTER-SERVICE] public deregistering service mall-auth with instance: Instance{instanceId='null', ip='192.168.1.59', port=9001, weight=1.0, healthy=true, enabled=true, ephemeral=true, clusterName='', serviceName='null', metadata={}}
2026-08-02 02:21:39.804 [SpringApplicationShutdownHook] [none] INFO  c.a.c.n.r.NacosServiceRegistry - De-registration finished.
2026-08-02 02:21:39.808 [SpringApplicationShutdownHook] [none] INFO  com.alibaba.nacos.client.naming - com.alibaba.nacos.client.naming.cache.ServiceInfoHolder do shutdown begin
2026-08-02 02:21:39.808 [SpringApplicationShutdownHook] [none] INFO  com.alibaba.nacos.client.naming - com.alibaba.nacos.client.naming.backups.FailoverReactor do shutdown begin
2026-08-02 02:21:39.809 [SpringApplicationShutdownHook] [none] INFO  com.alibaba.nacos.client.naming - com.alibaba.nacos.client.naming.backups.FailoverReactor do shutdown stop
2026-08-02 02:21:39.809 [SpringApplicationShutdownHook] [none] INFO  com.alibaba.nacos.client.naming - com.alibaba.nacos.client.naming.cache.ServiceInfoHolder do shutdown stop
2026-08-02 02:21:39.809 [SpringApplicationShutdownHook] [none] INFO  com.alibaba.nacos.client.naming - com.alibaba.nacos.client.naming.remote.NamingClientProxyDelegate do shutdown begin
2026-08-02 02:21:39.809 [SpringApplicationShutdownHook] [none] INFO  com.alibaba.nacos.client.naming - com.alibaba.nacos.client.naming.core.ServiceInfoUpdateService do shutdown begin
2026-08-02 02:21:39.809 [SpringApplicationShutdownHook] [none] INFO  com.alibaba.nacos.client.naming - com.alibaba.nacos.client.naming.core.ServiceInfoUpdateService do shutdown stop
2026-08-02 02:21:39.809 [SpringApplicationShutdownHook] [none] INFO  c.a.n.c.a.AbstractServerListManager - com.alibaba.nacos.client.naming.core.NamingServerListManager do shutdown begin
2026-08-02 02:21:39.809 [SpringApplicationShutdownHook] [none] INFO  c.a.n.c.a.AbstractServerListManager - com.alibaba.nacos.client.naming.core.NamingServerListManager do shutdown stop
2026-08-02 02:21:39.809 [SpringApplicationShutdownHook] [none] INFO  com.alibaba.nacos.client.naming - com.alibaba.nacos.client.naming.remote.http.NamingHttpClientProxy do shutdown begin
2026-08-02 02:21:39.809 [SpringApplicationShutdownHook] [none] INFO  com.alibaba.nacos.client.naming - [NamingHttpClientManager] Start destroying NacosRestTemplate
2026-08-02 02:21:39.809 [SpringApplicationShutdownHook] [none] INFO  com.alibaba.nacos.client.naming - [NamingHttpClientManager] Completed destruction of NacosRestTemplate
2026-08-02 02:21:39.810 [SpringApplicationShutdownHook] [none] INFO  com.alibaba.nacos.client.naming - com.alibaba.nacos.client.naming.remote.http.NamingHttpClientProxy do shutdown stop
2026-08-02 02:21:39.810 [SpringApplicationShutdownHook] [none] INFO  com.alibaba.nacos.client.naming - Shutdown naming grpc client proxy for  uuid->642ae51d-9894-4f38-b51f-d7b522ff38e3
2026-08-02 02:21:39.810 [SpringApplicationShutdownHook] [none] INFO  com.alibaba.nacos.client.naming - Shutdown grpc redo service executor java.util.concurrent.ScheduledThreadPoolExecutor@4f1db9da[Running, pool size = 1, active threads = 0, queued tasks = 1, completed tasks = 138]
2026-08-02 02:21:39.810 [SpringApplicationShutdownHook] [none] INFO  c.alibaba.nacos.common.remote.client - Shutdown rpc client, set status to shutdown
2026-08-02 02:21:39.810 [SpringApplicationShutdownHook] [none] INFO  c.alibaba.nacos.common.remote.client - Shutdown client event executor java.util.concurrent.ScheduledThreadPoolExecutor@7414482e[Running, pool size = 2, active threads = 2, queued tasks = 0, completed tasks = 0]
2026-08-02 02:21:39.811 [SpringApplicationShutdownHook] [none] INFO  c.alibaba.nacos.common.remote.client - Close current connection 1785608144475_172.18.0.1_51272
2026-08-02 02:21:39.815 [SpringApplicationShutdownHook] [none] INFO  c.a.n.c.r.client.grpc.GrpcClient - Shutdown grpc executor java.util.concurrent.ThreadPoolExecutor@5a62d013[Running, pool size = 16, active threads = 0, queued tasks = 0, completed tasks = 239]
2026-08-02 02:21:39.816 [SpringApplicationShutdownHook] [none] INFO  com.alibaba.nacos.client.naming - shutdown and remove naming rpc client  for uuid ->642ae51d-9894-4f38-b51f-d7b522ff38e3
2026-08-02 02:21:39.817 [SpringApplicationShutdownHook] [none] INFO  c.a.n.c.a.r.i.CredentialWatcher - [null] CredentialWatcher is stopped
2026-08-02 02:21:39.817 [SpringApplicationShutdownHook] [none] INFO  c.a.n.c.a.r.i.CredentialService - [null] CredentialService is freed
2026-08-02 02:21:39.817 [SpringApplicationShutdownHook] [none] INFO  com.alibaba.nacos.client.naming - com.alibaba.nacos.client.naming.remote.NamingClientProxyDelegate do shutdown stop
2026-08-02 02:21:43.831 [com.alibaba.nacos.client.login-executor.0] [none] INFO  c.a.n.c.a.r.i.CredentialWatcher - null No credential found
2026-08-02 02:21:49.826 [SpringApplicationShutdownHook] [none] INFO  c.a.c.n.r.NacosGracefulShutdownDelegate - Nacos client graceful shutdown has been executed successfully. Graceful shutdown wait time is 10000
2026-08-02 02:21:49.860 [SpringApplicationShutdownHook] [none] INFO  o.s.boot.tomcat.GracefulShutdown - Commencing graceful shutdown. Waiting for active requests to complete
2026-08-02 02:21:49.871 [tomcat-shutdown] [none] INFO  o.s.boot.tomcat.GracefulShutdown - Graceful shutdown complete
